{
	"credit": "Made with Blockbench",
	"textures": {
		"1": "block/nether_bricks",
		"2": "foods/rice",
		"3": "foods/tuna",
		"4": "block/gold_block",
		"5": "block/beetroots_stage3",
		"particle": "foods/rice"
	},
	"elements": [
		{
			"from": [6, 0, 6.5],
			"to": [6.5, 0.5, 10.5],
			"rotation": {"angle": 0, "axis": "y", "origin": [14, 8, 16]},
			"faces": {
				"north": {"uv": [4, 0, 5, 5], "texture": "#1"},
				"east": {"uv": [4, 0, 5, 5], "texture": "#1"},
				"south": {"uv": [4, 0, 5, 5], "texture": "#1"},
				"west": {"uv": [0, 15, 16, 16], "texture": "#1"},
				"up": {"uv": [0, 0, 0.5, 4], "texture": "#missing"},
				"down": {"uv": [0, 0, 16, 1], "texture": "#1"}
			}
		},
		{
			"from": [9.5, 0, 6.5],
			"to": [10, 0.5, 10.5],
			"rotation": {"angle": 0, "axis": "y", "origin": [17.5, 8, 16]},
			"faces": {
				"north": {"uv": [4, 0, 5, 5], "texture": "#1"},
				"east": {"uv": [0, 15, 16, 16], "texture": "#1"},
				"south": {"uv": [4, 0, 5, 5], "texture": "#1"},
				"west": {"uv": [4, 0, 5, 5], "texture": "#1"},
				"up": {"uv": [0, 0, 0.5, 4], "texture": "#missing"},
				"down": {"uv": [0, 0, 16, 1], "texture": "#1"}
			}
		},
		{
			"from": [6.5, 0, 6.5],
			"to": [9.5, 0.5, 7],
			"rotation": {"angle": 0, "axis": "y", "origin": [16, 8, 16]},
			"faces": {
				"north": {"uv": [0, 15, 3, 15.5], "texture": "#1"},
				"east": {"uv": [0, 0, 0.5, 0.5], "texture": "#missing"},
				"south": {"uv": [4, 0, 7, 0.5], "texture": "#1"},
				"west": {"uv": [0, 0, 0.5, 0.5], "texture": "#missing"},
				"up": {"uv": [0, 0, 3, 0.5], "texture": "#missing"},
				"down": {"uv": [0, 0, 3, 0.5], "texture": "#1"}
			}
		},
		{
			"from": [6.5, 0, 10],
			"to": [9.5, 0.5, 10.5],
			"rotation": {"angle": 0, "axis": "y", "origin": [16, 8, 19.5]},
			"faces": {
				"north": {"uv": [4, 0, 5, 5], "texture": "#1"},
				"east": {"uv": [0, 0, 0.5, 0.5], "texture": "#missing"},
				"south": {"uv": [0, 15, 16, 16], "texture": "#1"},
				"west": {"uv": [0, 0, 0.5, 0.5], "texture": "#missing"},
				"up": {"uv": [0, 0, 3, 0.5], "texture": "#missing"},
				"down": {"uv": [0, 0, 16, 1], "texture": "#1"}
			}
		},
		{
			"from": [5.5, 0.5, 6],
			"to": [10.5, 1, 11],
			"rotation": {"angle": 0, "axis": "y", "origin": [16, 8.5, 19.5]},
			"faces": {
				"north": {"uv": [0, 9, 16, 11], "texture": "#1"},
				"east": {"uv": [0, 9, 16, 11], "texture": "#1"},
				"south": {"uv": [0, 9, 16, 11], "texture": "#1"},
				"west": {"uv": [0, 9, 16, 11], "texture": "#1"},
				"up": {"uv": [5, 5, 12, 12], "texture": "#1"},
				"down": {"uv": [0, 0, 16, 1], "texture": "#1"}
			}
		},
		{
			"from": [5, 1, 5.5],
			"to": [5.5, 2, 11.5],
			"rotation": {"angle": 0, "axis": "y", "origin": [15.5, 9, 19.5]},
			"faces": {
				"north": {"uv": [4, 0, 5, 5], "texture": "#1"},
				"east": {"uv": [4, 5, 13, 7], "texture": "#1"},
				"south": {"uv": [4, 0, 5, 5], "texture": "#1"},
				"west": {"uv": [0, 5, 16, 9], "texture": "#1"},
				"up": {"uv": [0, 0, 16, 1], "texture": "#1"},
				"down": {"uv": [0, 0, 16, 1], "texture": "#1"}
			}
		},
		{
			"from": [10.5, 1, 5.5],
			"to": [11, 2, 11.5],
			"rotation": {"angle": 0, "axis": "y", "origin": [21, 9, 19.5]},
			"faces": {
				"north": {"uv": [4, 0, 5, 5], "texture": "#1"},
				"east": {"uv": [0, 5, 16, 9], "texture": "#1"},
				"south": {"uv": [4, 0, 5, 5], "texture": "#1"},
				"west": {"uv": [4, 5, 13, 7], "texture": "#1"},
				"up": {"uv": [0, 0, 16, 1], "texture": "#1"},
				"down": {"uv": [0, 0, 16, 1], "texture": "#1"}
			}
		},
		{
			"from": [11, 2, 5],
			"to": [11.5, 4, 12],
			"rotation": {"angle": 0, "axis": "y", "origin": [21.5, 10, 19.5]},
			"faces": {
				"north": {"uv": [4, 0, 5, 5], "texture": "#1"},
				"east": {"uv": [0, 0, 16, 5], "texture": "#1"},
				"south": {"uv": [4, 0, 5, 5], "texture": "#1"},
				"west": {"uv": [4, 5, 13, 7], "texture": "#1"},
				"up": {"uv": [0, 0, 16, 1], "texture": "#1"},
				"down": {"uv": [0, 0, 16, 1], "texture": "#1"}
			}
		},
		{
			"from": [4.5, 2, 5],
			"to": [5, 4, 12],
			"rotation": {"angle": 0, "axis": "y", "origin": [15, 10, 19.5]},
			"faces": {
				"north": {"uv": [4, 0, 5, 5], "texture": "#1"},
				"east": {"uv": [4, 5, 13, 7], "texture": "#1"},
				"south": {"uv": [4, 0, 5, 5], "texture": "#1"},
				"west": {"uv": [0, 0, 16, 5], "texture": "#1"},
				"up": {"uv": [0, 0, 16, 1], "texture": "#1"},
				"down": {"uv": [0, 0, 16, 1], "texture": "#1"}
			}
		},
		{
			"from": [5.5, 1, 11],
			"to": [10.5, 2, 11.5],
			"rotation": {"angle": 0, "axis": "y", "origin": [18.5, 9, 19.5]},
			"faces": {
				"north": {"uv": [5, 10, 12, 12], "texture": "#1"},
				"east": {"uv": [0, 0, 0.5, 1], "texture": "#missing"},
				"south": {"uv": [0, 5, 16, 9], "texture": "#1"},
				"west": {"uv": [0, 0, 0.5, 1], "texture": "#missing"},
				"up": {"uv": [0, 0, 16, 1], "texture": "#1"},
				"down": {"uv": [0, 0, 16, 1], "texture": "#1"}
			}
		},
		{
			"from": [5, 2, 11.5],
			"to": [11, 4, 12],
			"rotation": {"angle": 0, "axis": "y", "origin": [18.5, 10, 20]},
			"faces": {
				"north": {"uv": [5, 10, 12, 12], "texture": "#1"},
				"east": {"uv": [0, 0, 0.5, 2], "texture": "#missing"},
				"south": {"uv": [0, 0, 16, 5], "texture": "#1"},
				"west": {"uv": [0, 0, 0.5, 2], "texture": "#missing"},
				"up": {"uv": [0, 0, 16, 1], "texture": "#1"},
				"down": {"uv": [0, 0, 16, 1], "texture": "#1"}
			}
		},
		{
			"from": [5, 2, 5],
			"to": [11, 4, 5.5],
			"rotation": {"angle": 0, "axis": "y", "origin": [18.5, 10, 13.5]},
			"faces": {
				"north": {"uv": [0, 0, 16, 5], "texture": "#1"},
				"east": {"uv": [0, 0, 0.5, 2], "texture": "#missing"},
				"south": {"uv": [5, 6, 12, 8], "texture": "#1"},
				"west": {"uv": [0, 0, 0.5, 2], "texture": "#missing"},
				"up": {"uv": [0, 0, 16, 1], "texture": "#1"},
				"down": {"uv": [0, 0, 16, 1], "texture": "#1"}
			}
		},
		{
			"from": [5.5, 1, 5.5],
			"to": [10.5, 2, 6],
			"rotation": {"angle": 0, "axis": "y", "origin": [18.5, 9, 14]},
			"faces": {
				"north": {"uv": [0, 5, 16, 9], "texture": "#1"},
				"east": {"uv": [0, 0, 0.5, 1], "texture": "#missing"},
				"south": {"uv": [5, 6, 12, 8], "texture": "#1"},
				"west": {"uv": [0, 0, 0.5, 1], "texture": "#missing"},
				"up": {"uv": [0, 0, 16, 1], "texture": "#1"},
				"down": {"uv": [0, 0, 16, 1], "texture": "#1"}
			}
		},
		{
			"from": [5, 3, 5.5],
			"to": [11, 3.5, 11.5],
			"rotation": {"angle": 0, "axis": "y", "origin": [14.5, 11, 16.5]},
			"faces": {
				"north": {"uv": [0, 14, 16, 16], "texture": "#2"},
				"east": {"uv": [0, 14, 16, 16], "texture": "#2"},
				"south": {"uv": [0, 14, 16, 16], "texture": "#2"},
				"west": {"uv": [0, 14, 16, 16], "texture": "#2"},
				"up": {"uv": [0, 0, 16, 16], "texture": "#2"},
				"down": {"uv": [0, 0, 16, 16], "texture": "#2"}
			}
		},
		{
			"from": [7.25, 2.675, 5.375],
			"to": [8.375, 3.425, 8],
			"rotation": {"angle": -22.5, "axis": "x", "origin": [7.875, 3.3, 5.5]},
			"faces": {
				"north": {"uv": [0, 0, 4.625, 15.125], "texture": "#3"},
				"east": {"uv": [0, 0, 4.625, 15.125], "texture": "#3"},
				"south": {"uv": [0, 0, 4.625, 15.125], "texture": "#3"},
				"west": {"uv": [0, 0, 4.625, 15.125], "texture": "#3"},
				"up": {"uv": [0, 0, 4.625, 15.125], "rotation": 270, "texture": "#3"},
				"down": {"uv": [0, 0, 4.625, 15.125], "rotation": 90, "texture": "#3"}
			}
		},
		{
			"from": [7.25, 3.625, 8.875],
			"to": [8.375, 4.375, 11.5],
			"rotation": {"angle": 22.5, "axis": "x", "origin": [7.875, 4.25, 9]},
			"faces": {
				"north": {"uv": [0, 0, 4.625, 15.125], "texture": "#3"},
				"east": {"uv": [0, 0, 4.625, 15.125], "texture": "#3"},
				"south": {"uv": [0, 0, 4.625, 15.125], "texture": "#3"},
				"west": {"uv": [0, 0, 4.625, 15.125], "texture": "#3"},
				"up": {"uv": [0, 0, 4.625, 15.125], "rotation": 270, "texture": "#3"},
				"down": {"uv": [0, 0, 4.625, 15.125], "rotation": 90, "texture": "#3"}
			}
		},
		{
			"from": [7, 3.525, 8.775],
			"to": [8.125, 3.775, 11.4],
			"rotation": {"angle": -22.5, "axis": "y", "origin": [7.625, 3.65, 8.9]},
			"faces": {
				"north": {"uv": [0, 0, 4.625, 15.125], "texture": "#3"},
				"east": {"uv": [0, 0, 4.625, 15.125], "texture": "#3"},
				"south": {"uv": [0, 0, 4.625, 15.125], "texture": "#3"},
				"west": {"uv": [0, 0, 4.625, 15.125], "texture": "#3"},
				"up": {"uv": [0, 0, 4.625, 15.125], "rotation": 270, "texture": "#3"},
				"down": {"uv": [0, 0, 4.625, 15.125], "rotation": 90, "texture": "#3"}
			}
		},
		{
			"from": [5.075, 3.525, 8.25],
			"to": [7.7, 3.775, 9.375],
			"rotation": {"angle": 22.5, "axis": "y", "origin": [7.575, 3.65, 8.875]},
			"faces": {
				"north": {"uv": [0, 0, 4.625, 15.125], "texture": "#3"},
				"east": {"uv": [0, 0, 4.625, 15.125], "texture": "#3"},
				"south": {"uv": [0, 0, 4.625, 15.125], "texture": "#3"},
				"west": {"uv": [0, 0, 4.625, 15.125], "texture": "#3"},
				"up": {"uv": [0, 0, 4.625, 15.125], "texture": "#3"},
				"down": {"uv": [0, 0, 4.625, 15.125], "texture": "#3"}
			}
		},
		{
			"from": [6.95, 3.4, 8.8],
			"to": [8.075, 3.65, 11.425],
			"rotation": {"angle": -45, "axis": "y", "origin": [7.575, 3.525, 8.925]},
			"faces": {
				"north": {"uv": [0, 0, 4.625, 15.125], "texture": "#3"},
				"east": {"uv": [0, 0, 4.625, 15.125], "texture": "#3"},
				"south": {"uv": [0, 0, 4.625, 15.125], "texture": "#3"},
				"west": {"uv": [0, 0, 4.625, 15.125], "texture": "#3"},
				"up": {"uv": [0, 0, 4.625, 15.125], "rotation": 270, "texture": "#3"},
				"down": {"uv": [0, 0, 4.625, 15.125], "rotation": 90, "texture": "#3"}
			}
		},
		{
			"from": [4.95, 3.525, 7.45],
			"to": [7.575, 3.775, 8.575],
			"rotation": {"angle": -22.5, "axis": "y", "origin": [7.45, 3.65, 8.075]},
			"faces": {
				"north": {"uv": [0, 0, 4.625, 15.125], "texture": "#3"},
				"east": {"uv": [0, 0, 4.625, 15.125], "texture": "#3"},
				"south": {"uv": [0, 0, 4.625, 15.125], "texture": "#3"},
				"west": {"uv": [0, 0, 4.625, 15.125], "texture": "#3"},
				"up": {"uv": [0, 0, 4.625, 15.125], "texture": "#3"},
				"down": {"uv": [0, 0, 4.625, 15.125], "texture": "#3"}
			}
		},
		{
			"from": [4.875, 3.4, 7.375],
			"to": [7.5, 3.65, 8.5],
			"rotation": {"angle": -45, "axis": "y", "origin": [7.375, 3.525, 8]},
			"faces": {
				"north": {"uv": [0, 0, 4.625, 15.125], "texture": "#3"},
				"east": {"uv": [0, 0, 4.625, 15.125], "texture": "#3"},
				"south": {"uv": [0, 0, 4.625, 15.125], "texture": "#3"},
				"west": {"uv": [0, 0, 4.625, 15.125], "texture": "#3"},
				"up": {"uv": [0, 0, 4.625, 15.125], "texture": "#3"},
				"down": {"uv": [0, 0, 4.625, 15.125], "texture": "#3"}
			}
		},
		{
			"from": [7.025, 3.525, 5.5],
			"to": [8.15, 3.775, 8.125],
			"rotation": {"angle": 22.5, "axis": "y", "origin": [7.525, 3.65, 8]},
			"faces": {
				"north": {"uv": [0, 0, 4.625, 15.125], "texture": "#3"},
				"east": {"uv": [0, 0, 4.625, 15.125], "texture": "#3"},
				"south": {"uv": [0, 0, 4.625, 15.125], "texture": "#3"},
				"west": {"uv": [0, 0, 4.625, 15.125], "texture": "#3"},
				"up": {"uv": [0, 0, 4.625, 15.125], "rotation": 90, "texture": "#3"},
				"down": {"uv": [0, 0, 4.625, 15.125], "rotation": 270, "texture": "#3"}
			}
		},
		{
			"from": [8.225, 3.4, 8.4],
			"to": [10.85, 3.65, 9.525],
			"rotation": {"angle": -45, "axis": "y", "origin": [8.35, 3.525, 8.9]},
			"faces": {
				"north": {"uv": [0, 0, 4.625, 15.125], "texture": "#3"},
				"east": {"uv": [0, 0, 4.625, 15.125], "texture": "#3"},
				"south": {"uv": [0, 0, 4.625, 15.125], "texture": "#3"},
				"west": {"uv": [0, 0, 4.625, 15.125], "texture": "#3"},
				"up": {"uv": [0, 0, 4.625, 15.125], "rotation": 180, "texture": "#3"},
				"down": {"uv": [0, 0, 4.625, 15.125], "rotation": 180, "texture": "#3"}
			}
		},
		{
			"from": [8.375, 3.55, 7.85],
			"to": [11, 4.3, 8.975],
			"rotation": {"angle": -22.5, "axis": "z", "origin": [8.5, 4.175, 8.35]},
			"faces": {
				"north": {"uv": [0, 0, 4.625, 15.125], "texture": "#3"},
				"east": {"uv": [0, 0, 4.625, 15.125], "texture": "#3"},
				"south": {"uv": [0, 0, 4.625, 15.125], "texture": "#3"},
				"west": {"uv": [0, 0, 4.625, 15.125], "texture": "#3"},
				"up": {"uv": [0, 0, 4.625, 15.125], "rotation": 180, "texture": "#3"},
				"down": {"uv": [0, 0, 4.625, 15.125], "rotation": 180, "texture": "#3"}
			}
		},
		{
			"from": [4.875, 2.675, 7.85],
			"to": [7.5, 3.425, 8.975],
			"rotation": {"angle": 22.5, "axis": "z", "origin": [5, 3.3, 8.35]},
			"faces": {
				"north": {"uv": [0, 0, 4.625, 15.125], "texture": "#3"},
				"east": {"uv": [0, 0, 4.625, 15.125], "texture": "#3"},
				"south": {"uv": [0, 0, 4.625, 15.125], "texture": "#3"},
				"west": {"uv": [0, 0, 4.625, 15.125], "texture": "#3"},
				"up": {"uv": [0, 0, 4.625, 15.125], "rotation": 180, "texture": "#3"},
				"down": {"uv": [0, 0, 4.625, 15.125], "rotation": 180, "texture": "#3"}
			}
		},
		{
			"from": [7.25, 3.9, 7.85],
			"to": [8.375, 4.775, 8.975],
			"rotation": {"angle": 0, "axis": "z", "origin": [5.875, 4.65, 8.35]},
			"faces": {
				"north": {"uv": [0, 0, 4.625, 15.125], "texture": "#4"},
				"east": {"uv": [0, 0, 4.625, 15.125], "texture": "#4"},
				"south": {"uv": [0, 0, 4.625, 15.125], "texture": "#4"},
				"west": {"uv": [0, 0, 4.625, 15.125], "texture": "#4"},
				"up": {"uv": [0, 0, 4.625, 15.125], "rotation": 180, "texture": "#4"},
				"down": {"uv": [0, 0, 4.625, 15.125], "rotation": 180, "texture": "#4"}
			}
		},
		{
			"name": "negi",
			"from": [8.125, 4.7, 7.85],
			"to": [8.25, 4.875, 7.975],
			"rotation": {"angle": 0, "axis": "z", "origin": [5.75, 5.45, 7.35]},
			"faces": {
				"north": {"uv": [5, 7, 6, 8.125], "rotation": 180, "texture": "#5"},
				"east": {"uv": [5, 7, 6, 8.125], "rotation": 180, "texture": "#5"},
				"south": {"uv": [5, 7, 6, 8.125], "rotation": 180, "texture": "#5"},
				"west": {"uv": [5, 7, 6, 8.125], "rotation": 180, "texture": "#5"},
				"up": {"uv": [5, 7, 6, 8.125], "rotation": 180, "texture": "#5"},
				"down": {"uv": [5, 7, 6, 8.125], "rotation": 180, "texture": "#5"}
			}
		},
		{
			"name": "negi",
			"from": [8.125, 4.15, 7.325],
			"to": [8.25, 4.325, 7.45],
			"rotation": {"angle": 0, "axis": "z", "origin": [5.75, 4.9, 6.825]},
			"faces": {
				"north": {"uv": [5, 7, 6, 8.125], "rotation": 180, "texture": "#5"},
				"east": {"uv": [5, 7, 6, 8.125], "rotation": 180, "texture": "#5"},
				"south": {"uv": [5, 7, 6, 8.125], "rotation": 180, "texture": "#5"},
				"west": {"uv": [5, 7, 6, 8.125], "rotation": 180, "texture": "#5"},
				"up": {"uv": [5, 7, 6, 8.125], "rotation": 180, "texture": "#5"},
				"down": {"uv": [5, 7, 6, 8.125], "rotation": 180, "texture": "#5"}
			}
		},
		{
			"name": "negi",
			"from": [9.025, 3.75, 7.4],
			"to": [9.15, 3.925, 7.525],
			"rotation": {"angle": 0, "axis": "z", "origin": [6.65, 4.5, 6.9]},
			"faces": {
				"north": {"uv": [5, 7, 6, 8.125], "rotation": 180, "texture": "#5"},
				"east": {"uv": [5, 7, 6, 8.125], "rotation": 180, "texture": "#5"},
				"south": {"uv": [5, 7, 6, 8.125], "rotation": 180, "texture": "#5"},
				"west": {"uv": [5, 7, 6, 8.125], "rotation": 180, "texture": "#5"},
				"up": {"uv": [5, 7, 6, 8.125], "rotation": 180, "texture": "#5"},
				"down": {"uv": [5, 7, 6, 8.125], "rotation": 180, "texture": "#5"}
			}
		},
		{
			"name": "negi",
			"from": [8.625, 4.425, 8.85],
			"to": [8.75, 4.6, 8.975],
			"rotation": {"angle": 0, "axis": "z", "origin": [6.25, 5.175, 8.35]},
			"faces": {
				"north": {"uv": [5, 7, 6, 8.125], "rotation": 180, "texture": "#5"},
				"east": {"uv": [5, 7, 6, 8.125], "rotation": 180, "texture": "#5"},
				"south": {"uv": [5, 7, 6, 8.125], "rotation": 180, "texture": "#5"},
				"west": {"uv": [5, 7, 6, 8.125], "rotation": 180, "texture": "#5"},
				"up": {"uv": [5, 7, 6, 8.125], "rotation": 180, "texture": "#5"},
				"down": {"uv": [5, 7, 6, 8.125], "rotation": 180, "texture": "#5"}
			}
		},
		{
			"name": "negi",
			"from": [7, 4.225, 8.875],
			"to": [7.125, 4.4, 9],
			"rotation": {"angle": 0, "axis": "z", "origin": [4.625, 4.975, 8.375]},
			"faces": {
				"north": {"uv": [5, 7, 6, 8.125], "rotation": 180, "texture": "#5"},
				"east": {"uv": [5, 7, 6, 8.125], "rotation": 180, "texture": "#5"},
				"south": {"uv": [5, 7, 6, 8.125], "rotation": 180, "texture": "#5"},
				"west": {"uv": [5, 7, 6, 8.125], "rotation": 180, "texture": "#5"},
				"up": {"uv": [5, 7, 6, 8.125], "rotation": 180, "texture": "#5"},
				"down": {"uv": [5, 7, 6, 8.125], "rotation": 180, "texture": "#5"}
			}
		},
		{
			"name": "negi",
			"from": [7, 3.825, 7.625],
			"to": [7.125, 4, 7.75],
			"rotation": {"angle": 0, "axis": "z", "origin": [4.625, 4.575, 7.125]},
			"faces": {
				"north": {"uv": [5, 7, 6, 8.125], "rotation": 180, "texture": "#5"},
				"east": {"uv": [5, 7, 6, 8.125], "rotation": 180, "texture": "#5"},
				"south": {"uv": [5, 7, 6, 8.125], "rotation": 180, "texture": "#5"},
				"west": {"uv": [5, 7, 6, 8.125], "rotation": 180, "texture": "#5"},
				"up": {"uv": [5, 7, 6, 8.125], "rotation": 180, "texture": "#5"},
				"down": {"uv": [5, 7, 6, 8.125], "rotation": 180, "texture": "#5"}
			}
		},
		{
			"name": "negi",
			"from": [6.825, 3.75, 9.2],
			"to": [6.95, 3.925, 9.325],
			"rotation": {"angle": 0, "axis": "z", "origin": [4.45, 4.5, 8.7]},
			"faces": {
				"north": {"uv": [5, 7, 6, 8.125], "rotation": 180, "texture": "#5"},
				"east": {"uv": [5, 7, 6, 8.125], "rotation": 180, "texture": "#5"},
				"south": {"uv": [5, 7, 6, 8.125], "rotation": 180, "texture": "#5"},
				"west": {"uv": [5, 7, 6, 8.125], "rotation": 180, "texture": "#5"},
				"up": {"uv": [5, 7, 6, 8.125], "rotation": 180, "texture": "#5"},
				"down": {"uv": [5, 7, 6, 8.125], "rotation": 180, "texture": "#5"}
			}
		},
		{
			"name": "negi",
			"from": [8.625, 4.425, 8.85],
			"to": [8.75, 4.6, 8.975],
			"rotation": {"angle": 0, "axis": "z", "origin": [6.25, 5.175, 8.35]},
			"faces": {
				"north": {"uv": [5, 7, 6, 8.125], "rotation": 180, "texture": "#5"},
				"east": {"uv": [5, 7, 6, 8.125], "rotation": 180, "texture": "#5"},
				"south": {"uv": [5, 7, 6, 8.125], "rotation": 180, "texture": "#5"},
				"west": {"uv": [5, 7, 6, 8.125], "rotation": 180, "texture": "#5"},
				"up": {"uv": [5, 7, 6, 8.125], "rotation": 180, "texture": "#5"},
				"down": {"uv": [5, 7, 6, 8.125], "rotation": 180, "texture": "#5"}
			}
		},
		{
			"from": [8.075, 3.525, 7.525],
			"to": [10.7, 3.775, 8.65],
			"rotation": {"angle": 22.5, "axis": "y", "origin": [8.2, 3.65, 8.025]},
			"faces": {
				"north": {"uv": [0, 0, 4.625, 15.125], "texture": "#3"},
				"east": {"uv": [0, 0, 4.625, 15.125], "texture": "#3"},
				"south": {"uv": [0, 0, 4.625, 15.125], "texture": "#3"},
				"west": {"uv": [0, 0, 4.625, 15.125], "texture": "#3"},
				"up": {"uv": [0, 0, 4.625, 15.125], "rotation": 180, "texture": "#3"},
				"down": {"uv": [0, 0, 4.625, 15.125], "rotation": 180, "texture": "#3"}
			}
		},
		{
			"from": [8.075, 3.4, 7.55],
			"to": [10.7, 3.65, 8.675],
			"rotation": {"angle": 45, "axis": "y", "origin": [8.2, 3.525, 8.05]},
			"faces": {
				"north": {"uv": [0, 0, 4.625, 15.125], "texture": "#3"},
				"east": {"uv": [0, 0, 4.625, 15.125], "texture": "#3"},
				"south": {"uv": [0, 0, 4.625, 15.125], "texture": "#3"},
				"west": {"uv": [0, 0, 4.625, 15.125], "texture": "#3"},
				"up": {"uv": [0, 0, 4.625, 15.125], "rotation": 180, "texture": "#3"},
				"down": {"uv": [0, 0, 4.625, 15.125], "rotation": 180, "texture": "#3"}
			}
		},
		{
			"from": [7.7, 3.525, 5.55],
			"to": [8.825, 3.775, 8.175],
			"rotation": {"angle": -22.5, "axis": "y", "origin": [8.2, 3.65, 8.05]},
			"faces": {
				"north": {"uv": [0, 0, 4.625, 15.125], "texture": "#3"},
				"east": {"uv": [0, 0, 4.625, 15.125], "texture": "#3"},
				"south": {"uv": [0, 0, 4.625, 15.125], "texture": "#3"},
				"west": {"uv": [0, 0, 4.625, 15.125], "texture": "#3"},
				"up": {"uv": [0, 0, 4.625, 15.125], "rotation": 90, "texture": "#3"},
				"down": {"uv": [0, 0, 4.625, 15.125], "rotation": 270, "texture": "#3"}
			}
		},
		{
			"from": [8.175, 3.525, 8.125],
			"to": [10.8, 3.775, 9.25],
			"rotation": {"angle": -22.5, "axis": "y", "origin": [8.3, 3.65, 8.625]},
			"faces": {
				"north": {"uv": [0, 0, 4.625, 15.125], "texture": "#3"},
				"east": {"uv": [0, 0, 4.625, 15.125], "texture": "#3"},
				"south": {"uv": [0, 0, 4.625, 15.125], "texture": "#3"},
				"west": {"uv": [0, 0, 4.625, 15.125], "texture": "#3"},
				"up": {"uv": [0, 0, 4.625, 15.125], "rotation": 180, "texture": "#3"},
				"down": {"uv": [0, 0, 4.625, 15.125], "rotation": 180, "texture": "#3"}
			}
		},
		{
			"from": [7.475, 3.525, 8.75],
			"to": [8.6, 3.775, 11.375],
			"rotation": {"angle": 22.5, "axis": "y", "origin": [8.1, 3.65, 8.875]},
			"faces": {
				"north": {"uv": [0, 0, 4.625, 15.125], "texture": "#3"},
				"east": {"uv": [0, 0, 4.625, 15.125], "texture": "#3"},
				"south": {"uv": [0, 0, 4.625, 15.125], "texture": "#3"},
				"west": {"uv": [0, 0, 4.625, 15.125], "texture": "#3"},
				"up": {"uv": [0, 0, 4.625, 15.125], "rotation": 270, "texture": "#3"},
				"down": {"uv": [0, 0, 4.625, 15.125], "rotation": 90, "texture": "#3"}
			}
		}
	],
	"display": {
		"thirdperson_righthand": {
			"rotation": [70, 0, 0],
			"translation": [-2.25, 2.75, 3.5],
			"scale": [0.63, 0.63, 0.63]
		},
		"thirdperson_lefthand": {
			"rotation": [70, 0, 0],
			"translation": [-2.25, 2.75, 3.5],
			"scale": [0.63, 0.63, 0.63]
		},
		"firstperson_righthand": {
			"translation": [-2.25, 6, 3.5],
			"scale": [0.63, 0.63, 0.63]
		},
		"firstperson_lefthand": {
			"translation": [-2.25, 6, 3.5],
			"scale": [0.63, 0.63, 0.63]
		},
		"ground": {
			"translation": [0, 7.5, 0]
		},
		"gui": {
			"rotation": [22, 45, 0],
			"translation": [-0.75, 6.5, 0],
			"scale": [1.46, 1.46, 1.46]
		},
		"head": {
			"rotation": [19, 0, 0],
			"translation": [0, -0.25, -8.75]
		},
		"fixed": {
			"rotation": [-90, 0, 0],
			"translation": [0, -0.5, -16],
			"scale": [2.02, 2.02, 2.02]
		}
	},
	"groups": [
		{
			"name": "kodai",
			"origin": [16, 8, 19.5],
			"children": [0, 1, 2, 3, 4, 5, 6, 7, 8, 9, 10, 11, 12]
		}, 13,
		{
			"name": "uenoyatu",
			"origin": [8.1, 3.65, 8.875],
			"children": [14, 15, 16, 17, 18, 19, 20, 21, 22, 23, 24, 25, 26, 27, 28, 29, 30, 31, 32, 33, 34, 35, 36, 37, 38]
		}
	]
}