{
	"credit": "Made with Blockbench",
	"textures": {
		"1": "block/white_wool",
		"2": "block/white_terracotta",
		"5": "block/brown_terracotta",
		"6": "block/black_wool",
		"particle": "block/brown_terracotta"
	},
	"elements": [
		{
			"name": "rightarm",
			"from": [5.9, 5, 7.8],
			"to": [6.4, 6.9, 8.3],
			"rotation": {"angle": 22.5, "axis": "z", "origin": [14, 13.8, 15.8]},
			"faces": {
				"north": {"uv": [5, 10, 5.5, 10.698], "texture": "#2"},
				"east": {"uv": [5, 10, 5.5, 10.698], "texture": "#2"},
				"south": {"uv": [5, 10, 5.5, 10.698], "texture": "#2"},
				"west": {"uv": [5, 10, 5.5, 10.698], "texture": "#2"},
				"up": {"uv": [5, 10, 5.5, 10.698], "texture": "#2"},
				"down": {"uv": [5, 10, 5.5, 10.698], "texture": "#2"}
			}
		},
		{
			"name": "rightarm",
			"from": [5.9, 7.1, 7.8],
			"to": [6.4, 7.7, 8.3],
			"rotation": {"angle": 22.5, "axis": "z", "origin": [14, 13.8, 15.8]},
			"faces": {
				"north": {"uv": [5, 10, 5.5, 10.698], "texture": "#6"},
				"east": {"uv": [5, 10, 5.5, 10.698], "texture": "#6"},
				"south": {"uv": [5, 10, 5.5, 10.698], "texture": "#6"},
				"west": {"uv": [5, 10, 5.5, 10.698], "texture": "#6"},
				"up": {"uv": [5, 10, 5.5, 10.698], "texture": "#6"},
				"down": {"uv": [5, 10, 5.5, 10.698], "texture": "#6"}
			}
		},
		{
			"name": "rightarm",
			"from": [5.9, 6.9, 7.8],
			"to": [6.4, 7.1, 8.3],
			"rotation": {"angle": 22.5, "axis": "z", "origin": [14, 13.8, 15.8]},
			"faces": {
				"north": {"uv": [5, 10, 5.5, 10.698], "texture": "#1"},
				"east": {"uv": [5, 10, 5.5, 10.698], "texture": "#1"},
				"south": {"uv": [5, 10, 5.5, 10.698], "texture": "#1"},
				"west": {"uv": [5, 10, 5.5, 10.698], "texture": "#1"},
				"up": {"uv": [5, 10, 5.5, 10.698], "texture": "#1"},
				"down": {"uv": [5, 10, 5.5, 10.698], "texture": "#1"}
			}
		},
		{
			"name": "leftarm",
			"from": [8.39, -1, 7.7],
			"to": [8.88, 0.9, 8.2],
			"rotation": {"angle": -22.5, "axis": "z", "origin": [16.6, 7.8, 15.8]},
			"faces": {
				"north": {"uv": [5, 10, 5.5, 10.698], "texture": "#2"},
				"east": {"uv": [5, 10, 5.5, 10.698], "texture": "#2"},
				"south": {"uv": [5, 10, 5.5, 10.698], "texture": "#2"},
				"west": {"uv": [5, 10, 5.5, 10.698], "texture": "#2"},
				"up": {"uv": [5, 10, 5.5, 10.698], "texture": "#2"},
				"down": {"uv": [5, 10, 5.5, 10.698], "texture": "#2"}
			}
		},
		{
			"name": "leftarm",
			"from": [8.3, 0.9, 7.7],
			"to": [8.8, 1.1, 8.2],
			"rotation": {"angle": -22.5, "axis": "z", "origin": [16.5, 7.6, 15.8]},
			"faces": {
				"north": {"uv": [5, 10, 5.5, 10.698], "texture": "#1"},
				"east": {"uv": [5, 10, 5.5, 10.698], "texture": "#1"},
				"south": {"uv": [5, 10, 5.5, 10.698], "texture": "#1"},
				"west": {"uv": [5, 10, 5.5, 10.698], "texture": "#1"},
				"up": {"uv": [5, 10, 5.5, 10.698], "texture": "#1"},
				"down": {"uv": [5, 10, 5.5, 10.698], "texture": "#1"}
			}
		},
		{
			"name": "leftarm",
			"from": [8.4, 1.1, 7.7],
			"to": [8.9, 1.7, 8.2],
			"rotation": {"angle": -22.5, "axis": "z", "origin": [16.6, 7.8, 15.8]},
			"faces": {
				"north": {"uv": [5, 10, 5.5, 10.698], "texture": "#6"},
				"east": {"uv": [5, 10, 5.5, 10.698], "texture": "#6"},
				"south": {"uv": [5, 10, 5.5, 10.698], "texture": "#6"},
				"west": {"uv": [5, 10, 5.5, 10.698], "texture": "#6"},
				"up": {"uv": [5, 10, 5.5, 10.698], "texture": "#6"},
				"down": {"uv": [5, 10, 5.5, 10.698], "texture": "#6"}
			}
		},
		{
			"name": "chest",
			"from": [7, 3.3, 7],
			"to": [9, 5.2, 9],
			"rotation": {"angle": 0, "axis": "y", "origin": [15, 11.3, 15]},
			"faces": {
				"north": {"uv": [0, 0, 2, 1.9], "texture": "#6"},
				"east": {"uv": [0, 0, 2, 1.9], "texture": "#6"},
				"south": {"uv": [0, 0, 2, 1.9], "texture": "#6"},
				"west": {"uv": [0, 0, 2, 1.9], "texture": "#6"},
				"up": {"uv": [0, 0, 2, 2], "texture": "#6"},
				"down": {"uv": [0, 0, 2, 2], "texture": "#6"}
			}
		},
		{
			"name": "chest",
			"from": [7.4, 4.65, 6.95],
			"to": [8.6, 4.9, 7],
			"rotation": {"angle": 0, "axis": "y", "origin": [15, 10.4, 14.9]},
			"faces": {
				"north": {"uv": [0, 0, 1.2, 0.25], "texture": "#1"},
				"east": {"uv": [0, 0, 0.05, 0.25], "texture": "#1"},
				"south": {"uv": [0, 0, 1.2, 0.25], "texture": "#1"},
				"west": {"uv": [0, 0, 0.05, 0.25], "texture": "#1"},
				"up": {"uv": [0, 0, 1.2, 0.05], "texture": "#1"},
				"down": {"uv": [0, 0, 1.2, 0.05], "texture": "#1"}
			}
		},
		{
			"name": "chest",
			"from": [7.25, 4.9, 6.95],
			"to": [8.75, 5.3, 7],
			"rotation": {"angle": 0, "axis": "y", "origin": [15, 11.3, 14.95]},
			"faces": {
				"north": {"uv": [0, 0, 1.5, 0.4], "texture": "#1"},
				"east": {"uv": [0, 0, 0.05, 0.4], "texture": "#1"},
				"south": {"uv": [0, 0, 1.5, 0.4], "texture": "#1"},
				"west": {"uv": [0, 0, 0.05, 0.4], "texture": "#1"},
				"up": {"uv": [0, 0, 1.5, 0.05], "texture": "#1"},
				"down": {"uv": [0, 0, 1.5, 0.05], "texture": "#1"}
			}
		},
		{
			"name": "chest",
			"from": [7.25, 5.31, 6.95],
			"to": [8.75, 5.41, 8.9],
			"rotation": {"angle": 0, "axis": "y", "origin": [15, 11.7, 14.9]},
			"faces": {
				"north": {"uv": [0, 0, 1.5, 0.1], "texture": "#1"},
				"east": {"uv": [0, 0, 1.95, 0.1], "texture": "#1"},
				"south": {"uv": [0, 0, 1.5, 0.1], "texture": "#1"},
				"west": {"uv": [0, 0, 1.95, 0.1], "texture": "#1"},
				"up": {"uv": [0, 0, 1.5, 1.95], "texture": "#1"},
				"down": {"uv": [0, 0, 1.5, 1.95], "texture": "#1"}
			}
		},
		{
			"name": "belly",
			"from": [6.6, 0.8, 6.6],
			"to": [9.4, 3.3, 9.4],
			"rotation": {"angle": 0, "axis": "y", "origin": [15, 8.8, 15]},
			"faces": {
				"north": {"uv": [0, 0, 3.8, 3.5], "texture": "#6"},
				"east": {"uv": [0, 0, 3.8, 3.5], "texture": "#6"},
				"south": {"uv": [0, 0, 3.8, 3.5], "texture": "#6"},
				"west": {"uv": [0, 0, 3.8, 3.5], "texture": "#6"},
				"up": {"uv": [0, 0, 3.8, 3.5], "texture": "#6"},
				"down": {"uv": [0, 0, 3.8, 3.5], "texture": "#6"}
			}
		},
		{
			"name": "foot",
			"from": [7, 0, 7.5],
			"to": [9, 1, 8.5],
			"rotation": {"angle": 0, "axis": "y", "origin": [15, 8, 15.5]},
			"faces": {
				"north": {"uv": [2, 12, 4, 13], "texture": "#5"},
				"east": {"uv": [0, 0, 1, 1], "texture": "#5"},
				"south": {"uv": [0, 0, 2, 1], "texture": "#5"},
				"west": {"uv": [0, 0, 1, 1], "texture": "#5"},
				"up": {"uv": [0, 0, 2, 1], "texture": "#5"},
				"down": {"uv": [0, 0, 2, 1], "texture": "#5"}
			}
		}
	],
	"display": {
		"head": {
			"translation": [0, -11.25, 0],
			"scale": [4, 4, 4]
		}
	}
}