{
	"credit": "Made with Blockbench",
	"textures": {
		"0": "item/tools/backpack_1",
		"1": "item/tools/backpack_2",
		"particle": "item/tools/backpack_1"
	},
	"elements": [
		{
			"from": [
				3,
				0.1,
				5.4
			],
			"to": [
				8.5,
				5.3,
				6.33333
			],
			"rotation": {
				"angle": 0,
				"axis": "y",
				"origin": [
					0,
					0.8,
					0
				]
			},
			"faces": {
				"north": {
					"uv": [
						2,
						15,
						3,
						16
					],
					"texture": "#1"
				},
				"east": {
					"uv": [
						7.25,
						14.5,
						8.25,
						15.5
					],
					"texture": "#1"
				},
				"south": {
					"uv": [
						7.25,
						14.5,
						8.25,
						15.5
					],
					"texture": "#1"
				},
				"west": {
					"uv": [
						7.25,
						14.5,
						8.25,
						15.5
					],
					"texture": "#1"
				},
				"up": {
					"uv": [
						7.25,
						14.5,
						8.25,
						15.5
					],
					"texture": "#1"
				},
				"down": {
					"uv": [
						7.25,
						14.5,
						8.25,
						15.5
					],
					"texture": "#1"
				}
			}
		},
		{
			"from": [
				3.33333,
				0.1,
				5.2
			],
			"to": [
				8.16667,
				3.8,
				6.13333
			],
			"rotation": {
				"angle": 0,
				"axis": "y",
				"origin": [
					0,
					0.8,
					0
				]
			},
			"faces": {
				"north": {
					"uv": [
						0,
						15.75,
						0.25,
						16
					],
					"texture": "#1"
				},
				"east": {
					"uv": [
						7.25,
						14.5,
						8.25,
						15.5
					],
					"texture": "#1"
				},
				"south": {
					"uv": [
						7.25,
						14.5,
						8.25,
						15.5
					],
					"texture": "#1"
				},
				"west": {
					"uv": [
						7.25,
						14.5,
						8.25,
						15.5
					],
					"texture": "#1"
				},
				"up": {
					"uv": [
						7.25,
						14.5,
						8.25,
						15.5
					],
					"texture": "#1"
				},
				"down": {
					"uv": [
						7.25,
						14.5,
						8.25,
						15.5
					],
					"texture": "#1"
				}
			}
		},
		{
			"from": [
				9.98959,
				-0.71041,
				5.5
			],
			"to": [
				10.98959,
				-0.04374,
				6.33333
			],
			"rotation": {
				"angle": 45,
				"axis": "z",
				"origin": [
					2.48959,
					-0.71041,
					0
				]
			},
			"faces": {
				"north": {
					"uv": [
						2,
						15,
						2.83333,
						16
					],
					"texture": "#1"
				},
				"east": {
					"uv": [
						12,
						0,
						16,
						4
					],
					"rotation": 180,
					"texture": "#1"
				},
				"south": {
					"uv": [
						7.25,
						14.5,
						8.08333,
						15.5
					],
					"texture": "#1"
				},
				"west": {
					"uv": [
						7.25,
						14.5,
						8.08333,
						15.5
					],
					"texture": "#1"
				},
				"up": {
					"uv": [
						7.25,
						14.5,
						8.08333,
						15.5
					],
					"texture": "#1"
				},
				"down": {
					"uv": [
						7.25,
						14.5,
						8.08333,
						15.5
					],
					"texture": "#1"
				}
			}
		},
		{
			"from": [
				3,
				2,
				6.5
			],
			"to": [
				8.5,
				7.2,
				7.33333
			],
			"rotation": {
				"angle": 0,
				"axis": "y",
				"origin": [
					0,
					2.7,
					1
				]
			},
			"faces": {
				"north": {
					"uv": [
						2,
						15,
						3,
						16
					],
					"texture": "#1"
				},
				"east": {
					"uv": [
						7.25,
						14.5,
						8.25,
						15.5
					],
					"texture": "#1"
				},
				"south": {
					"uv": [
						7.25,
						14.5,
						8.25,
						15.5
					],
					"texture": "#1"
				},
				"west": {
					"uv": [
						7.25,
						14.5,
						8.25,
						15.5
					],
					"texture": "#1"
				},
				"up": {
					"uv": [
						7.25,
						14.5,
						8.25,
						15.5
					],
					"texture": "#1"
				},
				"down": {
					"uv": [
						7.25,
						14.5,
						8.25,
						15.5
					],
					"texture": "#1"
				}
			}
		},
		{
			"from": [
				0.51041,
				1.18959,
				6.5
			],
			"to": [
				1.51041,
				1.85626,
				7.33333
			],
			"rotation": {
				"angle": -45,
				"axis": "z",
				"origin": [
					9.01041,
					1.18959,
					1
				]
			},
			"faces": {
				"north": {
					"uv": [
						2,
						15,
						2.83333,
						16
					],
					"texture": "#1"
				},
				"east": {
					"uv": [
						7.25,
						14.5,
						8.08333,
						15.5
					],
					"texture": "#1"
				},
				"south": {
					"uv": [
						7.25,
						14.5,
						8.08333,
						15.5
					],
					"texture": "#1"
				},
				"west": {
					"uv": [
						12,
						0,
						16,
						5.25
					],
					"texture": "#1"
				},
				"up": {
					"uv": [
						7.25,
						14.5,
						8.08333,
						15.5
					],
					"texture": "#1"
				},
				"down": {
					"uv": [
						7.25,
						14.5,
						8.08333,
						15.5
					],
					"texture": "#1"
				}
			}
		},
		{
			"from": [
				6.72421,
				6.81843,
				6.5
			],
			"to": [
				7.72421,
				8.31843,
				7.33333
			],
			"rotation": {
				"angle": 22.5,
				"axis": "z",
				"origin": [
					6.72421,
					-0.18157,
					1
				]
			},
			"faces": {
				"north": {
					"uv": [
						2.75,
						15,
						4.25,
						16
					],
					"rotation": 270,
					"texture": "#1"
				},
				"east": {
					"uv": [
						7.25,
						14.5,
						8.75,
						15.5
					],
					"rotation": 270,
					"texture": "#1"
				},
				"south": {
					"uv": [
						7.25,
						14.5,
						8.75,
						15.5
					],
					"rotation": 270,
					"texture": "#1"
				},
				"west": {
					"uv": [
						7.25,
						14.5,
						8.75,
						15.5
					],
					"rotation": 270,
					"texture": "#1"
				},
				"up": {
					"uv": [
						12,
						0,
						16,
						5.25
					],
					"rotation": 90,
					"texture": "#1"
				},
				"down": {
					"uv": [
						7.25,
						14.5,
						8.75,
						15.5
					],
					"rotation": 270,
					"texture": "#1"
				}
			}
		},
		{
			"from": [
				4.39821,
				6.65409,
				6.5
			],
			"to": [
				7.10472,
				8.05409,
				7.33333
			],
			"rotation": {
				"angle": 0,
				"axis": "y",
				"origin": [
					7.10472,
					-0.44591,
					1
				]
			},
			"faces": {
				"north": {
					"uv": [
						2,
						15,
						3.4,
						16
					],
					"rotation": 270,
					"texture": "#1"
				},
				"east": {
					"uv": [
						7.25,
						14.5,
						8.65,
						15.5
					],
					"rotation": 270,
					"texture": "#1"
				},
				"south": {
					"uv": [
						7.25,
						14.5,
						8.65,
						15.5
					],
					"rotation": 270,
					"texture": "#1"
				},
				"west": {
					"uv": [
						7.25,
						14.5,
						8.65,
						15.5
					],
					"rotation": 270,
					"texture": "#1"
				},
				"up": {
					"uv": [
						12,
						0,
						16,
						14.5
					],
					"rotation": 90,
					"texture": "#1"
				},
				"down": {
					"uv": [
						7.25,
						14.5,
						8.65,
						15.5
					],
					"rotation": 270,
					"texture": "#1"
				}
			}
		},
		{
			"from": [
				3.77579,
				6.81843,
				6.5
			],
			"to": [
				4.77579,
				8.31843,
				7.33333
			],
			"rotation": {
				"angle": -22.5,
				"axis": "z",
				"origin": [
					4.77579,
					-0.18157,
					1
				]
			},
			"faces": {
				"north": {
					"uv": [
						2,
						15,
						3.5,
						16
					],
					"rotation": 270,
					"texture": "#1"
				},
				"east": {
					"uv": [
						7.25,
						14.5,
						8.75,
						15.5
					],
					"rotation": 270,
					"texture": "#1"
				},
				"south": {
					"uv": [
						7.25,
						14.5,
						8.75,
						15.5
					],
					"rotation": 270,
					"texture": "#1"
				},
				"west": {
					"uv": [
						7.25,
						14.5,
						8.75,
						15.5
					],
					"rotation": 270,
					"texture": "#1"
				},
				"up": {
					"uv": [
						12,
						0,
						16,
						5.25
					],
					"rotation": 90,
					"texture": "#1"
				},
				"down": {
					"uv": [
						7.25,
						14.5,
						8.75,
						15.5
					],
					"rotation": 270,
					"texture": "#1"
				}
			}
		},
		{
			"from": [
				9.98959,
				1.18959,
				6.5
			],
			"to": [
				10.98959,
				1.85626,
				7.33333
			],
			"rotation": {
				"angle": 45,
				"axis": "z",
				"origin": [
					2.48959,
					1.18959,
					1
				]
			},
			"faces": {
				"north": {
					"uv": [
						2,
						15,
						2.83333,
						16
					],
					"texture": "#1"
				},
				"east": {
					"uv": [
						12,
						0,
						16,
						4
					],
					"rotation": 180,
					"texture": "#1"
				},
				"south": {
					"uv": [
						7.25,
						14.5,
						8.08333,
						15.5
					],
					"texture": "#1"
				},
				"west": {
					"uv": [
						7.25,
						14.5,
						8.08333,
						15.5
					],
					"texture": "#1"
				},
				"up": {
					"uv": [
						7.25,
						14.5,
						8.08333,
						15.5
					],
					"texture": "#1"
				},
				"down": {
					"uv": [
						7.25,
						14.5,
						8.08333,
						15.5
					],
					"texture": "#1"
				}
			}
		},
		{
			"from": [
				9.98959,
				1.18959,
				7.33333
			],
			"to": [
				10.98959,
				1.85626,
				8.16667
			],
			"rotation": {
				"angle": 45,
				"axis": "z",
				"origin": [
					2.48959,
					1.18959,
					1.83333
				]
			},
			"faces": {
				"north": {
					"uv": [
						4.75,
						0.5,
						8.75,
						4.5
					],
					"rotation": 180,
					"texture": "#1"
				},
				"east": {
					"uv": [
						4.75,
						0.5,
						8.75,
						4.5
					],
					"rotation": 180,
					"texture": "#1"
				},
				"south": {
					"uv": [
						4.75,
						0.5,
						8.75,
						4.5
					],
					"rotation": 180,
					"texture": "#1"
				},
				"west": {
					"uv": [
						4.75,
						0.5,
						8.75,
						4.5
					],
					"rotation": 180,
					"texture": "#1"
				},
				"up": {
					"uv": [
						4.75,
						0.5,
						8.75,
						4.5
					],
					"rotation": 180,
					"texture": "#1"
				},
				"down": {
					"uv": [
						4.75,
						0.5,
						8.75,
						4.5
					],
					"rotation": 180,
					"texture": "#1"
				}
			}
		},
		{
			"from": [
				3.77579,
				6.81843,
				7.33333
			],
			"to": [
				4.77579,
				8.31843,
				8.16667
			],
			"rotation": {
				"angle": -22.5,
				"axis": "z",
				"origin": [
					4.77579,
					-0.18157,
					1.83333
				]
			},
			"faces": {
				"north": {
					"uv": [
						0,
						15,
						1.5,
						16
					],
					"rotation": 270,
					"texture": "#1"
				},
				"east": {
					"uv": [
						0,
						15,
						1.5,
						16
					],
					"rotation": 270,
					"texture": "#1"
				},
				"south": {
					"uv": [
						0,
						15,
						1.5,
						16
					],
					"rotation": 270,
					"texture": "#1"
				},
				"west": {
					"uv": [
						0,
						15,
						1.5,
						16
					],
					"rotation": 270,
					"texture": "#1"
				},
				"up": {
					"uv": [
						0,
						15,
						1.5,
						16
					],
					"rotation": 270,
					"texture": "#1"
				},
				"down": {
					"uv": [
						0,
						15,
						1.5,
						16
					],
					"rotation": 270,
					"texture": "#1"
				}
			}
		},
		{
			"from": [
				4.39821,
				6.65409,
				7.33333
			],
			"to": [
				7.10472,
				8.05409,
				8.16667
			],
			"rotation": {
				"angle": 0,
				"axis": "y",
				"origin": [
					7.10472,
					-0.44591,
					1.83333
				]
			},
			"faces": {
				"north": {
					"uv": [
						0,
						15,
						1.4,
						16
					],
					"rotation": 270,
					"texture": "#1"
				},
				"east": {
					"uv": [
						0,
						15,
						1.4,
						16
					],
					"rotation": 270,
					"texture": "#1"
				},
				"south": {
					"uv": [
						0,
						15,
						1.4,
						16
					],
					"rotation": 270,
					"texture": "#1"
				},
				"west": {
					"uv": [
						0,
						15,
						1.4,
						16
					],
					"rotation": 270,
					"texture": "#1"
				},
				"up": {
					"uv": [
						0,
						15,
						1.4,
						16
					],
					"rotation": 270,
					"texture": "#1"
				},
				"down": {
					"uv": [
						0,
						15,
						1.4,
						16
					],
					"rotation": 270,
					"texture": "#1"
				}
			}
		},
		{
			"from": [
				6.72421,
				6.81843,
				7.33333
			],
			"to": [
				7.72421,
				8.31843,
				8.16667
			],
			"rotation": {
				"angle": 22.5,
				"axis": "z",
				"origin": [
					6.72421,
					-0.18157,
					1.83333
				]
			},
			"faces": {
				"north": {
					"uv": [
						0,
						15,
						1.5,
						16
					],
					"rotation": 270,
					"texture": "#1"
				},
				"east": {
					"uv": [
						0,
						15,
						1.5,
						16
					],
					"rotation": 270,
					"texture": "#1"
				},
				"south": {
					"uv": [
						0,
						15,
						1.5,
						16
					],
					"rotation": 270,
					"texture": "#1"
				},
				"west": {
					"uv": [
						0,
						15,
						1.5,
						16
					],
					"rotation": 270,
					"texture": "#1"
				},
				"up": {
					"uv": [
						0,
						15,
						1.5,
						16
					],
					"rotation": 270,
					"texture": "#1"
				},
				"down": {
					"uv": [
						0,
						15,
						1.5,
						16
					],
					"rotation": 270,
					"texture": "#1"
				}
			}
		},
		{
			"from": [
				0.51041,
				1.18959,
				7.33333
			],
			"to": [
				1.51041,
				1.85626,
				8.16667
			],
			"rotation": {
				"angle": -45,
				"axis": "z",
				"origin": [
					9.01041,
					1.18959,
					1.83333
				]
			},
			"faces": {
				"north": {
					"uv": [
						0,
						15,
						0.83333,
						16
					],
					"texture": "#1"
				},
				"east": {
					"uv": [
						0,
						15,
						0.83333,
						16
					],
					"texture": "#1"
				},
				"south": {
					"uv": [
						0,
						15,
						0.83333,
						16
					],
					"texture": "#1"
				},
				"west": {
					"uv": [
						0,
						15,
						0.83333,
						16
					],
					"texture": "#1"
				},
				"up": {
					"uv": [
						0,
						15,
						0.83333,
						16
					],
					"texture": "#1"
				},
				"down": {
					"uv": [
						0,
						15,
						0.83333,
						16
					],
					"texture": "#1"
				}
			}
		},
		{
			"from": [
				3,
				2,
				7.33333
			],
			"to": [
				8.5,
				7.2,
				8.16667
			],
			"rotation": {
				"angle": 0,
				"axis": "y",
				"origin": [
					0,
					2.7,
					1.83333
				]
			},
			"faces": {
				"north": {
					"uv": [
						0,
						15,
						1,
						16
					],
					"texture": "#1"
				},
				"east": {
					"uv": [
						0,
						15,
						1,
						16
					],
					"texture": "#1"
				},
				"south": {
					"uv": [
						0,
						15,
						1,
						16
					],
					"texture": "#1"
				},
				"west": {
					"uv": [
						0,
						15,
						1,
						16
					],
					"texture": "#1"
				},
				"up": {
					"uv": [
						0,
						15,
						1,
						16
					],
					"texture": "#1"
				},
				"down": {
					"uv": [
						0,
						15,
						1,
						16
					],
					"texture": "#1"
				}
			}
		},
		{
			"from": [
				3.77579,
				4.91843,
				5.5
			],
			"to": [
				4.77579,
				6.41843,
				6.33333
			],
			"rotation": {
				"angle": -22.5,
				"axis": "z",
				"origin": [
					4.77579,
					-2.08157,
					0
				]
			},
			"faces": {
				"north": {
					"uv": [
						2,
						15,
						3.5,
						16
					],
					"rotation": 270,
					"texture": "#1"
				},
				"east": {
					"uv": [
						7.25,
						14.5,
						8.75,
						15.5
					],
					"rotation": 270,
					"texture": "#1"
				},
				"south": {
					"uv": [
						7.25,
						14.5,
						8.75,
						15.5
					],
					"rotation": 270,
					"texture": "#1"
				},
				"west": {
					"uv": [
						7.25,
						14.5,
						8.75,
						15.5
					],
					"rotation": 270,
					"texture": "#1"
				},
				"up": {
					"uv": [
						12,
						0,
						16,
						5.25
					],
					"rotation": 90,
					"texture": "#1"
				},
				"down": {
					"uv": [
						7.25,
						14.5,
						8.75,
						15.5
					],
					"rotation": 270,
					"texture": "#1"
				}
			}
		},
		{
			"from": [
				6.72421,
				4.91843,
				5.5
			],
			"to": [
				7.72421,
				6.41843,
				6.33333
			],
			"rotation": {
				"angle": 22.5,
				"axis": "z",
				"origin": [
					6.72421,
					-2.08157,
					0
				]
			},
			"faces": {
				"north": {
					"uv": [
						2.75,
						15,
						4.25,
						16
					],
					"rotation": 270,
					"texture": "#1"
				},
				"east": {
					"uv": [
						7.25,
						14.5,
						8.75,
						15.5
					],
					"rotation": 270,
					"texture": "#1"
				},
				"south": {
					"uv": [
						7.25,
						14.5,
						8.75,
						15.5
					],
					"rotation": 270,
					"texture": "#1"
				},
				"west": {
					"uv": [
						7.25,
						14.5,
						8.75,
						15.5
					],
					"rotation": 270,
					"texture": "#1"
				},
				"up": {
					"uv": [
						12,
						0,
						16,
						5.25
					],
					"rotation": 90,
					"texture": "#1"
				},
				"down": {
					"uv": [
						7.25,
						14.5,
						8.75,
						15.5
					],
					"rotation": 270,
					"texture": "#1"
				}
			}
		},
		{
			"from": [
				0.51041,
				-0.71041,
				5.5
			],
			"to": [
				1.51041,
				-0.04374,
				6.33333
			],
			"rotation": {
				"angle": -45,
				"axis": "z",
				"origin": [
					9.01041,
					-0.71041,
					0
				]
			},
			"faces": {
				"north": {
					"uv": [
						2,
						15,
						2.83333,
						16
					],
					"texture": "#1"
				},
				"east": {
					"uv": [
						7.25,
						14.5,
						8.08333,
						15.5
					],
					"texture": "#1"
				},
				"south": {
					"uv": [
						7.25,
						14.5,
						8.08333,
						15.5
					],
					"texture": "#1"
				},
				"west": {
					"uv": [
						12,
						0,
						16,
						5.25
					],
					"texture": "#1"
				},
				"up": {
					"uv": [
						7.25,
						14.5,
						8.08333,
						15.5
					],
					"texture": "#1"
				},
				"down": {
					"uv": [
						7.25,
						14.5,
						8.08333,
						15.5
					],
					"texture": "#1"
				}
			}
		},
		{
			"from": [
				4.39821,
				4.75409,
				5.5
			],
			"to": [
				7.10472,
				6.15409,
				6.33333
			],
			"rotation": {
				"angle": 0,
				"axis": "y",
				"origin": [
					7.10472,
					-2.34591,
					0
				]
			},
			"faces": {
				"north": {
					"uv": [
						2,
						15,
						3.4,
						16
					],
					"rotation": 270,
					"texture": "#1"
				},
				"east": {
					"uv": [
						7.25,
						14.5,
						8.65,
						15.5
					],
					"rotation": 270,
					"texture": "#1"
				},
				"south": {
					"uv": [
						7.25,
						14.5,
						8.65,
						15.5
					],
					"rotation": 270,
					"texture": "#1"
				},
				"west": {
					"uv": [
						7.25,
						14.5,
						8.65,
						15.5
					],
					"rotation": 270,
					"texture": "#1"
				},
				"up": {
					"uv": [
						12,
						0,
						16,
						14.5
					],
					"rotation": 90,
					"texture": "#1"
				},
				"down": {
					"uv": [
						7.25,
						14.5,
						8.65,
						15.5
					],
					"rotation": 270,
					"texture": "#1"
				}
			}
		},
		{
			"from": [
				5.29899,
				8.66997,
				7.23594
			],
			"to": [
				6.20472,
				8.90331,
				7.43333
			],
			"rotation": {
				"angle": 0,
				"axis": "y",
				"origin": [
					7.20472,
					-0.39669,
					0.7
				]
			},
			"faces": {
				"north": {
					"uv": [
						0,
						0,
						0.23333,
						0.90573
					],
					"rotation": 90,
					"texture": "#1"
				},
				"east": {
					"uv": [
						0,
						0,
						0.23333,
						0.1974
					],
					"rotation": 270,
					"texture": "#1"
				},
				"south": {
					"uv": [
						0,
						0,
						0.23333,
						0.90573
					],
					"rotation": 270,
					"texture": "#1"
				},
				"west": {
					"uv": [
						0,
						0,
						0.23333,
						0.1974
					],
					"rotation": 270,
					"texture": "#1"
				},
				"up": {
					"uv": [
						0,
						0,
						0.1974,
						0.90573
					],
					"rotation": 270,
					"texture": "#1"
				},
				"down": {
					"uv": [
						0,
						0,
						0.1974,
						0.90573
					],
					"rotation": 270,
					"texture": "#1"
				}
			}
		},
		{
			"from": [
				-0.92955,
				10.04633,
				7.23594
			],
			"to": [
				-0.52382,
				10.27966,
				7.43333
			],
			"rotation": {
				"angle": -45,
				"axis": "z",
				"origin": [
					0.97618,
					0.97966,
					0.7
				]
			},
			"faces": {
				"north": {
					"uv": [
						0,
						0,
						0.23333,
						0.40573
					],
					"rotation": 90,
					"texture": "#1"
				},
				"east": {
					"uv": [
						0,
						0,
						0.23333,
						0.1974
					],
					"rotation": 270,
					"texture": "#1"
				},
				"south": {
					"uv": [
						0,
						0,
						0.23333,
						0.40573
					],
					"rotation": 270,
					"texture": "#1"
				},
				"west": {
					"uv": [
						0,
						0,
						0.23333,
						0.1974
					],
					"rotation": 270,
					"texture": "#1"
				},
				"up": {
					"uv": [
						0,
						0,
						0.1974,
						0.40573
					],
					"rotation": 270,
					"texture": "#1"
				},
				"down": {
					"uv": [
						0,
						0,
						0.1974,
						0.40573
					],
					"rotation": 270,
					"texture": "#1"
				}
			}
		},
		{
			"from": [
				6.25828,
				8.01068,
				7.23594
			],
			"to": [
				6.49161,
				8.61641,
				7.43333
			],
			"rotation": {
				"angle": 0,
				"axis": "y",
				"origin": [
					-2.80839,
					6.71068,
					0.7
				]
			},
			"faces": {
				"north": {
					"uv": [
						0,
						0,
						0.23333,
						0.60573
					],
					"texture": "#1"
				},
				"east": {
					"uv": [
						0,
						0,
						0.1974,
						0.60573
					],
					"texture": "#1"
				},
				"south": {
					"uv": [
						0,
						0,
						0.23333,
						0.60573
					],
					"texture": "#1"
				},
				"west": {
					"uv": [
						0,
						0,
						0.1974,
						0.60573
					],
					"texture": "#1"
				},
				"up": {
					"uv": [
						0,
						0,
						0.23333,
						0.1974
					],
					"texture": "#1"
				},
				"down": {
					"uv": [
						0,
						0,
						0.23333,
						0.1974
					],
					"texture": "#1"
				}
			}
		},
		{
			"from": [
				5.01209,
				8.01068,
				7.23594
			],
			"to": [
				5.24543,
				8.61641,
				7.43333
			],
			"rotation": {
				"angle": 0,
				"axis": "y",
				"origin": [
					14.31209,
					6.71068,
					0.7
				]
			},
			"faces": {
				"north": {
					"uv": [
						0.23333,
						0,
						0.46667,
						0.60573
					],
					"texture": "#1"
				},
				"east": {
					"uv": [
						0.1974,
						0,
						0.39479,
						0.60573
					],
					"texture": "#1"
				},
				"south": {
					"uv": [
						0.23333,
						0,
						0.46667,
						0.60573
					],
					"texture": "#1"
				},
				"west": {
					"uv": [
						0.1974,
						0,
						0.39479,
						0.60573
					],
					"texture": "#1"
				},
				"up": {
					"uv": [
						0.23333,
						0,
						0.46667,
						0.1974
					],
					"texture": "#1"
				},
				"down": {
					"uv": [
						0.23333,
						0,
						0.46667,
						0.1974
					],
					"texture": "#1"
				}
			}
		},
		{
			"from": [
				12.02753,
				10.04633,
				7.23594
			],
			"to": [
				12.43326,
				10.27966,
				7.43333
			],
			"rotation": {
				"angle": 45,
				"axis": "z",
				"origin": [
					10.52753,
					0.97966,
					0.7
				]
			},
			"faces": {
				"north": {
					"uv": [
						0,
						0.40573,
						0.23333,
						0.81146
					],
					"rotation": 90,
					"texture": "#1"
				},
				"east": {
					"uv": [
						0,
						0.1974,
						0.23333,
						0.39479
					],
					"rotation": 270,
					"texture": "#1"
				},
				"south": {
					"uv": [
						0,
						0.40573,
						0.23333,
						0.81146
					],
					"rotation": 270,
					"texture": "#1"
				},
				"west": {
					"uv": [
						0,
						0.1974,
						0.23333,
						0.39479
					],
					"rotation": 270,
					"texture": "#1"
				},
				"up": {
					"uv": [
						0,
						0.40573,
						0.1974,
						0.81146
					],
					"rotation": 270,
					"texture": "#1"
				},
				"down": {
					"uv": [
						0,
						0.40573,
						0.1974,
						0.81146
					],
					"rotation": 270,
					"texture": "#1"
				}
			}
		},
		{
			"from": [
				2.72898,
				0.14392,
				5.93989
			],
			"to": [
				8.77098,
				6.43392,
				8.39709
			],
			"rotation": {
				"angle": 0,
				"axis": "y",
				"origin": [
					-0.34502,
					2.08792,
					0.10989
				]
			},
			"faces": {
				"north": {
					"uv": [
						3.5,
						3.75,
						9.2,
						10.25
					],
					"texture": "#1"
				},
				"east": {
					"uv": [
						0,
						0,
						5.7,
						6.5
					],
					"texture": "#1"
				},
				"south": {
					"uv": [
						3.25,
						4,
						8.95,
						10.5
					],
					"texture": "#1"
				},
				"west": {
					"uv": [
						0,
						0,
						5.7,
						6.5
					],
					"texture": "#1"
				},
				"up": {
					"uv": [
						0,
						0,
						5.7,
						6.5
					],
					"texture": "#1"
				},
				"down": {
					"uv": [
						0,
						0,
						5.7,
						6.5
					],
					"texture": "#1"
				}
			}
		},
		{
			"from": [
				2.52898,
				0.14392,
				6.35916
			],
			"to": [
				8.97098,
				2.93392,
				8.18303
			],
			"rotation": {
				"angle": 0,
				"axis": "y",
				"origin": [
					-0.34502,
					2.08792,
					0.10989
				]
			},
			"faces": {
				"north": {
					"uv": [
						0,
						0,
						7.7,
						7.5
					],
					"texture": "#0"
				},
				"east": {
					"uv": [
						0,
						0,
						4.00365,
						7.5
					],
					"texture": "#0"
				},
				"south": {
					"uv": [
						0,
						0,
						7.7,
						7.5
					],
					"texture": "#0"
				},
				"west": {
					"uv": [
						0,
						0,
						4.00365,
						7.5
					],
					"texture": "#0"
				},
				"up": {
					"uv": [
						12,
						15.49635,
						12.45,
						16
					],
					"texture": "#0"
				},
				"down": {
					"uv": [
						0,
						0,
						7.7,
						3.00365
					],
					"texture": "#0"
				}
			}
		},
		{
			"from": [
				10.34995,
				0.06289,
				5.93989
			],
			"to": [
				11.40995,
				0.76955,
				8.39709
			],
			"rotation": {
				"angle": 45,
				"axis": "z",
				"origin": [
					2.39995,
					0.06289,
					0.10989
				]
			},
			"faces": {
				"north": {
					"uv": [
						3.5,
						3.75,
						4.5,
						4.41667
					],
					"texture": "#1"
				},
				"east": {
					"uv": [
						5.75,
						4.25,
						6.75,
						4.91667
					],
					"texture": "#1"
				},
				"south": {
					"uv": [
						3.25,
						4,
						4.25,
						4.66667
					],
					"texture": "#1"
				},
				"west": {
					"uv": [
						0,
						0,
						1,
						0.66667
					],
					"texture": "#1"
				},
				"up": {
					"uv": [
						0,
						0,
						1,
						0.66667
					],
					"texture": "#1"
				},
				"down": {
					"uv": [
						0,
						0,
						1,
						0.66667
					],
					"texture": "#1"
				}
			}
		},
		{
			"from": [
				3.76332,
				6.02945,
				5.93989
			],
			"to": [
				4.82332,
				7.61945,
				8.39709
			],
			"rotation": {
				"angle": -22.5,
				"axis": "z",
				"origin": [
					4.82332,
					-1.39055,
					0.10989
				]
			},
			"faces": {
				"north": {
					"uv": [
						3.5,
						3.75,
						5,
						4.75
					],
					"rotation": 90,
					"texture": "#1"
				},
				"east": {
					"uv": [
						0,
						0,
						1.5,
						1
					],
					"rotation": 90,
					"texture": "#1"
				},
				"south": {
					"uv": [
						3.25,
						4,
						4.75,
						5
					],
					"rotation": 90,
					"texture": "#1"
				},
				"west": {
					"uv": [
						0,
						0,
						1.5,
						1
					],
					"rotation": 90,
					"texture": "#1"
				},
				"up": {
					"uv": [
						0,
						0,
						1.5,
						1
					],
					"rotation": 90,
					"texture": "#1"
				},
				"down": {
					"uv": [
						0,
						0,
						1.5,
						1
					],
					"rotation": 90,
					"texture": "#1"
				}
			}
		},
		{
			"from": [
				4.21191,
				5.85525,
				5.93989
			],
			"to": [
				7.29198,
				7.33925,
				8.39709
			],
			"rotation": {
				"angle": 0,
				"axis": "y",
				"origin": [
					7.29198,
					-1.67075,
					0.10989
				]
			},
			"faces": {
				"north": {
					"uv": [
						3.5,
						3.75,
						4.9,
						6.65573
					],
					"rotation": 90,
					"texture": "#1"
				},
				"east": {
					"uv": [
						0,
						0,
						1.4,
						2.90573
					],
					"rotation": 90,
					"texture": "#1"
				},
				"south": {
					"uv": [
						3.25,
						4,
						4.65,
						6.90573
					],
					"rotation": 90,
					"texture": "#1"
				},
				"west": {
					"uv": [
						0,
						0,
						1.4,
						2.90573
					],
					"rotation": 90,
					"texture": "#1"
				},
				"up": {
					"uv": [
						0,
						0,
						1.4,
						2.90573
					],
					"rotation": 90,
					"texture": "#1"
				},
				"down": {
					"uv": [
						0,
						0,
						1.4,
						2.90573
					],
					"rotation": 90,
					"texture": "#1"
				}
			}
		},
		{
			"from": [
				0.09001,
				0.06289,
				5.93989
			],
			"to": [
				1.15001,
				0.76955,
				8.39709
			],
			"rotation": {
				"angle": -45,
				"axis": "z",
				"origin": [
					9.10001,
					0.06289,
					0.10989
				]
			},
			"faces": {
				"north": {
					"uv": [
						4.5,
						3.75,
						5.5,
						4.41667
					],
					"texture": "#1"
				},
				"east": {
					"uv": [
						1,
						0,
						2,
						0.66667
					],
					"texture": "#1"
				},
				"south": {
					"uv": [
						4.25,
						4,
						5.25,
						4.66667
					],
					"texture": "#1"
				},
				"west": {
					"uv": [
						1,
						0,
						2,
						0.66667
					],
					"texture": "#1"
				},
				"up": {
					"uv": [
						1,
						0,
						2,
						0.66667
					],
					"texture": "#1"
				},
				"down": {
					"uv": [
						1,
						0,
						2,
						0.66667
					],
					"texture": "#1"
				}
			}
		},
		{
			"from": [
				6.67665,
				6.02945,
				5.93989
			],
			"to": [
				7.73665,
				7.61945,
				8.39709
			],
			"rotation": {
				"angle": 22.5,
				"axis": "z",
				"origin": [
					6.67665,
					-1.39055,
					0.10989
				]
			},
			"faces": {
				"north": {
					"uv": [
						3.5,
						4.75,
						5,
						5.75
					],
					"rotation": 90,
					"texture": "#1"
				},
				"east": {
					"uv": [
						0,
						1,
						1.5,
						2
					],
					"rotation": 90,
					"texture": "#1"
				},
				"south": {
					"uv": [
						3.25,
						5,
						4.75,
						6
					],
					"rotation": 90,
					"texture": "#1"
				},
				"west": {
					"uv": [
						0,
						1,
						1.5,
						2
					],
					"rotation": 90,
					"texture": "#1"
				},
				"up": {
					"uv": [
						0,
						1,
						1.5,
						2
					],
					"rotation": 90,
					"texture": "#1"
				},
				"down": {
					"uv": [
						0,
						1,
						1.5,
						2
					],
					"rotation": 90,
					"texture": "#1"
				}
			}
		}
	],
	"display": {
		"thirdperson_righthand": {
			"rotation": [
				-90,
				0,
				-180
			],
			"translation": [
				-3,
				-4.75,
				12.75
			]
		},
		"thirdperson_lefthand": {
			"rotation": [
				-90,
				0,
				-180
			],
			"translation": [
				0.5,
				-4.75,
				12.75
			]
		},
		"firstperson_righthand": {
			"rotation": [
				-180,
				15.5,
				-180
			],
			"translation": [
				-3,
				7.5,
				1.5
			]
		},
		"firstperson_lefthand": {
			"rotation": [
				-180,
				15.5,
				-180
			],
			"translation": [
				1.5,
				7.5,
				1.5
			]
		},
		"ground": {
			"translation": [
				3.25,
				8.5,
				1
			]
		},
		"gui": {
			"rotation": [
				21,
				155,
				19
			],
			"translation": [
				0,
				4.5,
				0
			],
			"scale": [
				1.2,
				1.2,
				1.2
			]
		},
		"head": {
			"rotation": [
				0,
				-180,
				0
			],
			"translation": [
				-4.25,
				-6.5,
				4.5
			],
			"scale": [
				2,
				2,
				2
			]
		},
		"fixed": {
			"translation": [
				4.25,
				8.25,
				0
			],
			"scale": [
				2,
				2,
				2
			]
		}
	},
	"groups": [
		{
			"name": "group",
			"origin": [
				7.10472,
				-1.34591,
				0
			],
			"color": 0,
			"children": [
				0,
				1,
				2,
				3,
				4,
				5,
				6,
				7,
				8,
				9,
				10,
				11,
				12,
				13,
				14,
				15,
				16,
				17,
				18
			]
		},
		{
			"name": "group",
			"origin": [
				7.10472,
				-1.34591,
				0
			],
			"color": 0,
			"children": [
				19,
				20,
				21,
				22,
				23,
				24,
				25,
				26,
				27,
				28,
				29,
				30
			]
		}
	]
}