{
	"__name": "ヘッドホン-キティエディション",
	"credit": "Made with Blockbench",
	"textures": {
		"2": "item/anzen_helmet_3",
		"1_1": "item/pink"
	},
	"elements": [
		{
			"from": [5.5, 15.5, 7],
			"to": [16, 16, 9],
			"faces": {
				"north": {"uv": [0, 0, 0.59375, 5.5625], "texture": "#1_1"},
				"east": {"uv": [0, 0, 0.59375, 5.5625], "texture": "#1_1"},
				"south": {"uv": [0, 0, 0.59375, 5.5625], "texture": "#1_1"},
				"west": {"uv": [0, 0, 0.59375, 5.5625], "texture": "#1_1"},
				"up": {"uv": [0, 0, 0.59375, 5.5625], "texture": "#1_1"},
				"down": {"uv": [0, 0, 0.59375, 5.5625], "texture": "#1_1"}
			}
		},
		{
			"from": [15.5, 10.5, 7],
			"to": [16, 15.5, 9],
			"faces": {
				"north": {"uv": [0, 0, 0.59375, 5.5625], "texture": "#1_1"},
				"east": {"uv": [0, 0, 0.59375, 5.5625], "texture": "#1_1"},
				"south": {"uv": [0, 0, 0.59375, 5.5625], "texture": "#1_1"},
				"west": {"uv": [0, 0, 0.59375, 5.5625], "texture": "#1_1"},
				"up": {"uv": [0, 0, 0.59375, 5.5625], "texture": "#1_1"},
				"down": {"uv": [0, 0, 0.59375, 5.5625], "texture": "#1_1"}
			}
		},
		{
			"from": [15.25, 8, 6],
			"to": [16.5, 12, 10],
			"faces": {
				"north": {"uv": [0, 0, 0.59375, 5.5625], "texture": "#1_1"},
				"east": {"uv": [0, 0, 0.59375, 5.5625], "texture": "#1_1"},
				"south": {"uv": [0, 0, 0.59375, 5.5625], "texture": "#1_1"},
				"west": {"uv": [0, 0, 0.59375, 5.5625], "texture": "#1_1"},
				"up": {"uv": [0, 0, 0.59375, 5.5625], "texture": "#1_1"},
				"down": {"uv": [0, 0, 0.59375, 5.5625], "texture": "#1_1"}
			}
		},
		{
			"from": [15.75, 8.5, 6.55],
			"to": [16.75, 11.5, 9.55],
			"faces": {
				"north": {"uv": [0, 0, 7, 7], "texture": "#2"},
				"east": {"uv": [0, 0, 7, 7], "texture": "#2"},
				"south": {"uv": [0, 0, 7, 7], "texture": "#2"},
				"west": {"uv": [0, 0, 7, 7], "texture": "#2"},
				"up": {"uv": [0, 0, 7, 7], "texture": "#2"},
				"down": {"uv": [0, 0, 7, 7], "texture": "#2"}
			}
		},
		{
			"from": [5, 8, 6],
			"to": [6.25, 12, 10],
			"faces": {
				"north": {"uv": [0, 0, 0.59375, 5.5625], "texture": "#1_1"},
				"east": {"uv": [0, 0, 0.59375, 5.5625], "texture": "#1_1"},
				"south": {"uv": [0, 0, 0.59375, 5.5625], "texture": "#1_1"},
				"west": {"uv": [0, 0, 0.59375, 5.5625], "texture": "#1_1"},
				"up": {"uv": [0, 0, 0.59375, 5.5625], "texture": "#1_1"},
				"down": {"uv": [0, 0, 0.59375, 5.5625], "texture": "#1_1"}
			}
		},
		{
			"from": [4.75, 8.5, 6.5],
			"to": [5.125, 11.5, 9.5],
			"faces": {
				"north": {"uv": [0, 0, 7, 7], "texture": "#2"},
				"east": {"uv": [0, 0, 7, 7], "texture": "#2"},
				"south": {"uv": [0, 0, 7, 7], "texture": "#2"},
				"west": {"uv": [0, 0, 7, 7], "texture": "#2"},
				"up": {"uv": [0, 0, 7, 7], "texture": "#2"},
				"down": {"uv": [0, 0, 7, 7], "texture": "#2"}
			}
		},
		{
			"from": [5.5, 10, 7],
			"to": [6, 15.5, 9],
			"faces": {
				"north": {"uv": [0, 0, 0.59375, 5.5625], "texture": "#1_1"},
				"east": {"uv": [0, 0, 0.59375, 5.5625], "texture": "#1_1"},
				"south": {"uv": [0, 0, 0.59375, 5.5625], "texture": "#1_1"},
				"west": {"uv": [0, 0, 0.59375, 5.5625], "texture": "#1_1"},
				"up": {"uv": [0, 0, 0.59375, 5.5625], "texture": "#1_1"},
				"down": {"uv": [0, 0, 0.59375, 5.5625], "texture": "#1_1"}
			}
		},
		{
			"from": [15.75, 9, 8.55],
			"to": [16.125, 9.375, 12.55],
			"rotation": {"angle": 22.5, "axis": "x", "origin": [8, 8, 8]},
			"faces": {
				"north": {"uv": [0, 0, 7, 7], "texture": "#2"},
				"east": {"uv": [0, 0, 7, 7], "texture": "#2"},
				"south": {"uv": [0, 0, 7, 7], "texture": "#2"},
				"west": {"uv": [0, 0, 7, 7], "texture": "#2"},
				"up": {"uv": [0, 0, 7, 7], "texture": "#2"},
				"down": {"uv": [0, 0, 7, 7], "texture": "#2"}
			}
		},
		{
			"from": [7.22208, 19.53246, 7.9375],
			"to": [7.78458, 20.15746, 8.875],
			"rotation": {"angle": 0, "axis": "y", "origin": [7.57388, 8.53068, 8.5625]},
			"faces": {
				"north": {"uv": [0, 0, 0.59375, 5.5625], "texture": "#1_1"},
				"east": {"uv": [0, 0, 0.59375, 5.5625], "texture": "#1_1"},
				"south": {"uv": [0, 0, 0.59375, 5.5625], "texture": "#1_1"},
				"west": {"uv": [0, 0, 0.59375, 5.5625], "texture": "#1_1"},
				"up": {"uv": [0, 0, 0.59375, 5.5625], "texture": "#1_1"},
				"down": {"uv": [0, 0, 0.59375, 5.5625], "texture": "#1_1"}
			}
		},
		{
			"from": [11.73285, 14.73688, 7.9375],
			"to": [12.29535, 19.23688, 8.875],
			"rotation": {"angle": 22.5, "axis": "z", "origin": [7.72593, 8.35857, 8.5625]},
			"faces": {
				"north": {"uv": [0, 0, 0.59375, 5.5625], "texture": "#1_1"},
				"east": {"uv": [0, 0, 0.59375, 5.5625], "texture": "#1_1"},
				"south": {"uv": [0, 0, 0.59375, 5.5625], "texture": "#1_1"},
				"west": {"uv": [0, 0, 0.59375, 5.5625], "texture": "#1_1"},
				"up": {"uv": [0, 0, 0.59375, 5.5625], "texture": "#1_1"},
				"down": {"uv": [0, 0, 0.59375, 5.5625], "texture": "#1_1"}
			}
		},
		{
			"from": [3.83566, 14.45781, 7.9375],
			"to": [4.39816, 18.95781, 8.875],
			"rotation": {"angle": -22.5, "axis": "z", "origin": [8.54439, 11.04529, 8.5625]},
			"faces": {
				"north": {"uv": [0, 0, 0.59375, 5.5625], "texture": "#1_1"},
				"east": {"uv": [0, 0, 0.59375, 5.5625], "texture": "#1_1"},
				"south": {"uv": [0, 0, 0.59375, 5.5625], "texture": "#1_1"},
				"west": {"uv": [0, 0, 0.59375, 5.5625], "texture": "#1_1"},
				"up": {"uv": [0, 0, 0.59375, 5.5625], "texture": "#1_1"},
				"down": {"uv": [0, 0, 0.59375, 5.5625], "texture": "#1_1"}
			}
		},
		{
			"from": [8.21466, 15.52251, 7.975],
			"to": [8.77716, 17.74126, 8.19375],
			"rotation": {"angle": 0, "axis": "y", "origin": [7.68341, 3.88536, 7.60938]},
			"faces": {
				"north": {"uv": [0, 0, 0.59375, 5.5625], "texture": "#1_1"},
				"east": {"uv": [0, 0, 0.5625, 6.21875], "texture": "#1_1"},
				"south": {"uv": [0, 0, 7, 7], "texture": "#2"},
				"west": {"uv": [0, 0, 0.5625, 6.21875], "texture": "#1_1"},
				"up": {"uv": [0, 0, 0.5625, 6.21875], "rotation": 180, "texture": "#1_1"},
				"down": {"uv": [0, 0, 0.5625, 6.21875], "rotation": 180, "texture": "#1_1"}
			}
		},
		{
			"from": [8.77716, 15.52251, 7.975],
			"to": [9.24591, 16.58501, 8.19375],
			"rotation": {"angle": 0, "axis": "y", "origin": [7.68341, 3.88536, 7.60938]},
			"faces": {
				"north": {"uv": [0, 0, 0.59375, 5.5625], "texture": "#1_1"},
				"east": {"uv": [0, 0, 0.5625, 6.21875], "texture": "#1_1"},
				"south": {"uv": [0, 0, 7, 7], "texture": "#2"},
				"west": {"uv": [0, 0, 0.5625, 6.21875], "texture": "#1_1"},
				"up": {"uv": [0, 0, 0.5625, 6.21875], "rotation": 180, "texture": "#1_1"},
				"down": {"uv": [0, 0, 0.5625, 6.21875], "rotation": 180, "texture": "#1_1"}
			}
		},
		{
			"from": [7.62091, 15.52251, 7.975],
			"to": [8.21466, 19.08501, 8.19375],
			"rotation": {"angle": 0, "axis": "y", "origin": [7.68341, 3.88536, 7.60938]},
			"faces": {
				"north": {"uv": [0, 0, 0.59375, 5.5625], "texture": "#1_1"},
				"east": {"uv": [0, 0, 0.5625, 6.21875], "texture": "#1_1"},
				"south": {"uv": [0, 0, 7, 7], "texture": "#2"},
				"west": {"uv": [0, 0, 0.5625, 6.21875], "texture": "#1_1"},
				"up": {"uv": [0, 0, 0.5625, 6.21875], "rotation": 180, "texture": "#1_1"},
				"down": {"uv": [0, 0, 0.5625, 6.21875], "rotation": 180, "texture": "#1_1"}
			}
		},
		{
			"from": [7.02716, 15.52251, 7.975],
			"to": [7.62091, 19.64751, 8.19375],
			"rotation": {"angle": 0, "axis": "y", "origin": [7.68341, 3.88536, 7.60938]},
			"faces": {
				"north": {"uv": [0, 0, 0.59375, 5.5625], "texture": "#1_1"},
				"east": {"uv": [0, 0, 0.5625, 6.21875], "texture": "#1_1"},
				"south": {"uv": [0, 0, 7, 7], "texture": "#2"},
				"west": {"uv": [0, 0, 0.5625, 6.21875], "texture": "#1_1"},
				"up": {"uv": [0, 0, 0.5625, 6.21875], "rotation": 180, "texture": "#1_1"},
				"down": {"uv": [0, 0, 0.5625, 6.21875], "rotation": 180, "texture": "#1_1"}
			}
		},
		{
			"from": [6.43341, 15.52251, 7.975],
			"to": [7.02716, 18.21001, 8.19375],
			"rotation": {"angle": 0, "axis": "y", "origin": [7.68341, 3.88536, 7.60938]},
			"faces": {
				"north": {"uv": [0, 0, 0.59375, 5.5625], "texture": "#1_1"},
				"east": {"uv": [0, 0, 0.5625, 6.21875], "texture": "#1_1"},
				"south": {"uv": [0, 0, 7, 7], "texture": "#2"},
				"west": {"uv": [0, 0, 0.5625, 6.21875], "texture": "#1_1"},
				"up": {"uv": [0, 0, 0.5625, 6.21875], "rotation": 180, "texture": "#1_1"},
				"down": {"uv": [0, 0, 0.5625, 6.21875], "rotation": 180, "texture": "#1_1"}
			}
		},
		{
			"from": [5.83966, 15.52251, 7.975],
			"to": [6.43341, 16.80376, 8.19375],
			"rotation": {"angle": 0, "axis": "y", "origin": [7.68341, 3.88536, 7.60938]},
			"faces": {
				"north": {"uv": [0, 0, 0.59375, 5.5625], "texture": "#1_1"},
				"east": {"uv": [0, 0, 0.5625, 6.21875], "texture": "#1_1"},
				"south": {"uv": [0, 0, 7, 7], "texture": "#2"},
				"west": {"uv": [0, 0, 0.5625, 6.21875], "texture": "#1_1"},
				"up": {"uv": [0, 0, 0.5625, 6.21875], "rotation": 180, "texture": "#1_1"},
				"down": {"uv": [0, 0, 0.5625, 6.21875], "rotation": 180, "texture": "#1_1"}
			}
		},
		{
			"from": [13.71542, 19.53246, 7.9375],
			"to": [14.27792, 20.15746, 8.875],
			"rotation": {"angle": 0, "axis": "y", "origin": [7.56722, 8.53068, 8.5625]},
			"faces": {
				"north": {"uv": [0, 0, 0.59375, 5.5625], "texture": "#1_1"},
				"east": {"uv": [0, 0, 0.59375, 5.5625], "texture": "#1_1"},
				"south": {"uv": [0, 0, 0.59375, 5.5625], "texture": "#1_1"},
				"west": {"uv": [0, 0, 0.59375, 5.5625], "texture": "#1_1"},
				"up": {"uv": [0, 0, 0.59375, 5.5625], "texture": "#1_1"},
				"down": {"uv": [0, 0, 0.59375, 5.5625], "texture": "#1_1"}
			}
		},
		{
			"from": [17.73142, 12.24944, 7.9375],
			"to": [18.29392, 16.74944, 8.875],
			"rotation": {"angle": 22.5, "axis": "z", "origin": [7.71928, 8.35857, 8.5625]},
			"faces": {
				"north": {"uv": [0, 0, 0.59375, 5.5625], "texture": "#1_1"},
				"east": {"uv": [0, 0, 0.59375, 5.5625], "texture": "#1_1"},
				"south": {"uv": [0, 0, 0.59375, 5.5625], "texture": "#1_1"},
				"west": {"uv": [0, 0, 0.59375, 5.5625], "texture": "#1_1"},
				"up": {"uv": [0, 0, 0.59375, 5.5625], "texture": "#1_1"},
				"down": {"uv": [0, 0, 0.59375, 5.5625], "texture": "#1_1"}
			}
		},
		{
			"from": [9.83422, 16.94525, 7.9375],
			"to": [10.39672, 21.44525, 8.875],
			"rotation": {"angle": -22.5, "axis": "z", "origin": [8.53774, 11.04529, 8.5625]},
			"faces": {
				"north": {"uv": [0, 0, 0.59375, 5.5625], "texture": "#1_1"},
				"east": {"uv": [0, 0, 0.59375, 5.5625], "texture": "#1_1"},
				"south": {"uv": [0, 0, 0.59375, 5.5625], "texture": "#1_1"},
				"west": {"uv": [0, 0, 0.59375, 5.5625], "texture": "#1_1"},
				"up": {"uv": [0, 0, 0.59375, 5.5625], "texture": "#1_1"},
				"down": {"uv": [0, 0, 0.59375, 5.5625], "texture": "#1_1"}
			}
		},
		{
			"from": [14.70801, 15.52251, 7.975],
			"to": [15.27051, 17.74126, 8.19375],
			"rotation": {"angle": 0, "axis": "y", "origin": [7.67676, 3.88536, 7.60938]},
			"faces": {
				"north": {"uv": [0, 0, 0.59375, 5.5625], "texture": "#1_1"},
				"east": {"uv": [0, 0, 0.5625, 6.21875], "texture": "#1_1"},
				"south": {"uv": [0, 0, 7, 7], "texture": "#2"},
				"west": {"uv": [0, 0, 0.5625, 6.21875], "texture": "#1_1"},
				"up": {"uv": [0, 0, 0.5625, 6.21875], "rotation": 180, "texture": "#1_1"},
				"down": {"uv": [0, 0, 0.5625, 6.21875], "rotation": 180, "texture": "#1_1"}
			}
		},
		{
			"from": [15.27051, 15.52251, 7.975],
			"to": [15.73926, 16.58501, 8.19375],
			"rotation": {"angle": 0, "axis": "y", "origin": [7.67676, 3.88536, 7.60938]},
			"faces": {
				"north": {"uv": [0, 0, 0.59375, 5.5625], "texture": "#1_1"},
				"east": {"uv": [0, 0, 0.5625, 6.21875], "texture": "#1_1"},
				"south": {"uv": [0, 0, 7, 7], "texture": "#2"},
				"west": {"uv": [0, 0, 0.5625, 6.21875], "texture": "#1_1"},
				"up": {"uv": [0, 0, 0.5625, 6.21875], "rotation": 180, "texture": "#1_1"},
				"down": {"uv": [0, 0, 0.5625, 6.21875], "rotation": 180, "texture": "#1_1"}
			}
		},
		{
			"from": [14.11426, 15.52251, 7.975],
			"to": [14.70801, 19.08501, 8.19375],
			"rotation": {"angle": 0, "axis": "y", "origin": [7.67676, 3.88536, 7.60938]},
			"faces": {
				"north": {"uv": [0, 0, 0.59375, 5.5625], "texture": "#1_1"},
				"east": {"uv": [0, 0, 0.5625, 6.21875], "texture": "#1_1"},
				"south": {"uv": [0, 0, 7, 7], "texture": "#2"},
				"west": {"uv": [0, 0, 0.5625, 6.21875], "texture": "#1_1"},
				"up": {"uv": [0, 0, 0.5625, 6.21875], "rotation": 180, "texture": "#1_1"},
				"down": {"uv": [0, 0, 0.5625, 6.21875], "rotation": 180, "texture": "#1_1"}
			}
		},
		{
			"from": [13.52051, 15.52251, 7.975],
			"to": [14.11426, 19.64751, 8.19375],
			"rotation": {"angle": 0, "axis": "y", "origin": [7.67676, 3.88536, 7.60938]},
			"faces": {
				"north": {"uv": [0, 0, 0.59375, 5.5625], "texture": "#1_1"},
				"east": {"uv": [0, 0, 0.5625, 6.21875], "texture": "#1_1"},
				"south": {"uv": [0, 0, 7, 7], "texture": "#2"},
				"west": {"uv": [0, 0, 0.5625, 6.21875], "texture": "#1_1"},
				"up": {"uv": [0, 0, 0.5625, 6.21875], "rotation": 180, "texture": "#1_1"},
				"down": {"uv": [0, 0, 0.5625, 6.21875], "rotation": 180, "texture": "#1_1"}
			}
		},
		{
			"from": [12.92676, 15.52251, 7.975],
			"to": [13.52051, 18.21001, 8.19375],
			"rotation": {"angle": 0, "axis": "y", "origin": [7.67676, 3.88536, 7.60938]},
			"faces": {
				"north": {"uv": [0, 0, 0.59375, 5.5625], "texture": "#1_1"},
				"east": {"uv": [0, 0, 0.5625, 6.21875], "texture": "#1_1"},
				"south": {"uv": [0, 0, 7, 7], "texture": "#2"},
				"west": {"uv": [0, 0, 0.5625, 6.21875], "texture": "#1_1"},
				"up": {"uv": [0, 0, 0.5625, 6.21875], "rotation": 180, "texture": "#1_1"},
				"down": {"uv": [0, 0, 0.5625, 6.21875], "rotation": 180, "texture": "#1_1"}
			}
		},
		{
			"from": [12.33301, 15.52251, 7.975],
			"to": [12.92676, 16.80376, 8.19375],
			"rotation": {"angle": 0, "axis": "y", "origin": [7.67676, 3.88536, 7.60938]},
			"faces": {
				"north": {"uv": [0, 0, 0.59375, 5.5625], "texture": "#1_1"},
				"east": {"uv": [0, 0, 0.5625, 6.21875], "texture": "#1_1"},
				"south": {"uv": [0, 0, 7, 7], "texture": "#2"},
				"west": {"uv": [0, 0, 0.5625, 6.21875], "texture": "#1_1"},
				"up": {"uv": [0, 0, 0.5625, 6.21875], "rotation": 180, "texture": "#1_1"},
				"down": {"uv": [0, 0, 0.5625, 6.21875], "rotation": 180, "texture": "#1_1"}
			}
		}
	],
	"display": {
		"thirdperson_righthand": {
			"translation": [-2.5, -0.75, 1.5],
			"scale": [0.45, 0.45, 0.45]
		},
		"thirdperson_lefthand": {
			"translation": [-0.25, -0.75, 1.5],
			"scale": [0.45, 0.45, 0.45]
		},
		"firstperson_righthand": {
			"rotation": [0, -29.5, 0],
			"translation": [-1.5, 1.5, 1.5],
			"scale": [0.45, 0.45, 0.45]
		},
		"firstperson_lefthand": {
			"rotation": [0, -29.5, 0],
			"translation": [1.25, 1.5, 1.5],
			"scale": [0.45, 0.45, 0.45]
		},
		"ground": {
			"translation": [-3.25, 2.75, 0.75],
			"scale": [0.86, 0.86, 0.86]
		},
		"gui": {
			"rotation": [22, -27.5, 0],
			"translation": [-2.25, -4.25, 0]
		},
		"head": {
			"rotation": [0, -180, 0],
			"translation": [3.75, -4, -1.5],
			"scale": [1.37, 1.37, 1.37]
		},
		"fixed": {
			"rotation": [0, -180, 0],
			"translation": [2.25, -4.25, 0]
		}
	},
	"groups": [
		{
			"name": "group",
			"origin": [8, 8, 8],
			"children": [0, 1, 2, 3, 4, 5, 6]
		}, 7,
		{
			"name": "nekomimi_gray",
			"origin": [8, 8, 8],
			"children": [
				{
					"name": "right",
					"origin": [8, 8, 8],
					"children": [8, 9, 10,
						{
							"name": "kiso",
							"origin": [8.60405, 11.0203, 8],
							"children": [11, 12, 13, 14, 15, 16]
						}
					]
				},
				{
					"name": "hidari",
					"origin": [8, 8, 8],
					"children": [17, 18, 19,
						{
							"name": "kiso",
							"origin": [8.60405, 11.0203, 8],
							"children": [20, 21, 22, 23, 24, 25]
						}
					]
				}
			]
		}
	]
}