{
	"credit": "Made with Blockbench",
	"textures": {
		"0": "item/anzen_helmet_3",
		"1": "item/anzen_helmet",
		"2": "item/anzen_helmet_2",
		"4": "block/iron_block",
		"5": "block/anvil",
		"7": "block/sea_lantern",
		"8": "block/smoker_top",
		"9": "block/smooth_stone",
		"10": "block/cobblestone",
		"particle": "item/anzen_helmet_3"
	},
	"elements": [
		{
			"name": "hexadecagon",
			"from": [7.20435, 7.5, 5.375],
			"to": [8.79565, 8.25, 13.375],
			"rotation": {"angle": -45, "axis": "y", "origin": [8, 8.5, 9.375]},
			"faces": {
				"north": {"uv": [0, 0, 1, 1], "texture": "#0"},
				"east": {"uv": [0, 0, 1, 1], "texture": "#0"},
				"south": {"uv": [0, 0, 1, 1], "texture": "#0"},
				"west": {"uv": [0, 0, 1, 1], "texture": "#0"},
				"up": {"uv": [0, 0, 1, 1], "texture": "#0"},
				"down": {"uv": [0, 0, 1, 1], "texture": "#0"}
			}
		},
		{
			"name": "hexadecagon",
			"from": [7.20435, 7.5, 5.375],
			"to": [8.79565, 8.25, 13.375],
			"rotation": {"angle": -22.5, "axis": "y", "origin": [8, 8.5, 9.375]},
			"faces": {
				"north": {"uv": [0, 0, 1, 1], "texture": "#0"},
				"east": {"uv": [0, 0, 1, 1], "texture": "#0"},
				"south": {"uv": [0, 0, 1, 1], "texture": "#0"},
				"west": {"uv": [0, 0, 1, 1], "texture": "#0"},
				"up": {"uv": [0, 0, 1, 1], "texture": "#0"},
				"down": {"uv": [0, 0, 1, 1], "texture": "#0"}
			}
		},
		{
			"name": "hexadecagon",
			"from": [7.20435, 7.5, 5.375],
			"to": [8.79565, 8.25, 13.375],
			"rotation": {"angle": 0, "axis": "y", "origin": [8, 8.5, 9.375]},
			"faces": {
				"north": {"uv": [0, 0, 1, 1], "texture": "#0"},
				"east": {"uv": [0, 0, 1, 1], "texture": "#0"},
				"south": {"uv": [0, 0, 1, 1], "texture": "#0"},
				"west": {"uv": [0, 0, 1, 1], "texture": "#0"},
				"up": {"uv": [0, 0, 1, 1], "texture": "#0"},
				"down": {"uv": [0, 0, 1, 1], "texture": "#0"}
			}
		},
		{
			"name": "hexadecagon",
			"from": [7.20435, 7.5, 5.375],
			"to": [8.79565, 8.25, 13.375],
			"rotation": {"angle": 22.5, "axis": "y", "origin": [8, 8.5, 9.375]},
			"faces": {
				"north": {"uv": [0, 0, 1, 1], "texture": "#0"},
				"east": {"uv": [0, 0, 1, 1], "texture": "#0"},
				"south": {"uv": [0, 0, 1, 1], "texture": "#0"},
				"west": {"uv": [0, 0, 1, 1], "texture": "#0"},
				"up": {"uv": [0, 0, 1, 1], "texture": "#0"},
				"down": {"uv": [0, 0, 1, 1], "texture": "#0"}
			}
		},
		{
			"name": "hexadecagon",
			"from": [7.20435, 7.5, 5.375],
			"to": [8.79565, 8.25, 13.375],
			"rotation": {"angle": 45, "axis": "y", "origin": [8, 8.5, 9.375]},
			"faces": {
				"north": {"uv": [0, 0, 1, 1], "texture": "#0"},
				"east": {"uv": [0, 0, 1, 1], "texture": "#0"},
				"south": {"uv": [0, 0, 1, 1], "texture": "#0"},
				"west": {"uv": [0, 0, 1, 1], "texture": "#0"},
				"up": {"uv": [0, 0, 1, 1], "texture": "#0"},
				"down": {"uv": [0, 0, 1, 1], "texture": "#0"}
			}
		},
		{
			"name": "hexadecagon",
			"from": [4, 7.5, 8.57935],
			"to": [12, 8.25, 10.17065],
			"rotation": {"angle": -22.5, "axis": "y", "origin": [8, 8.5, 9.375]},
			"faces": {
				"north": {"uv": [0, 0, 1, 1], "texture": "#0"},
				"east": {"uv": [0, 0, 1, 1], "texture": "#0"},
				"south": {"uv": [0, 0, 1, 1], "texture": "#0"},
				"west": {"uv": [0, 0, 1, 1], "texture": "#0"},
				"up": {"uv": [0, 0, 1, 1], "texture": "#0"},
				"down": {"uv": [0, 0, 1, 1], "texture": "#0"}
			}
		},
		{
			"name": "hexadecagon",
			"from": [4, 7.5, 8.57935],
			"to": [12, 8.25, 10.17065],
			"rotation": {"angle": 0, "axis": "y", "origin": [8, 8.5, 9.375]},
			"faces": {
				"north": {"uv": [0, 0, 1, 1], "texture": "#0"},
				"east": {"uv": [0, 0, 1, 1], "texture": "#0"},
				"south": {"uv": [0, 0, 1, 1], "texture": "#0"},
				"west": {"uv": [0, 0, 1, 1], "texture": "#0"},
				"up": {"uv": [0, 0, 1, 1], "texture": "#0"},
				"down": {"uv": [0, 0, 1, 1], "texture": "#0"}
			}
		},
		{
			"name": "hexadecagon",
			"from": [4, 7.5, 8.57935],
			"to": [12, 8.25, 10.17065],
			"rotation": {"angle": 22.5, "axis": "y", "origin": [8, 8.5, 9.375]},
			"faces": {
				"north": {"uv": [0, 0, 1, 1], "texture": "#0"},
				"east": {"uv": [0, 0, 1, 1], "texture": "#0"},
				"south": {"uv": [0, 0, 1, 1], "texture": "#0"},
				"west": {"uv": [0, 0, 1, 1], "texture": "#0"},
				"up": {"uv": [0, 0, 1, 1], "texture": "#0"},
				"down": {"uv": [0, 0, 1, 1], "texture": "#0"}
			}
		},
		{
			"name": "hexadecagon",
			"from": [7.00544, 6.875, 4.375],
			"to": [8.99456, 7.5, 14.375],
			"rotation": {"angle": -45, "axis": "y", "origin": [8, 7.875, 9.375]},
			"faces": {
				"north": {"uv": [0, 0, 1, 1], "texture": "#0"},
				"east": {"uv": [0, 0, 1, 1], "texture": "#0"},
				"south": {"uv": [0, 0, 1, 1], "texture": "#0"},
				"west": {"uv": [0, 0, 1, 1], "texture": "#0"},
				"up": {"uv": [0, 0, 1, 1], "texture": "#0"},
				"down": {"uv": [0, 0, 1, 1], "texture": "#0"}
			}
		},
		{
			"name": "hexadecagon",
			"from": [7.00544, 6.875, 4.375],
			"to": [8.99456, 7.5, 14.375],
			"rotation": {"angle": -22.5, "axis": "y", "origin": [8, 7.875, 9.375]},
			"faces": {
				"north": {"uv": [0, 0, 1, 1], "texture": "#0"},
				"east": {"uv": [0, 0, 1, 1], "texture": "#0"},
				"south": {"uv": [0, 0, 1, 1], "texture": "#0"},
				"west": {"uv": [0, 0, 1, 1], "texture": "#0"},
				"up": {"uv": [0, 0, 1, 1], "texture": "#0"},
				"down": {"uv": [0, 0, 1, 1], "texture": "#0"}
			}
		},
		{
			"name": "hexadecagon",
			"from": [7.00544, 6.875, 4.375],
			"to": [8.99456, 7.5, 14.375],
			"rotation": {"angle": 0, "axis": "y", "origin": [8, 7.875, 9.375]},
			"faces": {
				"north": {"uv": [0, 0, 1, 1], "texture": "#0"},
				"east": {"uv": [0, 0, 1, 1], "texture": "#0"},
				"south": {"uv": [0, 0, 1, 1], "texture": "#0"},
				"west": {"uv": [0, 0, 1, 1], "texture": "#0"},
				"up": {"uv": [0, 0, 1, 1], "texture": "#0"},
				"down": {"uv": [0, 0, 1, 1], "texture": "#0"}
			}
		},
		{
			"name": "hexadecagon",
			"from": [7.00544, 6.875, 4.375],
			"to": [8.99456, 7.5, 14.375],
			"rotation": {"angle": 22.5, "axis": "y", "origin": [8, 7.875, 9.375]},
			"faces": {
				"north": {"uv": [0, 0, 1, 1], "texture": "#0"},
				"east": {"uv": [0, 0, 1, 1], "texture": "#0"},
				"south": {"uv": [0, 0, 1, 1], "texture": "#0"},
				"west": {"uv": [0, 0, 1, 1], "texture": "#0"},
				"up": {"uv": [0, 0, 1, 1], "texture": "#0"},
				"down": {"uv": [0, 0, 1, 1], "texture": "#0"}
			}
		},
		{
			"name": "hexadecagon",
			"from": [7.00544, 6.875, 4.375],
			"to": [8.99456, 7.5, 14.375],
			"rotation": {"angle": 45, "axis": "y", "origin": [8, 7.875, 9.375]},
			"faces": {
				"north": {"uv": [0, 0, 1, 1], "texture": "#0"},
				"east": {"uv": [0, 0, 1, 1], "texture": "#0"},
				"south": {"uv": [0, 0, 1, 1], "texture": "#0"},
				"west": {"uv": [0, 0, 1, 1], "texture": "#0"},
				"up": {"uv": [0, 0, 1, 1], "texture": "#0"},
				"down": {"uv": [0, 0, 1, 1], "texture": "#0"}
			}
		},
		{
			"name": "hexadecagon",
			"from": [3, 6.875, 8.38044],
			"to": [13, 7.5, 10.36956],
			"rotation": {"angle": -22.5, "axis": "y", "origin": [8, 7.875, 9.375]},
			"faces": {
				"north": {"uv": [0, 0, 1, 1], "texture": "#0"},
				"east": {"uv": [0, 0, 1, 1], "texture": "#0"},
				"south": {"uv": [0, 0, 1, 1], "texture": "#0"},
				"west": {"uv": [0, 0, 1, 1], "texture": "#0"},
				"up": {"uv": [0, 0, 1, 1], "texture": "#0"},
				"down": {"uv": [0, 0, 1, 1], "texture": "#0"}
			}
		},
		{
			"name": "hexadecagon",
			"from": [3, 6.875, 8.38044],
			"to": [13, 7.5, 10.36956],
			"rotation": {"angle": 0, "axis": "y", "origin": [8, 7.875, 9.375]},
			"faces": {
				"north": {"uv": [0, 0, 1, 1], "texture": "#0"},
				"east": {"uv": [0, 0, 1, 1], "texture": "#0"},
				"south": {"uv": [0, 0, 1, 1], "texture": "#0"},
				"west": {"uv": [0, 0, 1, 1], "texture": "#0"},
				"up": {"uv": [0, 0, 1, 1], "texture": "#0"},
				"down": {"uv": [0, 0, 1, 1], "texture": "#0"}
			}
		},
		{
			"name": "hexadecagon",
			"from": [3, 6.875, 8.38044],
			"to": [13, 7.5, 10.36956],
			"rotation": {"angle": 22.5, "axis": "y", "origin": [8, 7.875, 9.375]},
			"faces": {
				"north": {"uv": [0, 0, 1, 1], "texture": "#0"},
				"east": {"uv": [0, 0, 1, 1], "texture": "#0"},
				"south": {"uv": [0, 0, 1, 1], "texture": "#0"},
				"west": {"uv": [0, 0, 1, 1], "texture": "#0"},
				"up": {"uv": [0, 0, 1, 1], "texture": "#0"},
				"down": {"uv": [0, 0, 1, 1], "texture": "#0"}
			}
		},
		{
			"name": "hexadecagon",
			"from": [6.70707, 3.5, 2.625],
			"to": [9.29293, 5.625, 15.625],
			"rotation": {"angle": -45, "axis": "y", "origin": [8, 4.5, 9.125]},
			"faces": {
				"north": {"uv": [0, 0, 1, 1], "texture": "#0"},
				"east": {"uv": [0, 0, 1, 1], "texture": "#0"},
				"south": {"uv": [0, 0, 1, 1], "texture": "#0"},
				"west": {"uv": [0, 0, 1, 1], "texture": "#0"},
				"up": {"uv": [0, 0, 1, 1], "texture": "#0"},
				"down": {"uv": [0, 0, 1, 1], "texture": "#0"}
			}
		},
		{
			"name": "hexadecagon",
			"from": [6.70707, 3.5, 2.625],
			"to": [9.29293, 5.625, 15.625],
			"rotation": {"angle": -22.5, "axis": "y", "origin": [8, 4.5, 9.125]},
			"faces": {
				"north": {"uv": [0, 0, 1, 1], "texture": "#0"},
				"east": {"uv": [0, 0, 1, 1], "texture": "#0"},
				"south": {"uv": [0, 0, 1, 1], "texture": "#0"},
				"west": {"uv": [0, 0, 1, 1], "texture": "#0"},
				"up": {"uv": [0, 0, 1, 1], "texture": "#0"},
				"down": {"uv": [0, 0, 1, 1], "texture": "#0"}
			}
		},
		{
			"name": "hexadecagon",
			"from": [6.70707, 3.5, 2.625],
			"to": [9.29293, 5.625, 15.625],
			"rotation": {"angle": 0, "axis": "y", "origin": [8, 4.5, 9.125]},
			"faces": {
				"north": {"uv": [0, 0, 1, 1], "texture": "#0"},
				"east": {"uv": [0, 0, 1, 1], "texture": "#0"},
				"south": {"uv": [0, 0, 1, 1], "texture": "#0"},
				"west": {"uv": [0, 0, 1, 1], "texture": "#0"},
				"up": {"uv": [0, 0, 1, 1], "texture": "#0"},
				"down": {"uv": [0, 0, 1, 1], "texture": "#0"}
			}
		},
		{
			"name": "hexadecagon",
			"from": [6.70707, 3.5, 2.625],
			"to": [9.29293, 5.625, 15.625],
			"rotation": {"angle": 22.5, "axis": "y", "origin": [8, 4.5, 9.125]},
			"faces": {
				"north": {"uv": [0, 0, 1, 1], "texture": "#0"},
				"east": {"uv": [0, 0, 1, 1], "texture": "#0"},
				"south": {"uv": [0, 0, 1, 1], "texture": "#0"},
				"west": {"uv": [0, 0, 1, 1], "texture": "#0"},
				"up": {"uv": [0, 0, 1, 1], "texture": "#0"},
				"down": {"uv": [0, 0, 1, 1], "texture": "#0"}
			}
		},
		{
			"name": "hexadecagon",
			"from": [6.70707, 3.5, 2.625],
			"to": [9.29293, 5.625, 15.625],
			"rotation": {"angle": 45, "axis": "y", "origin": [8, 4.5, 9.125]},
			"faces": {
				"north": {"uv": [0, 0, 1, 1], "texture": "#0"},
				"east": {"uv": [0, 0, 1, 1], "texture": "#0"},
				"south": {"uv": [0, 0, 1, 1], "texture": "#0"},
				"west": {"uv": [0, 0, 1, 1], "texture": "#0"},
				"up": {"uv": [0, 0, 1, 1], "texture": "#0"},
				"down": {"uv": [0, 0, 1, 1], "texture": "#0"}
			}
		},
		{
			"name": "hexadecagon",
			"from": [1.5, 3.5, 7.83207],
			"to": [14.5, 5.625, 10.41793],
			"rotation": {"angle": -22.5, "axis": "y", "origin": [8, 4.5, 9.125]},
			"faces": {
				"north": {"uv": [0, 0, 1, 1], "texture": "#0"},
				"east": {"uv": [0, 0, 1, 1], "texture": "#0"},
				"south": {"uv": [0, 0, 1, 1], "texture": "#0"},
				"west": {"uv": [0, 0, 1, 1], "texture": "#0"},
				"up": {"uv": [0, 0, 1, 1], "texture": "#0"},
				"down": {"uv": [0, 0, 1, 1], "texture": "#0"}
			}
		},
		{
			"name": "hexadecagon",
			"from": [1.5, 3.5, 7.83207],
			"to": [14.5, 5.625, 10.41793],
			"rotation": {"angle": 0, "axis": "y", "origin": [8, 4.5, 9.125]},
			"faces": {
				"north": {"uv": [0, 0, 1, 1], "texture": "#0"},
				"east": {"uv": [0, 0, 1, 1], "texture": "#0"},
				"south": {"uv": [0, 0, 1, 1], "texture": "#0"},
				"west": {"uv": [0, 0, 1, 1], "texture": "#0"},
				"up": {"uv": [0, 0, 1, 1], "texture": "#0"},
				"down": {"uv": [0, 0, 1, 1], "texture": "#0"}
			}
		},
		{
			"name": "hexadecagon",
			"from": [1.5, 3.5, 7.83207],
			"to": [14.5, 5.625, 10.41793],
			"rotation": {"angle": 22.5, "axis": "y", "origin": [8, 4.5, 9.125]},
			"faces": {
				"north": {"uv": [0, 0, 1, 1], "texture": "#0"},
				"east": {"uv": [0, 0, 1, 1], "texture": "#0"},
				"south": {"uv": [0, 0, 1, 1], "texture": "#0"},
				"west": {"uv": [0, 0, 1, 1], "texture": "#0"},
				"up": {"uv": [0, 0, 1, 1], "texture": "#0"},
				"down": {"uv": [0, 0, 1, 1], "texture": "#0"}
			}
		},
		{
			"name": "hexadecagon",
			"from": [6.80653, 5.625, 3.28125],
			"to": [9.19347, 6.875, 15.28125],
			"rotation": {"angle": -45, "axis": "y", "origin": [8, 6.625, 9.28125]},
			"faces": {
				"north": {"uv": [0, 0, 1, 1], "texture": "#0"},
				"east": {"uv": [0, 0, 1, 1], "texture": "#0"},
				"south": {"uv": [0, 0, 1, 1], "texture": "#0"},
				"west": {"uv": [0, 0, 1, 1], "texture": "#0"},
				"up": {"uv": [0, 0, 1, 1], "texture": "#0"},
				"down": {"uv": [0, 0, 1, 1], "texture": "#0"}
			}
		},
		{
			"name": "hexadecagon",
			"from": [6.80653, 5.625, 3.28125],
			"to": [9.19347, 6.875, 15.28125],
			"rotation": {"angle": -22.5, "axis": "y", "origin": [8, 6.625, 9.28125]},
			"faces": {
				"north": {"uv": [0, 0, 1, 1], "texture": "#0"},
				"east": {"uv": [0, 0, 1, 1], "texture": "#0"},
				"south": {"uv": [0, 0, 1, 1], "texture": "#0"},
				"west": {"uv": [0, 0, 1, 1], "texture": "#0"},
				"up": {"uv": [0, 0, 1, 1], "texture": "#0"},
				"down": {"uv": [0, 0, 1, 1], "texture": "#0"}
			}
		},
		{
			"name": "hexadecagon",
			"from": [6.80653, 5.625, 3.28125],
			"to": [9.19347, 6.875, 15.28125],
			"rotation": {"angle": 0, "axis": "y", "origin": [8, 6.625, 9.28125]},
			"faces": {
				"north": {"uv": [0, 0, 1, 1], "texture": "#0"},
				"east": {"uv": [0, 0, 1, 1], "texture": "#0"},
				"south": {"uv": [0, 0, 1, 1], "texture": "#0"},
				"west": {"uv": [0, 0, 1, 1], "texture": "#0"},
				"up": {"uv": [0, 0, 1, 1], "texture": "#0"},
				"down": {"uv": [0, 0, 1, 1], "texture": "#0"}
			}
		},
		{
			"name": "hexadecagon",
			"from": [6.80653, 5.625, 3.28125],
			"to": [9.19347, 6.875, 15.28125],
			"rotation": {"angle": 22.5, "axis": "y", "origin": [8, 6.625, 9.28125]},
			"faces": {
				"north": {"uv": [0, 0, 1, 1], "texture": "#0"},
				"east": {"uv": [0, 0, 1, 1], "texture": "#0"},
				"south": {"uv": [0, 0, 1, 1], "texture": "#0"},
				"west": {"uv": [0, 0, 1, 1], "texture": "#0"},
				"up": {"uv": [0, 0, 1, 1], "texture": "#0"},
				"down": {"uv": [0, 0, 1, 1], "texture": "#0"}
			}
		},
		{
			"name": "hexadecagon",
			"from": [6.80653, 5.625, 3.28125],
			"to": [9.19347, 6.875, 15.28125],
			"rotation": {"angle": 45, "axis": "y", "origin": [8, 6.625, 9.28125]},
			"faces": {
				"north": {"uv": [0, 0, 1, 1], "texture": "#0"},
				"east": {"uv": [0, 0, 1, 1], "texture": "#0"},
				"south": {"uv": [0, 0, 1, 1], "texture": "#0"},
				"west": {"uv": [0, 0, 1, 1], "texture": "#0"},
				"up": {"uv": [0, 0, 1, 1], "texture": "#0"},
				"down": {"uv": [0, 0, 1, 1], "texture": "#0"}
			}
		},
		{
			"name": "hexadecagon",
			"from": [2, 5.625, 8.08778],
			"to": [14, 6.875, 10.47472],
			"rotation": {"angle": -22.5, "axis": "y", "origin": [8, 6.625, 9.28125]},
			"faces": {
				"north": {"uv": [0, 0, 1, 1], "texture": "#0"},
				"east": {"uv": [0, 0, 1, 1], "texture": "#0"},
				"south": {"uv": [0, 0, 1, 1], "texture": "#0"},
				"west": {"uv": [0, 0, 1, 1], "texture": "#0"},
				"up": {"uv": [0, 0, 1, 1], "texture": "#0"},
				"down": {"uv": [0, 0, 1, 1], "texture": "#0"}
			}
		},
		{
			"name": "hexadecagon",
			"from": [2, 5.625, 8.08778],
			"to": [14, 6.875, 10.47472],
			"rotation": {"angle": 0, "axis": "y", "origin": [8, 6.625, 9.28125]},
			"faces": {
				"north": {"uv": [0, 0, 1, 1], "texture": "#0"},
				"east": {"uv": [0, 0, 1, 1], "texture": "#0"},
				"south": {"uv": [0, 0, 1, 1], "texture": "#0"},
				"west": {"uv": [0, 0, 1, 1], "texture": "#0"},
				"up": {"uv": [0, 0, 1, 1], "texture": "#0"},
				"down": {"uv": [0, 0, 1, 1], "texture": "#0"}
			}
		},
		{
			"name": "hexadecagon",
			"from": [2, 5.625, 8.08778],
			"to": [14, 6.875, 10.47472],
			"rotation": {"angle": 22.5, "axis": "y", "origin": [8, 6.625, 9.28125]},
			"faces": {
				"north": {"uv": [0, 0, 1, 1], "texture": "#0"},
				"east": {"uv": [0, 0, 1, 1], "texture": "#0"},
				"south": {"uv": [0, 0, 1, 1], "texture": "#0"},
				"west": {"uv": [0, 0, 1, 1], "texture": "#0"},
				"up": {"uv": [0, 0, 1, 1], "texture": "#0"},
				"down": {"uv": [0, 0, 1, 1], "texture": "#0"}
			}
		},
		{
			"name": "hexadecagon",
			"from": [6.4087, 0, 0],
			"to": [9.5913, 0.5, 16],
			"rotation": {"angle": -45, "axis": "y", "origin": [8, 0, 8]},
			"faces": {
				"north": {"uv": [0, 0, 1, 1], "texture": "#0"},
				"east": {"uv": [0, 0, 1, 1], "texture": "#0"},
				"south": {"uv": [0, 0, 1, 1], "texture": "#0"},
				"west": {"uv": [0, 0, 1, 1], "texture": "#0"},
				"up": {"uv": [0, 0, 1, 1], "texture": "#0"},
				"down": {"uv": [0, 0, 1, 1], "texture": "#0"}
			}
		},
		{
			"name": "hexadecagon",
			"from": [6.4087, 0, 0],
			"to": [9.5913, 0.5, 16],
			"rotation": {"angle": -22.5, "axis": "y", "origin": [8, 0, 8]},
			"faces": {
				"north": {"uv": [0, 0, 1, 1], "texture": "#0"},
				"east": {"uv": [0, 0, 1, 1], "texture": "#0"},
				"south": {"uv": [0, 0, 1, 1], "texture": "#0"},
				"west": {"uv": [0, 0, 1, 1], "texture": "#0"},
				"up": {"uv": [0, 0, 1, 1], "texture": "#0"},
				"down": {"uv": [0, 0, 1, 1], "texture": "#0"}
			}
		},
		{
			"name": "hexadecagon",
			"from": [6.4087, 0, 0],
			"to": [9.5913, 0.5, 16],
			"rotation": {"angle": 0, "axis": "y", "origin": [8, 0, 8]},
			"faces": {
				"north": {"uv": [0, 0, 1, 1], "texture": "#0"},
				"east": {"uv": [0, 0, 1, 1], "texture": "#0"},
				"south": {"uv": [0, 0, 1, 1], "texture": "#0"},
				"west": {"uv": [0, 0, 1, 1], "texture": "#0"},
				"up": {"uv": [0, 0, 1, 1], "texture": "#0"},
				"down": {"uv": [0, 0, 1, 1], "texture": "#0"}
			}
		},
		{
			"name": "hexadecagon",
			"from": [6.4087, 0, 0],
			"to": [9.5913, 0.5, 16],
			"rotation": {"angle": 22.5, "axis": "y", "origin": [8, 0, 8]},
			"faces": {
				"north": {"uv": [0, 0, 1, 1], "texture": "#0"},
				"east": {"uv": [0, 0, 1, 1], "texture": "#0"},
				"south": {"uv": [0, 0, 1, 1], "texture": "#0"},
				"west": {"uv": [0, 0, 1, 1], "texture": "#0"},
				"up": {"uv": [0, 0, 1, 1], "texture": "#0"},
				"down": {"uv": [0, 0, 1, 1], "texture": "#0"}
			}
		},
		{
			"name": "hexadecagon",
			"from": [6.4087, 0, 0],
			"to": [9.5913, 0.5, 16],
			"rotation": {"angle": 45, "axis": "y", "origin": [8, 0, 8]},
			"faces": {
				"north": {"uv": [0, 0, 1, 1], "texture": "#0"},
				"east": {"uv": [0, 0, 1, 1], "texture": "#0"},
				"south": {"uv": [0, 0, 1, 1], "texture": "#0"},
				"west": {"uv": [0, 0, 1, 1], "texture": "#0"},
				"up": {"uv": [0, 0, 1, 1], "texture": "#0"},
				"down": {"uv": [0, 0, 1, 1], "texture": "#0"}
			}
		},
		{
			"name": "hexadecagon",
			"from": [0, 0, 6.4087],
			"to": [16, 0.5, 9.5913],
			"rotation": {"angle": -22.5, "axis": "y", "origin": [8, 0, 8]},
			"faces": {
				"north": {"uv": [0, 0, 1, 1], "texture": "#0"},
				"east": {"uv": [0, 0, 1, 1], "texture": "#0"},
				"south": {"uv": [0, 0, 1, 1], "texture": "#0"},
				"west": {"uv": [0, 0, 1, 1], "texture": "#0"},
				"up": {"uv": [0, 0, 1, 1], "texture": "#0"},
				"down": {"uv": [0, 0, 1, 1], "texture": "#0"}
			}
		},
		{
			"name": "hexadecagon",
			"from": [0, 0, 6.4087],
			"to": [16, 0.5, 9.5913],
			"rotation": {"angle": 0, "axis": "y", "origin": [8, 0, 8]},
			"faces": {
				"north": {"uv": [0, 0, 1, 1], "texture": "#0"},
				"east": {"uv": [0, 0, 1, 1], "texture": "#0"},
				"south": {"uv": [0, 0, 1, 1], "texture": "#0"},
				"west": {"uv": [0, 0, 1, 1], "texture": "#0"},
				"up": {"uv": [0, 0, 1, 1], "texture": "#0"},
				"down": {"uv": [0, 0, 1, 1], "texture": "#0"}
			}
		},
		{
			"name": "hexadecagon",
			"from": [0, 0, 6.4087],
			"to": [16, 0.5, 9.5913],
			"rotation": {"angle": 22.5, "axis": "y", "origin": [8, 0, 8]},
			"faces": {
				"north": {"uv": [0, 0, 1, 1], "texture": "#0"},
				"east": {"uv": [0, 0, 1, 1], "texture": "#0"},
				"south": {"uv": [0, 0, 1, 1], "texture": "#0"},
				"west": {"uv": [0, 0, 1, 1], "texture": "#0"},
				"up": {"uv": [0, 0, 1, 1], "texture": "#0"},
				"down": {"uv": [0, 0, 1, 1], "texture": "#0"}
			}
		},
		{
			"name": "hexadecagon",
			"from": [6.60761, 0.40625, 2.03125],
			"to": [9.39239, 3.5625, 16.03125],
			"rotation": {"angle": -45, "axis": "y", "origin": [8, 2.40625, 9.03125]},
			"faces": {
				"north": {"uv": [0, 0, 1, 1], "texture": "#0"},
				"east": {"uv": [0, 0, 1, 1], "texture": "#0"},
				"south": {"uv": [0, 0, 1, 1], "texture": "#0"},
				"west": {"uv": [0, 0, 1, 1], "texture": "#0"},
				"up": {"uv": [0, 0, 1, 1], "texture": "#0"},
				"down": {"uv": [0, 0, 1, 1], "texture": "#0"}
			}
		},
		{
			"name": "hexadecagon",
			"from": [6.60761, 0.40625, 2.03125],
			"to": [9.39239, 3.5625, 16.03125],
			"rotation": {"angle": -22.5, "axis": "y", "origin": [8, 2.40625, 9.03125]},
			"faces": {
				"north": {"uv": [0, 0, 1, 1], "texture": "#0"},
				"east": {"uv": [0, 0, 1, 1], "texture": "#0"},
				"south": {"uv": [0, 0, 1, 1], "texture": "#0"},
				"west": {"uv": [0, 0, 1, 1], "texture": "#0"},
				"up": {"uv": [0, 0, 1, 1], "texture": "#0"},
				"down": {"uv": [0, 0, 1, 1], "texture": "#0"}
			}
		},
		{
			"name": "hexadecagon",
			"from": [6.60761, 0.40625, 2.03125],
			"to": [9.39239, 3.5625, 16.03125],
			"rotation": {"angle": 0, "axis": "y", "origin": [8, 2.40625, 9.03125]},
			"faces": {
				"north": {"uv": [1.5, 5.563, 5.5, 10.313], "texture": "#1"},
				"east": {"uv": [0, 0, 1, 1], "texture": "#0"},
				"south": {"uv": [0, 0, 1, 1], "texture": "#0"},
				"west": {"uv": [0, 0, 1, 1], "texture": "#0"},
				"up": {"uv": [0, 0, 1, 1], "texture": "#0"},
				"down": {"uv": [0, 0, 1, 1], "texture": "#0"}
			}
		},
		{
			"name": "hexadecagon",
			"from": [6.60761, 0.40625, 2.03125],
			"to": [9.39239, 3.5625, 16.03125],
			"rotation": {"angle": 22.5, "axis": "y", "origin": [8, 2.40625, 9.03125]},
			"faces": {
				"north": {"uv": [0, 0, 1, 1], "texture": "#0"},
				"east": {"uv": [0, 0, 1, 1], "texture": "#0"},
				"south": {"uv": [0, 0, 1, 1], "texture": "#0"},
				"west": {"uv": [0, 0, 1, 1], "texture": "#0"},
				"up": {"uv": [0, 0, 1, 1], "texture": "#0"},
				"down": {"uv": [0, 0, 1, 1], "texture": "#0"}
			}
		},
		{
			"name": "hexadecagon",
			"from": [6.60761, 0.40625, 2.03125],
			"to": [9.39239, 3.5625, 16.03125],
			"rotation": {"angle": 45, "axis": "y", "origin": [8, 2.40625, 9.03125]},
			"faces": {
				"north": {"uv": [0, 0, 1, 1], "texture": "#0"},
				"east": {"uv": [0, 0, 1, 1], "texture": "#0"},
				"south": {"uv": [0, 0, 1, 1], "texture": "#0"},
				"west": {"uv": [0, 0, 1, 1], "texture": "#0"},
				"up": {"uv": [0, 0, 1, 1], "texture": "#0"},
				"down": {"uv": [0, 0, 1, 1], "texture": "#0"}
			}
		},
		{
			"name": "hexadecagon",
			"from": [1, 0.40625, 7.63886],
			"to": [15, 3.5625, 10.42364],
			"rotation": {"angle": -22.5, "axis": "y", "origin": [8, 2.40625, 9.03125]},
			"faces": {
				"north": {"uv": [0, 0, 1, 1], "texture": "#0"},
				"east": {"uv": [8.563, 0, 16, 9.625], "texture": "#1"},
				"south": {"uv": [0, 0, 1, 1], "texture": "#0"},
				"west": {"uv": [8.563, 0, 16, 9.625], "texture": "#1"},
				"up": {"uv": [0, 0, 1, 1], "texture": "#0"},
				"down": {"uv": [0, 0, 1, 1], "texture": "#0"}
			}
		},
		{
			"name": "hexadecagon",
			"from": [1, 0.40625, 7.63886],
			"to": [15, 3.5625, 10.42364],
			"rotation": {"angle": 0, "axis": "y", "origin": [8, 2.40625, 9.03125]},
			"faces": {
				"north": {"uv": [0, 0, 1, 1], "texture": "#0"},
				"east": {"uv": [0, 5.063, 7.063, 14.438], "texture": "#1"},
				"south": {"uv": [0, 0, 1, 1], "texture": "#0"},
				"west": {"uv": [0, 5.063, 7.063, 14.438], "texture": "#1"},
				"up": {"uv": [0, 0, 1, 1], "texture": "#0"},
				"down": {"uv": [0, 0, 1, 1], "texture": "#0"}
			}
		},
		{
			"name": "hexadecagon",
			"from": [1, 0.40625, 7.63886],
			"to": [15, 3.5625, 10.42364],
			"rotation": {"angle": 22.5, "axis": "y", "origin": [8, 2.40625, 9.03125]},
			"faces": {
				"north": {"uv": [0, 0, 1, 1], "texture": "#0"},
				"east": {"uv": [5.625, 5.438, 12.625, 14.685], "texture": "#2"},
				"south": {"uv": [0, 0, 1, 1], "texture": "#0"},
				"west": {"uv": [5.625, 5.438, 12.625, 14.685], "texture": "#2"},
				"up": {"uv": [0, 0, 1, 1], "texture": "#0"},
				"down": {"uv": [0, 0, 1, 1], "texture": "#0"}
			}
		},
		{
			"name": "hexadecagon",
			"from": [7.7265, 0.625, 0],
			"to": [8.2735, 0.955, 1.25],
			"rotation": {"angle": -45, "axis": "z", "origin": [8, 2, 2.5]},
			"faces": {
				"north": {"uv": [7, 1, 8, 2], "texture": "#5"},
				"east": {"uv": [6, 0, 13, 16], "texture": "#5"},
				"south": {"uv": [6, 0, 13, 16], "texture": "#5"},
				"west": {"uv": [6, 0, 13, 16], "rotation": 270, "texture": "#5"},
				"up": {"uv": [6, 0, 13, 16], "texture": "#5"},
				"down": {"uv": [6, 0, 13, 16], "texture": "#5"}
			}
		},
		{
			"name": "hexadecagon",
			"from": [7.7265, 0.625, 0],
			"to": [8.2735, 0.955, 1.25],
			"rotation": {"angle": -22.5, "axis": "z", "origin": [8, 2, 2.5]},
			"faces": {
				"north": {"uv": [7, 1, 8, 2], "texture": "#5"},
				"east": {"uv": [6, 0, 13, 16], "texture": "#5"},
				"south": {"uv": [6, 0, 13, 16], "texture": "#5"},
				"west": {"uv": [6, 0, 13, 16], "rotation": 270, "texture": "#5"},
				"up": {"uv": [6, 0, 13, 16], "texture": "#5"},
				"down": {"uv": [6, 0, 13, 16], "texture": "#5"}
			}
		},
		{
			"name": "hexadecagon",
			"from": [7.7265, 0.625, 0],
			"to": [8.2735, 0.955, 1.25],
			"rotation": {"angle": 0, "axis": "z", "origin": [8, 2, 2.5]},
			"faces": {
				"north": {"uv": [7, 1, 8, 2], "texture": "#5"},
				"east": {"uv": [6, 0, 13, 16], "texture": "#5"},
				"south": {"uv": [6, 0, 13, 16], "texture": "#5"},
				"west": {"uv": [6, 0, 13, 16], "rotation": 270, "texture": "#5"},
				"up": {"uv": [6, 0, 13, 16], "texture": "#5"},
				"down": {"uv": [6, 0, 13, 16], "texture": "#5"}
			}
		},
		{
			"name": "hexadecagon",
			"from": [7.7265, 0.625, 0],
			"to": [8.2735, 0.955, 1.25],
			"rotation": {"angle": 22.5, "axis": "z", "origin": [8, 2, 2.5]},
			"faces": {
				"north": {"uv": [7, 1, 8, 2], "texture": "#5"},
				"east": {"uv": [6, 0, 13, 16], "texture": "#5"},
				"south": {"uv": [6, 0, 13, 16], "texture": "#5"},
				"west": {"uv": [6, 0, 13, 16], "rotation": 270, "texture": "#5"},
				"up": {"uv": [6, 0, 13, 16], "texture": "#5"},
				"down": {"uv": [6, 0, 13, 16], "texture": "#5"}
			}
		},
		{
			"name": "hexadecagon",
			"from": [7.7265, 0.625, 0],
			"to": [8.2735, 0.955, 1.25],
			"rotation": {"angle": 45, "axis": "z", "origin": [8, 2, 2.5]},
			"faces": {
				"north": {"uv": [7, 1, 8, 2], "texture": "#5"},
				"east": {"uv": [6, 0, 13, 16], "texture": "#5"},
				"south": {"uv": [6, 0, 13, 16], "texture": "#5"},
				"west": {"uv": [6, 0, 13, 16], "rotation": 270, "texture": "#5"},
				"up": {"uv": [6, 0, 13, 16], "texture": "#5"},
				"down": {"uv": [6, 0, 13, 16], "texture": "#5"}
			}
		},
		{
			"name": "hexadecagon",
			"from": [7.7265, 3.045, 0],
			"to": [8.2735, 3.375, 1.25],
			"rotation": {"angle": -45, "axis": "z", "origin": [8, 2, 2.5]},
			"faces": {
				"north": {"uv": [7, 1, 8, 2], "texture": "#5"},
				"east": {"uv": [6, 0, 13, 16], "texture": "#5"},
				"south": {"uv": [6, 0, 13, 16], "texture": "#5"},
				"west": {"uv": [6, 0, 13, 16], "rotation": 270, "texture": "#5"},
				"up": {"uv": [6, 0, 13, 16], "texture": "#5"},
				"down": {"uv": [6, 0, 13, 16], "texture": "#5"}
			}
		},
		{
			"name": "hexadecagon",
			"from": [7.7265, 3.045, 0],
			"to": [8.2735, 3.375, 1.25],
			"rotation": {"angle": -22.5, "axis": "z", "origin": [8, 2, 2.5]},
			"faces": {
				"north": {"uv": [7, 1, 8, 2], "texture": "#5"},
				"east": {"uv": [6, 0, 13, 16], "texture": "#5"},
				"south": {"uv": [6, 0, 13, 16], "texture": "#5"},
				"west": {"uv": [6, 0, 13, 16], "rotation": 270, "texture": "#5"},
				"up": {"uv": [6, 0, 13, 16], "texture": "#5"},
				"down": {"uv": [6, 0, 13, 16], "texture": "#5"}
			}
		},
		{
			"name": "hexadecagon",
			"from": [7.7265, 3.045, 0],
			"to": [8.2735, 3.375, 1.25],
			"rotation": {"angle": 0, "axis": "z", "origin": [8, 2, 2.5]},
			"faces": {
				"north": {"uv": [7, 1, 8, 2], "texture": "#5"},
				"east": {"uv": [6, 0, 13, 16], "texture": "#5"},
				"south": {"uv": [6, 0, 13, 16], "texture": "#5"},
				"west": {"uv": [6, 0, 13, 16], "rotation": 270, "texture": "#5"},
				"up": {"uv": [6, 0, 13, 16], "texture": "#5"},
				"down": {"uv": [6, 0, 13, 16], "texture": "#5"}
			}
		},
		{
			"name": "hexadecagon",
			"from": [7.7265, 3.045, 0],
			"to": [8.2735, 3.375, 1.25],
			"rotation": {"angle": 22.5, "axis": "z", "origin": [8, 2, 2.5]},
			"faces": {
				"north": {"uv": [7, 1, 8, 2], "texture": "#5"},
				"east": {"uv": [6, 0, 13, 16], "texture": "#5"},
				"south": {"uv": [6, 0, 13, 16], "texture": "#5"},
				"west": {"uv": [6, 0, 13, 16], "rotation": 270, "texture": "#5"},
				"up": {"uv": [6, 0, 13, 16], "texture": "#5"},
				"down": {"uv": [6, 0, 13, 16], "texture": "#5"}
			}
		},
		{
			"name": "hexadecagon",
			"from": [7.7265, 3.045, 0],
			"to": [8.2735, 3.375, 1.25],
			"rotation": {"angle": 45, "axis": "z", "origin": [8, 2, 2.5]},
			"faces": {
				"north": {"uv": [7, 1, 8, 2], "texture": "#5"},
				"east": {"uv": [6, 0, 13, 16], "texture": "#5"},
				"south": {"uv": [6, 0, 13, 16], "texture": "#5"},
				"west": {"uv": [6, 0, 13, 16], "rotation": 270, "texture": "#5"},
				"up": {"uv": [6, 0, 13, 16], "texture": "#5"},
				"down": {"uv": [6, 0, 13, 16], "texture": "#5"}
			}
		},
		{
			"name": "hexadecagon",
			"from": [6.625, 1.7265, 0],
			"to": [6.955, 2.2735, 1.25],
			"rotation": {"angle": -22.5, "axis": "z", "origin": [8, 2, 2.5]},
			"faces": {
				"north": {"uv": [7, 1, 8, 2], "texture": "#5"},
				"east": {"uv": [6, 0, 13, 16], "texture": "#5"},
				"south": {"uv": [6, 0, 13, 16], "texture": "#5"},
				"west": {"uv": [6, 0, 13, 16], "rotation": 270, "texture": "#5"},
				"up": {"uv": [6, 0, 13, 16], "texture": "#5"},
				"down": {"uv": [6, 0, 13, 16], "texture": "#5"}
			}
		},
		{
			"name": "hexadecagon",
			"from": [6.625, 1.7265, 0],
			"to": [6.955, 2.2735, 1.25],
			"rotation": {"angle": 0, "axis": "z", "origin": [8, 2, 2.5]},
			"faces": {
				"north": {"uv": [7, 1, 8, 2], "texture": "#5"},
				"east": {"uv": [6, 0, 13, 16], "texture": "#5"},
				"south": {"uv": [6, 0, 13, 16], "texture": "#5"},
				"west": {"uv": [6, 0, 13, 16], "rotation": 270, "texture": "#5"},
				"up": {"uv": [6, 0, 13, 16], "texture": "#5"},
				"down": {"uv": [6, 0, 13, 16], "texture": "#5"}
			}
		},
		{
			"name": "hexadecagon",
			"from": [6.625, 1.7265, 0],
			"to": [6.955, 2.2735, 1.25],
			"rotation": {"angle": 22.5, "axis": "z", "origin": [8, 2, 2.5]},
			"faces": {
				"north": {"uv": [7, 1, 8, 2], "texture": "#5"},
				"east": {"uv": [6, 0, 13, 16], "texture": "#5"},
				"south": {"uv": [6, 0, 13, 16], "texture": "#5"},
				"west": {"uv": [6, 0, 13, 16], "rotation": 270, "texture": "#5"},
				"up": {"uv": [6, 0, 13, 16], "texture": "#5"},
				"down": {"uv": [6, 0, 13, 16], "texture": "#5"}
			}
		},
		{
			"name": "hexadecagon",
			"from": [9.045, 1.7265, 0],
			"to": [9.375, 2.2735, 1.25],
			"rotation": {"angle": -22.5, "axis": "z", "origin": [8, 2, 2.5]},
			"faces": {
				"north": {"uv": [7, 1, 8, 2], "texture": "#5"},
				"east": {"uv": [6, 0, 13, 16], "texture": "#5"},
				"south": {"uv": [6, 0, 13, 16], "texture": "#5"},
				"west": {"uv": [6, 0, 13, 16], "rotation": 270, "texture": "#5"},
				"up": {"uv": [6, 0, 13, 16], "texture": "#5"},
				"down": {"uv": [6, 0, 13, 16], "texture": "#5"}
			}
		},
		{
			"name": "hexadecagon",
			"from": [9.045, 1.7265, 0],
			"to": [9.375, 2.2735, 1.25],
			"rotation": {"angle": 0, "axis": "z", "origin": [8, 2, 2.5]},
			"faces": {
				"north": {"uv": [7, 1, 8, 2], "texture": "#5"},
				"east": {"uv": [6, 0, 13, 16], "texture": "#5"},
				"south": {"uv": [6, 0, 13, 16], "texture": "#5"},
				"west": {"uv": [6, 0, 13, 16], "rotation": 270, "texture": "#5"},
				"up": {"uv": [6, 0, 13, 16], "texture": "#5"},
				"down": {"uv": [6, 0, 13, 16], "texture": "#5"}
			}
		},
		{
			"name": "hexadecagon",
			"from": [9.045, 1.7265, 0],
			"to": [9.375, 2.2735, 1.25],
			"rotation": {"angle": 22.5, "axis": "z", "origin": [8, 2, 2.5]},
			"faces": {
				"north": {"uv": [7, 1, 8, 2], "texture": "#5"},
				"east": {"uv": [6, 0, 13, 16], "texture": "#5"},
				"south": {"uv": [6, 0, 13, 16], "texture": "#5"},
				"west": {"uv": [6, 0, 13, 16], "rotation": 270, "texture": "#5"},
				"up": {"uv": [6, 0, 13, 16], "texture": "#5"},
				"down": {"uv": [6, 0, 13, 16], "texture": "#5"}
			}
		},
		{
			"name": "hexadecagon",
			"from": [7.75136, 0.75, 0.25],
			"to": [8.24864, 3.25, 1.25],
			"rotation": {"angle": -45, "axis": "z", "origin": [8, 2, 0.75]},
			"faces": {
				"north": {"uv": [3, 0, 13, 16], "texture": "#7"},
				"east": {"uv": [0, 0, 1, 1], "texture": "#7"},
				"south": {"uv": [0, 0, 1, 1], "texture": "#7"},
				"west": {"uv": [0, 0, 1, 1], "texture": "#7"},
				"up": {"uv": [0, 0, 1, 1], "texture": "#7"},
				"down": {"uv": [0, 0, 1, 1], "texture": "#7"}
			}
		},
		{
			"name": "hexadecagon",
			"from": [7.75136, 0.75, 0.25],
			"to": [8.24864, 3.25, 1.25],
			"rotation": {"angle": -22.5, "axis": "z", "origin": [8, 2, 0.75]},
			"faces": {
				"north": {"uv": [3, 0, 13, 16], "texture": "#7"},
				"east": {"uv": [0, 0, 1, 1], "texture": "#7"},
				"south": {"uv": [0, 0, 1, 1], "texture": "#7"},
				"west": {"uv": [0, 0, 1, 1], "texture": "#7"},
				"up": {"uv": [0, 0, 1, 1], "texture": "#7"},
				"down": {"uv": [0, 0, 1, 1], "texture": "#7"}
			}
		},
		{
			"name": "hexadecagon",
			"from": [7.75136, 0.75, 0.25],
			"to": [8.24864, 3.25, 1.25],
			"rotation": {"angle": 0, "axis": "z", "origin": [8, 2, 0.75]},
			"faces": {
				"north": {"uv": [3, 0, 13, 16], "texture": "#7"},
				"east": {"uv": [0, 0, 1, 1], "texture": "#7"},
				"south": {"uv": [0, 0, 1, 1], "texture": "#7"},
				"west": {"uv": [0, 0, 1, 1], "texture": "#7"},
				"up": {"uv": [0, 0, 1, 1], "texture": "#7"},
				"down": {"uv": [0, 0, 1, 1], "texture": "#7"}
			}
		},
		{
			"name": "hexadecagon",
			"from": [7.75136, 0.75, 0.25],
			"to": [8.24864, 3.25, 1.25],
			"rotation": {"angle": 22.5, "axis": "z", "origin": [8, 2, 0.75]},
			"faces": {
				"north": {"uv": [3, 0, 13, 16], "texture": "#7"},
				"east": {"uv": [0, 0, 1, 1], "texture": "#7"},
				"south": {"uv": [0, 0, 1, 1], "texture": "#7"},
				"west": {"uv": [0, 0, 1, 1], "texture": "#7"},
				"up": {"uv": [0, 0, 1, 1], "texture": "#7"},
				"down": {"uv": [0, 0, 1, 1], "texture": "#7"}
			}
		},
		{
			"name": "hexadecagon",
			"from": [7.75136, 0.75, 0.25],
			"to": [8.24864, 3.25, 1.25],
			"rotation": {"angle": 45, "axis": "z", "origin": [8, 2, 0.75]},
			"faces": {
				"north": {"uv": [3, 0, 13, 16], "texture": "#7"},
				"east": {"uv": [0, 0, 1, 1], "texture": "#7"},
				"south": {"uv": [0, 0, 1, 1], "texture": "#7"},
				"west": {"uv": [0, 0, 1, 1], "texture": "#7"},
				"up": {"uv": [0, 0, 1, 1], "texture": "#7"},
				"down": {"uv": [0, 0, 1, 1], "texture": "#7"}
			}
		},
		{
			"name": "hexadecagon",
			"from": [6.75, 1.75136, 0.25],
			"to": [9.25, 2.24864, 1.25],
			"rotation": {"angle": -22.5, "axis": "z", "origin": [8, 2, 0.75]},
			"faces": {
				"north": {"uv": [3, 0, 13, 16], "rotation": 90, "texture": "#7"},
				"east": {"uv": [0, 0, 1, 1], "texture": "#7"},
				"south": {"uv": [0, 0, 1, 1], "texture": "#7"},
				"west": {"uv": [0, 0, 1, 1], "texture": "#7"},
				"up": {"uv": [0, 0, 1, 1], "texture": "#7"},
				"down": {"uv": [0, 0, 1, 1], "texture": "#7"}
			}
		},
		{
			"name": "hexadecagon",
			"from": [6.75, 1.75136, 0.25],
			"to": [9.25, 2.24864, 1.25],
			"rotation": {"angle": 0, "axis": "z", "origin": [8, 2, 0.75]},
			"faces": {
				"north": {"uv": [3, 0, 13, 16], "rotation": 90, "texture": "#7"},
				"east": {"uv": [0, 0, 1, 1], "texture": "#7"},
				"south": {"uv": [0, 0, 1, 1], "texture": "#7"},
				"west": {"uv": [0, 0, 1, 1], "texture": "#7"},
				"up": {"uv": [0, 0, 1, 1], "texture": "#7"},
				"down": {"uv": [0, 0, 1, 1], "texture": "#7"}
			}
		},
		{
			"name": "hexadecagon",
			"from": [6.75, 1.75136, 0.25],
			"to": [9.25, 2.24864, 1.25],
			"rotation": {"angle": 22.5, "axis": "z", "origin": [8, 2, 0.75]},
			"faces": {
				"north": {"uv": [3, 0, 13, 16], "rotation": 90, "texture": "#7"},
				"east": {"uv": [0, 0, 1, 1], "texture": "#7"},
				"south": {"uv": [0, 0, 1, 1], "texture": "#7"},
				"west": {"uv": [0, 0, 1, 1], "texture": "#7"},
				"up": {"uv": [0, 0, 1, 1], "texture": "#7"},
				"down": {"uv": [0, 0, 1, 1], "texture": "#7"}
			}
		},
		{
			"name": "hexadecagon",
			"from": [6.48261, 1.28125, 1.90625],
			"to": [9.39239, 2.5625, 16.15625],
			"rotation": {"angle": -45, "axis": "y", "origin": [8, 2.40625, 9.03125]},
			"faces": {
				"north": {"uv": [4, 6, 12, 7], "rotation": 90, "texture": "#5"},
				"east": {"uv": [4, 6, 12, 7], "rotation": 90, "texture": "#5"},
				"south": {"uv": [4, 6, 12, 7], "rotation": 90, "texture": "#5"},
				"west": {"uv": [4, 6, 12, 7], "rotation": 90, "texture": "#5"},
				"up": {"uv": [4, 6, 12, 7], "rotation": 90, "texture": "#5"},
				"down": {"uv": [4, 6, 12, 7], "rotation": 90, "texture": "#5"}
			}
		},
		{
			"name": "hexadecagon",
			"from": [6.60761, 1.28125, 1.90625],
			"to": [9.39239, 2.5625, 16.15625],
			"rotation": {"angle": -22.5, "axis": "y", "origin": [8, 2.40625, 9.03125]},
			"faces": {
				"north": {"uv": [4, 6, 12, 7], "rotation": 90, "texture": "#5"},
				"east": {"uv": [4, 6, 12, 7], "rotation": 90, "texture": "#5"},
				"south": {"uv": [4, 6, 12, 7], "rotation": 90, "texture": "#5"},
				"west": {"uv": [4, 6, 12, 7], "rotation": 90, "texture": "#5"},
				"up": {"uv": [4, 6, 12, 7], "rotation": 90, "texture": "#5"},
				"down": {"uv": [4, 6, 12, 7], "rotation": 90, "texture": "#5"}
			}
		},
		{
			"name": "hexadecagon",
			"from": [6.60761, 1.28125, 2.15625],
			"to": [9.39239, 2.5625, 16.15625],
			"rotation": {"angle": 0, "axis": "y", "origin": [8, 2.40625, 9.03125]},
			"faces": {
				"north": {"uv": [4, 6, 12, 7], "rotation": 90, "texture": "#5"},
				"east": {"uv": [4, 6, 12, 7], "rotation": 90, "texture": "#5"},
				"south": {"uv": [4, 6, 12, 7], "rotation": 90, "texture": "#5"},
				"west": {"uv": [4, 6, 12, 7], "rotation": 90, "texture": "#5"},
				"up": {"uv": [4, 6, 12, 7], "rotation": 90, "texture": "#5"},
				"down": {"uv": [4, 6, 12, 7], "rotation": 90, "texture": "#5"}
			}
		},
		{
			"name": "hexadecagon",
			"from": [6.60761, 1.28125, 1.90625],
			"to": [9.39239, 2.5625, 16.15625],
			"rotation": {"angle": 22.5, "axis": "y", "origin": [8, 2.40625, 9.03125]},
			"faces": {
				"north": {"uv": [4, 6, 12, 7], "rotation": 90, "texture": "#5"},
				"east": {"uv": [4, 6, 12, 7], "rotation": 90, "texture": "#5"},
				"south": {"uv": [4, 6, 12, 7], "rotation": 90, "texture": "#5"},
				"west": {"uv": [4, 6, 12, 7], "rotation": 90, "texture": "#5"},
				"up": {"uv": [4, 6, 12, 7], "rotation": 90, "texture": "#5"},
				"down": {"uv": [4, 6, 12, 7], "rotation": 90, "texture": "#5"}
			}
		},
		{
			"name": "hexadecagon",
			"from": [6.60761, 1.28125, 1.90625],
			"to": [9.39239, 2.5625, 16.15625],
			"rotation": {"angle": 45, "axis": "y", "origin": [8, 2.40625, 9.03125]},
			"faces": {
				"north": {"uv": [4, 6, 12, 7], "rotation": 90, "texture": "#5"},
				"east": {"uv": [4, 6, 12, 7], "rotation": 90, "texture": "#5"},
				"south": {"uv": [4, 6, 12, 7], "rotation": 90, "texture": "#5"},
				"west": {"uv": [4, 6, 12, 7], "rotation": 90, "texture": "#5"},
				"up": {"uv": [4, 6, 12, 7], "rotation": 90, "texture": "#5"},
				"down": {"uv": [4, 6, 12, 7], "rotation": 90, "texture": "#5"}
			}
		},
		{
			"name": "hexadecagon",
			"from": [0.875, 1.28125, 7.63886],
			"to": [15.125, 2.5625, 10.42364],
			"rotation": {"angle": -22.5, "axis": "y", "origin": [8, 2.40625, 9.03125]},
			"faces": {
				"north": {"uv": [4, 6, 12, 7], "rotation": 90, "texture": "#5"},
				"east": {"uv": [4, 6, 12, 7], "rotation": 90, "texture": "#5"},
				"south": {"uv": [4, 6, 12, 7], "rotation": 90, "texture": "#5"},
				"west": {"uv": [4, 6, 12, 7], "rotation": 90, "texture": "#5"},
				"up": {"uv": [4, 6, 12, 7], "rotation": 90, "texture": "#5"},
				"down": {"uv": [4, 6, 12, 7], "rotation": 90, "texture": "#5"}
			}
		},
		{
			"name": "hexadecagon",
			"from": [0.875, 1.28125, 7.63886],
			"to": [15.125, 2.5625, 10.42364],
			"rotation": {"angle": 0, "axis": "y", "origin": [8, 2.40625, 9.03125]},
			"faces": {
				"north": {"uv": [4, 6, 12, 7], "rotation": 90, "texture": "#5"},
				"east": {"uv": [4, 6, 12, 7], "rotation": 90, "texture": "#5"},
				"south": {"uv": [4, 6, 12, 7], "rotation": 90, "texture": "#5"},
				"west": {"uv": [4, 6, 12, 7], "rotation": 90, "texture": "#5"},
				"up": {"uv": [4, 6, 12, 7], "rotation": 90, "texture": "#5"},
				"down": {"uv": [4, 6, 12, 7], "rotation": 90, "texture": "#5"}
			}
		},
		{
			"name": "hexadecagon",
			"from": [0.875, 1.28125, 7.63886],
			"to": [15.125, 2.5625, 10.42364],
			"rotation": {"angle": 22.5, "axis": "y", "origin": [8, 2.40625, 9.03125]},
			"faces": {
				"north": {"uv": [4, 6, 12, 7], "rotation": 90, "texture": "#5"},
				"east": {"uv": [4, 6, 12, 7], "rotation": 90, "texture": "#5"},
				"south": {"uv": [4, 6, 12, 7], "rotation": 90, "texture": "#5"},
				"west": {"uv": [4, 6, 12, 7], "rotation": 90, "texture": "#5"},
				"up": {"uv": [4, 6, 12, 7], "rotation": 90, "texture": "#5"},
				"down": {"uv": [4, 6, 12, 7], "rotation": 90, "texture": "#5"}
			}
		},
		{
			"from": [6, 0.625, 0.875],
			"to": [10, 3.5, 2.25],
			"rotation": {"angle": 0, "axis": "y", "origin": [15.5, 8.5, 8.75]},
			"faces": {
				"north": {"uv": [0, 0, 16, 16], "texture": "#4"},
				"east": {"uv": [0, 0, 16, 16], "texture": "#4"},
				"south": {"uv": [0, 0, 16, 16], "texture": "#4"},
				"west": {"uv": [0, 0, 16, 16], "texture": "#4"},
				"up": {"uv": [0, 0, 16, 16], "texture": "#4"},
				"down": {"uv": [0, 0, 16, 16], "texture": "#4"}
			}
		},
		{
			"from": [10, 0.875, 1.125],
			"to": [10.125, 1.75, 1.625],
			"rotation": {"angle": 0, "axis": "y", "origin": [16, 8, 8.625]},
			"faces": {
				"north": {"uv": [7, 0, 10, 16], "texture": "#10"},
				"east": {"uv": [0, 0, 16, 16], "texture": "#8"},
				"south": {"uv": [7, 0, 10, 16], "texture": "#10"},
				"west": {"uv": [0, 0, 16, 16], "texture": "#10"},
				"up": {"uv": [7, 0, 10, 16], "texture": "#10"},
				"down": {"uv": [7, 0, 10, 16], "texture": "#10"}
			}
		},
		{
			"from": [10, 1, 1.25],
			"to": [10.25, 1.625, 1.5],
			"rotation": {"angle": -22.5, "axis": "z", "origin": [10.125, 1.3125, 1.375]},
			"faces": {
				"north": {"uv": [0, 0, 16, 16], "texture": "#9"},
				"east": {"uv": [0, 0, 16, 16], "texture": "#9"},
				"south": {"uv": [0, 0, 16, 16], "texture": "#9"},
				"west": {"uv": [0, 0, 16, 16], "texture": "#9"},
				"up": {"uv": [0, 0, 16, 16], "texture": "#9"},
				"down": {"uv": [0, 0, 16, 16], "texture": "#9"}
			}
		}
	],
	"display": {
		"thirdperson_righthand": {
			"rotation": [67.25, 0, 0],
			"scale": [0.3, 0.3, 0.3]
		},
		"thirdperson_lefthand": {
			"rotation": [67.25, 0, 0],
			"scale": [0.3, 0.3, 0.3]
		},
		"firstperson_righthand": {
			"rotation": [0, 34.25, 0],
			"translation": [0, 6.5, 0],
			"scale": [0.5, 0.5, 0.5]
		},
		"firstperson_lefthand": {
			"rotation": [0, 34.25, 0],
			"translation": [0, 6.5, 0],
			"scale": [0.5, 0.5, 0.5]
		},
		"ground": {
			"translation": [0, 4.5, 0],
			"scale": [0.6, 0.6, 0.6]
		},
		"gui": {
			"rotation": [29, 143, 0],
			"translation": [0, 2, 0],
			"scale": [0.78125, 0.74219, 0.84]
		},
		"head": {
			"translation": [0, 9.25, -1.5],
			"scale": [1.20703, 1.0625, 1.36133]
		},
		"fixed": {
			"translation": [0, 3.75, 0]
		}
	},
	"groups": [
		{
			"name": "helmet",
			"origin": [8, 8, 8],
			"children": [
				{
					"name": "hexadecagon",
					"origin": [8, 8, 8],
					"children": [0, 1, 2, 3, 4, 5, 6, 7]
				},
				{
					"name": "hexadecagon",
					"origin": [8, 8, 8],
					"children": [8, 9, 10, 11, 12, 13, 14, 15]
				},
				{
					"name": "hexadecagon",
					"origin": [8, 8, 8],
					"children": [16, 17, 18, 19, 20, 21, 22, 23]
				},
				{
					"name": "hexadecagon",
					"origin": [8, 8, 8],
					"children": [24, 25, 26, 27, 28, 29, 30, 31]
				},
				{
					"name": "hexadecagon",
					"origin": [8, 8, 8],
					"children": [32, 33, 34, 35, 36, 37, 38, 39]
				},
				{
					"name": "hexadecagon",
					"origin": [8, 8, 8],
					"children": [40, 41, 42, 43, 44, 45, 46, 47]
				}
			]
		},
		{
			"name": "hexadecagon",
			"origin": [8, 8, 8],
			"children": [48, 49, 50, 51, 52, 53, 54, 55, 56, 57, 58, 59, 60, 61, 62, 63]
		},
		{
			"name": "hexadecagon",
			"origin": [8, 8, 8],
			"children": [64, 65, 66, 67, 68, 69, 70, 71]
		},
		{
			"name": "hexadecagon",
			"origin": [8, 8, 8],
			"children": [72, 73, 74, 75, 76, 77, 78, 79]
		}, 80, 81, 82]
}