{
	"credit": "Made with Blockbench",
	"textures": {
		"0": "foods/nyuru",
		"3": "block/yellow_concrete",
		"4": "block/red_concrete_powder",
		"particle": "foods/nyuru"
	},
	"elements": [
		{
			"from": [0, 0.25, 7],
			"to": [16, 0.5, 9.25],
			"faces": {
				"north": {"uv": [4, 0, 6.25, 16], "rotation": 90, "texture": "#4"},
				"east": {"uv": [4, 0, 6.25, 16], "rotation": 90, "texture": "#4"},
				"south": {"uv": [4, 0, 6.25, 16], "rotation": 90, "texture": "#4"},
				"west": {"uv": [4, 0, 6.25, 16], "rotation": 90, "texture": "#4"},
				"up": {"uv": [4, 0, 6.25, 16], "rotation": 90, "texture": "#4"},
				"down": {"uv": [4, 0, 6.25, 16], "rotation": 90, "texture": "#4"}
			}
		},
		{
			"from": [1.5, 0.502, 7.25],
			"to": [6.5, 0.502, 9],
			"faces": {
				"north": {"uv": [0, 0, 9, 0], "texture": "#0"},
				"east": {"uv": [0, 0, 2.25, 0], "texture": "#0"},
				"south": {"uv": [0, 0, 9, 0], "texture": "#0"},
				"west": {"uv": [0, 0, 2.25, 0], "texture": "#0"},
				"up": {"uv": [0, 0, 12.75, 4.875], "texture": "#0"},
				"down": {"uv": [0, 0, 9, 2.25], "texture": "#0"}
			}
		},
		{
			"from": [5, 0.502, 7.05],
			"to": [10.5, 0.502, 9.05],
			"faces": {
				"north": {"uv": [0, 0, 9, 0], "texture": "#0"},
				"east": {"uv": [0, 0, 2.25, 0], "texture": "#0"},
				"south": {"uv": [0, 0, 9, 0], "texture": "#0"},
				"west": {"uv": [0, 0, 2.25, 0], "texture": "#0"},
				"up": {"uv": [0, 4.0625, 16, 10.0625], "texture": "#0"},
				"down": {"uv": [0, 0, 9, 2.25], "texture": "#0"}
			}
		},
		{
			"from": [1.25, 0.501, 7],
			"to": [13.25, 0.501, 9.25],
			"faces": {
				"north": {"uv": [0, 0, 9, 0], "texture": "#3"},
				"east": {"uv": [0, 0, 2.25, 0], "texture": "#3"},
				"south": {"uv": [0, 0, 9, 0], "texture": "#3"},
				"west": {"uv": [0, 0, 2.25, 0], "texture": "#3"},
				"up": {"uv": [0, 4.0625, 16, 10.0625], "texture": "#3"},
				"down": {"uv": [0, 0, 9, 2.25], "texture": "#3"}
			}
		},
		{
			"from": [9.65, 0.502, 7.575],
			"to": [11.4, 0.502, 8.95],
			"faces": {
				"north": {"uv": [0, 0, 9, 0], "texture": "#0"},
				"east": {"uv": [0, 0, 2.25, 0], "texture": "#0"},
				"south": {"uv": [0, 0, 9, 0], "texture": "#0"},
				"west": {"uv": [0, 0, 2.25, 0], "texture": "#0"},
				"up": {"uv": [12.9375, 1.4375, 14.5625, 2.8125], "texture": "#0"},
				"down": {"uv": [0, 0, 9, 2.25], "texture": "#0"}
			}
		},
		{
			"from": [11.875, 0.502, 7.6],
			"to": [14.85, 0.502, 8.775],
			"faces": {
				"north": {"uv": [0, 0, 9, 0], "texture": "#0"},
				"east": {"uv": [0, 0, 2.25, 0], "texture": "#0"},
				"south": {"uv": [0, 0, 9, 0], "texture": "#0"},
				"west": {"uv": [0, 0, 2.25, 0], "texture": "#0"},
				"up": {"uv": [0, 10.9375, 11.5, 15.25], "texture": "#0"},
				"down": {"uv": [0, 0, 9, 2.25], "texture": "#0"}
			}
		}
	],
	"display": {
		"thirdperson_righthand": {
			"rotation": [0, 90, 0],
			"translation": [0, 4, 1],
			"scale": [0.5, 0.5, 0.5]
		},
		"thirdperson_lefthand": {
			"rotation": [0, 90, 0],
			"translation": [0, 4, 1],
			"scale": [0.5, 0.5, 0.5]
		},
		"firstperson_righthand": {
			"rotation": [86, -82, 13],
			"translation": [7, 5.75, 2]
		},
		"firstperson_lefthand": {
			"rotation": [86, -82, 13],
			"translation": [7, 5.75, 2]
		},
		"ground": {
			"translation": [0, 5.5, 0]
		},
		"gui": {
			"rotation": [29.5, 45, 0],
			"translation": [0, 6.75, -7.75]
		},
		"head": {
			"rotation": [0, 90, 0],
			"translation": [0, 3.25, -13.75]
		},
		"fixed": {
			"rotation": [90, 45, -180],
			"translation": [0, 0, -7.75]
		}
	},
	"groups": [
		{
			"name": "group",
			"origin": [0, 0, 0],
			"color": 0,
			"children": [0, 1, 2, 3, 4, 5]
		}
	]
}