{
	"__name": "1stfsphone",
	"credit": "Made with Blockbench",
	"textures": {
		"0": "item/fs3rd",
		"1": "block/gray_concrete",
		"2": "block/gray_glazed_terracotta",
		"3": "item/balloon_wallpaper",
		"particle": "item/fs3rd"
	},
	"elements": [
		{
			"from": [8.69712, 0, 12.0342],
			"to": [9.69712, 0.5, 12.5342],
			"rotation": {"angle": 22.5, "axis": "y", "origin": [10.01943, 0.25, 12.00576]},
			"faces": {
				"north": {"uv": [0, 0, 9, 0.5], "texture": "#1"},
				"east": {"uv": [0, 0, 9, 0.5], "texture": "#1"},
				"south": {"uv": [0, 0, 9, 0.5], "texture": "#1"},
				"west": {"uv": [0, 0, 9, 0.5], "texture": "#1"},
				"up": {"uv": [0, 0, 9, 0.5], "texture": "#1"},
				"down": {"uv": [0, 0, 9, 0.5], "texture": "#1"}
			}
		},
		{
			"from": [9.8843, 0, 11.50576],
			"to": [10.3843, 0.5, 12.50576],
			"rotation": {"angle": -45, "axis": "y", "origin": [10.01943, 0.25, 12.00576]},
			"faces": {
				"north": {"uv": [0, 0, 9, 0.5], "texture": "#1"},
				"east": {"uv": [0, 0, 9, 0.5], "texture": "#1"},
				"south": {"uv": [0, 0, 9, 0.5], "texture": "#1"},
				"west": {"uv": [0, 0, 9, 0.5], "texture": "#1"},
				"up": {"uv": [0, 0, 9, 0.5], "texture": "#1"},
				"down": {"uv": [0, 0, 9, 0.5], "texture": "#1"}
			}
		},
		{
			"from": [9.79787, 0, 10.68345],
			"to": [10.54787, 0.5, 11.68345],
			"rotation": {"angle": -22.5, "axis": "y", "origin": [10.01943, 0.25, 12.00576]},
			"faces": {
				"north": {"uv": [0, 0, 9, 0.5], "texture": "#1"},
				"east": {"uv": [0, 0, 9, 0.5], "texture": "#1"},
				"south": {"uv": [0, 0, 9, 0.5], "texture": "#1"},
				"west": {"uv": [0, 0, 9, 0.5], "texture": "#1"},
				"up": {"uv": [0, 0, 9, 0.5], "texture": "#1"},
				"down": {"uv": [0, 0, 9, 0.5], "texture": "#1"}
			}
		},
		{
			"from": [4.45213, 0, 10.68345],
			"to": [5.20213, 0.5, 11.68345],
			"rotation": {"angle": 22.5, "axis": "y", "origin": [4.98057, 0.25, 12.00576]},
			"faces": {
				"north": {"uv": [0, 0, 9, 0.5], "texture": "#1"},
				"east": {"uv": [0, 0, 9, 0.5], "texture": "#1"},
				"south": {"uv": [0, 0, 9, 0.5], "texture": "#1"},
				"west": {"uv": [0, 0, 9, 0.5], "texture": "#1"},
				"up": {"uv": [0, 0, 9, 0.5], "texture": "#1"},
				"down": {"uv": [0, 0, 9, 0.5], "texture": "#1"}
			}
		},
		{
			"from": [4.48057, 0, 11.87063],
			"to": [5.48057, 0.5, 12.37063],
			"rotation": {"angle": -45, "axis": "y", "origin": [4.98057, 0.25, 12.00576]},
			"faces": {
				"north": {"uv": [0, 0, 9, 0.5], "texture": "#1"},
				"east": {"uv": [0, 0, 9, 0.5], "texture": "#1"},
				"south": {"uv": [0, 0, 9, 0.5], "texture": "#1"},
				"west": {"uv": [0, 0, 9, 0.5], "texture": "#1"},
				"up": {"uv": [0, 0, 9, 0.5], "texture": "#1"},
				"down": {"uv": [0, 0, 9, 0.5], "texture": "#1"}
			}
		},
		{
			"from": [5.30288, 0, 12.0342],
			"to": [6.30288, 0.5, 12.5342],
			"rotation": {"angle": -22.5, "axis": "y", "origin": [4.98057, 0.25, 12.00576]},
			"faces": {
				"north": {"uv": [0, 0, 9, 0.5], "texture": "#1"},
				"east": {"uv": [0, 0, 9, 0.5], "texture": "#1"},
				"south": {"uv": [0, 0, 9, 0.5], "texture": "#1"},
				"west": {"uv": [0, 0, 9, 0.5], "texture": "#1"},
				"up": {"uv": [0, 0, 9, 0.5], "texture": "#1"},
				"down": {"uv": [0, 0, 9, 0.5], "texture": "#1"}
			}
		},
		{
			"from": [5.30288, 0, 0.43846],
			"to": [6.30288, 0.5, 0.93846],
			"rotation": {"angle": 22.5, "axis": "y", "origin": [4.98057, 0.25, 0.9669]},
			"faces": {
				"north": {"uv": [0, 0, 9, 0.5], "texture": "#1"},
				"east": {"uv": [0, 0, 9, 0.5], "texture": "#1"},
				"south": {"uv": [0, 0, 9, 0.5], "texture": "#1"},
				"west": {"uv": [0, 0, 9, 0.5], "texture": "#1"},
				"up": {"uv": [0, 0, 9, 0.5], "texture": "#1"},
				"down": {"uv": [0, 0, 9, 0.5], "texture": "#1"}
			}
		},
		{
			"from": [4.6157, 0, 0.4669],
			"to": [5.1157, 0.5, 1.4669],
			"rotation": {"angle": -45, "axis": "y", "origin": [4.98057, 0.25, 0.9669]},
			"faces": {
				"north": {"uv": [0, 0, 9, 0.5], "texture": "#1"},
				"east": {"uv": [0, 0, 9, 0.5], "texture": "#1"},
				"south": {"uv": [0, 0, 9, 0.5], "texture": "#1"},
				"west": {"uv": [0, 0, 9, 0.5], "texture": "#1"},
				"up": {"uv": [0, 0, 9, 0.5], "texture": "#1"},
				"down": {"uv": [0, 0, 9, 0.5], "texture": "#1"}
			}
		},
		{
			"from": [4.45213, 0, 1.28921],
			"to": [5.20213, 0.5, 2.28921],
			"rotation": {"angle": -22.5, "axis": "y", "origin": [4.98057, 0.25, 0.9669]},
			"faces": {
				"north": {"uv": [0, 0, 9, 0.5], "texture": "#1"},
				"east": {"uv": [0, 0, 9, 0.5], "texture": "#1"},
				"south": {"uv": [0, 0, 9, 0.5], "texture": "#1"},
				"west": {"uv": [0, 0, 9, 0.5], "texture": "#1"},
				"up": {"uv": [0, 0, 9, 0.5], "texture": "#1"},
				"down": {"uv": [0, 0, 9, 0.5], "texture": "#1"}
			}
		},
		{
			"from": [6.0125, 0, 11.84766],
			"to": [10.0125, 0.5, 12.49766],
			"rotation": {"angle": 0, "axis": "y", "origin": [7, 8, 7.97266]},
			"faces": {
				"north": {"uv": [0, 0, 9, 0.5], "texture": "#1"},
				"east": {"uv": [0, 0, 9, 0.5], "texture": "#1"},
				"south": {"uv": [0, 0, 9, 0.5], "texture": "#1"},
				"west": {"uv": [0, 0, 9, 0.5], "texture": "#1"},
				"up": {"uv": [0, 0, 9, 0.5], "texture": "#1"},
				"down": {"uv": [0, 0, 9, 0.5], "texture": "#1"}
			}
		},
		{
			"from": [5, 0, 11.84766],
			"to": [6.125, 0.5, 12.49766],
			"rotation": {"angle": 0, "axis": "y", "origin": [7, 8, 7.97266]},
			"faces": {
				"north": {"uv": [0, 0, 9, 0.5], "texture": "#1"},
				"east": {"uv": [0, 0, 9, 0.5], "texture": "#1"},
				"south": {"uv": [0, 0, 9, 0.5], "texture": "#1"},
				"west": {"uv": [0, 0, 9, 0.5], "texture": "#1"},
				"up": {"uv": [0, 0, 9, 0.5], "texture": "#1"},
				"down": {"uv": [0, 0, 9, 0.5], "texture": "#1"}
			}
		},
		{
			"from": [6, 0, -0.02734],
			"to": [9, 0.5, 1.87266],
			"rotation": {"angle": 0, "axis": "y", "origin": [7, 8, 7.97266]},
			"faces": {
				"north": {"uv": [0, 0, 9, 0.5], "texture": "#1"},
				"east": {"uv": [0, 0, 9, 0.5], "texture": "#1"},
				"south": {"uv": [0, 0, 9, 0.5], "texture": "#1"},
				"west": {"uv": [0, 0, 9, 0.5], "texture": "#1"},
				"up": {"uv": [0, 0, 9, 0.5], "texture": "#1"},
				"down": {"uv": [0, 0, 9, 0.5], "texture": "#1"}
			}
		},
		{
			"from": [4.75, 0, 0.72266],
			"to": [6.125, 0.5, 1.87266],
			"rotation": {"angle": 0, "axis": "y", "origin": [7, 8, 7.97266]},
			"faces": {
				"north": {"uv": [0, 0, 9, 0.5], "texture": "#1"},
				"east": {"uv": [0, 0, 9, 0.5], "texture": "#1"},
				"south": {"uv": [0, 0, 9, 0.5], "texture": "#1"},
				"west": {"uv": [0, 0, 9, 0.5], "texture": "#1"},
				"up": {"uv": [0, 0, 9, 0.5], "texture": "#1"},
				"down": {"uv": [0, 0, 9, 0.5], "texture": "#1"}
			}
		},
		{
			"from": [4.75, 0, 10.72266],
			"to": [9, 0.5, 11.87266],
			"rotation": {"angle": 0, "axis": "y", "origin": [7, 8, 7.97266]},
			"faces": {
				"north": {"uv": [0, 0, 9, 0.5], "texture": "#1"},
				"east": {"uv": [0, 0, 9, 0.5], "texture": "#1"},
				"south": {"uv": [0, 0, 9, 0.5], "texture": "#1"},
				"west": {"uv": [0, 0, 9, 0.5], "texture": "#1"},
				"up": {"uv": [0, 0, 9, 0.5], "texture": "#1"},
				"down": {"uv": [0, 0, 9, 0.5], "texture": "#1"}
			}
		},
		{
			"from": [8.8875, 0, 0.72266],
			"to": [10.2625, 0.5, 1.87266],
			"rotation": {"angle": 0, "axis": "y", "origin": [7, 8, 7.97266]},
			"faces": {
				"north": {"uv": [0, 0, 9, 0.5], "texture": "#1"},
				"east": {"uv": [0, 0, 9, 0.5], "texture": "#1"},
				"south": {"uv": [0, 0, 9, 0.5], "texture": "#1"},
				"west": {"uv": [0, 0, 9, 0.5], "texture": "#1"},
				"up": {"uv": [0, 0, 9, 0.5], "texture": "#1"},
				"down": {"uv": [0, 0, 9, 0.5], "texture": "#1"}
			}
		},
		{
			"from": [8.8875, 0, 10.72266],
			"to": [10.2625, 0.5, 11.87266],
			"rotation": {"angle": 0, "axis": "y", "origin": [7, 8, 7.97266]},
			"faces": {
				"north": {"uv": [0, 0, 9, 0.5], "texture": "#1"},
				"east": {"uv": [0, 0, 9, 0.5], "texture": "#1"},
				"south": {"uv": [0, 0, 9, 0.5], "texture": "#1"},
				"west": {"uv": [0, 0, 9, 0.5], "texture": "#1"},
				"up": {"uv": [0, 0, 9, 0.5], "texture": "#1"},
				"down": {"uv": [0, 0, 9, 0.5], "texture": "#1"}
			}
		},
		{
			"from": [5.25, 0, 0.34766],
			"to": [6.125, 0.5, 0.99766],
			"rotation": {"angle": 0, "axis": "y", "origin": [7, 8, 7.97266]},
			"faces": {
				"north": {"uv": [0, 0, 9, 0.5], "texture": "#1"},
				"east": {"uv": [0, 0, 9, 0.5], "texture": "#1"},
				"south": {"uv": [0, 0, 9, 0.5], "texture": "#1"},
				"west": {"uv": [0, 0, 9, 0.5], "texture": "#1"},
				"up": {"uv": [0, 0, 9, 0.5], "texture": "#1"},
				"down": {"uv": [0, 0, 9, 0.5], "texture": "#1"}
			}
		},
		{
			"from": [8.8875, 0, 0.34766],
			"to": [9.7625, 0.5, 0.99766],
			"rotation": {"angle": 0, "axis": "y", "origin": [7, 8, 7.97266]},
			"faces": {
				"north": {"uv": [0, 0, 9, 0.5], "texture": "#1"},
				"east": {"uv": [0, 0, 9, 0.5], "texture": "#1"},
				"south": {"uv": [0, 0, 9, 0.5], "texture": "#1"},
				"west": {"uv": [0, 0, 9, 0.5], "texture": "#1"},
				"up": {"uv": [0, 0, 9, 0.5], "texture": "#1"},
				"down": {"uv": [0, 0, 9, 0.5], "texture": "#1"}
			}
		},
		{
			"from": [6, 0, 12.5],
			"to": [9, 0.5, 13],
			"faces": {
				"north": {"uv": [0, 0, 9, 0.5], "texture": "#1"},
				"east": {"uv": [0, 0, 9, 0.5], "texture": "#1"},
				"south": {"uv": [0, 0, 9, 0.5], "texture": "#1"},
				"west": {"uv": [0, 0, 9, 0.5], "texture": "#1"},
				"up": {"uv": [0, 0, 9, 0.5], "texture": "#1"},
				"down": {"uv": [0, 0, 9, 0.5], "texture": "#1"}
			}
		},
		{
			"from": [5.86241, 0, -0.25362],
			"to": [6.86241, 0.5, 0.24638],
			"rotation": {"angle": -22.5, "axis": "y", "origin": [6.86241, 8, 7.74638]},
			"faces": {
				"north": {"uv": [0, 0, 9, 0.5], "texture": "#1"},
				"east": {"uv": [0, 0, 9, 0.5], "texture": "#1"},
				"south": {"uv": [0, 0, 9, 0.5], "texture": "#1"},
				"west": {"uv": [0, 0, 9, 0.5], "texture": "#1"},
				"up": {"uv": [0, 0, 9, 0.5], "texture": "#1"},
				"down": {"uv": [0, 0, 9, 0.5], "texture": "#1"}
			}
		},
		{
			"from": [9.60066, 0, 0.63567],
			"to": [10.60066, 0.5, 1.13567],
			"rotation": {"angle": -45, "axis": "y", "origin": [10.10066, 0.25, 0.88567]},
			"faces": {
				"north": {"uv": [0, 0, 9, 0.5], "texture": "#1"},
				"east": {"uv": [0, 0, 9, 0.5], "texture": "#1"},
				"south": {"uv": [0, 0, 9, 0.5], "texture": "#1"},
				"west": {"uv": [0, 0, 9, 0.5], "texture": "#1"},
				"up": {"uv": [0, 0, 9, 0.5], "texture": "#1"},
				"down": {"uv": [0, 0, 9, 0.5], "texture": "#1"}
			}
		},
		{
			"from": [9.69576, 0, 1.17389],
			"to": [10.57076, 0.5, 2.17389],
			"rotation": {"angle": 22.5, "axis": "y", "origin": [10.32076, 0.25, 0.96678]},
			"faces": {
				"north": {"uv": [0, 0, 9, 0.5], "texture": "#1"},
				"east": {"uv": [0, 0, 9, 0.5], "texture": "#1"},
				"south": {"uv": [0, 0, 9, 0.5], "texture": "#1"},
				"west": {"uv": [0, 0, 9, 0.5], "texture": "#1"},
				"up": {"uv": [0, 0, 9, 0.5], "texture": "#1"},
				"down": {"uv": [0, 0, 9, 0.5], "texture": "#1"}
			}
		},
		{
			"from": [10.26367, 0, 1.98633],
			"to": [11.01367, 0.5, 10.98633],
			"rotation": {"angle": 0, "axis": "y", "origin": [11.33769, 0.25, 0.3934]},
			"faces": {
				"north": {"uv": [0, 0, 9, 0.5], "texture": "#1"},
				"east": {"uv": [0, 0, 9, 0.5], "texture": "#1"},
				"south": {"uv": [0, 0, 9, 0.5], "texture": "#1"},
				"west": {"uv": [0, 0, 9, 0.5], "texture": "#1"},
				"up": {"uv": [0, 0, 9, 0.5], "texture": "#1"},
				"down": {"uv": [0, 0, 9, 0.5], "texture": "#1"}
			}
		},
		{
			"from": [4.76367, 0, 1.67383],
			"to": [10.26367, 0.5125, 11.06133],
			"rotation": {"angle": 0, "axis": "y", "origin": [11.33769, 0.25, 0.3934]},
			"faces": {
				"north": {"uv": [0, 0, 9, 0.5], "texture": "#1"},
				"east": {"uv": [0, 0, 9, 0.5], "texture": "#1"},
				"south": {"uv": [0, 0, 9, 0.5], "texture": "#1"},
				"west": {"uv": [0, 0, 9, 0.5], "texture": "#1"},
				"up": {"uv": [4.353, 0.068, 16, 16], "texture": "#3"},
				"down": {"uv": [0, 0, 1, 1.5], "rotation": 270, "texture": "#1"}
			}
		},
		{
			"from": [6.01367, -0.001, 3.36133],
			"to": [9.01367, -0.001, 6.36133],
			"rotation": {"angle": 0, "axis": "y", "origin": [11.33769, 0.25, 0.3934]},
			"faces": {
				"north": {"uv": [0, 0, 9, 0.5], "texture": "#1"},
				"east": {"uv": [0, 0, 9, 0.5], "texture": "#1"},
				"south": {"uv": [0, 0, 9, 0.5], "texture": "#1"},
				"west": {"uv": [0, 0, 9, 0.5], "texture": "#1"},
				"up": {"uv": [0, 0, 3, 3.5], "rotation": 90, "texture": "#missing"},
				"down": {"uv": [0, 0, 16, 16], "rotation": 180, "texture": "#0"}
			}
		},
		{
			"from": [3.98633, 0, 1.98633],
			"to": [4.76133, 0.5, 10.98633],
			"rotation": {"angle": 0, "axis": "y", "origin": [12.31036, 0.25, 0.3934]},
			"faces": {
				"north": {"uv": [0, 0, 9, 0.5], "texture": "#1"},
				"east": {"uv": [0, 0, 9, 0.5], "texture": "#1"},
				"south": {"uv": [0, 0, 9, 0.5], "texture": "#1"},
				"west": {"uv": [0, 0, 9, 0.5], "texture": "#1"},
				"up": {"uv": [0, 0, 9, 0.5], "texture": "#1"},
				"down": {"uv": [0, 0, 1, 1.5], "rotation": 270, "texture": "#1"}
			}
		},
		{
			"name": "hexadecagon",
			"from": [1.38634, -0.0125, 4.13466],
			"to": [1.42612, 0.4875, 4.33466],
			"rotation": {"angle": -45, "axis": "y", "origin": [8, 8, 8]},
			"faces": {
				"north": {"uv": [0, 0, 1, 1.5], "rotation": 270, "texture": "#1"},
				"east": {"uv": [0, 0, 1, 1.5], "rotation": 270, "texture": "#1"},
				"south": {"uv": [0, 0, 1, 1.5], "rotation": 270, "texture": "#1"},
				"west": {"uv": [0, 0, 1, 1.5], "rotation": 270, "texture": "#1"},
				"up": {"uv": [0, 0, 1, 1.5], "rotation": 270, "texture": "#1"},
				"down": {"uv": [6, 7, 7, 8], "texture": "#2"}
			}
		},
		{
			"name": "hexadecagon",
			"from": [3.32919, -0.0125, 1.89795],
			"to": [3.36898, 0.4875, 2.09795],
			"rotation": {"angle": -22.5, "axis": "y", "origin": [8, 8, 8]},
			"faces": {
				"north": {"uv": [0, 0, 1, 1.5], "rotation": 270, "texture": "#1"},
				"east": {"uv": [0, 0, 1, 1.5], "rotation": 270, "texture": "#1"},
				"south": {"uv": [0, 0, 1, 1.5], "rotation": 270, "texture": "#1"},
				"west": {"uv": [0, 0, 1, 1.5], "rotation": 270, "texture": "#1"},
				"up": {"uv": [0, 0, 1, 1.5], "rotation": 270, "texture": "#1"},
				"down": {"uv": [6, 7, 7, 8], "texture": "#2"}
			}
		},
		{
			"name": "hexadecagon",
			"from": [5.98011, -0.0125, 0.575],
			"to": [6.01989, 0.4875, 0.775],
			"faces": {
				"north": {"uv": [0, 0, 1, 1.5], "rotation": 270, "texture": "#1"},
				"east": {"uv": [0, 0, 1, 1.5], "rotation": 270, "texture": "#1"},
				"south": {"uv": [0, 0, 1, 1.5], "rotation": 270, "texture": "#1"},
				"west": {"uv": [0, 0, 1, 1.5], "rotation": 270, "texture": "#1"},
				"up": {"uv": [0, 0, 1, 1.5], "rotation": 270, "texture": "#1"},
				"down": {"uv": [6, 7, 7, 8], "texture": "#2"}
			}
		},
		{
			"name": "hexadecagon",
			"from": [8.93551, -0.0125, 0.36722],
			"to": [8.97529, 0.4875, 0.56722],
			"rotation": {"angle": 22.5, "axis": "y", "origin": [8, 8, 8]},
			"faces": {
				"north": {"uv": [0, 0, 1, 1.5], "rotation": 270, "texture": "#1"},
				"east": {"uv": [0, 0, 1, 1.5], "rotation": 270, "texture": "#1"},
				"south": {"uv": [0, 0, 1, 1.5], "rotation": 270, "texture": "#1"},
				"west": {"uv": [0, 0, 1, 1.5], "rotation": 270, "texture": "#1"},
				"up": {"uv": [0, 0, 1, 1.5], "rotation": 270, "texture": "#1"},
				"down": {"uv": [6, 7, 7, 8], "texture": "#2"}
			}
		},
		{
			"name": "hexadecagon",
			"from": [11.74545, -0.0125, 1.30623],
			"to": [11.78523, 0.4875, 1.50623],
			"rotation": {"angle": 45, "axis": "y", "origin": [8, 8, 8]},
			"faces": {
				"north": {"uv": [0, 0, 1, 1.5], "rotation": 270, "texture": "#1"},
				"east": {"uv": [0, 0, 1, 1.5], "rotation": 270, "texture": "#1"},
				"south": {"uv": [0, 0, 1, 1.5], "rotation": 270, "texture": "#1"},
				"west": {"uv": [0, 0, 1, 1.5], "rotation": 270, "texture": "#1"},
				"up": {"uv": [0, 0, 1, 1.5], "rotation": 270, "texture": "#1"},
				"down": {"uv": [6, 7, 7, 8], "texture": "#2"}
			}
		},
		{
			"name": "hexadecagon",
			"from": [3.24908, -0.0125, 1.97806],
			"to": [3.44908, 0.4875, 2.01784],
			"rotation": {"angle": -22.5, "axis": "y", "origin": [8, 8, 8]},
			"faces": {
				"north": {"uv": [0, 0, 1, 1.5], "rotation": 270, "texture": "#1"},
				"east": {"uv": [0, 0, 1, 1.5], "rotation": 270, "texture": "#1"},
				"south": {"uv": [0, 0, 1, 1.5], "rotation": 270, "texture": "#1"},
				"west": {"uv": [0, 0, 1, 1.5], "rotation": 270, "texture": "#1"},
				"up": {"uv": [0, 0, 1, 1.5], "rotation": 270, "texture": "#1"},
				"down": {"uv": [6, 7, 7, 8], "texture": "#2"}
			}
		},
		{
			"name": "hexadecagon",
			"from": [5.9, -0.0125, 0.65511],
			"to": [6.1, 0.4875, 0.69489],
			"faces": {
				"north": {"uv": [0, 0, 1, 1.5], "rotation": 270, "texture": "#1"},
				"east": {"uv": [0, 0, 1, 1.5], "rotation": 270, "texture": "#1"},
				"south": {"uv": [0, 0, 1, 1.5], "rotation": 270, "texture": "#1"},
				"west": {"uv": [0, 0, 1, 1.5], "rotation": 270, "texture": "#1"},
				"up": {"uv": [0, 0, 1, 1.5], "rotation": 270, "texture": "#1"},
				"down": {"uv": [6, 7, 7, 8], "texture": "#2"}
			}
		},
		{
			"name": "hexadecagon",
			"from": [8.8554, -0.0125, 0.44732],
			"to": [9.0554, 0.4875, 0.48711],
			"rotation": {"angle": 22.5, "axis": "y", "origin": [8, 8, 8]},
			"faces": {
				"north": {"uv": [0, 0, 1, 1.5], "rotation": 270, "texture": "#1"},
				"east": {"uv": [0, 0, 1, 1.5], "rotation": 270, "texture": "#1"},
				"south": {"uv": [0, 0, 1, 1.5], "rotation": 270, "texture": "#1"},
				"west": {"uv": [0, 0, 1, 1.5], "rotation": 270, "texture": "#1"},
				"up": {"uv": [0, 0, 1, 1.5], "rotation": 270, "texture": "#1"},
				"down": {"uv": [6, 7, 7, 8], "texture": "#2"}
			}
		},
		{
			"name": "hexadecagon",
			"from": [1.82828, 0.3875, 3.69271],
			"to": [1.86806, 0.5125, 3.89271],
			"rotation": {"angle": -45, "axis": "y", "origin": [8, 8, 8]},
			"faces": {
				"north": {"uv": [6, 7, 7, 8], "texture": "#2"},
				"east": {"uv": [6, 7, 7, 8], "texture": "#2"},
				"south": {"uv": [6, 7, 7, 8], "texture": "#2"},
				"west": {"uv": [6, 7, 7, 8], "texture": "#2"},
				"up": {"uv": [6, 7, 7, 8], "texture": "#2"},
				"down": {"uv": [6, 7, 7, 8], "texture": "#missing"}
			}
		},
		{
			"name": "hexadecagon",
			"from": [3.90662, 0.3875, 1.65877],
			"to": [3.9464, 0.5125, 1.85877],
			"rotation": {"angle": -22.5, "axis": "y", "origin": [8, 8, 8]},
			"faces": {
				"north": {"uv": [6, 7, 7, 8], "texture": "#2"},
				"east": {"uv": [6, 7, 7, 8], "texture": "#2"},
				"south": {"uv": [6, 7, 7, 8], "texture": "#2"},
				"west": {"uv": [6, 7, 7, 8], "texture": "#2"},
				"up": {"uv": [6, 7, 7, 8], "texture": "#2"},
				"down": {"uv": [6, 7, 7, 8], "texture": "#missing"}
			}
		},
		{
			"name": "hexadecagon",
			"from": [6.60511, 0.3875, 0.575],
			"to": [6.64489, 0.5125, 0.775],
			"faces": {
				"north": {"uv": [6, 7, 7, 8], "texture": "#2"},
				"east": {"uv": [6, 7, 7, 8], "texture": "#2"},
				"south": {"uv": [6, 7, 7, 8], "texture": "#2"},
				"west": {"uv": [6, 7, 7, 8], "texture": "#2"},
				"up": {"uv": [6, 7, 7, 8], "texture": "#2"},
				"down": {"uv": [6, 7, 7, 8], "texture": "#missing"}
			}
		},
		{
			"name": "hexadecagon",
			"from": [9.51293, 0.3875, 0.60639],
			"to": [9.55271, 0.5125, 0.80639],
			"rotation": {"angle": 22.5, "axis": "y", "origin": [8, 8, 8]},
			"faces": {
				"north": {"uv": [6, 7, 7, 8], "texture": "#2"},
				"east": {"uv": [6, 7, 7, 8], "texture": "#2"},
				"south": {"uv": [6, 7, 7, 8], "texture": "#2"},
				"west": {"uv": [6, 7, 7, 8], "texture": "#2"},
				"up": {"uv": [6, 7, 7, 8], "texture": "#2"},
				"down": {"uv": [6, 7, 7, 8], "texture": "#missing"}
			}
		},
		{
			"name": "hexadecagon",
			"from": [12.18739, 0.3875, 1.74817],
			"to": [12.22718, 0.5125, 1.94817],
			"rotation": {"angle": 45, "axis": "y", "origin": [8, 8, 8]},
			"faces": {
				"north": {"uv": [6, 7, 7, 8], "texture": "#2"},
				"east": {"uv": [6, 7, 7, 8], "texture": "#2"},
				"south": {"uv": [6, 7, 7, 8], "texture": "#2"},
				"west": {"uv": [6, 7, 7, 8], "texture": "#2"},
				"up": {"uv": [6, 7, 7, 8], "texture": "#2"},
				"down": {"uv": [6, 7, 7, 8], "texture": "#missing"}
			}
		},
		{
			"name": "hexadecagon",
			"from": [3.82651, 0.3875, 1.73888],
			"to": [4.02651, 0.5125, 1.77866],
			"rotation": {"angle": -22.5, "axis": "y", "origin": [8, 8, 8]},
			"faces": {
				"north": {"uv": [6, 7, 7, 8], "texture": "#2"},
				"east": {"uv": [6, 7, 7, 8], "texture": "#2"},
				"south": {"uv": [6, 7, 7, 8], "texture": "#2"},
				"west": {"uv": [6, 7, 7, 8], "texture": "#2"},
				"up": {"uv": [6, 7, 7, 8], "texture": "#2"},
				"down": {"uv": [6, 7, 7, 8], "texture": "#missing"}
			}
		},
		{
			"name": "hexadecagon",
			"from": [6.525, 0.3875, 0.65511],
			"to": [6.725, 0.5125, 0.69489],
			"faces": {
				"north": {"uv": [6, 7, 7, 8], "texture": "#2"},
				"east": {"uv": [6, 7, 7, 8], "texture": "#2"},
				"south": {"uv": [6, 7, 7, 8], "texture": "#2"},
				"west": {"uv": [6, 7, 7, 8], "texture": "#2"},
				"up": {"uv": [6, 7, 7, 8], "texture": "#2"},
				"down": {"uv": [6, 7, 7, 8], "texture": "#missing"}
			}
		},
		{
			"name": "hexadecagon",
			"from": [9.43282, 0.3875, 0.6865],
			"to": [9.63282, 0.5125, 0.72628],
			"rotation": {"angle": 22.5, "axis": "y", "origin": [8, 8, 8]},
			"faces": {
				"north": {"uv": [6, 7, 7, 8], "texture": "#2"},
				"east": {"uv": [6, 7, 7, 8], "texture": "#2"},
				"south": {"uv": [6, 7, 7, 8], "texture": "#2"},
				"west": {"uv": [6, 7, 7, 8], "texture": "#2"},
				"up": {"uv": [6, 7, 7, 8], "texture": "#2"},
				"down": {"uv": [6, 7, 7, 8], "texture": "#missing"}
			}
		},
		{
			"name": "hexadecagon",
			"from": [2.5493, 0.3875, 2.66741],
			"to": [2.58908, 0.5125, 2.75741],
			"rotation": {"angle": -45, "axis": "y", "origin": [7.625, 8, 8]},
			"faces": {
				"north": {"uv": [2, 1, 2.5, 1.5], "texture": "#2"},
				"east": {"uv": [2, 1, 2.5, 1.5], "texture": "#2"},
				"south": {"uv": [2, 1, 2.5, 1.5], "texture": "#2"},
				"west": {"uv": [2, 1, 2.5, 1.5], "texture": "#2"},
				"up": {"uv": [2, 1, 2.5, 1.5], "texture": "#2"},
				"down": {"uv": [2, 1, 2.5, 1.5], "texture": "#2"}
			}
		},
		{
			"name": "hexadecagon",
			"from": [4.93657, 0.3875, 1.13094],
			"to": [4.97635, 0.5125, 1.22094],
			"rotation": {"angle": -22.5, "axis": "y", "origin": [7.625, 8, 8]},
			"faces": {
				"north": {"uv": [2, 1, 2.5, 1.5], "texture": "#2"},
				"east": {"uv": [2, 1, 2.5, 1.5], "texture": "#2"},
				"south": {"uv": [2, 1, 2.5, 1.5], "texture": "#2"},
				"west": {"uv": [2, 1, 2.5, 1.5], "texture": "#2"},
				"up": {"uv": [2, 1, 2.5, 1.5], "texture": "#2"},
				"down": {"uv": [2, 1, 2.5, 1.5], "texture": "#2"}
			}
		},
		{
			"name": "hexadecagon",
			"from": [7.10511, 0.3875, 0.625],
			"to": [7.76989, 0.5125, 0.74],
			"rotation": {"angle": 0, "axis": "y", "origin": [7.975, 8, 8]},
			"faces": {
				"north": {"uv": [2, 1, 2.5, 1.5], "texture": "#2"},
				"east": {"uv": [2, 1, 2.5, 1.5], "texture": "#2"},
				"south": {"uv": [2, 1, 2.5, 1.5], "texture": "#2"},
				"west": {"uv": [2, 1, 2.5, 1.5], "texture": "#2"},
				"up": {"uv": [2, 1, 2.5, 1.5], "texture": "#2"},
				"down": {"uv": [2, 1, 2.5, 1.5], "texture": "#2"}
			}
		},
		{
			"name": "hexadecagon",
			"from": [9.95574, 0.3875, 0.84393],
			"to": [9.99552, 0.5125, 0.93393],
			"rotation": {"angle": 22.5, "axis": "y", "origin": [8, 8, 8]},
			"faces": {
				"north": {"uv": [2, 1, 2.5, 1.5], "texture": "#2"},
				"east": {"uv": [2, 1, 2.5, 1.5], "texture": "#2"},
				"south": {"uv": [2, 1, 2.5, 1.5], "texture": "#2"},
				"west": {"uv": [2, 1, 2.5, 1.5], "texture": "#2"},
				"up": {"uv": [2, 1, 2.5, 1.5], "texture": "#2"},
				"down": {"uv": [2, 1, 2.5, 1.5], "texture": "#2"}
			}
		},
		{
			"name": "hexadecagon",
			"from": [12.50559, 0.3875, 2.13708],
			"to": [12.54537, 0.5125, 2.22708],
			"rotation": {"angle": 45, "axis": "y", "origin": [8, 8, 8]},
			"faces": {
				"north": {"uv": [2, 1, 2.5, 1.5], "texture": "#2"},
				"east": {"uv": [2, 1, 2.5, 1.5], "texture": "#2"},
				"south": {"uv": [2, 1, 2.5, 1.5], "texture": "#2"},
				"west": {"uv": [2, 1, 2.5, 1.5], "texture": "#2"},
				"up": {"uv": [2, 1, 2.5, 1.5], "texture": "#2"},
				"down": {"uv": [2, 1, 2.5, 1.5], "texture": "#2"}
			}
		},
		{
			"name": "hexadecagon",
			"from": [2.21719, 0.3875, 3.48452],
			"to": [2.25697, 0.5125, 3.57452],
			"rotation": {"angle": -45, "axis": "y", "origin": [8, 8, 8]},
			"faces": {
				"north": {"uv": [2, 1, 2.5, 1.5], "texture": "#2"},
				"east": {"uv": [2, 1, 2.5, 1.5], "texture": "#2"},
				"south": {"uv": [2, 1, 2.5, 1.5], "texture": "#2"},
				"west": {"uv": [2, 1, 2.5, 1.5], "texture": "#2"},
				"up": {"uv": [2, 1, 2.5, 1.5], "texture": "#2"},
				"down": {"uv": [2, 1, 2.5, 1.5], "texture": "#2"}
			}
		},
		{
			"name": "hexadecagon",
			"from": [4.38769, 0.3875, 1.62362],
			"to": [4.42747, 0.5125, 1.71362],
			"rotation": {"angle": -22.5, "axis": "y", "origin": [8, 8, 8]},
			"faces": {
				"north": {"uv": [2, 1, 2.5, 1.5], "texture": "#2"},
				"east": {"uv": [2, 1, 2.5, 1.5], "texture": "#2"},
				"south": {"uv": [2, 1, 2.5, 1.5], "texture": "#2"},
				"west": {"uv": [2, 1, 2.5, 1.5], "texture": "#2"},
				"up": {"uv": [2, 1, 2.5, 1.5], "texture": "#2"},
				"down": {"uv": [2, 1, 2.5, 1.5], "texture": "#2"}
			}
		},
		{
			"name": "hexadecagon",
			"from": [7.10511, 0.3875, 0.735],
			"to": [7.76989, 0.5125, 0.825],
			"rotation": {"angle": 0, "axis": "y", "origin": [7.975, 8, 8]},
			"faces": {
				"north": {"uv": [2, 1, 2.5, 1.5], "texture": "#2"},
				"east": {"uv": [2, 1, 2.5, 1.5], "texture": "#2"},
				"south": {"uv": [2, 1, 2.5, 1.5], "texture": "#2"},
				"west": {"uv": [2, 1, 2.5, 1.5], "texture": "#2"},
				"up": {"uv": [2, 1, 2.5, 1.5], "texture": "#2"},
				"down": {"uv": [2, 1, 2.5, 1.5], "texture": "#2"}
			}
		},
		{
			"name": "hexadecagon",
			"from": [10.50462, 0.3875, 1.33661],
			"to": [10.5444, 0.5125, 1.42661],
			"rotation": {"angle": 22.5, "axis": "y", "origin": [7.625, 8, 8]},
			"faces": {
				"north": {"uv": [2, 1, 2.5, 1.5], "texture": "#2"},
				"east": {"uv": [2, 1, 2.5, 1.5], "texture": "#2"},
				"south": {"uv": [2, 1, 2.5, 1.5], "texture": "#2"},
				"west": {"uv": [2, 1, 2.5, 1.5], "texture": "#2"},
				"up": {"uv": [2, 1, 2.5, 1.5], "texture": "#2"},
				"down": {"uv": [2, 1, 2.5, 1.5], "texture": "#2"}
			}
		},
		{
			"name": "hexadecagon",
			"from": [12.8377, 0.3875, 2.95419],
			"to": [12.87748, 0.5125, 3.04419],
			"rotation": {"angle": 45, "axis": "y", "origin": [7.625, 8, 8]},
			"faces": {
				"north": {"uv": [2, 1, 2.5, 1.5], "texture": "#2"},
				"east": {"uv": [2, 1, 2.5, 1.5], "texture": "#2"},
				"south": {"uv": [2, 1, 2.5, 1.5], "texture": "#2"},
				"west": {"uv": [2, 1, 2.5, 1.5], "texture": "#2"},
				"up": {"uv": [2, 1, 2.5, 1.5], "texture": "#2"},
				"down": {"uv": [2, 1, 2.5, 1.5], "texture": "#2"}
			}
		},
		{
			"name": "hexadecagon",
			"from": [4.30758, 0.3875, 1.59373],
			"to": [4.39758, 0.5125, 1.63352],
			"rotation": {"angle": -22.5, "axis": "y", "origin": [8, 8, 8]},
			"faces": {
				"north": {"uv": [2, 1, 2.5, 1.5], "texture": "#2"},
				"east": {"uv": [2, 1, 2.5, 1.5], "texture": "#2"},
				"south": {"uv": [2, 1, 2.5, 1.5], "texture": "#2"},
				"west": {"uv": [2, 1, 2.5, 1.5], "texture": "#2"},
				"up": {"uv": [2, 1, 2.5, 1.5], "texture": "#2"},
				"down": {"uv": [2, 1, 2.5, 1.5], "texture": "#2"}
			}
		},
		{
			"name": "hexadecagon",
			"from": [7.025, 0.3875, 0.70511],
			"to": [7.115, 0.5125, 0.74489],
			"faces": {
				"north": {"uv": [2, 1, 2.5, 1.5], "texture": "#2"},
				"east": {"uv": [2, 1, 2.5, 1.5], "texture": "#2"},
				"south": {"uv": [2, 1, 2.5, 1.5], "texture": "#2"},
				"west": {"uv": [2, 1, 2.5, 1.5], "texture": "#2"},
				"up": {"uv": [2, 1, 2.5, 1.5], "texture": "#2"},
				"down": {"uv": [2, 1, 2.5, 1.5], "texture": "#2"}
			}
		},
		{
			"name": "hexadecagon",
			"from": [9.87563, 0.3875, 0.92404],
			"to": [9.96563, 0.5125, 0.96382],
			"rotation": {"angle": 22.5, "axis": "y", "origin": [8, 8, 8]},
			"faces": {
				"north": {"uv": [2, 1, 2.5, 1.5], "texture": "#2"},
				"east": {"uv": [2, 1, 2.5, 1.5], "texture": "#2"},
				"south": {"uv": [2, 1, 2.5, 1.5], "texture": "#2"},
				"west": {"uv": [2, 1, 2.5, 1.5], "texture": "#2"},
				"up": {"uv": [2, 1, 2.5, 1.5], "texture": "#2"},
				"down": {"uv": [2, 1, 2.5, 1.5], "texture": "#2"}
			}
		},
		{
			"name": "hexadecagon",
			"from": [4.96646, 0.3875, 1.21105],
			"to": [5.05646, 0.5125, 1.25083],
			"rotation": {"angle": -22.5, "axis": "y", "origin": [7.625, 8, 8]},
			"faces": {
				"north": {"uv": [2, 1, 2.5, 1.5], "texture": "#2"},
				"east": {"uv": [2, 1, 2.5, 1.5], "texture": "#2"},
				"south": {"uv": [2, 1, 2.5, 1.5], "texture": "#2"},
				"west": {"uv": [2, 1, 2.5, 1.5], "texture": "#2"},
				"up": {"uv": [2, 1, 2.5, 1.5], "texture": "#2"},
				"down": {"uv": [2, 1, 2.5, 1.5], "texture": "#2"}
			}
		},
		{
			"name": "hexadecagon",
			"from": [7.76, 0.3875, 0.70511],
			"to": [7.85, 0.5125, 0.74489],
			"rotation": {"angle": 0, "axis": "y", "origin": [7.625, 8, 8]},
			"faces": {
				"north": {"uv": [2, 1, 2.5, 1.5], "texture": "#2"},
				"east": {"uv": [2, 1, 2.5, 1.5], "texture": "#2"},
				"south": {"uv": [2, 1, 2.5, 1.5], "texture": "#2"},
				"west": {"uv": [2, 1, 2.5, 1.5], "texture": "#2"},
				"up": {"uv": [2, 1, 2.5, 1.5], "texture": "#2"},
				"down": {"uv": [2, 1, 2.5, 1.5], "texture": "#2"}
			}
		},
		{
			"name": "hexadecagon",
			"from": [10.53451, 0.3875, 1.30672],
			"to": [10.62451, 0.5125, 1.3465],
			"rotation": {"angle": 22.5, "axis": "y", "origin": [7.625, 8, 8]},
			"faces": {
				"north": {"uv": [2, 1, 2.5, 1.5], "texture": "#2"},
				"east": {"uv": [2, 1, 2.5, 1.5], "texture": "#2"},
				"south": {"uv": [2, 1, 2.5, 1.5], "texture": "#2"},
				"west": {"uv": [2, 1, 2.5, 1.5], "texture": "#2"},
				"up": {"uv": [2, 1, 2.5, 1.5], "texture": "#2"},
				"down": {"uv": [2, 1, 2.5, 1.5], "texture": "#2"}
			}
		}
	],
	"display": {
		"thirdperson_righthand": {
			"rotation": [90, 0, 0],
			"translation": [0, 1, 2.5],
			"scale": [0.28, 0.28, 0.28]
		},
		"thirdperson_lefthand": {
			"rotation": [90, 0, 0],
			"translation": [0, 1, 2.5],
			"scale": [0.28, 0.28, 0.28]
		},
		"firstperson_righthand": {
			"rotation": [72.75, 0, 0],
			"translation": [3, 1, 2.5],
			"scale": [0.67, 0.67, 0.67]
		},
		"firstperson_lefthand": {
			"rotation": [84, 0, 0],
			"translation": [4, 0.5, 2.5],
			"scale": [0.67, 0.67, 0.67]
		},
		"ground": {
			"translation": [0, 11.5, 0],
			"scale": [0.78, 0.78, 0.78]
		},
		"gui": {
			"rotation": [86, 11, -157],
			"translation": [2.5, -1.75, -12],
			"scale": [0.95, 0.95, 0.95]
		},
		"head": {
			"rotation": [-20.25, 0, 0],
			"translation": [0, -1.25, -10.75],
			"scale": [0.65, 0.65, 0.65]
		},
		"fixed": {
			"rotation": [90, 0, -180],
			"translation": [-0.75, -2, -12],
			"scale": [1.43, 1.43, 1.43]
		}
	},
	"groups": [
		{
			"name": "2",
			"origin": [7.86241, 8, 7.77372],
			"children": [0, 1, 2]
		},
		{
			"name": "2",
			"origin": [7.86241, 8, 7.77372],
			"children": [3, 4, 5]
		},
		{
			"name": "2",
			"origin": [7.86241, 8, 7.77372],
			"children": [6, 7, 8]
		},
		{
			"name": "group",
			"origin": [7, 8, 7.97266],
			"children": [9, 10]
		},
		{
			"name": "group",
			"origin": [12.31036, 0.25, 0.3934],
			"children": [11, 12, 13, 14, 15, 16, 17, 18, 19, 20, 21, 22, 23, 24, 25]
		},
		{
			"name": "hexadecagon",
			"origin": [8, 8, 8],
			"children": [26, 27, 28, 29, 30, 31, 32, 33]
		},
		{
			"name": "hexadecagon",
			"origin": [8, 8, 8],
			"children": [34, 35, 36, 37, 38, 39, 40, 41]
		},
		{
			"name": "hexadecagon",
			"origin": [8, 8, 8],
			"children": [42, 43, 44, 45, 46, 47, 48, 49, 50, 51, 52, 53, 54, 55, 56, 57]
		}
	]
}