{
	"credit": "Made with Blockbench",
	"textures": {
		"3": "fish/ayu"
	},
	"elements": [
		{
			"name": "ayu_0",
			"from": [7.5, 0, 5.25],
			"to": [8.75, 0.25, 10],
			"faces": {
				"north": {"uv": [8.75, 5.25, 7.5, 5.5], "texture": "#3"},
				"east": {"uv": [8.5, 5.25, 8.75, 10], "rotation": 90, "texture": "#3"},
				"south": {"uv": [7.5, 9.75, 8.75, 10], "texture": "#3"},
				"west": {"uv": [7.5, 5.25, 7.75, 10], "rotation": 270, "texture": "#3"},
				"up": {"uv": [7.5, 5.25, 8.75, 10], "texture": "#3"},
				"down": {"uv": [7.5, 10, 8.75, 5.25], "texture": "#3"}
			}
		},
		{
			"name": "ayu_1",
			"from": [6.75, 0, 5.5],
			"to": [7.5, 0.25, 9.75],
			"faces": {
				"north": {"uv": [7.5, 5.5, 6.75, 5.75], "texture": "#3"},
				"east": {"uv": [7.25, 5.5, 7.5, 9.75], "rotation": 90, "texture": "#3"},
				"south": {"uv": [6.75, 9.5, 7.5, 9.75], "texture": "#3"},
				"west": {"uv": [6.75, 5.5, 7, 9.75], "rotation": 270, "texture": "#3"},
				"up": {"uv": [6.75, 5.5, 7.5, 9.75], "texture": "#3"},
				"down": {"uv": [6.75, 9.75, 7.5, 5.5], "texture": "#3"}
			}
		},
		{
			"name": "ayu_2",
			"from": [8.75, 0, 5.5],
			"to": [9, 0.25, 9],
			"faces": {
				"north": {"uv": [9, 5.5, 8.75, 5.75], "texture": "#3"},
				"east": {"uv": [8.75, 5.5, 9, 9], "rotation": 90, "texture": "#3"},
				"south": {"uv": [8.75, 8.75, 9, 9], "texture": "#3"},
				"west": {"uv": [8.75, 5.5, 9, 9], "rotation": 270, "texture": "#3"},
				"up": {"uv": [8.75, 5.5, 9, 9], "texture": "#3"},
				"down": {"uv": [8.75, 9, 9, 5.5], "texture": "#3"}
			}
		},
		{
			"name": "ayu_3",
			"from": [14.5, 0, 5.5],
			"to": [15.25, 0.25, 7],
			"faces": {
				"north": {"uv": [15.25, 5.5, 14.5, 5.75], "texture": "#3"},
				"east": {"uv": [15, 5.5, 15.25, 7], "rotation": 90, "texture": "#3"},
				"south": {"uv": [14.5, 6.75, 15.25, 7], "texture": "#3"},
				"west": {"uv": [14.5, 5.5, 14.75, 7], "rotation": 270, "texture": "#3"},
				"up": {"uv": [14.5, 5.5, 15.25, 7], "texture": "#3"},
				"down": {"uv": [14.5, 7, 15.25, 5.5], "texture": "#3"}
			}
		},
		{
			"name": "ayu_4",
			"from": [15.25, 0, 5.5],
			"to": [15.75, 0.25, 5.75],
			"faces": {
				"north": {"uv": [15.75, 5.5, 15.25, 5.75], "texture": "#3"},
				"east": {"uv": [15.5, 5.5, 15.75, 5.75], "rotation": 90, "texture": "#3"},
				"south": {"uv": [15.25, 5.5, 15.75, 5.75], "texture": "#3"},
				"west": {"uv": [15.25, 5.5, 15.5, 5.75], "rotation": 270, "texture": "#3"},
				"up": {"uv": [15.25, 5.5, 15.75, 5.75], "texture": "#3"},
				"down": {"uv": [15.25, 5.75, 15.75, 5.5], "texture": "#3"}
			}
		},
		{
			"name": "ayu_5",
			"from": [4, 0, 5.75],
			"to": [6.75, 0.25, 9.5],
			"faces": {
				"north": {"uv": [6.75, 5.75, 4, 6], "texture": "#3"},
				"east": {"uv": [6.5, 5.75, 6.75, 9.5], "rotation": 90, "texture": "#3"},
				"south": {"uv": [4, 9.25, 6.75, 9.5], "texture": "#3"},
				"west": {"uv": [4, 5.75, 4.25, 9.5], "rotation": 270, "texture": "#3"},
				"up": {"uv": [4, 5.75, 6.75, 9.5], "texture": "#3"},
				"down": {"uv": [4, 9.5, 6.75, 5.75], "texture": "#3"}
			}
		},
		{
			"name": "ayu_6",
			"from": [14, 0, 5.75],
			"to": [14.5, 0.25, 8.5],
			"faces": {
				"north": {"uv": [14.5, 5.75, 14, 6], "texture": "#3"},
				"east": {"uv": [14.25, 5.75, 14.5, 8.5], "rotation": 90, "texture": "#3"},
				"south": {"uv": [14, 8.25, 14.5, 8.5], "texture": "#3"},
				"west": {"uv": [14, 5.75, 14.25, 8.5], "rotation": 270, "texture": "#3"},
				"up": {"uv": [14, 5.75, 14.5, 8.5], "texture": "#3"},
				"down": {"uv": [14, 8.5, 14.5, 5.75], "texture": "#3"}
			}
		},
		{
			"name": "ayu_7",
			"from": [15.75, 0, 5.75],
			"to": [16, 0.25, 6],
			"faces": {
				"north": {"uv": [16, 5.75, 15.75, 6], "texture": "#3"},
				"east": {"uv": [15.75, 5.75, 16, 6], "rotation": 90, "texture": "#3"},
				"south": {"uv": [15.75, 5.75, 16, 6], "texture": "#3"},
				"west": {"uv": [15.75, 5.75, 16, 6], "rotation": 270, "texture": "#3"},
				"up": {"uv": [15.75, 5.75, 16, 6], "texture": "#3"},
				"down": {"uv": [15.75, 6, 16, 5.75], "texture": "#3"}
			}
		},
		{
			"name": "ayu_8",
			"from": [2.5, 0, 6],
			"to": [4, 0.25, 9.25],
			"faces": {
				"north": {"uv": [4, 6, 2.5, 6.25], "texture": "#3"},
				"east": {"uv": [3.75, 6, 4, 9.25], "rotation": 90, "texture": "#3"},
				"south": {"uv": [2.5, 9, 4, 9.25], "texture": "#3"},
				"west": {"uv": [2.5, 6, 2.75, 9.25], "rotation": 270, "texture": "#3"},
				"up": {"uv": [2.5, 6, 4, 9.25], "texture": "#3"},
				"down": {"uv": [2.5, 9.25, 4, 6], "texture": "#3"}
			}
		},
		{
			"name": "ayu_9",
			"from": [9, 0, 6],
			"to": [9.75, 0.25, 9],
			"faces": {
				"north": {"uv": [9.75, 6, 9, 6.25], "texture": "#3"},
				"east": {"uv": [9.5, 6, 9.75, 9], "rotation": 90, "texture": "#3"},
				"south": {"uv": [9, 8.75, 9.75, 9], "texture": "#3"},
				"west": {"uv": [9, 6, 9.25, 9], "rotation": 270, "texture": "#3"},
				"up": {"uv": [9, 6, 9.75, 9], "texture": "#3"},
				"down": {"uv": [9, 9, 9.75, 6], "texture": "#3"}
			}
		},
		{
			"name": "ayu_10",
			"from": [10.75, 0, 6],
			"to": [11.75, 0.25, 8.25],
			"faces": {
				"north": {"uv": [11.75, 6, 10.75, 6.25], "texture": "#3"},
				"east": {"uv": [11.5, 6, 11.75, 8.25], "rotation": 90, "texture": "#3"},
				"south": {"uv": [10.75, 8, 11.75, 8.25], "texture": "#3"},
				"west": {"uv": [10.75, 6, 11, 8.25], "rotation": 270, "texture": "#3"},
				"up": {"uv": [10.75, 6, 11.75, 8.25], "texture": "#3"},
				"down": {"uv": [10.75, 8.25, 11.75, 6], "texture": "#3"}
			}
		},
		{
			"name": "ayu_11",
			"from": [13.5, 0, 6],
			"to": [14, 0.25, 8.25],
			"faces": {
				"north": {"uv": [14, 6, 13.5, 6.25], "texture": "#3"},
				"east": {"uv": [13.75, 6, 14, 8.25], "rotation": 90, "texture": "#3"},
				"south": {"uv": [13.5, 8, 14, 8.25], "texture": "#3"},
				"west": {"uv": [13.5, 6, 13.75, 8.25], "rotation": 270, "texture": "#3"},
				"up": {"uv": [13.5, 6, 14, 8.25], "texture": "#3"},
				"down": {"uv": [13.5, 8.25, 14, 6], "texture": "#3"}
			}
		},
		{
			"name": "ayu_12",
			"from": [15.25, 0, 6],
			"to": [15.75, 0.25, 6.5],
			"faces": {
				"north": {"uv": [15.75, 6, 15.25, 6.25], "texture": "#3"},
				"east": {"uv": [15.5, 6, 15.75, 6.5], "rotation": 90, "texture": "#3"},
				"south": {"uv": [15.25, 6.25, 15.75, 6.5], "texture": "#3"},
				"west": {"uv": [15.25, 6, 15.5, 6.5], "rotation": 270, "texture": "#3"},
				"up": {"uv": [15.25, 6, 15.75, 6.5], "texture": "#3"},
				"down": {"uv": [15.25, 6.5, 15.75, 6], "texture": "#3"}
			}
		},
		{
			"name": "ayu_13",
			"from": [1.75, 0, 6.25],
			"to": [2.5, 0.25, 9],
			"faces": {
				"north": {"uv": [2.5, 6.25, 1.75, 6.5], "texture": "#3"},
				"east": {"uv": [2.25, 6.25, 2.5, 9], "rotation": 90, "texture": "#3"},
				"south": {"uv": [1.75, 8.75, 2.5, 9], "texture": "#3"},
				"west": {"uv": [1.75, 6.25, 2, 9], "rotation": 270, "texture": "#3"},
				"up": {"uv": [1.75, 6.25, 2.5, 9], "texture": "#3"},
				"down": {"uv": [1.75, 9, 2.5, 6.25], "texture": "#3"}
			}
		},
		{
			"name": "ayu_14",
			"from": [9.75, 0, 6.25],
			"to": [10.75, 0.25, 9.5],
			"faces": {
				"north": {"uv": [10.75, 6.25, 9.75, 6.5], "texture": "#3"},
				"east": {"uv": [10.5, 6.25, 10.75, 9.5], "rotation": 90, "texture": "#3"},
				"south": {"uv": [9.75, 9.25, 10.75, 9.5], "texture": "#3"},
				"west": {"uv": [9.75, 6.25, 10, 9.5], "rotation": 270, "texture": "#3"},
				"up": {"uv": [9.75, 6.25, 10.75, 9.5], "texture": "#3"},
				"down": {"uv": [9.75, 9.5, 10.75, 6.25], "texture": "#3"}
			}
		},
		{
			"name": "ayu_15",
			"from": [11.75, 0, 6.25],
			"to": [12, 0.25, 8.25],
			"faces": {
				"north": {"uv": [12, 6.25, 11.75, 6.5], "texture": "#3"},
				"east": {"uv": [11.75, 6.25, 12, 8.25], "rotation": 90, "texture": "#3"},
				"south": {"uv": [11.75, 8, 12, 8.25], "texture": "#3"},
				"west": {"uv": [11.75, 6.25, 12, 8.25], "rotation": 270, "texture": "#3"},
				"up": {"uv": [11.75, 6.25, 12, 8.25], "texture": "#3"},
				"down": {"uv": [11.75, 8.25, 12, 6.25], "texture": "#3"}
			}
		},
		{
			"name": "ayu_16",
			"from": [13, 0, 6.25],
			"to": [13.5, 0.25, 8],
			"faces": {
				"north": {"uv": [13.5, 6.25, 13, 6.5], "texture": "#3"},
				"east": {"uv": [13.25, 6.25, 13.5, 8], "rotation": 90, "texture": "#3"},
				"south": {"uv": [13, 7.75, 13.5, 8], "texture": "#3"},
				"west": {"uv": [13, 6.25, 13.25, 8], "rotation": 270, "texture": "#3"},
				"up": {"uv": [13, 6.25, 13.5, 8], "texture": "#3"},
				"down": {"uv": [13, 8, 13.5, 6.25], "texture": "#3"}
			}
		},
		{
			"name": "ayu_17",
			"from": [1.25, 0, 6.5],
			"to": [1.75, 0.25, 8.75],
			"faces": {
				"north": {"uv": [1.75, 6.5, 1.25, 6.75], "texture": "#3"},
				"east": {"uv": [1.5, 6.5, 1.75, 8.75], "rotation": 90, "texture": "#3"},
				"south": {"uv": [1.25, 8.5, 1.75, 8.75], "texture": "#3"},
				"west": {"uv": [1.25, 6.5, 1.5, 8.75], "rotation": 270, "texture": "#3"},
				"up": {"uv": [1.25, 6.5, 1.75, 8.75], "texture": "#3"},
				"down": {"uv": [1.25, 8.75, 1.75, 6.5], "texture": "#3"}
			}
		},
		{
			"name": "ayu_18",
			"from": [12, 0, 6.5],
			"to": [13, 0.25, 8],
			"faces": {
				"north": {"uv": [13, 6.5, 12, 6.75], "texture": "#3"},
				"east": {"uv": [12.75, 6.5, 13, 8], "rotation": 90, "texture": "#3"},
				"south": {"uv": [12, 7.75, 13, 8], "texture": "#3"},
				"west": {"uv": [12, 6.5, 12.25, 8], "rotation": 270, "texture": "#3"},
				"up": {"uv": [12, 6.5, 13, 8], "texture": "#3"},
				"down": {"uv": [12, 8, 13, 6.5], "texture": "#3"}
			}
		},
		{
			"name": "ayu_19",
			"from": [15.25, 0, 6.5],
			"to": [15.5, 0.25, 6.75],
			"faces": {
				"north": {"uv": [15.5, 6.5, 15.25, 6.75], "texture": "#3"},
				"east": {"uv": [15.25, 6.5, 15.5, 6.75], "rotation": 90, "texture": "#3"},
				"south": {"uv": [15.25, 6.5, 15.5, 6.75], "texture": "#3"},
				"west": {"uv": [15.25, 6.5, 15.5, 6.75], "rotation": 270, "texture": "#3"},
				"up": {"uv": [15.25, 6.5, 15.5, 6.75], "texture": "#3"},
				"down": {"uv": [15.25, 6.75, 15.5, 6.5], "texture": "#3"}
			}
		},
		{
			"name": "ayu_20",
			"from": [1, 0, 6.75],
			"to": [1.25, 0.25, 8.75],
			"faces": {
				"north": {"uv": [1.25, 6.75, 1, 7], "texture": "#3"},
				"east": {"uv": [1, 6.75, 1.25, 8.75], "rotation": 90, "texture": "#3"},
				"south": {"uv": [1, 8.5, 1.25, 8.75], "texture": "#3"},
				"west": {"uv": [1, 6.75, 1.25, 8.75], "rotation": 270, "texture": "#3"},
				"up": {"uv": [1, 6.75, 1.25, 8.75], "texture": "#3"},
				"down": {"uv": [1, 8.75, 1.25, 6.75], "texture": "#3"}
			}
		},
		{
			"name": "ayu_21",
			"from": [0.75, 0, 7],
			"to": [1, 0.25, 8.5],
			"faces": {
				"north": {"uv": [1, 7, 0.75, 7.25], "texture": "#3"},
				"east": {"uv": [0.75, 7, 1, 8.5], "rotation": 90, "texture": "#3"},
				"south": {"uv": [0.75, 8.25, 1, 8.5], "texture": "#3"},
				"west": {"uv": [0.75, 7, 1, 8.5], "rotation": 270, "texture": "#3"},
				"up": {"uv": [0.75, 7, 1, 8.5], "texture": "#3"},
				"down": {"uv": [0.75, 8.5, 1, 7], "texture": "#3"}
			}
		},
		{
			"name": "ayu_22",
			"from": [14.5, 0, 7],
			"to": [15, 0.25, 8.75],
			"faces": {
				"north": {"uv": [15, 7, 14.5, 7.25], "texture": "#3"},
				"east": {"uv": [14.75, 7, 15, 8.75], "rotation": 90, "texture": "#3"},
				"south": {"uv": [14.5, 8.5, 15, 8.75], "texture": "#3"},
				"west": {"uv": [14.5, 7, 14.75, 8.75], "rotation": 270, "texture": "#3"},
				"up": {"uv": [14.5, 7, 15, 8.75], "texture": "#3"},
				"down": {"uv": [14.5, 8.75, 15, 7], "texture": "#3"}
			}
		},
		{
			"name": "ayu_23",
			"from": [0.5, 0, 7.25],
			"to": [0.75, 0.25, 8.5],
			"faces": {
				"north": {"uv": [0.75, 7.25, 0.5, 7.5], "texture": "#3"},
				"east": {"uv": [0.5, 7.25, 0.75, 8.5], "rotation": 90, "texture": "#3"},
				"south": {"uv": [0.5, 8.25, 0.75, 8.5], "texture": "#3"},
				"west": {"uv": [0.5, 7.25, 0.75, 8.5], "rotation": 270, "texture": "#3"},
				"up": {"uv": [0.5, 7.25, 0.75, 8.5], "texture": "#3"},
				"down": {"uv": [0.5, 8.5, 0.75, 7.25], "texture": "#3"}
			}
		},
		{
			"name": "ayu_24",
			"from": [0.25, 0, 7.5],
			"to": [0.5, 0.25, 8.25],
			"faces": {
				"north": {"uv": [0.5, 7.5, 0.25, 7.75], "texture": "#3"},
				"east": {"uv": [0.25, 7.5, 0.5, 8.25], "rotation": 90, "texture": "#3"},
				"south": {"uv": [0.25, 8, 0.5, 8.25], "texture": "#3"},
				"west": {"uv": [0.25, 7.5, 0.5, 8.25], "rotation": 270, "texture": "#3"},
				"up": {"uv": [0.25, 7.5, 0.5, 8.25], "texture": "#3"},
				"down": {"uv": [0.25, 8.25, 0.5, 7.5], "texture": "#3"}
			}
		},
		{
			"name": "ayu_25",
			"from": [15, 0, 7.5],
			"to": [15.25, 0.25, 8.75],
			"faces": {
				"north": {"uv": [15.25, 7.5, 15, 7.75], "texture": "#3"},
				"east": {"uv": [15, 7.5, 15.25, 8.75], "rotation": 90, "texture": "#3"},
				"south": {"uv": [15, 8.5, 15.25, 8.75], "texture": "#3"},
				"west": {"uv": [15, 7.5, 15.25, 8.75], "rotation": 270, "texture": "#3"},
				"up": {"uv": [15, 7.5, 15.25, 8.75], "texture": "#3"},
				"down": {"uv": [15, 8.75, 15.25, 7.5], "texture": "#3"}
			}
		},
		{
			"name": "ayu_26",
			"from": [15.25, 0, 7.75],
			"to": [15.5, 0.25, 8.75],
			"faces": {
				"north": {"uv": [15.5, 7.75, 15.25, 8], "texture": "#3"},
				"east": {"uv": [15.25, 7.75, 15.5, 8.75], "rotation": 90, "texture": "#3"},
				"south": {"uv": [15.25, 8.5, 15.5, 8.75], "texture": "#3"},
				"west": {"uv": [15.25, 7.75, 15.5, 8.75], "rotation": 270, "texture": "#3"},
				"up": {"uv": [15.25, 7.75, 15.5, 8.75], "texture": "#3"},
				"down": {"uv": [15.25, 8.75, 15.5, 7.75], "texture": "#3"}
			}
		},
		{
			"name": "ayu_27",
			"from": [12, 0, 8],
			"to": [12.5, 0.25, 8.25],
			"faces": {
				"north": {"uv": [12.5, 8, 12, 8.25], "texture": "#3"},
				"east": {"uv": [12.25, 8, 12.5, 8.25], "rotation": 90, "texture": "#3"},
				"south": {"uv": [12, 8, 12.5, 8.25], "texture": "#3"},
				"west": {"uv": [12, 8, 12.25, 8.25], "rotation": 270, "texture": "#3"},
				"up": {"uv": [12, 8, 12.5, 8.25], "texture": "#3"},
				"down": {"uv": [12, 8.25, 12.5, 8], "texture": "#3"}
			}
		},
		{
			"name": "ayu_28",
			"from": [13.25, 0, 8],
			"to": [13.5, 0.25, 8.25],
			"faces": {
				"north": {"uv": [13.5, 8, 13.25, 8.25], "texture": "#3"},
				"east": {"uv": [13.25, 8, 13.5, 8.25], "rotation": 90, "texture": "#3"},
				"south": {"uv": [13.25, 8, 13.5, 8.25], "texture": "#3"},
				"west": {"uv": [13.25, 8, 13.5, 8.25], "rotation": 270, "texture": "#3"},
				"up": {"uv": [13.25, 8, 13.5, 8.25], "texture": "#3"},
				"down": {"uv": [13.25, 8.25, 13.5, 8], "texture": "#3"}
			}
		},
		{
			"name": "ayu_29",
			"from": [15.5, 0, 8],
			"to": [15.75, 0.25, 8.75],
			"faces": {
				"north": {"uv": [15.75, 8, 15.5, 8.25], "texture": "#3"},
				"east": {"uv": [15.5, 8, 15.75, 8.75], "rotation": 90, "texture": "#3"},
				"south": {"uv": [15.5, 8.5, 15.75, 8.75], "texture": "#3"},
				"west": {"uv": [15.5, 8, 15.75, 8.75], "rotation": 270, "texture": "#3"},
				"up": {"uv": [15.5, 8, 15.75, 8.75], "texture": "#3"},
				"down": {"uv": [15.5, 8.75, 15.75, 8], "texture": "#3"}
			}
		},
		{
			"name": "ayu_30",
			"from": [10.75, 0, 8.25],
			"to": [11.25, 0.25, 9.75],
			"faces": {
				"north": {"uv": [11.25, 8.25, 10.75, 8.5], "texture": "#3"},
				"east": {"uv": [11, 8.25, 11.25, 9.75], "rotation": 90, "texture": "#3"},
				"south": {"uv": [10.75, 9.5, 11.25, 9.75], "texture": "#3"},
				"west": {"uv": [10.75, 8.25, 11, 9.75], "rotation": 270, "texture": "#3"},
				"up": {"uv": [10.75, 8.25, 11.25, 9.75], "texture": "#3"},
				"down": {"uv": [10.75, 9.75, 11.25, 8.25], "texture": "#3"}
			}
		},
		{
			"name": "ayu_31",
			"from": [11.25, 0, 8.25],
			"to": [11.5, 0.25, 8.5],
			"faces": {
				"north": {"uv": [11.5, 8.25, 11.25, 8.5], "texture": "#3"},
				"east": {"uv": [11.25, 8.25, 11.5, 8.5], "rotation": 90, "texture": "#3"},
				"south": {"uv": [11.25, 8.25, 11.5, 8.5], "texture": "#3"},
				"west": {"uv": [11.25, 8.25, 11.5, 8.5], "rotation": 270, "texture": "#3"},
				"up": {"uv": [11.25, 8.25, 11.5, 8.5], "texture": "#3"},
				"down": {"uv": [11.25, 8.5, 11.5, 8.25], "texture": "#3"}
			}
		},
		{
			"name": "ayu_32",
			"from": [13.75, 0, 8.25],
			"to": [14, 0.25, 8.5],
			"faces": {
				"north": {"uv": [14, 8.25, 13.75, 8.5], "texture": "#3"},
				"east": {"uv": [13.75, 8.25, 14, 8.5], "rotation": 90, "texture": "#3"},
				"south": {"uv": [13.75, 8.25, 14, 8.5], "texture": "#3"},
				"west": {"uv": [13.75, 8.25, 14, 8.5], "rotation": 270, "texture": "#3"},
				"up": {"uv": [13.75, 8.25, 14, 8.5], "texture": "#3"},
				"down": {"uv": [13.75, 8.5, 14, 8.25], "texture": "#3"}
			}
		},
		{
			"name": "ayu_33",
			"from": [15.75, 0, 8.25],
			"to": [16, 0.25, 8.5],
			"faces": {
				"north": {"uv": [16, 8.25, 15.75, 8.5], "texture": "#3"},
				"east": {"uv": [15.75, 8.25, 16, 8.5], "rotation": 90, "texture": "#3"},
				"south": {"uv": [15.75, 8.25, 16, 8.5], "texture": "#3"},
				"west": {"uv": [15.75, 8.25, 16, 8.5], "rotation": 270, "texture": "#3"},
				"up": {"uv": [15.75, 8.25, 16, 8.5], "texture": "#3"},
				"down": {"uv": [15.75, 8.5, 16, 8.25], "texture": "#3"}
			}
		},
		{
			"name": "ayu_34",
			"from": [14.25, 0, 8.5],
			"to": [14.5, 0.25, 8.75],
			"faces": {
				"north": {"uv": [14.5, 8.5, 14.25, 8.75], "texture": "#3"},
				"east": {"uv": [14.25, 8.5, 14.5, 8.75], "rotation": 90, "texture": "#3"},
				"south": {"uv": [14.25, 8.5, 14.5, 8.75], "texture": "#3"},
				"west": {"uv": [14.25, 8.5, 14.5, 8.75], "rotation": 270, "texture": "#3"},
				"up": {"uv": [14.25, 8.5, 14.5, 8.75], "texture": "#3"},
				"down": {"uv": [14.25, 8.75, 14.5, 8.5], "texture": "#3"}
			}
		},
		{
			"name": "ayu_35",
			"from": [1.5, 0, 8.75],
			"to": [1.75, 0.25, 9],
			"faces": {
				"north": {"uv": [1.75, 8.75, 1.5, 9], "texture": "#3"},
				"east": {"uv": [1.5, 8.75, 1.75, 9], "rotation": 90, "texture": "#3"},
				"south": {"uv": [1.5, 8.75, 1.75, 9], "texture": "#3"},
				"west": {"uv": [1.5, 8.75, 1.75, 9], "rotation": 270, "texture": "#3"},
				"up": {"uv": [1.5, 8.75, 1.75, 9], "texture": "#3"},
				"down": {"uv": [1.5, 9, 1.75, 8.75], "texture": "#3"}
			}
		},
		{
			"name": "ayu_36",
			"from": [2.25, 0, 9],
			"to": [2.5, 0.25, 9.25],
			"faces": {
				"north": {"uv": [2.5, 9, 2.25, 9.25], "texture": "#3"},
				"east": {"uv": [2.25, 9, 2.5, 9.25], "rotation": 90, "texture": "#3"},
				"south": {"uv": [2.25, 9, 2.5, 9.25], "texture": "#3"},
				"west": {"uv": [2.25, 9, 2.5, 9.25], "rotation": 270, "texture": "#3"},
				"up": {"uv": [2.25, 9, 2.5, 9.25], "texture": "#3"},
				"down": {"uv": [2.25, 9.25, 2.5, 9], "texture": "#3"}
			}
		},
		{
			"name": "ayu_37",
			"from": [9.5, 0, 9],
			"to": [9.75, 0.25, 9.25],
			"faces": {
				"north": {"uv": [9.75, 9, 9.5, 9.25], "texture": "#3"},
				"east": {"uv": [9.5, 9, 9.75, 9.25], "rotation": 90, "texture": "#3"},
				"south": {"uv": [9.5, 9, 9.75, 9.25], "texture": "#3"},
				"west": {"uv": [9.5, 9, 9.75, 9.25], "rotation": 270, "texture": "#3"},
				"up": {"uv": [9.5, 9, 9.75, 9.25], "texture": "#3"},
				"down": {"uv": [9.5, 9.25, 9.75, 9], "texture": "#3"}
			}
		},
		{
			"name": "ayu_38",
			"from": [11.25, 0, 9],
			"to": [11.5, 0.25, 9.5],
			"faces": {
				"north": {"uv": [11.5, 9, 11.25, 9.25], "texture": "#3"},
				"east": {"uv": [11.25, 9, 11.5, 9.5], "rotation": 90, "texture": "#3"},
				"south": {"uv": [11.25, 9.25, 11.5, 9.5], "texture": "#3"},
				"west": {"uv": [11.25, 9, 11.5, 9.5], "rotation": 270, "texture": "#3"},
				"up": {"uv": [11.25, 9, 11.5, 9.5], "texture": "#3"},
				"down": {"uv": [11.25, 9.5, 11.5, 9], "texture": "#3"}
			}
		},
		{
			"name": "ayu_39",
			"from": [3.75, 0, 9.25],
			"to": [4, 0.25, 9.5],
			"faces": {
				"north": {"uv": [4, 9.25, 3.75, 9.5], "texture": "#3"},
				"east": {"uv": [3.75, 9.25, 4, 9.5], "rotation": 90, "texture": "#3"},
				"south": {"uv": [3.75, 9.25, 4, 9.5], "texture": "#3"},
				"west": {"uv": [3.75, 9.25, 4, 9.5], "rotation": 270, "texture": "#3"},
				"up": {"uv": [3.75, 9.25, 4, 9.5], "texture": "#3"},
				"down": {"uv": [3.75, 9.5, 4, 9.25], "texture": "#3"}
			}
		},
		{
			"name": "ayu_40",
			"from": [4.25, 0, 9.5],
			"to": [4.5, 0.25, 9.75],
			"faces": {
				"north": {"uv": [4.5, 9.5, 4.25, 9.75], "texture": "#3"},
				"east": {"uv": [4.25, 9.5, 4.5, 9.75], "rotation": 90, "texture": "#3"},
				"south": {"uv": [4.25, 9.5, 4.5, 9.75], "texture": "#3"},
				"west": {"uv": [4.25, 9.5, 4.5, 9.75], "rotation": 270, "texture": "#3"},
				"up": {"uv": [4.25, 9.5, 4.5, 9.75], "texture": "#3"},
				"down": {"uv": [4.25, 9.75, 4.5, 9.5], "texture": "#3"}
			}
		},
		{
			"name": "ayu_41",
			"from": [10.5, 0, 9.5],
			"to": [10.75, 0.25, 9.75],
			"faces": {
				"north": {"uv": [10.75, 9.5, 10.5, 9.75], "texture": "#3"},
				"east": {"uv": [10.5, 9.5, 10.75, 9.75], "rotation": 90, "texture": "#3"},
				"south": {"uv": [10.5, 9.5, 10.75, 9.75], "texture": "#3"},
				"west": {"uv": [10.5, 9.5, 10.75, 9.75], "rotation": 270, "texture": "#3"},
				"up": {"uv": [10.5, 9.5, 10.75, 9.75], "texture": "#3"},
				"down": {"uv": [10.5, 9.75, 10.75, 9.5], "texture": "#3"}
			}
		},
		{
			"name": "ayu_42",
			"from": [7.25, 0, 9.75],
			"to": [7.5, 0.25, 10],
			"faces": {
				"north": {"uv": [7.5, 9.75, 7.25, 10], "texture": "#3"},
				"east": {"uv": [7.25, 9.75, 7.5, 10], "rotation": 90, "texture": "#3"},
				"south": {"uv": [7.25, 9.75, 7.5, 10], "texture": "#3"},
				"west": {"uv": [7.25, 9.75, 7.5, 10], "rotation": 270, "texture": "#3"},
				"up": {"uv": [7.25, 9.75, 7.5, 10], "texture": "#3"},
				"down": {"uv": [7.25, 10, 7.5, 9.75], "texture": "#3"}
			}
		},
		{
			"name": "ayu_43",
			"from": [7.5, 0, 10],
			"to": [8.5, 0.25, 10.25],
			"faces": {
				"north": {"uv": [8.5, 10, 7.5, 10.25], "texture": "#3"},
				"east": {"uv": [8.25, 10, 8.5, 10.25], "rotation": 90, "texture": "#3"},
				"south": {"uv": [7.5, 10, 8.5, 10.25], "texture": "#3"},
				"west": {"uv": [7.5, 10, 7.75, 10.25], "rotation": 270, "texture": "#3"},
				"up": {"uv": [7.5, 10, 8.5, 10.25], "texture": "#3"},
				"down": {"uv": [7.5, 10.25, 8.5, 10], "texture": "#3"}
			}
		}
	],
	"gui_light": "front",
	"display": {
		"thirdperson_righthand": {
			"rotation": [81, -2.75, 1.75],
			"translation": [0.25, 1.5, 5.25],
			"scale": [0.6, 0.6, 0.6]
		},
		"thirdperson_lefthand": {
			"rotation": [81, -2.75, 1.75],
			"translation": [0.25, 1.5, 5.25],
			"scale": [0.6, 0.6, 0.6]
		},
		"firstperson_righthand": {
			"rotation": [81, -2.75, 1.75],
			"translation": [0.25, 1.5, 5.25],
			"scale": [0.6, 0.6, 0.6]
		},
		"firstperson_lefthand": {
			"rotation": [81, -2.75, 1.75],
			"translation": [0.25, 1.5, 5.25],
			"scale": [0.6, 0.6, 0.6]
		},
		"ground": {
			"rotation": [81, -2.75, 1.75],
			"translation": [0.25, 1.5, 5.25],
			"scale": [0.6, 0.6, 0.6]
		},
		"gui": {
			"rotation": [90, 0, 0],
			"translation": [0, 0, 17.5],
			"scale": [1.06, 1.06, 1.06]
		},
		"head": {
			"rotation": [81, -2.75, 1.75],
			"translation": [0.25, 7.75, 10.75],
			"scale": [0.6, 0.6, 0.6]
		},
		"fixed": {
			"rotation": [90, 0, 0],
			"translation": [-0.5, 0.25, 9.75],
			"scale": [1.28, 1.28, 1.28]
		}
	},
	"groups": [
		{
			"name": "ayu",
			"origin": [8, 8, 8],
			"children": [0, 1, 2, 3, 4, 5, 6, 7, 8, 9, 10, 11, 12, 13, 14, 15, 16, 17, 18, 19, 20, 21, 22, 23, 24, 25, 26, 27, 28, 29, 30, 31, 32, 33, 34, 35, 36, 37, 38, 39, 40, 41, 42, 43]
		}
	]
}