{
	"credit": "Made with Blockbench",
	"textures": {
		"0": "fish/beta",
		"particle": "fish/beta"
	},
	"elements": [
		{
			"name": "beta_0",
			"from": [9, 0, 3],
			"to": [9.5, 0.25, 14.25],
			"faces": {
				"north": {"uv": [9.5, 3, 9, 3.25], "texture": "#0"},
				"east": {"uv": [9.25, 3, 9.5, 14.25], "rotation": 90, "texture": "#0"},
				"south": {"uv": [9, 14, 9.5, 14.25], "texture": "#0"},
				"west": {"uv": [9, 3, 9.25, 14.25], "rotation": 270, "texture": "#0"},
				"up": {"uv": [9, 3, 9.5, 14.25], "texture": "#0"},
				"down": {"uv": [9, 14.25, 9.5, 3], "texture": "#0"}
			}
		},
		{
			"name": "beta_1",
			"from": [10.25, 0, 3],
			"to": [10.5, 0.25, 13],
			"faces": {
				"north": {"uv": [10.5, 3, 10.25, 3.25], "texture": "#0"},
				"east": {"uv": [10.25, 3, 10.5, 13], "rotation": 90, "texture": "#0"},
				"south": {"uv": [10.25, 12.75, 10.5, 13], "texture": "#0"},
				"west": {"uv": [10.25, 3, 10.5, 13], "rotation": 270, "texture": "#0"},
				"up": {"uv": [10.25, 3, 10.5, 13], "texture": "#0"},
				"down": {"uv": [10.25, 13, 10.5, 3], "texture": "#0"}
			}
		},
		{
			"name": "beta_2",
			"from": [8.25, 0, 3.25],
			"to": [9, 0.25, 14.25],
			"faces": {
				"north": {"uv": [9, 3.25, 8.25, 3.5], "texture": "#0"},
				"east": {"uv": [8.75, 3.25, 9, 14.25], "rotation": 90, "texture": "#0"},
				"south": {"uv": [8.25, 14, 9, 14.25], "texture": "#0"},
				"west": {"uv": [8.25, 3.25, 8.5, 14.25], "rotation": 270, "texture": "#0"},
				"up": {"uv": [8.25, 3.25, 9, 14.25], "texture": "#0"},
				"down": {"uv": [8.25, 14.25, 9, 3.25], "texture": "#0"}
			}
		},
		{
			"name": "beta_3",
			"from": [9.5, 0, 3.25],
			"to": [10.25, 0.25, 13],
			"faces": {
				"north": {"uv": [10.25, 3.25, 9.5, 3.5], "texture": "#0"},
				"east": {"uv": [10, 3.25, 10.25, 13], "rotation": 90, "texture": "#0"},
				"south": {"uv": [9.5, 12.75, 10.25, 13], "texture": "#0"},
				"west": {"uv": [9.5, 3.25, 9.75, 13], "rotation": 270, "texture": "#0"},
				"up": {"uv": [9.5, 3.25, 10.25, 13], "texture": "#0"},
				"down": {"uv": [9.5, 13, 10.25, 3.25], "texture": "#0"}
			}
		},
		{
			"name": "beta_4",
			"from": [10.5, 0, 3.25],
			"to": [11, 0.25, 13.25],
			"faces": {
				"north": {"uv": [11, 3.25, 10.5, 3.5], "texture": "#0"},
				"east": {"uv": [10.75, 3.25, 11, 13.25], "rotation": 90, "texture": "#0"},
				"south": {"uv": [10.5, 13, 11, 13.25], "texture": "#0"},
				"west": {"uv": [10.5, 3.25, 10.75, 13.25], "rotation": 270, "texture": "#0"},
				"up": {"uv": [10.5, 3.25, 11, 13.25], "texture": "#0"},
				"down": {"uv": [10.5, 13.25, 11, 3.25], "texture": "#0"}
			}
		},
		{
			"name": "beta_5",
			"from": [7.5, 0, 3.5],
			"to": [8.25, 0.25, 14],
			"faces": {
				"north": {"uv": [8.25, 3.5, 7.5, 3.75], "texture": "#0"},
				"east": {"uv": [8, 3.5, 8.25, 14], "rotation": 90, "texture": "#0"},
				"south": {"uv": [7.5, 13.75, 8.25, 14], "texture": "#0"},
				"west": {"uv": [7.5, 3.5, 7.75, 14], "rotation": 270, "texture": "#0"},
				"up": {"uv": [7.5, 3.5, 8.25, 14], "texture": "#0"},
				"down": {"uv": [7.5, 14, 8.25, 3.5], "texture": "#0"}
			}
		},
		{
			"name": "beta_6",
			"from": [11, 0, 3.5],
			"to": [11.5, 0.25, 13.5],
			"faces": {
				"north": {"uv": [11.5, 3.5, 11, 3.75], "texture": "#0"},
				"east": {"uv": [11.25, 3.5, 11.5, 13.5], "rotation": 90, "texture": "#0"},
				"south": {"uv": [11, 13.25, 11.5, 13.5], "texture": "#0"},
				"west": {"uv": [11, 3.5, 11.25, 13.5], "rotation": 270, "texture": "#0"},
				"up": {"uv": [11, 3.5, 11.5, 13.5], "texture": "#0"},
				"down": {"uv": [11, 13.5, 11.5, 3.5], "texture": "#0"}
			}
		},
		{
			"name": "beta_7",
			"from": [7, 0, 3.75],
			"to": [7.5, 0.25, 14.25],
			"faces": {
				"north": {"uv": [7.5, 3.75, 7, 4], "texture": "#0"},
				"east": {"uv": [7.25, 3.75, 7.5, 14.25], "rotation": 90, "texture": "#0"},
				"south": {"uv": [7, 14, 7.5, 14.25], "texture": "#0"},
				"west": {"uv": [7, 3.75, 7.25, 14.25], "rotation": 270, "texture": "#0"},
				"up": {"uv": [7, 3.75, 7.5, 14.25], "texture": "#0"},
				"down": {"uv": [7, 14.25, 7.5, 3.75], "texture": "#0"}
			}
		},
		{
			"name": "beta_8",
			"from": [11.5, 0, 3.75],
			"to": [12, 0.25, 12.75],
			"faces": {
				"north": {"uv": [12, 3.75, 11.5, 4], "texture": "#0"},
				"east": {"uv": [11.75, 3.75, 12, 12.75], "rotation": 90, "texture": "#0"},
				"south": {"uv": [11.5, 12.5, 12, 12.75], "texture": "#0"},
				"west": {"uv": [11.5, 3.75, 11.75, 12.75], "rotation": 270, "texture": "#0"},
				"up": {"uv": [11.5, 3.75, 12, 12.75], "texture": "#0"},
				"down": {"uv": [11.5, 12.75, 12, 3.75], "texture": "#0"}
			}
		},
		{
			"name": "beta_9",
			"from": [6.75, 0, 4],
			"to": [7, 0.25, 14.25],
			"faces": {
				"north": {"uv": [7, 4, 6.75, 4.25], "texture": "#0"},
				"east": {"uv": [6.75, 4, 7, 14.25], "rotation": 90, "texture": "#0"},
				"south": {"uv": [6.75, 14, 7, 14.25], "texture": "#0"},
				"west": {"uv": [6.75, 4, 7, 14.25], "rotation": 270, "texture": "#0"},
				"up": {"uv": [6.75, 4, 7, 14.25], "texture": "#0"},
				"down": {"uv": [6.75, 14.25, 7, 4], "texture": "#0"}
			}
		},
		{
			"name": "beta_10",
			"from": [12, 0, 4],
			"to": [12.5, 0.25, 12.75],
			"faces": {
				"north": {"uv": [12.5, 4, 12, 4.25], "texture": "#0"},
				"east": {"uv": [12.25, 4, 12.5, 12.75], "rotation": 90, "texture": "#0"},
				"south": {"uv": [12, 12.5, 12.5, 12.75], "texture": "#0"},
				"west": {"uv": [12, 4, 12.25, 12.75], "rotation": 270, "texture": "#0"},
				"up": {"uv": [12, 4, 12.5, 12.75], "texture": "#0"},
				"down": {"uv": [12, 12.75, 12.5, 4], "texture": "#0"}
			}
		},
		{
			"name": "beta_11",
			"from": [6.25, 0, 4.25],
			"to": [6.75, 0.25, 14.25],
			"faces": {
				"north": {"uv": [6.75, 4.25, 6.25, 4.5], "texture": "#0"},
				"east": {"uv": [6.5, 4.25, 6.75, 14.25], "rotation": 90, "texture": "#0"},
				"south": {"uv": [6.25, 14, 6.75, 14.25], "texture": "#0"},
				"west": {"uv": [6.25, 4.25, 6.5, 14.25], "rotation": 270, "texture": "#0"},
				"up": {"uv": [6.25, 4.25, 6.75, 14.25], "texture": "#0"},
				"down": {"uv": [6.25, 14.25, 6.75, 4.25], "texture": "#0"}
			}
		},
		{
			"name": "beta_12",
			"from": [12.5, 0, 4.25],
			"to": [12.75, 0.25, 13],
			"faces": {
				"north": {"uv": [12.75, 4.25, 12.5, 4.5], "texture": "#0"},
				"east": {"uv": [12.5, 4.25, 12.75, 13], "rotation": 90, "texture": "#0"},
				"south": {"uv": [12.5, 12.75, 12.75, 13], "texture": "#0"},
				"west": {"uv": [12.5, 4.25, 12.75, 13], "rotation": 270, "texture": "#0"},
				"up": {"uv": [12.5, 4.25, 12.75, 13], "texture": "#0"},
				"down": {"uv": [12.5, 13, 12.75, 4.25], "texture": "#0"}
			}
		},
		{
			"name": "beta_13",
			"from": [6, 0, 4.5],
			"to": [6.25, 0.25, 14],
			"faces": {
				"north": {"uv": [6.25, 4.5, 6, 4.75], "texture": "#0"},
				"east": {"uv": [6, 4.5, 6.25, 14], "rotation": 90, "texture": "#0"},
				"south": {"uv": [6, 13.75, 6.25, 14], "texture": "#0"},
				"west": {"uv": [6, 4.5, 6.25, 14], "rotation": 270, "texture": "#0"},
				"up": {"uv": [6, 4.5, 6.25, 14], "texture": "#0"},
				"down": {"uv": [6, 14, 6.25, 4.5], "texture": "#0"}
			}
		},
		{
			"name": "beta_14",
			"from": [12.75, 0, 4.5],
			"to": [13.75, 0.25, 12.25],
			"faces": {
				"north": {"uv": [13.75, 4.5, 12.75, 4.75], "texture": "#0"},
				"east": {"uv": [13.5, 4.5, 13.75, 12.25], "rotation": 90, "texture": "#0"},
				"south": {"uv": [12.75, 12, 13.75, 12.25], "texture": "#0"},
				"west": {"uv": [12.75, 4.5, 13, 12.25], "rotation": 270, "texture": "#0"},
				"up": {"uv": [12.75, 4.5, 13.75, 12.25], "texture": "#0"},
				"down": {"uv": [12.75, 12.25, 13.75, 4.5], "texture": "#0"}
			}
		},
		{
			"name": "beta_15",
			"from": [13.75, 0, 4.75],
			"to": [14, 0.25, 5.25],
			"faces": {
				"north": {"uv": [14, 4.75, 13.75, 5], "texture": "#0"},
				"east": {"uv": [13.75, 4.75, 14, 5.25], "rotation": 90, "texture": "#0"},
				"south": {"uv": [13.75, 5, 14, 5.25], "texture": "#0"},
				"west": {"uv": [13.75, 4.75, 14, 5.25], "rotation": 270, "texture": "#0"},
				"up": {"uv": [13.75, 4.75, 14, 5.25], "texture": "#0"},
				"down": {"uv": [13.75, 5.25, 14, 4.75], "texture": "#0"}
			}
		},
		{
			"name": "beta_16",
			"from": [5.75, 0, 5],
			"to": [6, 0.25, 13.75],
			"faces": {
				"north": {"uv": [6, 5, 5.75, 5.25], "texture": "#0"},
				"east": {"uv": [5.75, 5, 6, 13.75], "rotation": 90, "texture": "#0"},
				"south": {"uv": [5.75, 13.5, 6, 13.75], "texture": "#0"},
				"west": {"uv": [5.75, 5, 6, 13.75], "rotation": 270, "texture": "#0"},
				"up": {"uv": [5.75, 5, 6, 13.75], "texture": "#0"},
				"down": {"uv": [5.75, 13.75, 6, 5], "texture": "#0"}
			}
		},
		{
			"name": "beta_17",
			"from": [5.5, 0, 5.75],
			"to": [5.75, 0.25, 13.25],
			"faces": {
				"north": {"uv": [5.75, 5.75, 5.5, 6], "texture": "#0"},
				"east": {"uv": [5.5, 5.75, 5.75, 13.25], "rotation": 90, "texture": "#0"},
				"south": {"uv": [5.5, 13, 5.75, 13.25], "texture": "#0"},
				"west": {"uv": [5.5, 5.75, 5.75, 13.25], "rotation": 270, "texture": "#0"},
				"up": {"uv": [5.5, 5.75, 5.75, 13.25], "texture": "#0"},
				"down": {"uv": [5.5, 13.25, 5.75, 5.75], "texture": "#0"}
			}
		},
		{
			"name": "beta_18",
			"from": [13.75, 0, 5.75],
			"to": [14.25, 0.25, 11],
			"faces": {
				"north": {"uv": [14.25, 5.75, 13.75, 6], "texture": "#0"},
				"east": {"uv": [14, 5.75, 14.25, 11], "rotation": 90, "texture": "#0"},
				"south": {"uv": [13.75, 10.75, 14.25, 11], "texture": "#0"},
				"west": {"uv": [13.75, 5.75, 14, 11], "rotation": 270, "texture": "#0"},
				"up": {"uv": [13.75, 5.75, 14.25, 11], "texture": "#0"},
				"down": {"uv": [13.75, 11, 14.25, 5.75], "texture": "#0"}
			}
		},
		{
			"name": "beta_19",
			"from": [14.25, 0, 6],
			"to": [14.5, 0.25, 11],
			"faces": {
				"north": {"uv": [14.5, 6, 14.25, 6.25], "texture": "#0"},
				"east": {"uv": [14.25, 6, 14.5, 11], "rotation": 90, "texture": "#0"},
				"south": {"uv": [14.25, 10.75, 14.5, 11], "texture": "#0"},
				"west": {"uv": [14.25, 6, 14.5, 11], "rotation": 270, "texture": "#0"},
				"up": {"uv": [14.25, 6, 14.5, 11], "texture": "#0"},
				"down": {"uv": [14.25, 11, 14.5, 6], "texture": "#0"}
			}
		},
		{
			"name": "beta_20",
			"from": [3.25, 0, 6.5],
			"to": [4.75, 0.25, 12.25],
			"faces": {
				"north": {"uv": [4.75, 6.5, 3.25, 6.75], "texture": "#0"},
				"east": {"uv": [4.5, 6.5, 4.75, 12.25], "rotation": 90, "texture": "#0"},
				"south": {"uv": [3.25, 12, 4.75, 12.25], "texture": "#0"},
				"west": {"uv": [3.25, 6.5, 3.5, 12.25], "rotation": 270, "texture": "#0"},
				"up": {"uv": [3.25, 6.5, 4.75, 12.25], "texture": "#0"},
				"down": {"uv": [3.25, 12.25, 4.75, 6.5], "texture": "#0"}
			}
		},
		{
			"name": "beta_21",
			"from": [2.75, 0, 6.75],
			"to": [3.25, 0.25, 9.25],
			"faces": {
				"north": {"uv": [3.25, 6.75, 2.75, 7], "texture": "#0"},
				"east": {"uv": [3, 6.75, 3.25, 9.25], "rotation": 90, "texture": "#0"},
				"south": {"uv": [2.75, 9, 3.25, 9.25], "texture": "#0"},
				"west": {"uv": [2.75, 6.75, 3, 9.25], "rotation": 270, "texture": "#0"},
				"up": {"uv": [2.75, 6.75, 3.25, 9.25], "texture": "#0"},
				"down": {"uv": [2.75, 9.25, 3.25, 6.75], "texture": "#0"}
			}
		},
		{
			"name": "beta_22",
			"from": [4.75, 0, 6.75],
			"to": [5.5, 0.25, 12.75],
			"faces": {
				"north": {"uv": [5.5, 6.75, 4.75, 7], "texture": "#0"},
				"east": {"uv": [5.25, 6.75, 5.5, 12.75], "rotation": 90, "texture": "#0"},
				"south": {"uv": [4.75, 12.5, 5.5, 12.75], "texture": "#0"},
				"west": {"uv": [4.75, 6.75, 5, 12.75], "rotation": 270, "texture": "#0"},
				"up": {"uv": [4.75, 6.75, 5.5, 12.75], "texture": "#0"},
				"down": {"uv": [4.75, 12.75, 5.5, 6.75], "texture": "#0"}
			}
		},
		{
			"name": "beta_23",
			"from": [14.5, 0, 6.75],
			"to": [14.75, 0.25, 11],
			"faces": {
				"north": {"uv": [14.75, 6.75, 14.5, 7], "texture": "#0"},
				"east": {"uv": [14.5, 6.75, 14.75, 11], "rotation": 90, "texture": "#0"},
				"south": {"uv": [14.5, 10.75, 14.75, 11], "texture": "#0"},
				"west": {"uv": [14.5, 6.75, 14.75, 11], "rotation": 270, "texture": "#0"},
				"up": {"uv": [14.5, 6.75, 14.75, 11], "texture": "#0"},
				"down": {"uv": [14.5, 11, 14.75, 6.75], "texture": "#0"}
			}
		},
		{
			"name": "beta_24",
			"from": [2.25, 0, 7],
			"to": [2.75, 0.25, 9.25],
			"faces": {
				"north": {"uv": [2.75, 7, 2.25, 7.25], "texture": "#0"},
				"east": {"uv": [2.5, 7, 2.75, 9.25], "rotation": 90, "texture": "#0"},
				"south": {"uv": [2.25, 9, 2.75, 9.25], "texture": "#0"},
				"west": {"uv": [2.25, 7, 2.5, 9.25], "rotation": 270, "texture": "#0"},
				"up": {"uv": [2.25, 7, 2.75, 9.25], "texture": "#0"},
				"down": {"uv": [2.25, 9.25, 2.75, 7], "texture": "#0"}
			}
		},
		{
			"name": "beta_25",
			"from": [14.75, 0, 7],
			"to": [15, 0.25, 8.25],
			"faces": {
				"north": {"uv": [15, 7, 14.75, 7.25], "texture": "#0"},
				"east": {"uv": [14.75, 7, 15, 8.25], "rotation": 90, "texture": "#0"},
				"south": {"uv": [14.75, 8, 15, 8.25], "texture": "#0"},
				"west": {"uv": [14.75, 7, 15, 8.25], "rotation": 270, "texture": "#0"},
				"up": {"uv": [14.75, 7, 15, 8.25], "texture": "#0"},
				"down": {"uv": [14.75, 8.25, 15, 7], "texture": "#0"}
			}
		},
		{
			"name": "beta_26",
			"from": [1.75, 0, 7.25],
			"to": [2.25, 0.25, 9],
			"faces": {
				"north": {"uv": [2.25, 7.25, 1.75, 7.5], "texture": "#0"},
				"east": {"uv": [2, 7.25, 2.25, 9], "rotation": 90, "texture": "#0"},
				"south": {"uv": [1.75, 8.75, 2.25, 9], "texture": "#0"},
				"west": {"uv": [1.75, 7.25, 2, 9], "rotation": 270, "texture": "#0"},
				"up": {"uv": [1.75, 7.25, 2.25, 9], "texture": "#0"},
				"down": {"uv": [1.75, 9, 2.25, 7.25], "texture": "#0"}
			}
		},
		{
			"name": "beta_27",
			"from": [15, 0, 7.25],
			"to": [15.25, 0.25, 8],
			"faces": {
				"north": {"uv": [15.25, 7.25, 15, 7.5], "texture": "#0"},
				"east": {"uv": [15, 7.25, 15.25, 8], "rotation": 90, "texture": "#0"},
				"south": {"uv": [15, 7.75, 15.25, 8], "texture": "#0"},
				"west": {"uv": [15, 7.25, 15.25, 8], "rotation": 270, "texture": "#0"},
				"up": {"uv": [15, 7.25, 15.25, 8], "texture": "#0"},
				"down": {"uv": [15, 8, 15.25, 7.25], "texture": "#0"}
			}
		},
		{
			"name": "beta_28",
			"from": [1.25, 0, 7.5],
			"to": [1.75, 0.25, 8.75],
			"faces": {
				"north": {"uv": [1.75, 7.5, 1.25, 7.75], "texture": "#0"},
				"east": {"uv": [1.5, 7.5, 1.75, 8.75], "rotation": 90, "texture": "#0"},
				"south": {"uv": [1.25, 8.5, 1.75, 8.75], "texture": "#0"},
				"west": {"uv": [1.25, 7.5, 1.5, 8.75], "rotation": 270, "texture": "#0"},
				"up": {"uv": [1.25, 7.5, 1.75, 8.75], "texture": "#0"},
				"down": {"uv": [1.25, 8.75, 1.75, 7.5], "texture": "#0"}
			}
		},
		{
			"name": "beta_29",
			"from": [1, 0, 7.75],
			"to": [1.25, 0.25, 8.75],
			"faces": {
				"north": {"uv": [1.25, 7.75, 1, 8], "texture": "#0"},
				"east": {"uv": [1, 7.75, 1.25, 8.75], "rotation": 90, "texture": "#0"},
				"south": {"uv": [1, 8.5, 1.25, 8.75], "texture": "#0"},
				"west": {"uv": [1, 7.75, 1.25, 8.75], "rotation": 270, "texture": "#0"},
				"up": {"uv": [1, 7.75, 1.25, 8.75], "texture": "#0"},
				"down": {"uv": [1, 8.75, 1.25, 7.75], "texture": "#0"}
			}
		},
		{
			"name": "beta_30",
			"from": [0.75, 0, 8],
			"to": [1, 0.25, 8.5],
			"faces": {
				"north": {"uv": [1, 8, 0.75, 8.25], "texture": "#0"},
				"east": {"uv": [0.75, 8, 1, 8.5], "rotation": 90, "texture": "#0"},
				"south": {"uv": [0.75, 8.25, 1, 8.5], "texture": "#0"},
				"west": {"uv": [0.75, 8, 1, 8.5], "rotation": 270, "texture": "#0"},
				"up": {"uv": [0.75, 8, 1, 8.5], "texture": "#0"},
				"down": {"uv": [0.75, 8.5, 1, 8], "texture": "#0"}
			}
		},
		{
			"name": "beta_31",
			"from": [14.75, 0, 8.5],
			"to": [15, 0.25, 10.75],
			"faces": {
				"north": {"uv": [15, 8.5, 14.75, 8.75], "texture": "#0"},
				"east": {"uv": [14.75, 8.5, 15, 10.75], "rotation": 90, "texture": "#0"},
				"south": {"uv": [14.75, 10.5, 15, 10.75], "texture": "#0"},
				"west": {"uv": [14.75, 8.5, 15, 10.75], "rotation": 270, "texture": "#0"},
				"up": {"uv": [14.75, 8.5, 15, 10.75], "texture": "#0"},
				"down": {"uv": [14.75, 10.75, 15, 8.5], "texture": "#0"}
			}
		},
		{
			"name": "beta_32",
			"from": [1.5, 0, 8.75],
			"to": [1.75, 0.25, 9],
			"faces": {
				"north": {"uv": [1.75, 8.75, 1.5, 9], "texture": "#0"},
				"east": {"uv": [1.5, 8.75, 1.75, 9], "rotation": 90, "texture": "#0"},
				"south": {"uv": [1.5, 8.75, 1.75, 9], "texture": "#0"},
				"west": {"uv": [1.5, 8.75, 1.75, 9], "rotation": 270, "texture": "#0"},
				"up": {"uv": [1.5, 8.75, 1.75, 9], "texture": "#0"},
				"down": {"uv": [1.5, 9, 1.75, 8.75], "texture": "#0"}
			}
		},
		{
			"name": "beta_33",
			"from": [15, 0, 8.75],
			"to": [15.25, 0.25, 10.5],
			"faces": {
				"north": {"uv": [15.25, 8.75, 15, 9], "texture": "#0"},
				"east": {"uv": [15, 8.75, 15.25, 10.5], "rotation": 90, "texture": "#0"},
				"south": {"uv": [15, 10.25, 15.25, 10.5], "texture": "#0"},
				"west": {"uv": [15, 8.75, 15.25, 10.5], "rotation": 270, "texture": "#0"},
				"up": {"uv": [15, 8.75, 15.25, 10.5], "texture": "#0"},
				"down": {"uv": [15, 10.5, 15.25, 8.75], "texture": "#0"}
			}
		},
		{
			"name": "beta_34",
			"from": [2, 0, 9],
			"to": [2.25, 0.25, 9.25],
			"faces": {
				"north": {"uv": [2.25, 9, 2, 9.25], "texture": "#0"},
				"east": {"uv": [2, 9, 2.25, 9.25], "rotation": 90, "texture": "#0"},
				"south": {"uv": [2, 9, 2.25, 9.25], "texture": "#0"},
				"west": {"uv": [2, 9, 2.25, 9.25], "rotation": 270, "texture": "#0"},
				"up": {"uv": [2, 9, 2.25, 9.25], "texture": "#0"},
				"down": {"uv": [2, 9.25, 2.25, 9], "texture": "#0"}
			}
		},
		{
			"name": "beta_35",
			"from": [3, 0, 9.75],
			"to": [3.25, 0.25, 11.5],
			"faces": {
				"north": {"uv": [3.25, 9.75, 3, 10], "texture": "#0"},
				"east": {"uv": [3, 9.75, 3.25, 11.5], "rotation": 90, "texture": "#0"},
				"south": {"uv": [3, 11.25, 3.25, 11.5], "texture": "#0"},
				"west": {"uv": [3, 9.75, 3.25, 11.5], "rotation": 270, "texture": "#0"},
				"up": {"uv": [3, 9.75, 3.25, 11.5], "texture": "#0"},
				"down": {"uv": [3, 11.5, 3.25, 9.75], "texture": "#0"}
			}
		},
		{
			"name": "beta_36",
			"from": [13.75, 0, 11],
			"to": [14, 0.25, 12],
			"faces": {
				"north": {"uv": [14, 11, 13.75, 11.25], "texture": "#0"},
				"east": {"uv": [13.75, 11, 14, 12], "rotation": 90, "texture": "#0"},
				"south": {"uv": [13.75, 11.75, 14, 12], "texture": "#0"},
				"west": {"uv": [13.75, 11, 14, 12], "rotation": 270, "texture": "#0"},
				"up": {"uv": [13.75, 11, 14, 12], "texture": "#0"},
				"down": {"uv": [13.75, 12, 14, 11], "texture": "#0"}
			}
		},
		{
			"name": "beta_37",
			"from": [14, 0, 11.5],
			"to": [14.25, 0.25, 11.75],
			"faces": {
				"north": {"uv": [14.25, 11.5, 14, 11.75], "texture": "#0"},
				"east": {"uv": [14, 11.5, 14.25, 11.75], "rotation": 90, "texture": "#0"},
				"south": {"uv": [14, 11.5, 14.25, 11.75], "texture": "#0"},
				"west": {"uv": [14, 11.5, 14.25, 11.75], "rotation": 270, "texture": "#0"},
				"up": {"uv": [14, 11.5, 14.25, 11.75], "texture": "#0"},
				"down": {"uv": [14, 11.75, 14.25, 11.5], "texture": "#0"}
			}
		},
		{
			"name": "beta_38",
			"from": [3.5, 0, 12.25],
			"to": [4.25, 0.25, 13],
			"faces": {
				"north": {"uv": [4.25, 12.25, 3.5, 12.5], "texture": "#0"},
				"east": {"uv": [4, 12.25, 4.25, 13], "rotation": 90, "texture": "#0"},
				"south": {"uv": [3.5, 12.75, 4.25, 13], "texture": "#0"},
				"west": {"uv": [3.5, 12.25, 3.75, 13], "rotation": 270, "texture": "#0"},
				"up": {"uv": [3.5, 12.25, 4.25, 13], "texture": "#0"},
				"down": {"uv": [3.5, 13, 4.25, 12.25], "texture": "#0"}
			}
		},
		{
			"name": "beta_39",
			"from": [4.5, 0, 12.25],
			"to": [4.75, 0.25, 12.5],
			"faces": {
				"north": {"uv": [4.75, 12.25, 4.5, 12.5], "texture": "#0"},
				"east": {"uv": [4.5, 12.25, 4.75, 12.5], "rotation": 90, "texture": "#0"},
				"south": {"uv": [4.5, 12.25, 4.75, 12.5], "texture": "#0"},
				"west": {"uv": [4.5, 12.25, 4.75, 12.5], "rotation": 270, "texture": "#0"},
				"up": {"uv": [4.5, 12.25, 4.75, 12.5], "texture": "#0"},
				"down": {"uv": [4.5, 12.5, 4.75, 12.25], "texture": "#0"}
			}
		},
		{
			"name": "beta_40",
			"from": [12.75, 0, 12.25],
			"to": [13.5, 0.25, 12.5],
			"faces": {
				"north": {"uv": [13.5, 12.25, 12.75, 12.5], "texture": "#0"},
				"east": {"uv": [13.25, 12.25, 13.5, 12.5], "rotation": 90, "texture": "#0"},
				"south": {"uv": [12.75, 12.25, 13.5, 12.5], "texture": "#0"},
				"west": {"uv": [12.75, 12.25, 13, 12.5], "rotation": 270, "texture": "#0"},
				"up": {"uv": [12.75, 12.25, 13.5, 12.5], "texture": "#0"},
				"down": {"uv": [12.75, 12.5, 13.5, 12.25], "texture": "#0"}
			}
		},
		{
			"name": "beta_41",
			"from": [12.75, 0, 12.5],
			"to": [13, 0.25, 12.75],
			"faces": {
				"north": {"uv": [13, 12.5, 12.75, 12.75], "texture": "#0"},
				"east": {"uv": [12.75, 12.5, 13, 12.75], "rotation": 90, "texture": "#0"},
				"south": {"uv": [12.75, 12.5, 13, 12.75], "texture": "#0"},
				"west": {"uv": [12.75, 12.5, 13, 12.75], "rotation": 270, "texture": "#0"},
				"up": {"uv": [12.75, 12.5, 13, 12.75], "texture": "#0"},
				"down": {"uv": [12.75, 12.75, 13, 12.5], "texture": "#0"}
			}
		},
		{
			"name": "beta_42",
			"from": [5, 0, 12.75],
			"to": [5.5, 0.25, 13],
			"faces": {
				"north": {"uv": [5.5, 12.75, 5, 13], "texture": "#0"},
				"east": {"uv": [5.25, 12.75, 5.5, 13], "rotation": 90, "texture": "#0"},
				"south": {"uv": [5, 12.75, 5.5, 13], "texture": "#0"},
				"west": {"uv": [5, 12.75, 5.25, 13], "rotation": 270, "texture": "#0"},
				"up": {"uv": [5, 12.75, 5.5, 13], "texture": "#0"},
				"down": {"uv": [5, 13, 5.5, 12.75], "texture": "#0"}
			}
		},
		{
			"name": "beta_43",
			"from": [11.5, 0, 12.75],
			"to": [11.75, 0.25, 13.25],
			"faces": {
				"north": {"uv": [11.75, 12.75, 11.5, 13], "texture": "#0"},
				"east": {"uv": [11.5, 12.75, 11.75, 13.25], "rotation": 90, "texture": "#0"},
				"south": {"uv": [11.5, 13, 11.75, 13.25], "texture": "#0"},
				"west": {"uv": [11.5, 12.75, 11.75, 13.25], "rotation": 270, "texture": "#0"},
				"up": {"uv": [11.5, 12.75, 11.75, 13.25], "texture": "#0"},
				"down": {"uv": [11.5, 13.25, 11.75, 12.75], "texture": "#0"}
			}
		},
		{
			"name": "beta_44",
			"from": [12.25, 0, 12.75],
			"to": [12.5, 0.25, 13],
			"faces": {
				"north": {"uv": [12.5, 12.75, 12.25, 13], "texture": "#0"},
				"east": {"uv": [12.25, 12.75, 12.5, 13], "rotation": 90, "texture": "#0"},
				"south": {"uv": [12.25, 12.75, 12.5, 13], "texture": "#0"},
				"west": {"uv": [12.25, 12.75, 12.5, 13], "rotation": 270, "texture": "#0"},
				"up": {"uv": [12.25, 12.75, 12.5, 13], "texture": "#0"},
				"down": {"uv": [12.25, 13, 12.5, 12.75], "texture": "#0"}
			}
		},
		{
			"name": "beta_45",
			"from": [3.75, 0, 13],
			"to": [4, 0.25, 13.25],
			"faces": {
				"north": {"uv": [4, 13, 3.75, 13.25], "texture": "#0"},
				"east": {"uv": [3.75, 13, 4, 13.25], "rotation": 90, "texture": "#0"},
				"south": {"uv": [3.75, 13, 4, 13.25], "texture": "#0"},
				"west": {"uv": [3.75, 13, 4, 13.25], "rotation": 270, "texture": "#0"},
				"up": {"uv": [3.75, 13, 4, 13.25], "texture": "#0"},
				"down": {"uv": [3.75, 13.25, 4, 13], "texture": "#0"}
			}
		},
		{
			"name": "beta_46",
			"from": [5.25, 0, 13],
			"to": [5.5, 0.25, 13.25],
			"faces": {
				"north": {"uv": [5.5, 13, 5.25, 13.25], "texture": "#0"},
				"east": {"uv": [5.25, 13, 5.5, 13.25], "rotation": 90, "texture": "#0"},
				"south": {"uv": [5.25, 13, 5.5, 13.25], "texture": "#0"},
				"west": {"uv": [5.25, 13, 5.5, 13.25], "rotation": 270, "texture": "#0"},
				"up": {"uv": [5.25, 13, 5.5, 13.25], "texture": "#0"},
				"down": {"uv": [5.25, 13.25, 5.5, 13], "texture": "#0"}
			}
		},
		{
			"name": "beta_47",
			"from": [9.5, 0, 13],
			"to": [10, 0.25, 14.25],
			"faces": {
				"north": {"uv": [10, 13, 9.5, 13.25], "texture": "#0"},
				"east": {"uv": [9.75, 13, 10, 14.25], "rotation": 90, "texture": "#0"},
				"south": {"uv": [9.5, 14, 10, 14.25], "texture": "#0"},
				"west": {"uv": [9.5, 13, 9.75, 14.25], "rotation": 270, "texture": "#0"},
				"up": {"uv": [9.5, 13, 10, 14.25], "texture": "#0"},
				"down": {"uv": [9.5, 14.25, 10, 13], "texture": "#0"}
			}
		},
		{
			"name": "beta_48",
			"from": [10, 0, 13.25],
			"to": [10.25, 0.25, 14.25],
			"faces": {
				"north": {"uv": [10.25, 13.25, 10, 13.5], "texture": "#0"},
				"east": {"uv": [10, 13.25, 10.25, 14.25], "rotation": 90, "texture": "#0"},
				"south": {"uv": [10, 14, 10.25, 14.25], "texture": "#0"},
				"west": {"uv": [10, 13.25, 10.25, 14.25], "rotation": 270, "texture": "#0"},
				"up": {"uv": [10, 13.25, 10.25, 14.25], "texture": "#0"},
				"down": {"uv": [10, 14.25, 10.25, 13.25], "texture": "#0"}
			}
		},
		{
			"name": "beta_49",
			"from": [10.75, 0, 13.25],
			"to": [11, 0.25, 13.5],
			"faces": {
				"north": {"uv": [11, 13.25, 10.75, 13.5], "texture": "#0"},
				"east": {"uv": [10.75, 13.25, 11, 13.5], "rotation": 90, "texture": "#0"},
				"south": {"uv": [10.75, 13.25, 11, 13.5], "texture": "#0"},
				"west": {"uv": [10.75, 13.25, 11, 13.5], "rotation": 270, "texture": "#0"},
				"up": {"uv": [10.75, 13.25, 11, 13.5], "texture": "#0"},
				"down": {"uv": [10.75, 13.5, 11, 13.25], "texture": "#0"}
			}
		},
		{
			"name": "beta_50",
			"from": [10.25, 0, 13.5],
			"to": [10.5, 0.25, 14],
			"faces": {
				"north": {"uv": [10.5, 13.5, 10.25, 13.75], "texture": "#0"},
				"east": {"uv": [10.25, 13.5, 10.5, 14], "rotation": 90, "texture": "#0"},
				"south": {"uv": [10.25, 13.75, 10.5, 14], "texture": "#0"},
				"west": {"uv": [10.25, 13.5, 10.5, 14], "rotation": 270, "texture": "#0"},
				"up": {"uv": [10.25, 13.5, 10.5, 14], "texture": "#0"},
				"down": {"uv": [10.25, 14, 10.5, 13.5], "texture": "#0"}
			}
		},
		{
			"name": "beta_51",
			"from": [7.5, 0, 14],
			"to": [7.75, 0.25, 14.25],
			"faces": {
				"north": {"uv": [7.75, 14, 7.5, 14.25], "texture": "#0"},
				"east": {"uv": [7.5, 14, 7.75, 14.25], "rotation": 90, "texture": "#0"},
				"south": {"uv": [7.5, 14, 7.75, 14.25], "texture": "#0"},
				"west": {"uv": [7.5, 14, 7.75, 14.25], "rotation": 270, "texture": "#0"},
				"up": {"uv": [7.5, 14, 7.75, 14.25], "texture": "#0"},
				"down": {"uv": [7.5, 14.25, 7.75, 14], "texture": "#0"}
			}
		},
		{
			"name": "beta_52",
			"from": [8.5, 0, 14.25],
			"to": [9.25, 0.25, 14.5],
			"faces": {
				"north": {"uv": [9.25, 14.25, 8.5, 14.5], "texture": "#0"},
				"east": {"uv": [9, 14.25, 9.25, 14.5], "rotation": 90, "texture": "#0"},
				"south": {"uv": [8.5, 14.25, 9.25, 14.5], "texture": "#0"},
				"west": {"uv": [8.5, 14.25, 8.75, 14.5], "rotation": 270, "texture": "#0"},
				"up": {"uv": [8.5, 14.25, 9.25, 14.5], "texture": "#0"},
				"down": {"uv": [8.5, 14.5, 9.25, 14.25], "texture": "#0"}
			}
		}
	],
	"display": {
		"thirdperson_righthand": {
			"rotation": [90, 0, 0],
			"translation": [0, 0.25, 3.75],
			"scale": [0.45, 0.45, 0.45]
		},
		"thirdperson_lefthand": {
			"rotation": [90, 0, 0],
			"translation": [0, 0.25, 3.75],
			"scale": [0.45, 0.45, 0.45]
		},
		"firstperson_righthand": {
			"rotation": [90, 0, 10],
			"translation": [1.5, 1.5, 4],
			"scale": [0.45, 0.45, 0.45]
		},
		"firstperson_lefthand": {
			"rotation": [90, 0, 10],
			"translation": [0.75, 1.5, 4],
			"scale": [0.45, 0.45, 0.45]
		},
		"ground": {
			"rotation": [81, 0, 6],
			"translation": [0.25, 1.25, 4],
			"scale": [0.45, 0.45, 0.45]
		},
		"gui": {
			"rotation": [90, 0, 0],
			"translation": [0, 0, 17.5],
			"scale": [1.06, 1.06, 1.06]
		},
		"head": {
			"rotation": [125, -91, 34],
			"translation": [0.25, 9.5, 10],
			"scale": [0.82, 0.82, 0.82]
		},
		"fixed": {
			"rotation": [90, 0, 0],
			"translation": [-0.5, 0.25, 9.75],
			"scale": [1.28, 1.28, 1.28]
		}
	},
	"groups": [
		{
			"name": "beta",
			"origin": [8, 8, 8],
			"children": [0, 1, 2, 3, 4, 5, 6, 7, 8, 9, 10, 11, 12, 13, 14, 15, 16, 17, 18, 19, 20, 21, 22, 23, 24, 25, 26, 27, 28, 29, 30, 31, 32, 33, 34, 35, 36, 37, 38, 39, 40, 41, 42, 43, 44, 45, 46, 47, 48, 49, 50, 51, 52]
		}
	]
}