{
	"credit": "Made with Blockbench",
	"textures": {
		"0": "fish/chouzame",
		"particle": "fish/chouzame"
	},
	"elements": [
		{
			"name": "chouzame_1",
			"from": [6.75, 0, 3.75],
			"to": [7, 0.25, 4],
			"faces": {
				"north": {"uv": [7, 3.75, 6.75, 4], "texture": "#0"},
				"east": {"uv": [6.75, 3.75, 7, 4], "rotation": 90, "texture": "#0"},
				"south": {"uv": [6.75, 3.75, 7, 4], "texture": "#0"},
				"west": {"uv": [6.75, 3.75, 7, 4], "rotation": 270, "texture": "#0"},
				"up": {"uv": [6.75, 3.75, 7, 4], "texture": "#0"},
				"down": {"uv": [6.75, 4, 7, 3.75], "texture": "#0"}
			}
		},
		{
			"name": "chouzame_2",
			"from": [15, 0, 5.75],
			"to": [15.5, 0.25, 6.5],
			"faces": {
				"north": {"uv": [15.5, 5.75, 15, 6], "texture": "#0"},
				"east": {"uv": [15.25, 5.75, 15.5, 6.5], "rotation": 90, "texture": "#0"},
				"south": {"uv": [15, 6.25, 15.5, 6.5], "texture": "#0"},
				"west": {"uv": [15, 5.75, 15.25, 6.5], "rotation": 270, "texture": "#0"},
				"up": {"uv": [15, 5.75, 15.5, 6.5], "texture": "#0"},
				"down": {"uv": [15, 6.5, 15.5, 5.75], "texture": "#0"}
			}
		},
		{
			"name": "chouzame_3",
			"from": [14.5, 0, 6],
			"to": [15, 0.25, 7],
			"faces": {
				"north": {"uv": [15, 6, 14.5, 6.25], "texture": "#0"},
				"east": {"uv": [14.75, 6, 15, 7], "rotation": 90, "texture": "#0"},
				"south": {"uv": [14.5, 6.75, 15, 7], "texture": "#0"},
				"west": {"uv": [14.5, 6, 14.75, 7], "rotation": 270, "texture": "#0"},
				"up": {"uv": [14.5, 6, 15, 7], "texture": "#0"},
				"down": {"uv": [14.5, 7, 15, 6], "texture": "#0"}
			}
		},
		{
			"name": "chouzame_4",
			"from": [15.5, 0, 6],
			"to": [15.75, 0.25, 6.25],
			"faces": {
				"north": {"uv": [15.75, 6, 15.5, 6.25], "texture": "#0"},
				"east": {"uv": [15.5, 6, 15.75, 6.25], "rotation": 90, "texture": "#0"},
				"south": {"uv": [15.5, 6, 15.75, 6.25], "texture": "#0"},
				"west": {"uv": [15.5, 6, 15.75, 6.25], "rotation": 270, "texture": "#0"},
				"up": {"uv": [15.5, 6, 15.75, 6.25], "texture": "#0"},
				"down": {"uv": [15.5, 6.25, 15.75, 6], "texture": "#0"}
			}
		},
		{
			"name": "chouzame_5",
			"from": [11.25, 0, 6.25],
			"to": [11.5, 0.25, 9.25],
			"faces": {
				"north": {"uv": [11.5, 6.25, 11.25, 6.5], "texture": "#0"},
				"east": {"uv": [11.25, 6.25, 11.5, 9.25], "rotation": 90, "texture": "#0"},
				"south": {"uv": [11.25, 9, 11.5, 9.25], "texture": "#0"},
				"west": {"uv": [11.25, 6.25, 11.5, 9.25], "rotation": 270, "texture": "#0"},
				"up": {"uv": [11.25, 6.25, 11.5, 9.25], "texture": "#0"},
				"down": {"uv": [11.25, 9.25, 11.5, 6.25], "texture": "#0"}
			}
		},
		{
			"name": "chouzame_6",
			"from": [14.25, 0, 6.25],
			"to": [14.5, 0.25, 8],
			"faces": {
				"north": {"uv": [14.5, 6.25, 14.25, 6.5], "texture": "#0"},
				"east": {"uv": [14.25, 6.25, 14.5, 8], "rotation": 90, "texture": "#0"},
				"south": {"uv": [14.25, 7.75, 14.5, 8], "texture": "#0"},
				"west": {"uv": [14.25, 6.25, 14.5, 8], "rotation": 270, "texture": "#0"},
				"up": {"uv": [14.25, 6.25, 14.5, 8], "texture": "#0"},
				"down": {"uv": [14.25, 8, 14.5, 6.25], "texture": "#0"}
			}
		},
		{
			"name": "chouzame_7",
			"from": [5, 0, 6.5],
			"to": [7.75, 0.25, 9],
			"faces": {
				"north": {"uv": [7.75, 6.5, 5, 6.75], "texture": "#0"},
				"east": {"uv": [7.5, 6.5, 7.75, 9], "rotation": 90, "texture": "#0"},
				"south": {"uv": [5, 8.75, 7.75, 9], "texture": "#0"},
				"west": {"uv": [5, 6.5, 5.25, 9], "rotation": 270, "texture": "#0"},
				"up": {"uv": [5, 6.5, 7.75, 9], "texture": "#0"},
				"down": {"uv": [5, 9, 7.75, 6.5], "texture": "#0"}
			}
		},
		{
			"name": "chouzame_8",
			"from": [11, 0, 6.5],
			"to": [11.25, 0.25, 9.25],
			"faces": {
				"north": {"uv": [11.25, 6.5, 11, 6.75], "texture": "#0"},
				"east": {"uv": [11, 6.5, 11.25, 9.25], "rotation": 90, "texture": "#0"},
				"south": {"uv": [11, 9, 11.25, 9.25], "texture": "#0"},
				"west": {"uv": [11, 6.5, 11.25, 9.25], "rotation": 270, "texture": "#0"},
				"up": {"uv": [11, 6.5, 11.25, 9.25], "texture": "#0"},
				"down": {"uv": [11, 9.25, 11.25, 6.5], "texture": "#0"}
			}
		},
		{
			"name": "chouzame_9",
			"from": [11.5, 0, 6.5],
			"to": [11.75, 0.25, 9.5],
			"faces": {
				"north": {"uv": [11.75, 6.5, 11.5, 6.75], "texture": "#0"},
				"east": {"uv": [11.5, 6.5, 11.75, 9.5], "rotation": 90, "texture": "#0"},
				"south": {"uv": [11.5, 9.25, 11.75, 9.5], "texture": "#0"},
				"west": {"uv": [11.5, 6.5, 11.75, 9.5], "rotation": 270, "texture": "#0"},
				"up": {"uv": [11.5, 6.5, 11.75, 9.5], "texture": "#0"},
				"down": {"uv": [11.5, 9.5, 11.75, 6.5], "texture": "#0"}
			}
		},
		{
			"name": "chouzame_10",
			"from": [14, 0, 6.5],
			"to": [14.25, 0.25, 9.25],
			"faces": {
				"north": {"uv": [14.25, 6.5, 14, 6.75], "texture": "#0"},
				"east": {"uv": [14, 6.5, 14.25, 9.25], "rotation": 90, "texture": "#0"},
				"south": {"uv": [14, 9, 14.25, 9.25], "texture": "#0"},
				"west": {"uv": [14, 6.5, 14.25, 9.25], "rotation": 270, "texture": "#0"},
				"up": {"uv": [14, 6.5, 14.25, 9.25], "texture": "#0"},
				"down": {"uv": [14, 9.25, 14.25, 6.5], "texture": "#0"}
			}
		},
		{
			"name": "chouzame_11",
			"from": [15, 0, 6.5],
			"to": [15.25, 0.25, 6.75],
			"faces": {
				"north": {"uv": [15.25, 6.5, 15, 6.75], "texture": "#0"},
				"east": {"uv": [15, 6.5, 15.25, 6.75], "rotation": 90, "texture": "#0"},
				"south": {"uv": [15, 6.5, 15.25, 6.75], "texture": "#0"},
				"west": {"uv": [15, 6.5, 15.25, 6.75], "rotation": 270, "texture": "#0"},
				"up": {"uv": [15, 6.5, 15.25, 6.75], "texture": "#0"},
				"down": {"uv": [15, 6.75, 15.25, 6.5], "texture": "#0"}
			}
		},
		{
			"name": "chouzame_12",
			"from": [4.25, 0, 6.75],
			"to": [5, 0.25, 9.75],
			"faces": {
				"north": {"uv": [5, 6.75, 4.25, 7], "texture": "#0"},
				"east": {"uv": [4.75, 6.75, 5, 9.75], "rotation": 90, "texture": "#0"},
				"south": {"uv": [4.25, 9.5, 5, 9.75], "texture": "#0"},
				"west": {"uv": [4.25, 6.75, 4.5, 9.75], "rotation": 270, "texture": "#0"},
				"up": {"uv": [4.25, 6.75, 5, 9.75], "texture": "#0"},
				"down": {"uv": [4.25, 9.75, 5, 6.75], "texture": "#0"}
			}
		},
		{
			"name": "chouzame_13",
			"from": [7.75, 0, 6.75],
			"to": [8.25, 0.25, 9],
			"faces": {
				"north": {"uv": [8.25, 6.75, 7.75, 7], "texture": "#0"},
				"east": {"uv": [8, 6.75, 8.25, 9], "rotation": 90, "texture": "#0"},
				"south": {"uv": [7.75, 8.75, 8.25, 9], "texture": "#0"},
				"west": {"uv": [7.75, 6.75, 8, 9], "rotation": 270, "texture": "#0"},
				"up": {"uv": [7.75, 6.75, 8.25, 9], "texture": "#0"},
				"down": {"uv": [7.75, 9, 8.25, 6.75], "texture": "#0"}
			}
		},
		{
			"name": "chouzame_14",
			"from": [10.75, 0, 6.75],
			"to": [11, 0.25, 9],
			"faces": {
				"north": {"uv": [11, 6.75, 10.75, 7], "texture": "#0"},
				"east": {"uv": [10.75, 6.75, 11, 9], "rotation": 90, "texture": "#0"},
				"south": {"uv": [10.75, 8.75, 11, 9], "texture": "#0"},
				"west": {"uv": [10.75, 6.75, 11, 9], "rotation": 270, "texture": "#0"},
				"up": {"uv": [10.75, 6.75, 11, 9], "texture": "#0"},
				"down": {"uv": [10.75, 9, 11, 6.75], "texture": "#0"}
			}
		},
		{
			"name": "chouzame_15",
			"from": [13.75, 0, 6.75],
			"to": [14, 0.25, 9],
			"faces": {
				"north": {"uv": [14, 6.75, 13.75, 7], "texture": "#0"},
				"east": {"uv": [13.75, 6.75, 14, 9], "rotation": 90, "texture": "#0"},
				"south": {"uv": [13.75, 8.75, 14, 9], "texture": "#0"},
				"west": {"uv": [13.75, 6.75, 14, 9], "rotation": 270, "texture": "#0"},
				"up": {"uv": [13.75, 6.75, 14, 9], "texture": "#0"},
				"down": {"uv": [13.75, 9, 14, 6.75], "texture": "#0"}
			}
		},
		{
			"name": "chouzame_16",
			"from": [3.5, 0, 7],
			"to": [4.25, 0.25, 9],
			"faces": {
				"north": {"uv": [4.25, 7, 3.5, 7.25], "texture": "#0"},
				"east": {"uv": [4, 7, 4.25, 9], "rotation": 90, "texture": "#0"},
				"south": {"uv": [3.5, 8.75, 4.25, 9], "texture": "#0"},
				"west": {"uv": [3.5, 7, 3.75, 9], "rotation": 270, "texture": "#0"},
				"up": {"uv": [3.5, 7, 4.25, 9], "texture": "#0"},
				"down": {"uv": [3.5, 9, 4.25, 7], "texture": "#0"}
			}
		},
		{
			"name": "chouzame_17",
			"from": [8.25, 0, 7],
			"to": [8.75, 0.25, 9],
			"faces": {
				"north": {"uv": [8.75, 7, 8.25, 7.25], "texture": "#0"},
				"east": {"uv": [8.5, 7, 8.75, 9], "rotation": 90, "texture": "#0"},
				"south": {"uv": [8.25, 8.75, 8.75, 9], "texture": "#0"},
				"west": {"uv": [8.25, 7, 8.5, 9], "rotation": 270, "texture": "#0"},
				"up": {"uv": [8.25, 7, 8.75, 9], "texture": "#0"},
				"down": {"uv": [8.25, 9, 8.75, 7], "texture": "#0"}
			}
		},
		{
			"name": "chouzame_18",
			"from": [10.5, 0, 7],
			"to": [10.75, 0.25, 9],
			"faces": {
				"north": {"uv": [10.75, 7, 10.5, 7.25], "texture": "#0"},
				"east": {"uv": [10.5, 7, 10.75, 9], "rotation": 90, "texture": "#0"},
				"south": {"uv": [10.5, 8.75, 10.75, 9], "texture": "#0"},
				"west": {"uv": [10.5, 7, 10.75, 9], "rotation": 270, "texture": "#0"},
				"up": {"uv": [10.5, 7, 10.75, 9], "texture": "#0"},
				"down": {"uv": [10.5, 9, 10.75, 7], "texture": "#0"}
			}
		},
		{
			"name": "chouzame_19",
			"from": [13.5, 0, 7],
			"to": [13.75, 0.25, 9],
			"faces": {
				"north": {"uv": [13.75, 7, 13.5, 7.25], "texture": "#0"},
				"east": {"uv": [13.5, 7, 13.75, 9], "rotation": 90, "texture": "#0"},
				"south": {"uv": [13.5, 8.75, 13.75, 9], "texture": "#0"},
				"west": {"uv": [13.5, 7, 13.75, 9], "rotation": 270, "texture": "#0"},
				"up": {"uv": [13.5, 7, 13.75, 9], "texture": "#0"},
				"down": {"uv": [13.5, 9, 13.75, 7], "texture": "#0"}
			}
		},
		{
			"name": "chouzame_20",
			"from": [14.5, 0, 7],
			"to": [14.75, 0.25, 7.5],
			"faces": {
				"north": {"uv": [14.75, 7, 14.5, 7.25], "texture": "#0"},
				"east": {"uv": [14.5, 7, 14.75, 7.5], "rotation": 90, "texture": "#0"},
				"south": {"uv": [14.5, 7.25, 14.75, 7.5], "texture": "#0"},
				"west": {"uv": [14.5, 7, 14.75, 7.5], "rotation": 270, "texture": "#0"},
				"up": {"uv": [14.5, 7, 14.75, 7.5], "texture": "#0"},
				"down": {"uv": [14.5, 7.5, 14.75, 7], "texture": "#0"}
			}
		},
		{
			"name": "chouzame_21",
			"from": [3, 0, 7.25],
			"to": [3.5, 0.25, 9],
			"faces": {
				"north": {"uv": [3.5, 7.25, 3, 7.5], "texture": "#0"},
				"east": {"uv": [3.25, 7.25, 3.5, 9], "rotation": 90, "texture": "#0"},
				"south": {"uv": [3, 8.75, 3.5, 9], "texture": "#0"},
				"west": {"uv": [3, 7.25, 3.25, 9], "rotation": 270, "texture": "#0"},
				"up": {"uv": [3, 7.25, 3.5, 9], "texture": "#0"},
				"down": {"uv": [3, 9, 3.5, 7.25], "texture": "#0"}
			}
		},
		{
			"name": "chouzame_22",
			"from": [8.75, 0, 7.25],
			"to": [9.25, 0.25, 9],
			"faces": {
				"north": {"uv": [9.25, 7.25, 8.75, 7.5], "texture": "#0"},
				"east": {"uv": [9, 7.25, 9.25, 9], "rotation": 90, "texture": "#0"},
				"south": {"uv": [8.75, 8.75, 9.25, 9], "texture": "#0"},
				"west": {"uv": [8.75, 7.25, 9, 9], "rotation": 270, "texture": "#0"},
				"up": {"uv": [8.75, 7.25, 9.25, 9], "texture": "#0"},
				"down": {"uv": [8.75, 9, 9.25, 7.25], "texture": "#0"}
			}
		},
		{
			"name": "chouzame_23",
			"from": [10.25, 0, 7.25],
			"to": [10.5, 0.25, 9],
			"faces": {
				"north": {"uv": [10.5, 7.25, 10.25, 7.5], "texture": "#0"},
				"east": {"uv": [10.25, 7.25, 10.5, 9], "rotation": 90, "texture": "#0"},
				"south": {"uv": [10.25, 8.75, 10.5, 9], "texture": "#0"},
				"west": {"uv": [10.25, 7.25, 10.5, 9], "rotation": 270, "texture": "#0"},
				"up": {"uv": [10.25, 7.25, 10.5, 9], "texture": "#0"},
				"down": {"uv": [10.25, 9, 10.5, 7.25], "texture": "#0"}
			}
		},
		{
			"name": "chouzame_24",
			"from": [13.25, 0, 7.25],
			"to": [13.5, 0.25, 8.75],
			"faces": {
				"north": {"uv": [13.5, 7.25, 13.25, 7.5], "texture": "#0"},
				"east": {"uv": [13.25, 7.25, 13.5, 8.75], "rotation": 90, "texture": "#0"},
				"south": {"uv": [13.25, 8.5, 13.5, 8.75], "texture": "#0"},
				"west": {"uv": [13.25, 7.25, 13.5, 8.75], "rotation": 270, "texture": "#0"},
				"up": {"uv": [13.25, 7.25, 13.5, 8.75], "texture": "#0"},
				"down": {"uv": [13.25, 8.75, 13.5, 7.25], "texture": "#0"}
			}
		},
		{
			"name": "chouzame_25",
			"from": [2.5, 0, 7.5],
			"to": [3, 0.25, 9],
			"faces": {
				"north": {"uv": [3, 7.5, 2.5, 7.75], "texture": "#0"},
				"east": {"uv": [2.75, 7.5, 3, 9], "rotation": 90, "texture": "#0"},
				"south": {"uv": [2.5, 8.75, 3, 9], "texture": "#0"},
				"west": {"uv": [2.5, 7.5, 2.75, 9], "rotation": 270, "texture": "#0"},
				"up": {"uv": [2.5, 7.5, 3, 9], "texture": "#0"},
				"down": {"uv": [2.5, 9, 3, 7.5], "texture": "#0"}
			}
		},
		{
			"name": "chouzame_26",
			"from": [9.25, 0, 7.5],
			"to": [10.25, 0.25, 9.25],
			"faces": {
				"north": {"uv": [10.25, 7.5, 9.25, 7.75], "texture": "#0"},
				"east": {"uv": [10, 7.5, 10.25, 9.25], "rotation": 90, "texture": "#0"},
				"south": {"uv": [9.25, 9, 10.25, 9.25], "texture": "#0"},
				"west": {"uv": [9.25, 7.5, 9.5, 9.25], "rotation": 270, "texture": "#0"},
				"up": {"uv": [9.25, 7.5, 10.25, 9.25], "texture": "#0"},
				"down": {"uv": [9.25, 9.25, 10.25, 7.5], "texture": "#0"}
			}
		},
		{
			"name": "chouzame_27",
			"from": [13, 0, 7.5],
			"to": [13.25, 0.25, 8.75],
			"faces": {
				"north": {"uv": [13.25, 7.5, 13, 7.75], "texture": "#0"},
				"east": {"uv": [13, 7.5, 13.25, 8.75], "rotation": 90, "texture": "#0"},
				"south": {"uv": [13, 8.5, 13.25, 8.75], "texture": "#0"},
				"west": {"uv": [13, 7.5, 13.25, 8.75], "rotation": 270, "texture": "#0"},
				"up": {"uv": [13, 7.5, 13.25, 8.75], "texture": "#0"},
				"down": {"uv": [13, 8.75, 13.25, 7.5], "texture": "#0"}
			}
		},
		{
			"name": "chouzame_28",
			"from": [2, 0, 7.75],
			"to": [2.5, 0.25, 8.75],
			"faces": {
				"north": {"uv": [2.5, 7.75, 2, 8], "texture": "#0"},
				"east": {"uv": [2.25, 7.75, 2.5, 8.75], "rotation": 90, "texture": "#0"},
				"south": {"uv": [2, 8.5, 2.5, 8.75], "texture": "#0"},
				"west": {"uv": [2, 7.75, 2.25, 8.75], "rotation": 270, "texture": "#0"},
				"up": {"uv": [2, 7.75, 2.5, 8.75], "texture": "#0"},
				"down": {"uv": [2, 8.75, 2.5, 7.75], "texture": "#0"}
			}
		},
		{
			"name": "chouzame_29",
			"from": [11.75, 0, 7.75],
			"to": [13, 0.25, 8.5],
			"faces": {
				"north": {"uv": [13, 7.75, 11.75, 8], "texture": "#0"},
				"east": {"uv": [12.75, 7.75, 13, 8.5], "rotation": 90, "texture": "#0"},
				"south": {"uv": [11.75, 8.25, 13, 8.5], "texture": "#0"},
				"west": {"uv": [11.75, 7.75, 12, 8.5], "rotation": 270, "texture": "#0"},
				"up": {"uv": [11.75, 7.75, 13, 8.5], "texture": "#0"},
				"down": {"uv": [11.75, 8.5, 13, 7.75], "texture": "#0"}
			}
		},
		{
			"name": "chouzame_30",
			"from": [0.75, 0, 8],
			"to": [2, 0.25, 8.75],
			"faces": {
				"north": {"uv": [2, 8, 0.75, 8.25], "texture": "#0"},
				"east": {"uv": [1.75, 8, 2, 8.75], "rotation": 90, "texture": "#0"},
				"south": {"uv": [0.75, 8.5, 2, 8.75], "texture": "#0"},
				"west": {"uv": [0.75, 8, 1, 8.75], "rotation": 270, "texture": "#0"},
				"up": {"uv": [0.75, 8, 2, 8.75], "texture": "#0"},
				"down": {"uv": [0.75, 8.75, 2, 8], "texture": "#0"}
			}
		},
		{
			"name": "chouzame_31",
			"from": [0.5, 0, 8.25],
			"to": [0.75, 0.25, 8.5],
			"faces": {
				"north": {"uv": [0.75, 8.25, 0.5, 8.5], "texture": "#0"},
				"east": {"uv": [0.5, 8.25, 0.75, 8.5], "rotation": 90, "texture": "#0"},
				"south": {"uv": [0.5, 8.25, 0.75, 8.5], "texture": "#0"},
				"west": {"uv": [0.5, 8.25, 0.75, 8.5], "rotation": 270, "texture": "#0"},
				"up": {"uv": [0.5, 8.25, 0.75, 8.5], "texture": "#0"},
				"down": {"uv": [0.5, 8.5, 0.75, 8.25], "texture": "#0"}
			}
		},
		{
			"name": "chouzame_32",
			"from": [12.75, 0, 8.5],
			"to": [13, 0.25, 8.75],
			"faces": {
				"north": {"uv": [13, 8.5, 12.75, 8.75], "texture": "#0"},
				"east": {"uv": [12.75, 8.5, 13, 8.75], "rotation": 90, "texture": "#0"},
				"south": {"uv": [12.75, 8.5, 13, 8.75], "texture": "#0"},
				"west": {"uv": [12.75, 8.5, 13, 8.75], "rotation": 270, "texture": "#0"},
				"up": {"uv": [12.75, 8.5, 13, 8.75], "texture": "#0"},
				"down": {"uv": [12.75, 8.75, 13, 8.5], "texture": "#0"}
			}
		},
		{
			"name": "chouzame_33",
			"from": [14.25, 0, 8.5],
			"to": [14.5, 0.25, 9.25],
			"faces": {
				"north": {"uv": [14.5, 8.5, 14.25, 8.75], "texture": "#0"},
				"east": {"uv": [14.25, 8.5, 14.5, 9.25], "rotation": 90, "texture": "#0"},
				"south": {"uv": [14.25, 9, 14.5, 9.25], "texture": "#0"},
				"west": {"uv": [14.25, 8.5, 14.5, 9.25], "rotation": 270, "texture": "#0"},
				"up": {"uv": [14.25, 8.5, 14.5, 9.25], "texture": "#0"},
				"down": {"uv": [14.25, 9.25, 14.5, 8.5], "texture": "#0"}
			}
		},
		{
			"name": "chouzame_34",
			"from": [14.5, 0, 8.75],
			"to": [14.75, 0.25, 9],
			"faces": {
				"north": {"uv": [14.75, 8.75, 14.5, 9], "texture": "#0"},
				"east": {"uv": [14.5, 8.75, 14.75, 9], "rotation": 90, "texture": "#0"},
				"south": {"uv": [14.5, 8.75, 14.75, 9], "texture": "#0"},
				"west": {"uv": [14.5, 8.75, 14.75, 9], "rotation": 270, "texture": "#0"},
				"up": {"uv": [14.5, 8.75, 14.75, 9], "texture": "#0"},
				"down": {"uv": [14.5, 9, 14.75, 8.75], "texture": "#0"}
			}
		},
		{
			"name": "chouzame_35",
			"from": [3.75, 0, 9],
			"to": [4.25, 0.25, 9.25],
			"faces": {
				"north": {"uv": [4.25, 9, 3.75, 9.25], "texture": "#0"},
				"east": {"uv": [4, 9, 4.25, 9.25], "rotation": 90, "texture": "#0"},
				"south": {"uv": [3.75, 9, 4.25, 9.25], "texture": "#0"},
				"west": {"uv": [3.75, 9, 4, 9.25], "rotation": 270, "texture": "#0"},
				"up": {"uv": [3.75, 9, 4.25, 9.25], "texture": "#0"},
				"down": {"uv": [3.75, 9.25, 4.25, 9], "texture": "#0"}
			}
		},
		{
			"name": "chouzame_36",
			"from": [11.75, 0, 9],
			"to": [12, 0.25, 9.25],
			"faces": {
				"north": {"uv": [12, 9, 11.75, 9.25], "texture": "#0"},
				"east": {"uv": [11.75, 9, 12, 9.25], "rotation": 90, "texture": "#0"},
				"south": {"uv": [11.75, 9, 12, 9.25], "texture": "#0"},
				"west": {"uv": [11.75, 9, 12, 9.25], "rotation": 270, "texture": "#0"},
				"up": {"uv": [11.75, 9, 12, 9.25], "texture": "#0"},
				"down": {"uv": [11.75, 9.25, 12, 9], "texture": "#0"}
			}
		},
		{
			"name": "chouzame_37",
			"from": [4, 0, 9.25],
			"to": [4.25, 0.25, 9.5],
			"faces": {
				"north": {"uv": [4.25, 9.25, 4, 9.5], "texture": "#0"},
				"east": {"uv": [4, 9.25, 4.25, 9.5], "rotation": 90, "texture": "#0"},
				"south": {"uv": [4, 9.25, 4.25, 9.5], "texture": "#0"},
				"west": {"uv": [4, 9.25, 4.25, 9.5], "rotation": 270, "texture": "#0"},
				"up": {"uv": [4, 9.25, 4.25, 9.5], "texture": "#0"},
				"down": {"uv": [4, 9.5, 4.25, 9.25], "texture": "#0"}
			}
		},
		{
			"name": "chouzame_38",
			"from": [5, 0, 9.25],
			"to": [5.25, 0.25, 9.5],
			"faces": {
				"north": {"uv": [5.25, 9.25, 5, 9.5], "texture": "#0"},
				"east": {"uv": [5, 9.25, 5.25, 9.5], "rotation": 90, "texture": "#0"},
				"south": {"uv": [5, 9.25, 5.25, 9.5], "texture": "#0"},
				"west": {"uv": [5, 9.25, 5.25, 9.5], "rotation": 270, "texture": "#0"},
				"up": {"uv": [5, 9.25, 5.25, 9.5], "texture": "#0"},
				"down": {"uv": [5, 9.5, 5.25, 9.25], "texture": "#0"}
			}
		},
		{
			"name": "chouzame_39",
			"from": [9.5, 0, 9.25],
			"to": [10.25, 0.25, 9.5],
			"faces": {
				"north": {"uv": [10.25, 9.25, 9.5, 9.5], "texture": "#0"},
				"east": {"uv": [10, 9.25, 10.25, 9.5], "rotation": 90, "texture": "#0"},
				"south": {"uv": [9.5, 9.25, 10.25, 9.5], "texture": "#0"},
				"west": {"uv": [9.5, 9.25, 9.75, 9.5], "rotation": 270, "texture": "#0"},
				"up": {"uv": [9.5, 9.25, 10.25, 9.5], "texture": "#0"},
				"down": {"uv": [9.5, 9.5, 10.25, 9.25], "texture": "#0"}
			}
		},
		{
			"name": "chouzame_40",
			"from": [9.75, 0, 9.5],
			"to": [10, 0.25, 9.75],
			"faces": {
				"north": {"uv": [10, 9.5, 9.75, 9.75], "texture": "#0"},
				"east": {"uv": [9.75, 9.5, 10, 9.75], "rotation": 90, "texture": "#0"},
				"south": {"uv": [9.75, 9.5, 10, 9.75], "texture": "#0"},
				"west": {"uv": [9.75, 9.5, 10, 9.75], "rotation": 270, "texture": "#0"},
				"up": {"uv": [9.75, 9.5, 10, 9.75], "texture": "#0"},
				"down": {"uv": [9.75, 9.75, 10, 9.5], "texture": "#0"}
			}
		}
	],
	"display": {
		"thirdperson_righthand": {
			"rotation": [90, 0, 0],
			"translation": [0, 0.75, 13.25],
			"scale": [1.6, 1.6, 1.6]
		},
		"thirdperson_lefthand": {
			"rotation": [90, 0, 0],
			"translation": [0, 0.75, 13.25],
			"scale": [1.6, 1.6, 1.6]
		},
		"firstperson_righthand": {
			"rotation": [90, 0, 0],
			"translation": [0, 0.75, 13.25],
			"scale": [1.6, 1.6, 1.6]
		},
		"firstperson_lefthand": {
			"rotation": [90, 0, 0],
			"translation": [0, 0.75, 13.25],
			"scale": [1.6, 1.6, 1.6]
		},
		"ground": {
			"rotation": [90, 0, 0],
			"translation": [0, 0.75, 13.25],
			"scale": [1.6, 1.6, 1.6]
		},
		"gui": {
			"rotation": [90, 0, 0],
			"translation": [0, 0, 17.5],
			"scale": [1.06, 1.06, 1.06]
		},
		"head": {
			"rotation": [90, 0, 0],
			"translation": [0, 8.75, 13.25],
			"scale": [1.6, 1.6, 1.6]
		},
		"fixed": {
			"rotation": [90, 0, 0],
			"translation": [-0.5, 0.25, 9.75],
			"scale": [1.28, 1.28, 1.28]
		}
	},
	"groups": [
		{
			"name": "chouzame",
			"origin": [8, 8, 8],
			"children": [0, 1, 2, 3, 4, 5, 6, 7, 8, 9, 10, 11, 12, 13, 14, 15, 16, 17, 18, 19, 20, 21, 22, 23, 24, 25, 26, 27, 28, 29, 30, 31, 32, 33, 34, 35, 36, 37, 38, 39]
		}
	]
}