{
	"credit": "Made with Blockbench",
	"textures": {
		"1": "fish/ei",
		"particle": "fish/ei"
	},
	"elements": [
		{
			"name": "ei_0",
			"from": [3.5, 0, 4.25],
			"to": [4.25, 0.25, 11.75],
			"faces": {
				"north": {"uv": [4.25, 4.25, 3.5, 4.5], "texture": "#1"},
				"east": {"uv": [4, 4.25, 4.25, 11.75], "rotation": 90, "texture": "#1"},
				"south": {"uv": [3.5, 11.5, 4.25, 11.75], "texture": "#1"},
				"west": {"uv": [3.5, 4.25, 3.75, 11.75], "rotation": 270, "texture": "#1"},
				"up": {"uv": [3.5, 4.25, 4.25, 11.75], "texture": "#1"},
				"down": {"uv": [3.5, 11.75, 4.25, 4.25], "texture": "#1"}
			}
		},
		{
			"name": "ei_1",
			"from": [3.25, 0, 4.5],
			"to": [3.5, 0.25, 11.5],
			"faces": {
				"north": {"uv": [3.5, 4.5, 3.25, 4.75], "texture": "#1"},
				"east": {"uv": [3.25, 4.5, 3.5, 11.5], "rotation": 90, "texture": "#1"},
				"south": {"uv": [3.25, 11.25, 3.5, 11.5], "texture": "#1"},
				"west": {"uv": [3.25, 4.5, 3.5, 11.5], "rotation": 270, "texture": "#1"},
				"up": {"uv": [3.25, 4.5, 3.5, 11.5], "texture": "#1"},
				"down": {"uv": [3.25, 11.5, 3.5, 4.5], "texture": "#1"}
			}
		},
		{
			"name": "ei_2",
			"from": [4.25, 0, 4.5],
			"to": [4.75, 0.25, 11.5],
			"faces": {
				"north": {"uv": [4.75, 4.5, 4.25, 4.75], "texture": "#1"},
				"east": {"uv": [4.5, 4.5, 4.75, 11.5], "rotation": 90, "texture": "#1"},
				"south": {"uv": [4.25, 11.25, 4.75, 11.5], "texture": "#1"},
				"west": {"uv": [4.25, 4.5, 4.5, 11.5], "rotation": 270, "texture": "#1"},
				"up": {"uv": [4.25, 4.5, 4.75, 11.5], "texture": "#1"},
				"down": {"uv": [4.25, 11.5, 4.75, 4.5], "texture": "#1"}
			}
		},
		{
			"name": "ei_3",
			"from": [3, 0, 4.75],
			"to": [3.25, 0.25, 11.25],
			"faces": {
				"north": {"uv": [3.25, 4.75, 3, 5], "texture": "#1"},
				"east": {"uv": [3, 4.75, 3.25, 11.25], "rotation": 90, "texture": "#1"},
				"south": {"uv": [3, 11, 3.25, 11.25], "texture": "#1"},
				"west": {"uv": [3, 4.75, 3.25, 11.25], "rotation": 270, "texture": "#1"},
				"up": {"uv": [3, 4.75, 3.25, 11.25], "texture": "#1"},
				"down": {"uv": [3, 11.25, 3.25, 4.75], "texture": "#1"}
			}
		},
		{
			"name": "ei_4",
			"from": [4.75, 0, 4.75],
			"to": [5.25, 0.25, 11.25],
			"faces": {
				"north": {"uv": [5.25, 4.75, 4.75, 5], "texture": "#1"},
				"east": {"uv": [5, 4.75, 5.25, 11.25], "rotation": 90, "texture": "#1"},
				"south": {"uv": [4.75, 11, 5.25, 11.25], "texture": "#1"},
				"west": {"uv": [4.75, 4.75, 5, 11.25], "rotation": 270, "texture": "#1"},
				"up": {"uv": [4.75, 4.75, 5.25, 11.25], "texture": "#1"},
				"down": {"uv": [4.75, 11.25, 5.25, 4.75], "texture": "#1"}
			}
		},
		{
			"name": "ei_5",
			"from": [2.75, 0, 5],
			"to": [3, 0.25, 11],
			"faces": {
				"north": {"uv": [3, 5, 2.75, 5.25], "texture": "#1"},
				"east": {"uv": [2.75, 5, 3, 11], "rotation": 90, "texture": "#1"},
				"south": {"uv": [2.75, 10.75, 3, 11], "texture": "#1"},
				"west": {"uv": [2.75, 5, 3, 11], "rotation": 270, "texture": "#1"},
				"up": {"uv": [2.75, 5, 3, 11], "texture": "#1"},
				"down": {"uv": [2.75, 11, 3, 5], "texture": "#1"}
			}
		},
		{
			"name": "ei_6",
			"from": [5.25, 0, 5],
			"to": [5.75, 0.25, 11],
			"faces": {
				"north": {"uv": [5.75, 5, 5.25, 5.25], "texture": "#1"},
				"east": {"uv": [5.5, 5, 5.75, 11], "rotation": 90, "texture": "#1"},
				"south": {"uv": [5.25, 10.75, 5.75, 11], "texture": "#1"},
				"west": {"uv": [5.25, 5, 5.5, 11], "rotation": 270, "texture": "#1"},
				"up": {"uv": [5.25, 5, 5.75, 11], "texture": "#1"},
				"down": {"uv": [5.25, 11, 5.75, 5], "texture": "#1"}
			}
		},
		{
			"name": "ei_7",
			"from": [2.5, 0, 5.25],
			"to": [2.75, 0.25, 10.75],
			"faces": {
				"north": {"uv": [2.75, 5.25, 2.5, 5.5], "texture": "#1"},
				"east": {"uv": [2.5, 5.25, 2.75, 10.75], "rotation": 90, "texture": "#1"},
				"south": {"uv": [2.5, 10.5, 2.75, 10.75], "texture": "#1"},
				"west": {"uv": [2.5, 5.25, 2.75, 10.75], "rotation": 270, "texture": "#1"},
				"up": {"uv": [2.5, 5.25, 2.75, 10.75], "texture": "#1"},
				"down": {"uv": [2.5, 10.75, 2.75, 5.25], "texture": "#1"}
			}
		},
		{
			"name": "ei_8",
			"from": [5.75, 0, 5.25],
			"to": [6, 0.25, 10.75],
			"faces": {
				"north": {"uv": [6, 5.25, 5.75, 5.5], "texture": "#1"},
				"east": {"uv": [5.75, 5.25, 6, 10.75], "rotation": 90, "texture": "#1"},
				"south": {"uv": [5.75, 10.5, 6, 10.75], "texture": "#1"},
				"west": {"uv": [5.75, 5.25, 6, 10.75], "rotation": 270, "texture": "#1"},
				"up": {"uv": [5.75, 5.25, 6, 10.75], "texture": "#1"},
				"down": {"uv": [5.75, 10.75, 6, 5.25], "texture": "#1"}
			}
		},
		{
			"name": "ei_9",
			"from": [2.25, 0, 5.5],
			"to": [2.5, 0.25, 10.5],
			"faces": {
				"north": {"uv": [2.5, 5.5, 2.25, 5.75], "texture": "#1"},
				"east": {"uv": [2.25, 5.5, 2.5, 10.5], "rotation": 90, "texture": "#1"},
				"south": {"uv": [2.25, 10.25, 2.5, 10.5], "texture": "#1"},
				"west": {"uv": [2.25, 5.5, 2.5, 10.5], "rotation": 270, "texture": "#1"},
				"up": {"uv": [2.25, 5.5, 2.5, 10.5], "texture": "#1"},
				"down": {"uv": [2.25, 10.5, 2.5, 5.5], "texture": "#1"}
			}
		},
		{
			"name": "ei_10",
			"from": [6, 0, 5.5],
			"to": [6.25, 0.25, 10.5],
			"faces": {
				"north": {"uv": [6.25, 5.5, 6, 5.75], "texture": "#1"},
				"east": {"uv": [6, 5.5, 6.25, 10.5], "rotation": 90, "texture": "#1"},
				"south": {"uv": [6, 10.25, 6.25, 10.5], "texture": "#1"},
				"west": {"uv": [6, 5.5, 6.25, 10.5], "rotation": 270, "texture": "#1"},
				"up": {"uv": [6, 5.5, 6.25, 10.5], "texture": "#1"},
				"down": {"uv": [6, 10.5, 6.25, 5.5], "texture": "#1"}
			}
		},
		{
			"name": "ei_11",
			"from": [2, 0, 5.75],
			"to": [2.25, 0.25, 10.25],
			"faces": {
				"north": {"uv": [2.25, 5.75, 2, 6], "texture": "#1"},
				"east": {"uv": [2, 5.75, 2.25, 10.25], "rotation": 90, "texture": "#1"},
				"south": {"uv": [2, 10, 2.25, 10.25], "texture": "#1"},
				"west": {"uv": [2, 5.75, 2.25, 10.25], "rotation": 270, "texture": "#1"},
				"up": {"uv": [2, 5.75, 2.25, 10.25], "texture": "#1"},
				"down": {"uv": [2, 10.25, 2.25, 5.75], "texture": "#1"}
			}
		},
		{
			"name": "ei_12",
			"from": [6.25, 0, 5.75],
			"to": [6.5, 0.25, 10.25],
			"faces": {
				"north": {"uv": [6.5, 5.75, 6.25, 6], "texture": "#1"},
				"east": {"uv": [6.25, 5.75, 6.5, 10.25], "rotation": 90, "texture": "#1"},
				"south": {"uv": [6.25, 10, 6.5, 10.25], "texture": "#1"},
				"west": {"uv": [6.25, 5.75, 6.5, 10.25], "rotation": 270, "texture": "#1"},
				"up": {"uv": [6.25, 5.75, 6.5, 10.25], "texture": "#1"},
				"down": {"uv": [6.25, 10.25, 6.5, 5.75], "texture": "#1"}
			}
		},
		{
			"name": "ei_13",
			"from": [6.5, 0, 6],
			"to": [6.75, 0.25, 10],
			"faces": {
				"north": {"uv": [6.75, 6, 6.5, 6.25], "texture": "#1"},
				"east": {"uv": [6.5, 6, 6.75, 10], "rotation": 90, "texture": "#1"},
				"south": {"uv": [6.5, 9.75, 6.75, 10], "texture": "#1"},
				"west": {"uv": [6.5, 6, 6.75, 10], "rotation": 270, "texture": "#1"},
				"up": {"uv": [6.5, 6, 6.75, 10], "texture": "#1"},
				"down": {"uv": [6.5, 10, 6.75, 6], "texture": "#1"}
			}
		},
		{
			"name": "ei_14",
			"from": [1.75, 0, 6.25],
			"to": [2, 0.25, 9.75],
			"faces": {
				"north": {"uv": [2, 6.25, 1.75, 6.5], "texture": "#1"},
				"east": {"uv": [1.75, 6.25, 2, 9.75], "rotation": 90, "texture": "#1"},
				"south": {"uv": [1.75, 9.5, 2, 9.75], "texture": "#1"},
				"west": {"uv": [1.75, 6.25, 2, 9.75], "rotation": 270, "texture": "#1"},
				"up": {"uv": [1.75, 6.25, 2, 9.75], "texture": "#1"},
				"down": {"uv": [1.75, 9.75, 2, 6.25], "texture": "#1"}
			}
		},
		{
			"name": "ei_15",
			"from": [6.75, 0, 6.25],
			"to": [7, 0.25, 9.75],
			"faces": {
				"north": {"uv": [7, 6.25, 6.75, 6.5], "texture": "#1"},
				"east": {"uv": [6.75, 6.25, 7, 9.75], "rotation": 90, "texture": "#1"},
				"south": {"uv": [6.75, 9.5, 7, 9.75], "texture": "#1"},
				"west": {"uv": [6.75, 6.25, 7, 9.75], "rotation": 270, "texture": "#1"},
				"up": {"uv": [6.75, 6.25, 7, 9.75], "texture": "#1"},
				"down": {"uv": [6.75, 9.75, 7, 6.25], "texture": "#1"}
			}
		},
		{
			"name": "ei_16",
			"from": [7, 0, 6.5],
			"to": [7.25, 0.25, 9.5],
			"faces": {
				"north": {"uv": [7.25, 6.5, 7, 6.75], "texture": "#1"},
				"east": {"uv": [7, 6.5, 7.25, 9.5], "rotation": 90, "texture": "#1"},
				"south": {"uv": [7, 9.25, 7.25, 9.5], "texture": "#1"},
				"west": {"uv": [7, 6.5, 7.25, 9.5], "rotation": 270, "texture": "#1"},
				"up": {"uv": [7, 6.5, 7.25, 9.5], "texture": "#1"},
				"down": {"uv": [7, 9.5, 7.25, 6.5], "texture": "#1"}
			}
		},
		{
			"name": "ei_17",
			"from": [1.5, 0, 6.75],
			"to": [1.75, 0.25, 9.25],
			"faces": {
				"north": {"uv": [1.75, 6.75, 1.5, 7], "texture": "#1"},
				"east": {"uv": [1.5, 6.75, 1.75, 9.25], "rotation": 90, "texture": "#1"},
				"south": {"uv": [1.5, 9, 1.75, 9.25], "texture": "#1"},
				"west": {"uv": [1.5, 6.75, 1.75, 9.25], "rotation": 270, "texture": "#1"},
				"up": {"uv": [1.5, 6.75, 1.75, 9.25], "texture": "#1"},
				"down": {"uv": [1.5, 9.25, 1.75, 6.75], "texture": "#1"}
			}
		},
		{
			"name": "ei_18",
			"from": [7.25, 0, 6.75],
			"to": [7.5, 0.25, 9.25],
			"faces": {
				"north": {"uv": [7.5, 6.75, 7.25, 7], "texture": "#1"},
				"east": {"uv": [7.25, 6.75, 7.5, 9.25], "rotation": 90, "texture": "#1"},
				"south": {"uv": [7.25, 9, 7.5, 9.25], "texture": "#1"},
				"west": {"uv": [7.25, 6.75, 7.5, 9.25], "rotation": 270, "texture": "#1"},
				"up": {"uv": [7.25, 6.75, 7.5, 9.25], "texture": "#1"},
				"down": {"uv": [7.25, 9.25, 7.5, 6.75], "texture": "#1"}
			}
		},
		{
			"name": "ei_19",
			"from": [1.25, 0, 7],
			"to": [1.5, 0.25, 9],
			"faces": {
				"north": {"uv": [1.5, 7, 1.25, 7.25], "texture": "#1"},
				"east": {"uv": [1.25, 7, 1.5, 9], "rotation": 90, "texture": "#1"},
				"south": {"uv": [1.25, 8.75, 1.5, 9], "texture": "#1"},
				"west": {"uv": [1.25, 7, 1.5, 9], "rotation": 270, "texture": "#1"},
				"up": {"uv": [1.25, 7, 1.5, 9], "texture": "#1"},
				"down": {"uv": [1.25, 9, 1.5, 7], "texture": "#1"}
			}
		},
		{
			"name": "ei_20",
			"from": [7.5, 0, 7],
			"to": [7.75, 0.25, 9],
			"faces": {
				"north": {"uv": [7.75, 7, 7.5, 7.25], "texture": "#1"},
				"east": {"uv": [7.5, 7, 7.75, 9], "rotation": 90, "texture": "#1"},
				"south": {"uv": [7.5, 8.75, 7.75, 9], "texture": "#1"},
				"west": {"uv": [7.5, 7, 7.75, 9], "rotation": 270, "texture": "#1"},
				"up": {"uv": [7.5, 7, 7.75, 9], "texture": "#1"},
				"down": {"uv": [7.5, 9, 7.75, 7], "texture": "#1"}
			}
		},
		{
			"name": "ei_21",
			"from": [1, 0, 7.5],
			"to": [1.25, 0.25, 8.5],
			"faces": {
				"north": {"uv": [1.25, 7.5, 1, 7.75], "texture": "#1"},
				"east": {"uv": [1, 7.5, 1.25, 8.5], "rotation": 90, "texture": "#1"},
				"south": {"uv": [1, 8.25, 1.25, 8.5], "texture": "#1"},
				"west": {"uv": [1, 7.5, 1.25, 8.5], "rotation": 270, "texture": "#1"},
				"up": {"uv": [1, 7.5, 1.25, 8.5], "texture": "#1"},
				"down": {"uv": [1, 8.5, 1.25, 7.5], "texture": "#1"}
			}
		},
		{
			"name": "ei_22",
			"from": [7.75, 0, 7.5],
			"to": [10.5, 0.25, 8.5],
			"faces": {
				"north": {"uv": [10.5, 7.5, 7.75, 7.75], "texture": "#1"},
				"east": {"uv": [10.25, 7.5, 10.5, 8.5], "rotation": 90, "texture": "#1"},
				"south": {"uv": [7.75, 8.25, 10.5, 8.5], "texture": "#1"},
				"west": {"uv": [7.75, 7.5, 8, 8.5], "rotation": 270, "texture": "#1"},
				"up": {"uv": [7.75, 7.5, 10.5, 8.5], "texture": "#1"},
				"down": {"uv": [7.75, 8.5, 10.5, 7.5], "texture": "#1"}
			}
		},
		{
			"name": "ei_23",
			"from": [10.5, 0, 7.75],
			"to": [13.75, 0.25, 8.25],
			"faces": {
				"north": {"uv": [13.75, 7.75, 10.5, 8], "texture": "#1"},
				"east": {"uv": [13.5, 7.75, 13.75, 8.25], "rotation": 90, "texture": "#1"},
				"south": {"uv": [10.5, 8, 13.75, 8.25], "texture": "#1"},
				"west": {"uv": [10.5, 7.75, 10.75, 8.25], "rotation": 270, "texture": "#1"},
				"up": {"uv": [10.5, 7.75, 13.75, 8.25], "texture": "#1"},
				"down": {"uv": [10.5, 8.25, 13.75, 7.75], "texture": "#1"}
			}
		}
	],
	"gui_light": "front",
	"display": {
		"thirdperson_righthand": {
			"rotation": [81, -18.75, 1.75],
			"translation": [0.25, 4.5, 17.25],
			"scale": [2.1, 2.1, 2.1]
		},
		"thirdperson_lefthand": {
			"rotation": [81, -18.75, 1.75],
			"translation": [-5, 4.5, 17.25],
			"scale": [2.1, 2.1, 2.1]
		},
		"firstperson_righthand": {
			"rotation": [81, -18.75, 1.75],
			"translation": [0.25, 4.5, 17.25],
			"scale": [2.1, 2.1, 2.1]
		},
		"firstperson_lefthand": {
			"rotation": [81, -18.75, 1.75],
			"translation": [0.25, 4.5, 17.25],
			"scale": [2.1, 2.1, 2.1]
		},
		"ground": {
			"rotation": [81, -18.75, 1.75],
			"translation": [0.25, 4.5, 17.25],
			"scale": [2.1, 2.1, 2.1]
		},
		"gui": {
			"rotation": [90, 0, 0],
			"translation": [0, 0, 17.5],
			"scale": [1.06, 1.06, 1.06]
		},
		"head": {
			"rotation": [81, -18.75, 1.75],
			"translation": [0.25, 11, 21.25],
			"scale": [2.1, 2.1, 2.1]
		},
		"fixed": {
			"rotation": [90, 0, 0],
			"translation": [-0.5, 0.25, 9.75],
			"scale": [1.28, 1.28, 1.28]
		}
	},
	"groups": [
		{
			"name": "ei",
			"origin": [8, 8, 8],
			"children": [0, 1, 2, 3, 4, 5, 6, 7, 8, 9, 10, 11, 12, 13, 14, 15, 16, 17, 18, 19, 20, 21, 22, 23]
		}
	]
}