{
	"__name": "フナ",
	"credit": "Made with Blockbench",
	"textures": {
		"1": "item/fish/ugui",
		"2": "item/fish/funa",
		"particle": "item/fish/funa"
	},
	"elements": [
		{
			"name": "ugui_0",
			"from": [
				8,
				0,
				4.75
			],
			"to": [
				8.25,
				0.25,
				9.5
			],
			"faces": {
				"north": {
					"uv": [
						8.25,
						4.75,
						8,
						5
					],
					"texture": "#1"
				},
				"east": {
					"uv": [
						8,
						4.75,
						8.25,
						9.5
					],
					"rotation": 90,
					"texture": "#1"
				},
				"south": {
					"uv": [
						8,
						9.25,
						8.25,
						9.5
					],
					"texture": "#1"
				},
				"west": {
					"uv": [
						8,
						4.75,
						8.25,
						9.5
					],
					"rotation": 270,
					"texture": "#1"
				},
				"up": {
					"uv": [
						8,
						4.75,
						8.25,
						9.5
					],
					"texture": "#1"
				},
				"down": {
					"uv": [
						8,
						9.5,
						8.25,
						4.75
					],
					"texture": "#1"
				}
			}
		},
		{
			"name": "ugui_1",
			"from": [
				7.5,
				0,
				5
			],
			"to": [
				8,
				0.25,
				10.75
			],
			"faces": {
				"north": {
					"uv": [
						8,
						5,
						7.5,
						5.25
					],
					"texture": "#1"
				},
				"east": {
					"uv": [
						7.75,
						5,
						8,
						10.75
					],
					"rotation": 90,
					"texture": "#1"
				},
				"south": {
					"uv": [
						7.5,
						10.5,
						8,
						10.75
					],
					"texture": "#1"
				},
				"west": {
					"uv": [
						7.5,
						5,
						7.75,
						10.75
					],
					"rotation": 270,
					"texture": "#1"
				},
				"up": {
					"uv": [
						7.5,
						5,
						8,
						10.75
					],
					"texture": "#1"
				},
				"down": {
					"uv": [
						7.5,
						10.75,
						8,
						5
					],
					"texture": "#1"
				}
			}
		},
		{
			"name": "ugui_2",
			"from": [
				7.25,
				0,
				5.25
			],
			"to": [
				7.5,
				0.25,
				10.5
			],
			"faces": {
				"north": {
					"uv": [
						7.5,
						5.25,
						7.25,
						5.5
					],
					"texture": "#1"
				},
				"east": {
					"uv": [
						7.25,
						5.25,
						7.5,
						10.5
					],
					"rotation": 90,
					"texture": "#1"
				},
				"south": {
					"uv": [
						7.25,
						10.25,
						7.5,
						10.5
					],
					"texture": "#1"
				},
				"west": {
					"uv": [
						7.25,
						5.25,
						7.5,
						10.5
					],
					"rotation": 270,
					"texture": "#1"
				},
				"up": {
					"uv": [
						7.25,
						5.25,
						7.5,
						10.5
					],
					"texture": "#1"
				},
				"down": {
					"uv": [
						7.25,
						10.5,
						7.5,
						5.25
					],
					"texture": "#1"
				}
			}
		},
		{
			"name": "ugui_3",
			"from": [
				7,
				0,
				5.5
			],
			"to": [
				7.25,
				0.25,
				10.25
			],
			"faces": {
				"north": {
					"uv": [
						7.25,
						5.5,
						7,
						5.75
					],
					"texture": "#1"
				},
				"east": {
					"uv": [
						7,
						5.5,
						7.25,
						10.25
					],
					"rotation": 90,
					"texture": "#1"
				},
				"south": {
					"uv": [
						7,
						10,
						7.25,
						10.25
					],
					"texture": "#1"
				},
				"west": {
					"uv": [
						7,
						5.5,
						7.25,
						10.25
					],
					"rotation": 270,
					"texture": "#1"
				},
				"up": {
					"uv": [
						7,
						5.5,
						7.25,
						10.25
					],
					"texture": "#1"
				},
				"down": {
					"uv": [
						7,
						10.25,
						7.25,
						5.5
					],
					"texture": "#1"
				}
			}
		},
		{
			"name": "ugui_4",
			"from": [
				6.75,
				0,
				5.75
			],
			"to": [
				7,
				0.25,
				10
			],
			"faces": {
				"north": {
					"uv": [
						7,
						5.75,
						6.75,
						6
					],
					"texture": "#1"
				},
				"east": {
					"uv": [
						6.75,
						5.75,
						7,
						10
					],
					"rotation": 90,
					"texture": "#1"
				},
				"south": {
					"uv": [
						6.75,
						9.75,
						7,
						10
					],
					"texture": "#1"
				},
				"west": {
					"uv": [
						6.75,
						5.75,
						7,
						10
					],
					"rotation": 270,
					"texture": "#1"
				},
				"up": {
					"uv": [
						6.75,
						5.75,
						7,
						10
					],
					"texture": "#1"
				},
				"down": {
					"uv": [
						6.75,
						10,
						7,
						5.75
					],
					"texture": "#1"
				}
			}
		},
		{
			"name": "ugui_5",
			"from": [
				15,
				0,
				5.75
			],
			"to": [
				15.5,
				0.25,
				6.5
			],
			"faces": {
				"north": {
					"uv": [
						15.5,
						5.75,
						15,
						6
					],
					"texture": "#1"
				},
				"east": {
					"uv": [
						15.25,
						5.75,
						15.5,
						6.5
					],
					"rotation": 90,
					"texture": "#1"
				},
				"south": {
					"uv": [
						15,
						6.25,
						15.5,
						6.5
					],
					"texture": "#1"
				},
				"west": {
					"uv": [
						15,
						5.75,
						15.25,
						6.5
					],
					"rotation": 270,
					"texture": "#1"
				},
				"up": {
					"uv": [
						15,
						5.75,
						15.5,
						6.5
					],
					"texture": "#1"
				},
				"down": {
					"uv": [
						15,
						6.5,
						15.5,
						5.75
					],
					"texture": "#1"
				}
			}
		},
		{
			"name": "ugui_6",
			"from": [
				15.5,
				0,
				5.75
			],
			"to": [
				15.75,
				0.25,
				6
			],
			"faces": {
				"north": {
					"uv": [
						15.75,
						5.75,
						15.5,
						6
					],
					"texture": "#1"
				},
				"east": {
					"uv": [
						15.5,
						5.75,
						15.75,
						6
					],
					"rotation": 90,
					"texture": "#1"
				},
				"south": {
					"uv": [
						15.5,
						5.75,
						15.75,
						6
					],
					"texture": "#1"
				},
				"west": {
					"uv": [
						15.5,
						5.75,
						15.75,
						6
					],
					"rotation": 270,
					"texture": "#1"
				},
				"up": {
					"uv": [
						15.5,
						5.75,
						15.75,
						6
					],
					"texture": "#1"
				},
				"down": {
					"uv": [
						15.5,
						6,
						15.75,
						5.75
					],
					"texture": "#1"
				}
			}
		},
		{
			"name": "ugui_7",
			"from": [
				6.5,
				0,
				6
			],
			"to": [
				6.75,
				0.25,
				9.75
			],
			"faces": {
				"north": {
					"uv": [
						6.75,
						6,
						6.5,
						6.25
					],
					"texture": "#1"
				},
				"east": {
					"uv": [
						6.5,
						6,
						6.75,
						9.75
					],
					"rotation": 90,
					"texture": "#1"
				},
				"south": {
					"uv": [
						6.5,
						9.5,
						6.75,
						9.75
					],
					"texture": "#1"
				},
				"west": {
					"uv": [
						6.5,
						6,
						6.75,
						9.75
					],
					"rotation": 270,
					"texture": "#1"
				},
				"up": {
					"uv": [
						6.5,
						6,
						6.75,
						9.75
					],
					"texture": "#1"
				},
				"down": {
					"uv": [
						6.5,
						9.75,
						6.75,
						6
					],
					"texture": "#1"
				}
			}
		},
		{
			"name": "ugui_8",
			"from": [
				14.75,
				0,
				6
			],
			"to": [
				15,
				0.25,
				7.5
			],
			"faces": {
				"north": {
					"uv": [
						15,
						6,
						14.75,
						6.25
					],
					"texture": "#1"
				},
				"east": {
					"uv": [
						14.75,
						6,
						15,
						7.5
					],
					"rotation": 90,
					"texture": "#1"
				},
				"south": {
					"uv": [
						14.75,
						7.25,
						15,
						7.5
					],
					"texture": "#1"
				},
				"west": {
					"uv": [
						14.75,
						6,
						15,
						7.5
					],
					"rotation": 270,
					"texture": "#1"
				},
				"up": {
					"uv": [
						14.75,
						6,
						15,
						7.5
					],
					"texture": "#1"
				},
				"down": {
					"uv": [
						14.75,
						7.5,
						15,
						6
					],
					"texture": "#1"
				}
			}
		},
		{
			"name": "ugui_9",
			"from": [
				5.25,
				0,
				6.25
			],
			"to": [
				6.5,
				0.25,
				9.75
			],
			"faces": {
				"north": {
					"uv": [
						6.5,
						6.25,
						5.25,
						6.5
					],
					"texture": "#1"
				},
				"east": {
					"uv": [
						6.25,
						6.25,
						6.5,
						9.75
					],
					"rotation": 90,
					"texture": "#1"
				},
				"south": {
					"uv": [
						5.25,
						9.5,
						6.5,
						9.75
					],
					"texture": "#1"
				},
				"west": {
					"uv": [
						5.25,
						6.25,
						5.5,
						9.75
					],
					"rotation": 270,
					"texture": "#1"
				},
				"up": {
					"uv": [
						5.25,
						6.25,
						6.5,
						9.75
					],
					"texture": "#1"
				},
				"down": {
					"uv": [
						5.25,
						9.75,
						6.5,
						6.25
					],
					"texture": "#1"
				}
			}
		},
		{
			"name": "ugui_10",
			"from": [
				14.5,
				0,
				6.25
			],
			"to": [
				14.75,
				0.25,
				9.5
			],
			"faces": {
				"north": {
					"uv": [
						14.75,
						6.25,
						14.5,
						6.5
					],
					"texture": "#1"
				},
				"east": {
					"uv": [
						14.5,
						6.25,
						14.75,
						9.5
					],
					"rotation": 90,
					"texture": "#1"
				},
				"south": {
					"uv": [
						14.5,
						9.25,
						14.75,
						9.5
					],
					"texture": "#1"
				},
				"west": {
					"uv": [
						14.5,
						6.25,
						14.75,
						9.5
					],
					"rotation": 270,
					"texture": "#1"
				},
				"up": {
					"uv": [
						14.5,
						6.25,
						14.75,
						9.5
					],
					"texture": "#1"
				},
				"down": {
					"uv": [
						14.5,
						9.5,
						14.75,
						6.25
					],
					"texture": "#1"
				}
			}
		},
		{
			"name": "ugui_11",
			"from": [
				3.75,
				0,
				6.5
			],
			"to": [
				5.25,
				0.25,
				9.75
			],
			"faces": {
				"north": {
					"uv": [
						5.25,
						6.5,
						3.75,
						6.75
					],
					"texture": "#1"
				},
				"east": {
					"uv": [
						5,
						6.5,
						5.25,
						9.75
					],
					"rotation": 90,
					"texture": "#1"
				},
				"south": {
					"uv": [
						3.75,
						9.5,
						5.25,
						9.75
					],
					"texture": "#1"
				},
				"west": {
					"uv": [
						3.75,
						6.5,
						4,
						9.75
					],
					"rotation": 270,
					"texture": "#1"
				},
				"up": {
					"uv": [
						3.75,
						6.5,
						5.25,
						9.75
					],
					"texture": "#1"
				},
				"down": {
					"uv": [
						3.75,
						9.75,
						5.25,
						6.5
					],
					"texture": "#1"
				}
			}
		},
		{
			"name": "ugui_12",
			"from": [
				8.25,
				0,
				6.5
			],
			"to": [
				8.75,
				0.25,
				9.5
			],
			"faces": {
				"north": {
					"uv": [
						8.75,
						6.5,
						8.25,
						6.75
					],
					"texture": "#1"
				},
				"east": {
					"uv": [
						8.5,
						6.5,
						8.75,
						9.5
					],
					"rotation": 90,
					"texture": "#1"
				},
				"south": {
					"uv": [
						8.25,
						9.25,
						8.75,
						9.5
					],
					"texture": "#1"
				},
				"west": {
					"uv": [
						8.25,
						6.5,
						8.5,
						9.5
					],
					"rotation": 270,
					"texture": "#1"
				},
				"up": {
					"uv": [
						8.25,
						6.5,
						8.75,
						9.5
					],
					"texture": "#1"
				},
				"down": {
					"uv": [
						8.25,
						9.5,
						8.75,
						6.5
					],
					"texture": "#1"
				}
			}
		},
		{
			"name": "ugui_13",
			"from": [
				14,
				0,
				6.5
			],
			"to": [
				14.5,
				0.25,
				9.25
			],
			"faces": {
				"north": {
					"uv": [
						14.5,
						6.5,
						14,
						6.75
					],
					"texture": "#1"
				},
				"east": {
					"uv": [
						14.25,
						6.5,
						14.5,
						9.25
					],
					"rotation": 90,
					"texture": "#1"
				},
				"south": {
					"uv": [
						14,
						9,
						14.5,
						9.25
					],
					"texture": "#1"
				},
				"west": {
					"uv": [
						14,
						6.5,
						14.25,
						9.25
					],
					"rotation": 270,
					"texture": "#1"
				},
				"up": {
					"uv": [
						14,
						6.5,
						14.5,
						9.25
					],
					"texture": "#1"
				},
				"down": {
					"uv": [
						14,
						9.25,
						14.5,
						6.5
					],
					"texture": "#1"
				}
			}
		},
		{
			"name": "ugui_14",
			"from": [
				15,
				0,
				6.5
			],
			"to": [
				15.25,
				0.25,
				7
			],
			"faces": {
				"north": {
					"uv": [
						15.25,
						6.5,
						15,
						6.75
					],
					"texture": "#1"
				},
				"east": {
					"uv": [
						15,
						6.5,
						15.25,
						7
					],
					"rotation": 90,
					"texture": "#1"
				},
				"south": {
					"uv": [
						15,
						6.75,
						15.25,
						7
					],
					"texture": "#1"
				},
				"west": {
					"uv": [
						15,
						6.5,
						15.25,
						7
					],
					"rotation": 270,
					"texture": "#1"
				},
				"up": {
					"uv": [
						15,
						6.5,
						15.25,
						7
					],
					"texture": "#1"
				},
				"down": {
					"uv": [
						15,
						7,
						15.25,
						6.5
					],
					"texture": "#1"
				}
			}
		},
		{
			"name": "ugui_15",
			"from": [
				3,
				0,
				6.75
			],
			"to": [
				3.75,
				0.25,
				9.5
			],
			"faces": {
				"north": {
					"uv": [
						3.75,
						6.75,
						3,
						7
					],
					"texture": "#1"
				},
				"east": {
					"uv": [
						3.5,
						6.75,
						3.75,
						9.5
					],
					"rotation": 90,
					"texture": "#1"
				},
				"south": {
					"uv": [
						3,
						9.25,
						3.75,
						9.5
					],
					"texture": "#1"
				},
				"west": {
					"uv": [
						3,
						6.75,
						3.25,
						9.5
					],
					"rotation": 270,
					"texture": "#1"
				},
				"up": {
					"uv": [
						3,
						6.75,
						3.75,
						9.5
					],
					"texture": "#1"
				},
				"down": {
					"uv": [
						3,
						9.5,
						3.75,
						6.75
					],
					"texture": "#1"
				}
			}
		},
		{
			"name": "ugui_16",
			"from": [
				8.75,
				0,
				6.75
			],
			"to": [
				9.5,
				0.25,
				9.25
			],
			"faces": {
				"north": {
					"uv": [
						9.5,
						6.75,
						8.75,
						7
					],
					"texture": "#1"
				},
				"east": {
					"uv": [
						9.25,
						6.75,
						9.5,
						9.25
					],
					"rotation": 90,
					"texture": "#1"
				},
				"south": {
					"uv": [
						8.75,
						9,
						9.5,
						9.25
					],
					"texture": "#1"
				},
				"west": {
					"uv": [
						8.75,
						6.75,
						9,
						9.25
					],
					"rotation": 270,
					"texture": "#1"
				},
				"up": {
					"uv": [
						8.75,
						6.75,
						9.5,
						9.25
					],
					"texture": "#1"
				},
				"down": {
					"uv": [
						8.75,
						9.25,
						9.5,
						6.75
					],
					"texture": "#1"
				}
			}
		},
		{
			"name": "ugui_17",
			"from": [
				13.5,
				0,
				6.75
			],
			"to": [
				14,
				0.25,
				9
			],
			"faces": {
				"north": {
					"uv": [
						14,
						6.75,
						13.5,
						7
					],
					"texture": "#1"
				},
				"east": {
					"uv": [
						13.75,
						6.75,
						14,
						9
					],
					"rotation": 90,
					"texture": "#1"
				},
				"south": {
					"uv": [
						13.5,
						8.75,
						14,
						9
					],
					"texture": "#1"
				},
				"west": {
					"uv": [
						13.5,
						6.75,
						13.75,
						9
					],
					"rotation": 270,
					"texture": "#1"
				},
				"up": {
					"uv": [
						13.5,
						6.75,
						14,
						9
					],
					"texture": "#1"
				},
				"down": {
					"uv": [
						13.5,
						9,
						14,
						6.75
					],
					"texture": "#1"
				}
			}
		},
		{
			"name": "ugui_18",
			"from": [
				2.25,
				0,
				7
			],
			"to": [
				3,
				0.25,
				9.25
			],
			"faces": {
				"north": {
					"uv": [
						3,
						7,
						2.25,
						7.25
					],
					"texture": "#1"
				},
				"east": {
					"uv": [
						2.75,
						7,
						3,
						9.25
					],
					"rotation": 90,
					"texture": "#1"
				},
				"south": {
					"uv": [
						2.25,
						9,
						3,
						9.25
					],
					"texture": "#1"
				},
				"west": {
					"uv": [
						2.25,
						7,
						2.5,
						9.25
					],
					"rotation": 270,
					"texture": "#1"
				},
				"up": {
					"uv": [
						2.25,
						7,
						3,
						9.25
					],
					"texture": "#1"
				},
				"down": {
					"uv": [
						2.25,
						9.25,
						3,
						7
					],
					"texture": "#1"
				}
			}
		},
		{
			"name": "ugui_19",
			"from": [
				9.5,
				0,
				7
			],
			"to": [
				10.75,
				0.25,
				9.25
			],
			"faces": {
				"north": {
					"uv": [
						10.75,
						7,
						9.5,
						7.25
					],
					"texture": "#1"
				},
				"east": {
					"uv": [
						10.5,
						7,
						10.75,
						9.25
					],
					"rotation": 90,
					"texture": "#1"
				},
				"south": {
					"uv": [
						9.5,
						9,
						10.75,
						9.25
					],
					"texture": "#1"
				},
				"west": {
					"uv": [
						9.5,
						7,
						9.75,
						9.25
					],
					"rotation": 270,
					"texture": "#1"
				},
				"up": {
					"uv": [
						9.5,
						7,
						10.75,
						9.25
					],
					"texture": "#1"
				},
				"down": {
					"uv": [
						9.5,
						9.25,
						10.75,
						7
					],
					"texture": "#1"
				}
			}
		},
		{
			"name": "ugui_20",
			"from": [
				12.25,
				0,
				7
			],
			"to": [
				13.5,
				0.25,
				8.75
			],
			"faces": {
				"north": {
					"uv": [
						13.5,
						7,
						12.25,
						7.25
					],
					"texture": "#1"
				},
				"east": {
					"uv": [
						13.25,
						7,
						13.5,
						8.75
					],
					"rotation": 90,
					"texture": "#1"
				},
				"south": {
					"uv": [
						12.25,
						8.5,
						13.5,
						8.75
					],
					"texture": "#1"
				},
				"west": {
					"uv": [
						12.25,
						7,
						12.5,
						8.75
					],
					"rotation": 270,
					"texture": "#1"
				},
				"up": {
					"uv": [
						12.25,
						7,
						13.5,
						8.75
					],
					"texture": "#1"
				},
				"down": {
					"uv": [
						12.25,
						8.75,
						13.5,
						7
					],
					"texture": "#1"
				}
			}
		},
		{
			"name": "ugui_21",
			"from": [
				1.75,
				0,
				7.25
			],
			"to": [
				2.25,
				0.25,
				9.25
			],
			"faces": {
				"north": {
					"uv": [
						2.25,
						7.25,
						1.75,
						7.5
					],
					"texture": "#1"
				},
				"east": {
					"uv": [
						2,
						7.25,
						2.25,
						9.25
					],
					"rotation": 90,
					"texture": "#1"
				},
				"south": {
					"uv": [
						1.75,
						9,
						2.25,
						9.25
					],
					"texture": "#1"
				},
				"west": {
					"uv": [
						1.75,
						7.25,
						2,
						9.25
					],
					"rotation": 270,
					"texture": "#1"
				},
				"up": {
					"uv": [
						1.75,
						7.25,
						2.25,
						9.25
					],
					"texture": "#1"
				},
				"down": {
					"uv": [
						1.75,
						9.25,
						2.25,
						7.25
					],
					"texture": "#1"
				}
			}
		},
		{
			"name": "ugui_22",
			"from": [
				10.75,
				0,
				7.25
			],
			"to": [
				12.25,
				0.25,
				8.75
			],
			"faces": {
				"north": {
					"uv": [
						12.25,
						7.25,
						10.75,
						7.5
					],
					"texture": "#1"
				},
				"east": {
					"uv": [
						12,
						7.25,
						12.25,
						8.75
					],
					"rotation": 90,
					"texture": "#1"
				},
				"south": {
					"uv": [
						10.75,
						8.5,
						12.25,
						8.75
					],
					"texture": "#1"
				},
				"west": {
					"uv": [
						10.75,
						7.25,
						11,
						8.75
					],
					"rotation": 270,
					"texture": "#1"
				},
				"up": {
					"uv": [
						10.75,
						7.25,
						12.25,
						8.75
					],
					"texture": "#1"
				},
				"down": {
					"uv": [
						10.75,
						8.75,
						12.25,
						7.25
					],
					"texture": "#1"
				}
			}
		},
		{
			"name": "ugui_23",
			"from": [
				1.5,
				0,
				7.5
			],
			"to": [
				1.75,
				0.25,
				9
			],
			"faces": {
				"north": {
					"uv": [
						1.75,
						7.5,
						1.5,
						7.75
					],
					"texture": "#1"
				},
				"east": {
					"uv": [
						1.5,
						7.5,
						1.75,
						9
					],
					"rotation": 90,
					"texture": "#1"
				},
				"south": {
					"uv": [
						1.5,
						8.75,
						1.75,
						9
					],
					"texture": "#1"
				},
				"west": {
					"uv": [
						1.5,
						7.5,
						1.75,
						9
					],
					"rotation": 270,
					"texture": "#1"
				},
				"up": {
					"uv": [
						1.5,
						7.5,
						1.75,
						9
					],
					"texture": "#1"
				},
				"down": {
					"uv": [
						1.5,
						9,
						1.75,
						7.5
					],
					"texture": "#1"
				}
			}
		},
		{
			"name": "ugui_24",
			"from": [
				1.25,
				0,
				7.75
			],
			"to": [
				1.5,
				0.25,
				9
			],
			"faces": {
				"north": {
					"uv": [
						1.5,
						7.75,
						1.25,
						8
					],
					"texture": "#1"
				},
				"east": {
					"uv": [
						1.25,
						7.75,
						1.5,
						9
					],
					"rotation": 90,
					"texture": "#1"
				},
				"south": {
					"uv": [
						1.25,
						8.75,
						1.5,
						9
					],
					"texture": "#1"
				},
				"west": {
					"uv": [
						1.25,
						7.75,
						1.5,
						9
					],
					"rotation": 270,
					"texture": "#1"
				},
				"up": {
					"uv": [
						1.25,
						7.75,
						1.5,
						9
					],
					"texture": "#1"
				},
				"down": {
					"uv": [
						1.25,
						9,
						1.5,
						7.75
					],
					"texture": "#1"
				}
			}
		},
		{
			"name": "ugui_25",
			"from": [
				1,
				0,
				8
			],
			"to": [
				1.25,
				0.25,
				8.25
			],
			"faces": {
				"north": {
					"uv": [
						1.25,
						8,
						1,
						8.25
					],
					"texture": "#1"
				},
				"east": {
					"uv": [
						1,
						8,
						1.25,
						8.25
					],
					"rotation": 90,
					"texture": "#1"
				},
				"south": {
					"uv": [
						1,
						8,
						1.25,
						8.25
					],
					"texture": "#1"
				},
				"west": {
					"uv": [
						1,
						8,
						1.25,
						8.25
					],
					"rotation": 270,
					"texture": "#1"
				},
				"up": {
					"uv": [
						1,
						8,
						1.25,
						8.25
					],
					"texture": "#1"
				},
				"down": {
					"uv": [
						1,
						8.25,
						1.25,
						8
					],
					"texture": "#1"
				}
			}
		},
		{
			"name": "ugui_26",
			"from": [
				14.75,
				0,
				8
			],
			"to": [
				15,
				0.25,
				9.75
			],
			"faces": {
				"north": {
					"uv": [
						15,
						8,
						14.75,
						8.25
					],
					"texture": "#1"
				},
				"east": {
					"uv": [
						14.75,
						8,
						15,
						9.75
					],
					"rotation": 90,
					"texture": "#1"
				},
				"south": {
					"uv": [
						14.75,
						9.5,
						15,
						9.75
					],
					"texture": "#1"
				},
				"west": {
					"uv": [
						14.75,
						8,
						15,
						9.75
					],
					"rotation": 270,
					"texture": "#1"
				},
				"up": {
					"uv": [
						14.75,
						8,
						15,
						9.75
					],
					"texture": "#1"
				},
				"down": {
					"uv": [
						14.75,
						9.75,
						15,
						8
					],
					"texture": "#1"
				}
			}
		},
		{
			"name": "ugui_27",
			"from": [
				1,
				0,
				8.5
			],
			"to": [
				1.25,
				0.25,
				8.75
			],
			"faces": {
				"north": {
					"uv": [
						1.25,
						8.5,
						1,
						8.75
					],
					"texture": "#1"
				},
				"east": {
					"uv": [
						1,
						8.5,
						1.25,
						8.75
					],
					"rotation": 90,
					"texture": "#1"
				},
				"south": {
					"uv": [
						1,
						8.5,
						1.25,
						8.75
					],
					"texture": "#1"
				},
				"west": {
					"uv": [
						1,
						8.5,
						1.25,
						8.75
					],
					"rotation": 270,
					"texture": "#1"
				},
				"up": {
					"uv": [
						1,
						8.5,
						1.25,
						8.75
					],
					"texture": "#1"
				},
				"down": {
					"uv": [
						1,
						8.75,
						1.25,
						8.5
					],
					"texture": "#1"
				}
			}
		},
		{
			"name": "ugui_28",
			"from": [
				15,
				0,
				8.5
			],
			"to": [
				15.25,
				0.25,
				10
			],
			"faces": {
				"north": {
					"uv": [
						15.25,
						8.5,
						15,
						8.75
					],
					"texture": "#1"
				},
				"east": {
					"uv": [
						15,
						8.5,
						15.25,
						10
					],
					"rotation": 90,
					"texture": "#1"
				},
				"south": {
					"uv": [
						15,
						9.75,
						15.25,
						10
					],
					"texture": "#1"
				},
				"west": {
					"uv": [
						15,
						8.5,
						15.25,
						10
					],
					"rotation": 270,
					"texture": "#1"
				},
				"up": {
					"uv": [
						15,
						8.5,
						15.25,
						10
					],
					"texture": "#1"
				},
				"down": {
					"uv": [
						15,
						10,
						15.25,
						8.5
					],
					"texture": "#1"
				}
			}
		},
		{
			"name": "ugui_29",
			"from": [
				10.75,
				0,
				8.75
			],
			"to": [
				11.25,
				0.25,
				10.25
			],
			"faces": {
				"north": {
					"uv": [
						11.25,
						8.75,
						10.75,
						9
					],
					"texture": "#1"
				},
				"east": {
					"uv": [
						11,
						8.75,
						11.25,
						10.25
					],
					"rotation": 90,
					"texture": "#1"
				},
				"south": {
					"uv": [
						10.75,
						10,
						11.25,
						10.25
					],
					"texture": "#1"
				},
				"west": {
					"uv": [
						10.75,
						8.75,
						11,
						10.25
					],
					"rotation": 270,
					"texture": "#1"
				},
				"up": {
					"uv": [
						10.75,
						8.75,
						11.25,
						10.25
					],
					"texture": "#1"
				},
				"down": {
					"uv": [
						10.75,
						10.25,
						11.25,
						8.75
					],
					"texture": "#1"
				}
			}
		},
		{
			"name": "ugui_30",
			"from": [
				15.25,
				0,
				8.75
			],
			"to": [
				15.5,
				0.25,
				10
			],
			"faces": {
				"north": {
					"uv": [
						15.5,
						8.75,
						15.25,
						9
					],
					"texture": "#1"
				},
				"east": {
					"uv": [
						15.25,
						8.75,
						15.5,
						10
					],
					"rotation": 90,
					"texture": "#1"
				},
				"south": {
					"uv": [
						15.25,
						9.75,
						15.5,
						10
					],
					"texture": "#1"
				},
				"west": {
					"uv": [
						15.25,
						8.75,
						15.5,
						10
					],
					"rotation": 270,
					"texture": "#1"
				},
				"up": {
					"uv": [
						15.25,
						8.75,
						15.5,
						10
					],
					"texture": "#1"
				},
				"down": {
					"uv": [
						15.25,
						10,
						15.5,
						8.75
					],
					"texture": "#1"
				}
			}
		},
		{
			"name": "ugui_31",
			"from": [
				2.75,
				0,
				9.25
			],
			"to": [
				3,
				0.25,
				9.5
			],
			"faces": {
				"north": {
					"uv": [
						3,
						9.25,
						2.75,
						9.5
					],
					"texture": "#1"
				},
				"east": {
					"uv": [
						2.75,
						9.25,
						3,
						9.5
					],
					"rotation": 90,
					"texture": "#1"
				},
				"south": {
					"uv": [
						2.75,
						9.25,
						3,
						9.5
					],
					"texture": "#1"
				},
				"west": {
					"uv": [
						2.75,
						9.25,
						3,
						9.5
					],
					"rotation": 270,
					"texture": "#1"
				},
				"up": {
					"uv": [
						2.75,
						9.25,
						3,
						9.5
					],
					"texture": "#1"
				},
				"down": {
					"uv": [
						2.75,
						9.5,
						3,
						9.25
					],
					"texture": "#1"
				}
			}
		},
		{
			"name": "ugui_32",
			"from": [
				8.75,
				0,
				9.25
			],
			"to": [
				9,
				0.25,
				9.5
			],
			"faces": {
				"north": {
					"uv": [
						9,
						9.25,
						8.75,
						9.5
					],
					"texture": "#1"
				},
				"east": {
					"uv": [
						8.75,
						9.25,
						9,
						9.5
					],
					"rotation": 90,
					"texture": "#1"
				},
				"south": {
					"uv": [
						8.75,
						9.25,
						9,
						9.5
					],
					"texture": "#1"
				},
				"west": {
					"uv": [
						8.75,
						9.25,
						9,
						9.5
					],
					"rotation": 270,
					"texture": "#1"
				},
				"up": {
					"uv": [
						8.75,
						9.25,
						9,
						9.5
					],
					"texture": "#1"
				},
				"down": {
					"uv": [
						8.75,
						9.5,
						9,
						9.25
					],
					"texture": "#1"
				}
			}
		},
		{
			"name": "ugui_33",
			"from": [
				9.75,
				0,
				9.25
			],
			"to": [
				10.75,
				0.25,
				9.5
			],
			"faces": {
				"north": {
					"uv": [
						10.75,
						9.25,
						9.75,
						9.5
					],
					"texture": "#1"
				},
				"east": {
					"uv": [
						10.5,
						9.25,
						10.75,
						9.5
					],
					"rotation": 90,
					"texture": "#1"
				},
				"south": {
					"uv": [
						9.75,
						9.25,
						10.75,
						9.5
					],
					"texture": "#1"
				},
				"west": {
					"uv": [
						9.75,
						9.25,
						10,
						9.5
					],
					"rotation": 270,
					"texture": "#1"
				},
				"up": {
					"uv": [
						9.75,
						9.25,
						10.75,
						9.5
					],
					"texture": "#1"
				},
				"down": {
					"uv": [
						9.75,
						9.5,
						10.75,
						9.25
					],
					"texture": "#1"
				}
			}
		},
		{
			"name": "ugui_34",
			"from": [
				15.5,
				0,
				9.25
			],
			"to": [
				15.75,
				0.25,
				10
			],
			"faces": {
				"north": {
					"uv": [
						15.75,
						9.25,
						15.5,
						9.5
					],
					"texture": "#1"
				},
				"east": {
					"uv": [
						15.5,
						9.25,
						15.75,
						10
					],
					"rotation": 90,
					"texture": "#1"
				},
				"south": {
					"uv": [
						15.5,
						9.75,
						15.75,
						10
					],
					"texture": "#1"
				},
				"west": {
					"uv": [
						15.5,
						9.25,
						15.75,
						10
					],
					"rotation": 270,
					"texture": "#1"
				},
				"up": {
					"uv": [
						15.5,
						9.25,
						15.75,
						10
					],
					"texture": "#1"
				},
				"down": {
					"uv": [
						15.5,
						10,
						15.75,
						9.25
					],
					"texture": "#1"
				}
			}
		},
		{
			"name": "ugui_35",
			"from": [
				3.5,
				0,
				9.5
			],
			"to": [
				3.75,
				0.25,
				9.75
			],
			"faces": {
				"north": {
					"uv": [
						3.75,
						9.5,
						3.5,
						9.75
					],
					"texture": "#1"
				},
				"east": {
					"uv": [
						3.5,
						9.5,
						3.75,
						9.75
					],
					"rotation": 90,
					"texture": "#1"
				},
				"south": {
					"uv": [
						3.5,
						9.5,
						3.75,
						9.75
					],
					"texture": "#1"
				},
				"west": {
					"uv": [
						3.5,
						9.5,
						3.75,
						9.75
					],
					"rotation": 270,
					"texture": "#1"
				},
				"up": {
					"uv": [
						3.5,
						9.5,
						3.75,
						9.75
					],
					"texture": "#1"
				},
				"down": {
					"uv": [
						3.5,
						9.75,
						3.75,
						9.5
					],
					"texture": "#1"
				}
			}
		},
		{
			"name": "ugui_36",
			"from": [
				10.25,
				0,
				9.5
			],
			"to": [
				10.75,
				0.25,
				9.75
			],
			"faces": {
				"north": {
					"uv": [
						10.75,
						9.5,
						10.25,
						9.75
					],
					"texture": "#1"
				},
				"east": {
					"uv": [
						10.5,
						9.5,
						10.75,
						9.75
					],
					"rotation": 90,
					"texture": "#1"
				},
				"south": {
					"uv": [
						10.25,
						9.5,
						10.75,
						9.75
					],
					"texture": "#1"
				},
				"west": {
					"uv": [
						10.25,
						9.5,
						10.5,
						9.75
					],
					"rotation": 270,
					"texture": "#1"
				},
				"up": {
					"uv": [
						10.25,
						9.5,
						10.75,
						9.75
					],
					"texture": "#1"
				},
				"down": {
					"uv": [
						10.25,
						9.75,
						10.75,
						9.5
					],
					"texture": "#1"
				}
			}
		},
		{
			"name": "ugui_37",
			"from": [
				8,
				0,
				9.75
			],
			"to": [
				8.25,
				0.25,
				10.5
			],
			"faces": {
				"north": {
					"uv": [
						8.25,
						9.75,
						8,
						10
					],
					"texture": "#1"
				},
				"east": {
					"uv": [
						8,
						9.75,
						8.25,
						10.5
					],
					"rotation": 90,
					"texture": "#1"
				},
				"south": {
					"uv": [
						8,
						10.25,
						8.25,
						10.5
					],
					"texture": "#1"
				},
				"west": {
					"uv": [
						8,
						9.75,
						8.25,
						10.5
					],
					"rotation": 270,
					"texture": "#1"
				},
				"up": {
					"uv": [
						8,
						9.75,
						8.25,
						10.5
					],
					"texture": "#1"
				},
				"down": {
					"uv": [
						8,
						10.5,
						8.25,
						9.75
					],
					"texture": "#1"
				}
			}
		},
		{
			"name": "ugui_38",
			"from": [
				10.5,
				0,
				9.75
			],
			"to": [
				10.75,
				0.25,
				10
			],
			"faces": {
				"north": {
					"uv": [
						10.75,
						9.75,
						10.5,
						10
					],
					"texture": "#1"
				},
				"east": {
					"uv": [
						10.5,
						9.75,
						10.75,
						10
					],
					"rotation": 90,
					"texture": "#1"
				},
				"south": {
					"uv": [
						10.5,
						9.75,
						10.75,
						10
					],
					"texture": "#1"
				},
				"west": {
					"uv": [
						10.5,
						9.75,
						10.75,
						10
					],
					"rotation": 270,
					"texture": "#1"
				},
				"up": {
					"uv": [
						10.5,
						9.75,
						10.75,
						10
					],
					"texture": "#1"
				},
				"down": {
					"uv": [
						10.5,
						10,
						10.75,
						9.75
					],
					"texture": "#1"
				}
			}
		},
		{
			"name": "ugui_39",
			"from": [
				15.75,
				0,
				9.75
			],
			"to": [
				16,
				0.25,
				10
			],
			"faces": {
				"north": {
					"uv": [
						16,
						9.75,
						15.75,
						10
					],
					"texture": "#1"
				},
				"east": {
					"uv": [
						15.75,
						9.75,
						16,
						10
					],
					"rotation": 90,
					"texture": "#1"
				},
				"south": {
					"uv": [
						15.75,
						9.75,
						16,
						10
					],
					"texture": "#1"
				},
				"west": {
					"uv": [
						15.75,
						9.75,
						16,
						10
					],
					"rotation": 270,
					"texture": "#1"
				},
				"up": {
					"uv": [
						15.75,
						9.75,
						16,
						10
					],
					"texture": "#1"
				},
				"down": {
					"uv": [
						15.75,
						10,
						16,
						9.75
					],
					"texture": "#1"
				}
			}
		},
		{
			"name": "funa_0",
			"from": [
				8,
				0,
				3.25
			],
			"to": [
				8.75,
				0.25,
				10.5
			],
			"faces": {
				"north": {
					"uv": [
						8.75,
						3.25,
						8,
						3.5
					],
					"texture": "#2"
				},
				"east": {
					"uv": [
						8.5,
						3.25,
						8.75,
						10.5
					],
					"rotation": 90,
					"texture": "#2"
				},
				"south": {
					"uv": [
						8,
						10.25,
						8.75,
						10.5
					],
					"texture": "#2"
				},
				"west": {
					"uv": [
						8,
						3.25,
						8.25,
						10.5
					],
					"rotation": 270,
					"texture": "#2"
				},
				"up": {
					"uv": [
						8,
						3.25,
						8.75,
						10.5
					],
					"texture": "#2"
				},
				"down": {
					"uv": [
						8,
						10.5,
						8.75,
						3.25
					],
					"texture": "#2"
				}
			}
		},
		{
			"name": "funa_1",
			"from": [
				7.75,
				0,
				3.5
			],
			"to": [
				8,
				0.25,
				10.5
			],
			"faces": {
				"north": {
					"uv": [
						8,
						3.5,
						7.75,
						3.75
					],
					"texture": "#2"
				},
				"east": {
					"uv": [
						7.75,
						3.5,
						8,
						10.5
					],
					"rotation": 90,
					"texture": "#2"
				},
				"south": {
					"uv": [
						7.75,
						10.25,
						8,
						10.5
					],
					"texture": "#2"
				},
				"west": {
					"uv": [
						7.75,
						3.5,
						8,
						10.5
					],
					"rotation": 270,
					"texture": "#2"
				},
				"up": {
					"uv": [
						7.75,
						3.5,
						8,
						10.5
					],
					"texture": "#2"
				},
				"down": {
					"uv": [
						7.75,
						10.5,
						8,
						3.5
					],
					"texture": "#2"
				}
			}
		},
		{
			"name": "funa_2",
			"from": [
				8.75,
				0,
				3.5
			],
			"to": [
				9.25,
				0.25,
				10.25
			],
			"faces": {
				"north": {
					"uv": [
						9.25,
						3.5,
						8.75,
						3.75
					],
					"texture": "#2"
				},
				"east": {
					"uv": [
						9,
						3.5,
						9.25,
						10.25
					],
					"rotation": 90,
					"texture": "#2"
				},
				"south": {
					"uv": [
						8.75,
						10,
						9.25,
						10.25
					],
					"texture": "#2"
				},
				"west": {
					"uv": [
						8.75,
						3.5,
						9,
						10.25
					],
					"rotation": 270,
					"texture": "#2"
				},
				"up": {
					"uv": [
						8.75,
						3.5,
						9.25,
						10.25
					],
					"texture": "#2"
				},
				"down": {
					"uv": [
						8.75,
						10.25,
						9.25,
						3.5
					],
					"texture": "#2"
				}
			}
		},
		{
			"name": "funa_3",
			"from": [
				7.5,
				0,
				3.75
			],
			"to": [
				7.75,
				0.25,
				10.5
			],
			"faces": {
				"north": {
					"uv": [
						7.75,
						3.75,
						7.5,
						4
					],
					"texture": "#2"
				},
				"east": {
					"uv": [
						7.5,
						3.75,
						7.75,
						10.5
					],
					"rotation": 90,
					"texture": "#2"
				},
				"south": {
					"uv": [
						7.5,
						10.25,
						7.75,
						10.5
					],
					"texture": "#2"
				},
				"west": {
					"uv": [
						7.5,
						3.75,
						7.75,
						10.5
					],
					"rotation": 270,
					"texture": "#2"
				},
				"up": {
					"uv": [
						7.5,
						3.75,
						7.75,
						10.5
					],
					"texture": "#2"
				},
				"down": {
					"uv": [
						7.5,
						10.5,
						7.75,
						3.75
					],
					"texture": "#2"
				}
			}
		},
		{
			"name": "funa_4",
			"from": [
				9.25,
				0,
				3.75
			],
			"to": [
				9.75,
				0.25,
				10.25
			],
			"faces": {
				"north": {
					"uv": [
						9.75,
						3.75,
						9.25,
						4
					],
					"texture": "#2"
				},
				"east": {
					"uv": [
						9.5,
						3.75,
						9.75,
						10.25
					],
					"rotation": 90,
					"texture": "#2"
				},
				"south": {
					"uv": [
						9.25,
						10,
						9.75,
						10.25
					],
					"texture": "#2"
				},
				"west": {
					"uv": [
						9.25,
						3.75,
						9.5,
						10.25
					],
					"rotation": 270,
					"texture": "#2"
				},
				"up": {
					"uv": [
						9.25,
						3.75,
						9.75,
						10.25
					],
					"texture": "#2"
				},
				"down": {
					"uv": [
						9.25,
						10.25,
						9.75,
						3.75
					],
					"texture": "#2"
				}
			}
		},
		{
			"name": "funa_5",
			"from": [
				7.25,
				0,
				4
			],
			"to": [
				7.5,
				0.25,
				10.5
			],
			"faces": {
				"north": {
					"uv": [
						7.5,
						4,
						7.25,
						4.25
					],
					"texture": "#2"
				},
				"east": {
					"uv": [
						7.25,
						4,
						7.5,
						10.5
					],
					"rotation": 90,
					"texture": "#2"
				},
				"south": {
					"uv": [
						7.25,
						10.25,
						7.5,
						10.5
					],
					"texture": "#2"
				},
				"west": {
					"uv": [
						7.25,
						4,
						7.5,
						10.5
					],
					"rotation": 270,
					"texture": "#2"
				},
				"up": {
					"uv": [
						7.25,
						4,
						7.5,
						10.5
					],
					"texture": "#2"
				},
				"down": {
					"uv": [
						7.25,
						10.5,
						7.5,
						4
					],
					"texture": "#2"
				}
			}
		},
		{
			"name": "funa_6",
			"from": [
				9.75,
				0,
				4
			],
			"to": [
				10,
				0.25,
				10
			],
			"faces": {
				"north": {
					"uv": [
						10,
						4,
						9.75,
						4.25
					],
					"texture": "#2"
				},
				"east": {
					"uv": [
						9.75,
						4,
						10,
						10
					],
					"rotation": 90,
					"texture": "#2"
				},
				"south": {
					"uv": [
						9.75,
						9.75,
						10,
						10
					],
					"texture": "#2"
				},
				"west": {
					"uv": [
						9.75,
						4,
						10,
						10
					],
					"rotation": 270,
					"texture": "#2"
				},
				"up": {
					"uv": [
						9.75,
						4,
						10,
						10
					],
					"texture": "#2"
				},
				"down": {
					"uv": [
						9.75,
						10,
						10,
						4
					],
					"texture": "#2"
				}
			}
		},
		{
			"name": "funa_7",
			"from": [
				6.75,
				0,
				4.25
			],
			"to": [
				7.25,
				0.25,
				11.25
			],
			"faces": {
				"north": {
					"uv": [
						7.25,
						4.25,
						6.75,
						4.5
					],
					"texture": "#2"
				},
				"east": {
					"uv": [
						7,
						4.25,
						7.25,
						11.25
					],
					"rotation": 90,
					"texture": "#2"
				},
				"south": {
					"uv": [
						6.75,
						11,
						7.25,
						11.25
					],
					"texture": "#2"
				},
				"west": {
					"uv": [
						6.75,
						4.25,
						7,
						11.25
					],
					"rotation": 270,
					"texture": "#2"
				},
				"up": {
					"uv": [
						6.75,
						4.25,
						7.25,
						11.25
					],
					"texture": "#2"
				},
				"down": {
					"uv": [
						6.75,
						11.25,
						7.25,
						4.25
					],
					"texture": "#2"
				}
			}
		},
		{
			"name": "funa_8",
			"from": [
				10,
				0,
				4.25
			],
			"to": [
				10.25,
				0.25,
				10
			],
			"faces": {
				"north": {
					"uv": [
						10.25,
						4.25,
						10,
						4.5
					],
					"texture": "#2"
				},
				"east": {
					"uv": [
						10,
						4.25,
						10.25,
						10
					],
					"rotation": 90,
					"texture": "#2"
				},
				"south": {
					"uv": [
						10,
						9.75,
						10.25,
						10
					],
					"texture": "#2"
				},
				"west": {
					"uv": [
						10,
						4.25,
						10.25,
						10
					],
					"rotation": 270,
					"texture": "#2"
				},
				"up": {
					"uv": [
						10,
						4.25,
						10.25,
						10
					],
					"texture": "#2"
				},
				"down": {
					"uv": [
						10,
						10,
						10.25,
						4.25
					],
					"texture": "#2"
				}
			}
		},
		{
			"name": "funa_9",
			"from": [
				5.5,
				0,
				4.5
			],
			"to": [
				6.75,
				0.25,
				10.5
			],
			"faces": {
				"north": {
					"uv": [
						6.75,
						4.5,
						5.5,
						4.75
					],
					"texture": "#2"
				},
				"east": {
					"uv": [
						6.5,
						4.5,
						6.75,
						10.5
					],
					"rotation": 90,
					"texture": "#2"
				},
				"south": {
					"uv": [
						5.5,
						10.25,
						6.75,
						10.5
					],
					"texture": "#2"
				},
				"west": {
					"uv": [
						5.5,
						4.5,
						5.75,
						10.5
					],
					"rotation": 270,
					"texture": "#2"
				},
				"up": {
					"uv": [
						5.5,
						4.5,
						6.75,
						10.5
					],
					"texture": "#2"
				},
				"down": {
					"uv": [
						5.5,
						10.5,
						6.75,
						4.5
					],
					"texture": "#2"
				}
			}
		},
		{
			"name": "funa_10",
			"from": [
				10.25,
				0,
				4.5
			],
			"to": [
				10.5,
				0.25,
				9.75
			],
			"faces": {
				"north": {
					"uv": [
						10.5,
						4.5,
						10.25,
						4.75
					],
					"texture": "#2"
				},
				"east": {
					"uv": [
						10.25,
						4.5,
						10.5,
						9.75
					],
					"rotation": 90,
					"texture": "#2"
				},
				"south": {
					"uv": [
						10.25,
						9.5,
						10.5,
						9.75
					],
					"texture": "#2"
				},
				"west": {
					"uv": [
						10.25,
						4.5,
						10.5,
						9.75
					],
					"rotation": 270,
					"texture": "#2"
				},
				"up": {
					"uv": [
						10.25,
						4.5,
						10.5,
						9.75
					],
					"texture": "#2"
				},
				"down": {
					"uv": [
						10.25,
						9.75,
						10.5,
						4.5
					],
					"texture": "#2"
				}
			}
		},
		{
			"name": "funa_11",
			"from": [
				5,
				0,
				4.75
			],
			"to": [
				5.5,
				0.25,
				10.25
			],
			"faces": {
				"north": {
					"uv": [
						5.5,
						4.75,
						5,
						5
					],
					"texture": "#2"
				},
				"east": {
					"uv": [
						5.25,
						4.75,
						5.5,
						10.25
					],
					"rotation": 90,
					"texture": "#2"
				},
				"south": {
					"uv": [
						5,
						10,
						5.5,
						10.25
					],
					"texture": "#2"
				},
				"west": {
					"uv": [
						5,
						4.75,
						5.25,
						10.25
					],
					"rotation": 270,
					"texture": "#2"
				},
				"up": {
					"uv": [
						5,
						4.75,
						5.5,
						10.25
					],
					"texture": "#2"
				},
				"down": {
					"uv": [
						5,
						10.25,
						5.5,
						4.75
					],
					"texture": "#2"
				}
			}
		},
		{
			"name": "funa_12",
			"from": [
				10.5,
				0,
				4.75
			],
			"to": [
				10.75,
				0.25,
				9.75
			],
			"faces": {
				"north": {
					"uv": [
						10.75,
						4.75,
						10.5,
						5
					],
					"texture": "#2"
				},
				"east": {
					"uv": [
						10.5,
						4.75,
						10.75,
						9.75
					],
					"rotation": 90,
					"texture": "#2"
				},
				"south": {
					"uv": [
						10.5,
						9.5,
						10.75,
						9.75
					],
					"texture": "#2"
				},
				"west": {
					"uv": [
						10.5,
						4.75,
						10.75,
						9.75
					],
					"rotation": 270,
					"texture": "#2"
				},
				"up": {
					"uv": [
						10.5,
						4.75,
						10.75,
						9.75
					],
					"texture": "#2"
				},
				"down": {
					"uv": [
						10.5,
						9.75,
						10.75,
						4.75
					],
					"texture": "#2"
				}
			}
		},
		{
			"name": "funa_13",
			"from": [
				15,
				0,
				4.75
			],
			"to": [
				15.5,
				0.25,
				6.25
			],
			"faces": {
				"north": {
					"uv": [
						15.5,
						4.75,
						15,
						5
					],
					"texture": "#2"
				},
				"east": {
					"uv": [
						15.25,
						4.75,
						15.5,
						6.25
					],
					"rotation": 90,
					"texture": "#2"
				},
				"south": {
					"uv": [
						15,
						6,
						15.5,
						6.25
					],
					"texture": "#2"
				},
				"west": {
					"uv": [
						15,
						4.75,
						15.25,
						6.25
					],
					"rotation": 270,
					"texture": "#2"
				},
				"up": {
					"uv": [
						15,
						4.75,
						15.5,
						6.25
					],
					"texture": "#2"
				},
				"down": {
					"uv": [
						15,
						6.25,
						15.5,
						4.75
					],
					"texture": "#2"
				}
			}
		},
		{
			"name": "funa_14",
			"from": [
				4.5,
				0,
				5
			],
			"to": [
				5,
				0.25,
				10
			],
			"faces": {
				"north": {
					"uv": [
						5,
						5,
						4.5,
						5.25
					],
					"texture": "#2"
				},
				"east": {
					"uv": [
						4.75,
						5,
						5,
						10
					],
					"rotation": 90,
					"texture": "#2"
				},
				"south": {
					"uv": [
						4.5,
						9.75,
						5,
						10
					],
					"texture": "#2"
				},
				"west": {
					"uv": [
						4.5,
						5,
						4.75,
						10
					],
					"rotation": 270,
					"texture": "#2"
				},
				"up": {
					"uv": [
						4.5,
						5,
						5,
						10
					],
					"texture": "#2"
				},
				"down": {
					"uv": [
						4.5,
						10,
						5,
						5
					],
					"texture": "#2"
				}
			}
		},
		{
			"name": "funa_15",
			"from": [
				10.75,
				0,
				5
			],
			"to": [
				11,
				0.25,
				10
			],
			"faces": {
				"north": {
					"uv": [
						11,
						5,
						10.75,
						5.25
					],
					"texture": "#2"
				},
				"east": {
					"uv": [
						10.75,
						5,
						11,
						10
					],
					"rotation": 90,
					"texture": "#2"
				},
				"south": {
					"uv": [
						10.75,
						9.75,
						11,
						10
					],
					"texture": "#2"
				},
				"west": {
					"uv": [
						10.75,
						5,
						11,
						10
					],
					"rotation": 270,
					"texture": "#2"
				},
				"up": {
					"uv": [
						10.75,
						5,
						11,
						10
					],
					"texture": "#2"
				},
				"down": {
					"uv": [
						10.75,
						10,
						11,
						5
					],
					"texture": "#2"
				}
			}
		},
		{
			"name": "funa_16",
			"from": [
				14.75,
				0,
				5
			],
			"to": [
				15,
				0.25,
				7.25
			],
			"faces": {
				"north": {
					"uv": [
						15,
						5,
						14.75,
						5.25
					],
					"texture": "#2"
				},
				"east": {
					"uv": [
						14.75,
						5,
						15,
						7.25
					],
					"rotation": 90,
					"texture": "#2"
				},
				"south": {
					"uv": [
						14.75,
						7,
						15,
						7.25
					],
					"texture": "#2"
				},
				"west": {
					"uv": [
						14.75,
						5,
						15,
						7.25
					],
					"rotation": 270,
					"texture": "#2"
				},
				"up": {
					"uv": [
						14.75,
						5,
						15,
						7.25
					],
					"texture": "#2"
				},
				"down": {
					"uv": [
						14.75,
						7.25,
						15,
						5
					],
					"texture": "#2"
				}
			}
		},
		{
			"name": "funa_17",
			"from": [
				15.5,
				0,
				5
			],
			"to": [
				15.75,
				0.25,
				5.5
			],
			"faces": {
				"north": {
					"uv": [
						15.75,
						5,
						15.5,
						5.25
					],
					"texture": "#2"
				},
				"east": {
					"uv": [
						15.5,
						5,
						15.75,
						5.5
					],
					"rotation": 90,
					"texture": "#2"
				},
				"south": {
					"uv": [
						15.5,
						5.25,
						15.75,
						5.5
					],
					"texture": "#2"
				},
				"west": {
					"uv": [
						15.5,
						5,
						15.75,
						5.5
					],
					"rotation": 270,
					"texture": "#2"
				},
				"up": {
					"uv": [
						15.5,
						5,
						15.75,
						5.5
					],
					"texture": "#2"
				},
				"down": {
					"uv": [
						15.5,
						5.5,
						15.75,
						5
					],
					"texture": "#2"
				}
			}
		},
		{
			"name": "funa_18",
			"from": [
				4.25,
				0,
				5.25
			],
			"to": [
				4.5,
				0.25,
				10
			],
			"faces": {
				"north": {
					"uv": [
						4.5,
						5.25,
						4.25,
						5.5
					],
					"texture": "#2"
				},
				"east": {
					"uv": [
						4.25,
						5.25,
						4.5,
						10
					],
					"rotation": 90,
					"texture": "#2"
				},
				"south": {
					"uv": [
						4.25,
						9.75,
						4.5,
						10
					],
					"texture": "#2"
				},
				"west": {
					"uv": [
						4.25,
						5.25,
						4.5,
						10
					],
					"rotation": 270,
					"texture": "#2"
				},
				"up": {
					"uv": [
						4.25,
						5.25,
						4.5,
						10
					],
					"texture": "#2"
				},
				"down": {
					"uv": [
						4.25,
						10,
						4.5,
						5.25
					],
					"texture": "#2"
				}
			}
		},
		{
			"name": "funa_19",
			"from": [
				11,
				0,
				5.25
			],
			"to": [
				11.25,
				0.25,
				10.25
			],
			"faces": {
				"north": {
					"uv": [
						11.25,
						5.25,
						11,
						5.5
					],
					"texture": "#2"
				},
				"east": {
					"uv": [
						11,
						5.25,
						11.25,
						10.25
					],
					"rotation": 90,
					"texture": "#2"
				},
				"south": {
					"uv": [
						11,
						10,
						11.25,
						10.25
					],
					"texture": "#2"
				},
				"west": {
					"uv": [
						11,
						5.25,
						11.25,
						10.25
					],
					"rotation": 270,
					"texture": "#2"
				},
				"up": {
					"uv": [
						11,
						5.25,
						11.25,
						10.25
					],
					"texture": "#2"
				},
				"down": {
					"uv": [
						11,
						10.25,
						11.25,
						5.25
					],
					"texture": "#2"
				}
			}
		},
		{
			"name": "funa_20",
			"from": [
				14.5,
				0,
				5.25
			],
			"to": [
				14.75,
				0.25,
				10
			],
			"faces": {
				"north": {
					"uv": [
						14.75,
						5.25,
						14.5,
						5.5
					],
					"texture": "#2"
				},
				"east": {
					"uv": [
						14.5,
						5.25,
						14.75,
						10
					],
					"rotation": 90,
					"texture": "#2"
				},
				"south": {
					"uv": [
						14.5,
						9.75,
						14.75,
						10
					],
					"texture": "#2"
				},
				"west": {
					"uv": [
						14.5,
						5.25,
						14.75,
						10
					],
					"rotation": 270,
					"texture": "#2"
				},
				"up": {
					"uv": [
						14.5,
						5.25,
						14.75,
						10
					],
					"texture": "#2"
				},
				"down": {
					"uv": [
						14.5,
						10,
						14.75,
						5.25
					],
					"texture": "#2"
				}
			}
		},
		{
			"name": "funa_21",
			"from": [
				4,
				0,
				5.5
			],
			"to": [
				4.25,
				0.25,
				10
			],
			"faces": {
				"north": {
					"uv": [
						4.25,
						5.5,
						4,
						5.75
					],
					"texture": "#2"
				},
				"east": {
					"uv": [
						4,
						5.5,
						4.25,
						10
					],
					"rotation": 90,
					"texture": "#2"
				},
				"south": {
					"uv": [
						4,
						9.75,
						4.25,
						10
					],
					"texture": "#2"
				},
				"west": {
					"uv": [
						4,
						5.5,
						4.25,
						10
					],
					"rotation": 270,
					"texture": "#2"
				},
				"up": {
					"uv": [
						4,
						5.5,
						4.25,
						10
					],
					"texture": "#2"
				},
				"down": {
					"uv": [
						4,
						10,
						4.25,
						5.5
					],
					"texture": "#2"
				}
			}
		},
		{
			"name": "funa_22",
			"from": [
				11.25,
				0,
				5.5
			],
			"to": [
				11.5,
				0.25,
				10.5
			],
			"faces": {
				"north": {
					"uv": [
						11.5,
						5.5,
						11.25,
						5.75
					],
					"texture": "#2"
				},
				"east": {
					"uv": [
						11.25,
						5.5,
						11.5,
						10.5
					],
					"rotation": 90,
					"texture": "#2"
				},
				"south": {
					"uv": [
						11.25,
						10.25,
						11.5,
						10.5
					],
					"texture": "#2"
				},
				"west": {
					"uv": [
						11.25,
						5.5,
						11.5,
						10.5
					],
					"rotation": 270,
					"texture": "#2"
				},
				"up": {
					"uv": [
						11.25,
						5.5,
						11.5,
						10.5
					],
					"texture": "#2"
				},
				"down": {
					"uv": [
						11.25,
						10.5,
						11.5,
						5.5
					],
					"texture": "#2"
				}
			}
		},
		{
			"name": "funa_23",
			"from": [
				14.25,
				0,
				5.5
			],
			"to": [
				14.5,
				0.25,
				9.75
			],
			"faces": {
				"north": {
					"uv": [
						14.5,
						5.5,
						14.25,
						5.75
					],
					"texture": "#2"
				},
				"east": {
					"uv": [
						14.25,
						5.5,
						14.5,
						9.75
					],
					"rotation": 90,
					"texture": "#2"
				},
				"south": {
					"uv": [
						14.25,
						9.5,
						14.5,
						9.75
					],
					"texture": "#2"
				},
				"west": {
					"uv": [
						14.25,
						5.5,
						14.5,
						9.75
					],
					"rotation": 270,
					"texture": "#2"
				},
				"up": {
					"uv": [
						14.25,
						5.5,
						14.5,
						9.75
					],
					"texture": "#2"
				},
				"down": {
					"uv": [
						14.25,
						9.75,
						14.5,
						5.5
					],
					"texture": "#2"
				}
			}
		},
		{
			"name": "funa_24",
			"from": [
				3.5,
				0,
				5.75
			],
			"to": [
				4,
				0.25,
				9.75
			],
			"faces": {
				"north": {
					"uv": [
						4,
						5.75,
						3.5,
						6
					],
					"texture": "#2"
				},
				"east": {
					"uv": [
						3.75,
						5.75,
						4,
						9.75
					],
					"rotation": 90,
					"texture": "#2"
				},
				"south": {
					"uv": [
						3.5,
						9.5,
						4,
						9.75
					],
					"texture": "#2"
				},
				"west": {
					"uv": [
						3.5,
						5.75,
						3.75,
						9.75
					],
					"rotation": 270,
					"texture": "#2"
				},
				"up": {
					"uv": [
						3.5,
						5.75,
						4,
						9.75
					],
					"texture": "#2"
				},
				"down": {
					"uv": [
						3.5,
						9.75,
						4,
						5.75
					],
					"texture": "#2"
				}
			}
		},
		{
			"name": "funa_25",
			"from": [
				11.5,
				0,
				5.75
			],
			"to": [
				11.75,
				0.25,
				6
			],
			"faces": {
				"north": {
					"uv": [
						11.75,
						5.75,
						11.5,
						6
					],
					"texture": "#2"
				},
				"east": {
					"uv": [
						11.5,
						5.75,
						11.75,
						6
					],
					"rotation": 90,
					"texture": "#2"
				},
				"south": {
					"uv": [
						11.5,
						5.75,
						11.75,
						6
					],
					"texture": "#2"
				},
				"west": {
					"uv": [
						11.5,
						5.75,
						11.75,
						6
					],
					"rotation": 270,
					"texture": "#2"
				},
				"up": {
					"uv": [
						11.5,
						5.75,
						11.75,
						6
					],
					"texture": "#2"
				},
				"down": {
					"uv": [
						11.5,
						6,
						11.75,
						5.75
					],
					"texture": "#2"
				}
			}
		},
		{
			"name": "funa_26",
			"from": [
				14,
				0,
				5.75
			],
			"to": [
				14.25,
				0.25,
				9.5
			],
			"faces": {
				"north": {
					"uv": [
						14.25,
						5.75,
						14,
						6
					],
					"texture": "#2"
				},
				"east": {
					"uv": [
						14,
						5.75,
						14.25,
						9.5
					],
					"rotation": 90,
					"texture": "#2"
				},
				"south": {
					"uv": [
						14,
						9.25,
						14.25,
						9.5
					],
					"texture": "#2"
				},
				"west": {
					"uv": [
						14,
						5.75,
						14.25,
						9.5
					],
					"rotation": 270,
					"texture": "#2"
				},
				"up": {
					"uv": [
						14,
						5.75,
						14.25,
						9.5
					],
					"texture": "#2"
				},
				"down": {
					"uv": [
						14,
						9.5,
						14.25,
						5.75
					],
					"texture": "#2"
				}
			}
		},
		{
			"name": "funa_27",
			"from": [
				3,
				0,
				6
			],
			"to": [
				3.5,
				0.25,
				9.5
			],
			"faces": {
				"north": {
					"uv": [
						3.5,
						6,
						3,
						6.25
					],
					"texture": "#2"
				},
				"east": {
					"uv": [
						3.25,
						6,
						3.5,
						9.5
					],
					"rotation": 90,
					"texture": "#2"
				},
				"south": {
					"uv": [
						3,
						9.25,
						3.5,
						9.5
					],
					"texture": "#2"
				},
				"west": {
					"uv": [
						3,
						6,
						3.25,
						9.5
					],
					"rotation": 270,
					"texture": "#2"
				},
				"up": {
					"uv": [
						3,
						6,
						3.5,
						9.5
					],
					"texture": "#2"
				},
				"down": {
					"uv": [
						3,
						9.5,
						3.5,
						6
					],
					"texture": "#2"
				}
			}
		},
		{
			"name": "funa_28",
			"from": [
				13.75,
				0,
				6
			],
			"to": [
				14,
				0.25,
				9.25
			],
			"faces": {
				"north": {
					"uv": [
						14,
						6,
						13.75,
						6.25
					],
					"texture": "#2"
				},
				"east": {
					"uv": [
						13.75,
						6,
						14,
						9.25
					],
					"rotation": 90,
					"texture": "#2"
				},
				"south": {
					"uv": [
						13.75,
						9,
						14,
						9.25
					],
					"texture": "#2"
				},
				"west": {
					"uv": [
						13.75,
						6,
						14,
						9.25
					],
					"rotation": 270,
					"texture": "#2"
				},
				"up": {
					"uv": [
						13.75,
						6,
						14,
						9.25
					],
					"texture": "#2"
				},
				"down": {
					"uv": [
						13.75,
						9.25,
						14,
						6
					],
					"texture": "#2"
				}
			}
		},
		{
			"name": "funa_29",
			"from": [
				2.75,
				0,
				6.25
			],
			"to": [
				3,
				0.25,
				9.25
			],
			"faces": {
				"north": {
					"uv": [
						3,
						6.25,
						2.75,
						6.5
					],
					"texture": "#2"
				},
				"east": {
					"uv": [
						2.75,
						6.25,
						3,
						9.25
					],
					"rotation": 90,
					"texture": "#2"
				},
				"south": {
					"uv": [
						2.75,
						9,
						3,
						9.25
					],
					"texture": "#2"
				},
				"west": {
					"uv": [
						2.75,
						6.25,
						3,
						9.25
					],
					"rotation": 270,
					"texture": "#2"
				},
				"up": {
					"uv": [
						2.75,
						6.25,
						3,
						9.25
					],
					"texture": "#2"
				},
				"down": {
					"uv": [
						2.75,
						9.25,
						3,
						6.25
					],
					"texture": "#2"
				}
			}
		},
		{
			"name": "funa_30",
			"from": [
				13.5,
				0,
				6.25
			],
			"to": [
				13.75,
				0.25,
				9
			],
			"faces": {
				"north": {
					"uv": [
						13.75,
						6.25,
						13.5,
						6.5
					],
					"texture": "#2"
				},
				"east": {
					"uv": [
						13.5,
						6.25,
						13.75,
						9
					],
					"rotation": 90,
					"texture": "#2"
				},
				"south": {
					"uv": [
						13.5,
						8.75,
						13.75,
						9
					],
					"texture": "#2"
				},
				"west": {
					"uv": [
						13.5,
						6.25,
						13.75,
						9
					],
					"rotation": 270,
					"texture": "#2"
				},
				"up": {
					"uv": [
						13.5,
						6.25,
						13.75,
						9
					],
					"texture": "#2"
				},
				"down": {
					"uv": [
						13.5,
						9,
						13.75,
						6.25
					],
					"texture": "#2"
				}
			}
		},
		{
			"name": "funa_31",
			"from": [
				15,
				0,
				6.25
			],
			"to": [
				15.25,
				0.25,
				6.75
			],
			"faces": {
				"north": {
					"uv": [
						15.25,
						6.25,
						15,
						6.5
					],
					"texture": "#2"
				},
				"east": {
					"uv": [
						15,
						6.25,
						15.25,
						6.75
					],
					"rotation": 90,
					"texture": "#2"
				},
				"south": {
					"uv": [
						15,
						6.5,
						15.25,
						6.75
					],
					"texture": "#2"
				},
				"west": {
					"uv": [
						15,
						6.25,
						15.25,
						6.75
					],
					"rotation": 270,
					"texture": "#2"
				},
				"up": {
					"uv": [
						15,
						6.25,
						15.25,
						6.75
					],
					"texture": "#2"
				},
				"down": {
					"uv": [
						15,
						6.75,
						15.25,
						6.25
					],
					"texture": "#2"
				}
			}
		},
		{
			"name": "funa_32",
			"from": [
				2.5,
				0,
				6.5
			],
			"to": [
				2.75,
				0.25,
				9
			],
			"faces": {
				"north": {
					"uv": [
						2.75,
						6.5,
						2.5,
						6.75
					],
					"texture": "#2"
				},
				"east": {
					"uv": [
						2.5,
						6.5,
						2.75,
						9
					],
					"rotation": 90,
					"texture": "#2"
				},
				"south": {
					"uv": [
						2.5,
						8.75,
						2.75,
						9
					],
					"texture": "#2"
				},
				"west": {
					"uv": [
						2.5,
						6.5,
						2.75,
						9
					],
					"rotation": 270,
					"texture": "#2"
				},
				"up": {
					"uv": [
						2.5,
						6.5,
						2.75,
						9
					],
					"texture": "#2"
				},
				"down": {
					"uv": [
						2.5,
						9,
						2.75,
						6.5
					],
					"texture": "#2"
				}
			}
		},
		{
			"name": "funa_33",
			"from": [
				11.5,
				0,
				6.5
			],
			"to": [
				12.25,
				0.25,
				8.75
			],
			"faces": {
				"north": {
					"uv": [
						12.25,
						6.5,
						11.5,
						6.75
					],
					"texture": "#2"
				},
				"east": {
					"uv": [
						12,
						6.5,
						12.25,
						8.75
					],
					"rotation": 90,
					"texture": "#2"
				},
				"south": {
					"uv": [
						11.5,
						8.5,
						12.25,
						8.75
					],
					"texture": "#2"
				},
				"west": {
					"uv": [
						11.5,
						6.5,
						11.75,
						8.75
					],
					"rotation": 270,
					"texture": "#2"
				},
				"up": {
					"uv": [
						11.5,
						6.5,
						12.25,
						8.75
					],
					"texture": "#2"
				},
				"down": {
					"uv": [
						11.5,
						8.75,
						12.25,
						6.5
					],
					"texture": "#2"
				}
			}
		},
		{
			"name": "funa_34",
			"from": [
				13.25,
				0,
				6.5
			],
			"to": [
				13.5,
				0.25,
				8.75
			],
			"faces": {
				"north": {
					"uv": [
						13.5,
						6.5,
						13.25,
						6.75
					],
					"texture": "#2"
				},
				"east": {
					"uv": [
						13.25,
						6.5,
						13.5,
						8.75
					],
					"rotation": 90,
					"texture": "#2"
				},
				"south": {
					"uv": [
						13.25,
						8.5,
						13.5,
						8.75
					],
					"texture": "#2"
				},
				"west": {
					"uv": [
						13.25,
						6.5,
						13.5,
						8.75
					],
					"rotation": 270,
					"texture": "#2"
				},
				"up": {
					"uv": [
						13.25,
						6.5,
						13.5,
						8.75
					],
					"texture": "#2"
				},
				"down": {
					"uv": [
						13.25,
						8.75,
						13.5,
						6.5
					],
					"texture": "#2"
				}
			}
		},
		{
			"name": "funa_35",
			"from": [
				2,
				0,
				6.75
			],
			"to": [
				2.5,
				0.25,
				8.75
			],
			"faces": {
				"north": {
					"uv": [
						2.5,
						6.75,
						2,
						7
					],
					"texture": "#2"
				},
				"east": {
					"uv": [
						2.25,
						6.75,
						2.5,
						8.75
					],
					"rotation": 90,
					"texture": "#2"
				},
				"south": {
					"uv": [
						2,
						8.5,
						2.5,
						8.75
					],
					"texture": "#2"
				},
				"west": {
					"uv": [
						2,
						6.75,
						2.25,
						8.75
					],
					"rotation": 270,
					"texture": "#2"
				},
				"up": {
					"uv": [
						2,
						6.75,
						2.5,
						8.75
					],
					"texture": "#2"
				},
				"down": {
					"uv": [
						2,
						8.75,
						2.5,
						6.75
					],
					"texture": "#2"
				}
			}
		},
		{
			"name": "funa_36",
			"from": [
				12.25,
				0,
				6.75
			],
			"to": [
				13.25,
				0.25,
				8.5
			],
			"faces": {
				"north": {
					"uv": [
						13.25,
						6.75,
						12.25,
						7
					],
					"texture": "#2"
				},
				"east": {
					"uv": [
						13,
						6.75,
						13.25,
						8.5
					],
					"rotation": 90,
					"texture": "#2"
				},
				"south": {
					"uv": [
						12.25,
						8.25,
						13.25,
						8.5
					],
					"texture": "#2"
				},
				"west": {
					"uv": [
						12.25,
						6.75,
						12.5,
						8.5
					],
					"rotation": 270,
					"texture": "#2"
				},
				"up": {
					"uv": [
						12.25,
						6.75,
						13.25,
						8.5
					],
					"texture": "#2"
				},
				"down": {
					"uv": [
						12.25,
						8.5,
						13.25,
						6.75
					],
					"texture": "#2"
				}
			}
		},
		{
			"name": "funa_37",
			"from": [
				1.75,
				0,
				7
			],
			"to": [
				2,
				0.25,
				8.5
			],
			"faces": {
				"north": {
					"uv": [
						2,
						7,
						1.75,
						7.25
					],
					"texture": "#2"
				},
				"east": {
					"uv": [
						1.75,
						7,
						2,
						8.5
					],
					"rotation": 90,
					"texture": "#2"
				},
				"south": {
					"uv": [
						1.75,
						8.25,
						2,
						8.5
					],
					"texture": "#2"
				},
				"west": {
					"uv": [
						1.75,
						7,
						2,
						8.5
					],
					"rotation": 270,
					"texture": "#2"
				},
				"up": {
					"uv": [
						1.75,
						7,
						2,
						8.5
					],
					"texture": "#2"
				},
				"down": {
					"uv": [
						1.75,
						8.5,
						2,
						7
					],
					"texture": "#2"
				}
			}
		},
		{
			"name": "funa_38",
			"from": [
				1.5,
				0,
				7.25
			],
			"to": [
				1.75,
				0.25,
				8.25
			],
			"faces": {
				"north": {
					"uv": [
						1.75,
						7.25,
						1.5,
						7.5
					],
					"texture": "#2"
				},
				"east": {
					"uv": [
						1.5,
						7.25,
						1.75,
						8.25
					],
					"rotation": 90,
					"texture": "#2"
				},
				"south": {
					"uv": [
						1.5,
						8,
						1.75,
						8.25
					],
					"texture": "#2"
				},
				"west": {
					"uv": [
						1.5,
						7.25,
						1.75,
						8.25
					],
					"rotation": 270,
					"texture": "#2"
				},
				"up": {
					"uv": [
						1.5,
						7.25,
						1.75,
						8.25
					],
					"texture": "#2"
				},
				"down": {
					"uv": [
						1.5,
						8.25,
						1.75,
						7.25
					],
					"texture": "#2"
				}
			}
		},
		{
			"name": "funa_39",
			"from": [
				1.25,
				0,
				7.5
			],
			"to": [
				1.5,
				0.25,
				8
			],
			"faces": {
				"north": {
					"uv": [
						1.5,
						7.5,
						1.25,
						7.75
					],
					"texture": "#2"
				},
				"east": {
					"uv": [
						1.25,
						7.5,
						1.5,
						8
					],
					"rotation": 90,
					"texture": "#2"
				},
				"south": {
					"uv": [
						1.25,
						7.75,
						1.5,
						8
					],
					"texture": "#2"
				},
				"west": {
					"uv": [
						1.25,
						7.5,
						1.5,
						8
					],
					"rotation": 270,
					"texture": "#2"
				},
				"up": {
					"uv": [
						1.25,
						7.5,
						1.5,
						8
					],
					"texture": "#2"
				},
				"down": {
					"uv": [
						1.25,
						8,
						1.5,
						7.5
					],
					"texture": "#2"
				}
			}
		},
		{
			"name": "funa_40",
			"from": [
				14.75,
				0,
				7.5
			],
			"to": [
				15,
				0.25,
				10.25
			],
			"faces": {
				"north": {
					"uv": [
						15,
						7.5,
						14.75,
						7.75
					],
					"texture": "#2"
				},
				"east": {
					"uv": [
						14.75,
						7.5,
						15,
						10.25
					],
					"rotation": 90,
					"texture": "#2"
				},
				"south": {
					"uv": [
						14.75,
						10,
						15,
						10.25
					],
					"texture": "#2"
				},
				"west": {
					"uv": [
						14.75,
						7.5,
						15,
						10.25
					],
					"rotation": 270,
					"texture": "#2"
				},
				"up": {
					"uv": [
						14.75,
						7.5,
						15,
						10.25
					],
					"texture": "#2"
				},
				"down": {
					"uv": [
						14.75,
						10.25,
						15,
						7.5
					],
					"texture": "#2"
				}
			}
		},
		{
			"name": "funa_41",
			"from": [
				15,
				0,
				8
			],
			"to": [
				15.25,
				0.25,
				10.25
			],
			"faces": {
				"north": {
					"uv": [
						15.25,
						8,
						15,
						8.25
					],
					"texture": "#2"
				},
				"east": {
					"uv": [
						15,
						8,
						15.25,
						10.25
					],
					"rotation": 90,
					"texture": "#2"
				},
				"south": {
					"uv": [
						15,
						10,
						15.25,
						10.25
					],
					"texture": "#2"
				},
				"west": {
					"uv": [
						15,
						8,
						15.25,
						10.25
					],
					"rotation": 270,
					"texture": "#2"
				},
				"up": {
					"uv": [
						15,
						8,
						15.25,
						10.25
					],
					"texture": "#2"
				},
				"down": {
					"uv": [
						15,
						10.25,
						15.25,
						8
					],
					"texture": "#2"
				}
			}
		},
		{
			"name": "funa_42",
			"from": [
				11.5,
				0,
				8.75
			],
			"to": [
				12,
				0.25,
				10.5
			],
			"faces": {
				"north": {
					"uv": [
						12,
						8.75,
						11.5,
						9
					],
					"texture": "#2"
				},
				"east": {
					"uv": [
						11.75,
						8.75,
						12,
						10.5
					],
					"rotation": 90,
					"texture": "#2"
				},
				"south": {
					"uv": [
						11.5,
						10.25,
						12,
						10.5
					],
					"texture": "#2"
				},
				"west": {
					"uv": [
						11.5,
						8.75,
						11.75,
						10.5
					],
					"rotation": 270,
					"texture": "#2"
				},
				"up": {
					"uv": [
						11.5,
						8.75,
						12,
						10.5
					],
					"texture": "#2"
				},
				"down": {
					"uv": [
						11.5,
						10.5,
						12,
						8.75
					],
					"texture": "#2"
				}
			}
		},
		{
			"name": "funa_43",
			"from": [
				15.25,
				0,
				8.75
			],
			"to": [
				15.5,
				0.25,
				10.25
			],
			"faces": {
				"north": {
					"uv": [
						15.5,
						8.75,
						15.25,
						9
					],
					"texture": "#2"
				},
				"east": {
					"uv": [
						15.25,
						8.75,
						15.5,
						10.25
					],
					"rotation": 90,
					"texture": "#2"
				},
				"south": {
					"uv": [
						15.25,
						10,
						15.5,
						10.25
					],
					"texture": "#2"
				},
				"west": {
					"uv": [
						15.25,
						8.75,
						15.5,
						10.25
					],
					"rotation": 270,
					"texture": "#2"
				},
				"up": {
					"uv": [
						15.25,
						8.75,
						15.5,
						10.25
					],
					"texture": "#2"
				},
				"down": {
					"uv": [
						15.25,
						10.25,
						15.5,
						8.75
					],
					"texture": "#2"
				}
			}
		},
		{
			"name": "funa_44",
			"from": [
				12,
				0,
				9
			],
			"to": [
				12.25,
				0.25,
				10
			],
			"faces": {
				"north": {
					"uv": [
						12.25,
						9,
						12,
						9.25
					],
					"texture": "#2"
				},
				"east": {
					"uv": [
						12,
						9,
						12.25,
						10
					],
					"rotation": 90,
					"texture": "#2"
				},
				"south": {
					"uv": [
						12,
						9.75,
						12.25,
						10
					],
					"texture": "#2"
				},
				"west": {
					"uv": [
						12,
						9,
						12.25,
						10
					],
					"rotation": 270,
					"texture": "#2"
				},
				"up": {
					"uv": [
						12,
						9,
						12.25,
						10
					],
					"texture": "#2"
				},
				"down": {
					"uv": [
						12,
						10,
						12.25,
						9
					],
					"texture": "#2"
				}
			}
		},
		{
			"name": "funa_45",
			"from": [
				3.25,
				0,
				9.5
			],
			"to": [
				3.5,
				0.25,
				9.75
			],
			"faces": {
				"north": {
					"uv": [
						3.5,
						9.5,
						3.25,
						9.75
					],
					"texture": "#2"
				},
				"east": {
					"uv": [
						3.25,
						9.5,
						3.5,
						9.75
					],
					"rotation": 90,
					"texture": "#2"
				},
				"south": {
					"uv": [
						3.25,
						9.5,
						3.5,
						9.75
					],
					"texture": "#2"
				},
				"west": {
					"uv": [
						3.25,
						9.5,
						3.5,
						9.75
					],
					"rotation": 270,
					"texture": "#2"
				},
				"up": {
					"uv": [
						3.25,
						9.5,
						3.5,
						9.75
					],
					"texture": "#2"
				},
				"down": {
					"uv": [
						3.25,
						9.75,
						3.5,
						9.5
					],
					"texture": "#2"
				}
			}
		},
		{
			"name": "funa_46",
			"from": [
				15.5,
				0,
				9.5
			],
			"to": [
				15.75,
				0.25,
				10.25
			],
			"faces": {
				"north": {
					"uv": [
						15.75,
						9.5,
						15.5,
						9.75
					],
					"texture": "#2"
				},
				"east": {
					"uv": [
						15.5,
						9.5,
						15.75,
						10.25
					],
					"rotation": 90,
					"texture": "#2"
				},
				"south": {
					"uv": [
						15.5,
						10,
						15.75,
						10.25
					],
					"texture": "#2"
				},
				"west": {
					"uv": [
						15.5,
						9.5,
						15.75,
						10.25
					],
					"rotation": 270,
					"texture": "#2"
				},
				"up": {
					"uv": [
						15.5,
						9.5,
						15.75,
						10.25
					],
					"texture": "#2"
				},
				"down": {
					"uv": [
						15.5,
						10.25,
						15.75,
						9.5
					],
					"texture": "#2"
				}
			}
		},
		{
			"name": "funa_47",
			"from": [
				15.75,
				0,
				9.75
			],
			"to": [
				16,
				0.25,
				10
			],
			"faces": {
				"north": {
					"uv": [
						16,
						9.75,
						15.75,
						10
					],
					"texture": "#2"
				},
				"east": {
					"uv": [
						15.75,
						9.75,
						16,
						10
					],
					"rotation": 90,
					"texture": "#2"
				},
				"south": {
					"uv": [
						15.75,
						9.75,
						16,
						10
					],
					"texture": "#2"
				},
				"west": {
					"uv": [
						15.75,
						9.75,
						16,
						10
					],
					"rotation": 270,
					"texture": "#2"
				},
				"up": {
					"uv": [
						15.75,
						9.75,
						16,
						10
					],
					"texture": "#2"
				},
				"down": {
					"uv": [
						15.75,
						10,
						16,
						9.75
					],
					"texture": "#2"
				}
			}
		},
		{
			"name": "funa_48",
			"from": [
				4.75,
				0,
				10
			],
			"to": [
				5,
				0.25,
				10.25
			],
			"faces": {
				"north": {
					"uv": [
						5,
						10,
						4.75,
						10.25
					],
					"texture": "#2"
				},
				"east": {
					"uv": [
						4.75,
						10,
						5,
						10.25
					],
					"rotation": 90,
					"texture": "#2"
				},
				"south": {
					"uv": [
						4.75,
						10,
						5,
						10.25
					],
					"texture": "#2"
				},
				"west": {
					"uv": [
						4.75,
						10,
						5,
						10.25
					],
					"rotation": 270,
					"texture": "#2"
				},
				"up": {
					"uv": [
						4.75,
						10,
						5,
						10.25
					],
					"texture": "#2"
				},
				"down": {
					"uv": [
						4.75,
						10.25,
						5,
						10
					],
					"texture": "#2"
				}
			}
		},
		{
			"name": "funa_49",
			"from": [
				5,
				0,
				10.25
			],
			"to": [
				5.25,
				0.25,
				10.5
			],
			"faces": {
				"north": {
					"uv": [
						5.25,
						10.25,
						5,
						10.5
					],
					"texture": "#2"
				},
				"east": {
					"uv": [
						5,
						10.25,
						5.25,
						10.5
					],
					"rotation": 90,
					"texture": "#2"
				},
				"south": {
					"uv": [
						5,
						10.25,
						5.25,
						10.5
					],
					"texture": "#2"
				},
				"west": {
					"uv": [
						5,
						10.25,
						5.25,
						10.5
					],
					"rotation": 270,
					"texture": "#2"
				},
				"up": {
					"uv": [
						5,
						10.25,
						5.25,
						10.5
					],
					"texture": "#2"
				},
				"down": {
					"uv": [
						5,
						10.5,
						5.25,
						10.25
					],
					"texture": "#2"
				}
			}
		},
		{
			"name": "funa_50",
			"from": [
				6.25,
				0,
				10.5
			],
			"to": [
				6.75,
				0.25,
				10.75
			],
			"faces": {
				"north": {
					"uv": [
						6.75,
						10.5,
						6.25,
						10.75
					],
					"texture": "#2"
				},
				"east": {
					"uv": [
						6.5,
						10.5,
						6.75,
						10.75
					],
					"rotation": 90,
					"texture": "#2"
				},
				"south": {
					"uv": [
						6.25,
						10.5,
						6.75,
						10.75
					],
					"texture": "#2"
				},
				"west": {
					"uv": [
						6.25,
						10.5,
						6.5,
						10.75
					],
					"rotation": 270,
					"texture": "#2"
				},
				"up": {
					"uv": [
						6.25,
						10.5,
						6.75,
						10.75
					],
					"texture": "#2"
				},
				"down": {
					"uv": [
						6.25,
						10.75,
						6.75,
						10.5
					],
					"texture": "#2"
				}
			}
		},
		{
			"name": "funa_51",
			"from": [
				11.5,
				0,
				10.5
			],
			"to": [
				11.75,
				0.25,
				10.75
			],
			"faces": {
				"north": {
					"uv": [
						11.75,
						10.5,
						11.5,
						10.75
					],
					"texture": "#2"
				},
				"east": {
					"uv": [
						11.5,
						10.5,
						11.75,
						10.75
					],
					"rotation": 90,
					"texture": "#2"
				},
				"south": {
					"uv": [
						11.5,
						10.5,
						11.75,
						10.75
					],
					"texture": "#2"
				},
				"west": {
					"uv": [
						11.5,
						10.5,
						11.75,
						10.75
					],
					"rotation": 270,
					"texture": "#2"
				},
				"up": {
					"uv": [
						11.5,
						10.5,
						11.75,
						10.75
					],
					"texture": "#2"
				},
				"down": {
					"uv": [
						11.5,
						10.75,
						11.75,
						10.5
					],
					"texture": "#2"
				}
			}
		},
		{
			"name": "funa_52",
			"from": [
				6.5,
				0,
				10.75
			],
			"to": [
				6.75,
				0.25,
				11
			],
			"faces": {
				"north": {
					"uv": [
						6.75,
						10.75,
						6.5,
						11
					],
					"texture": "#2"
				},
				"east": {
					"uv": [
						6.5,
						10.75,
						6.75,
						11
					],
					"rotation": 90,
					"texture": "#2"
				},
				"south": {
					"uv": [
						6.5,
						10.75,
						6.75,
						11
					],
					"texture": "#2"
				},
				"west": {
					"uv": [
						6.5,
						10.75,
						6.75,
						11
					],
					"rotation": 270,
					"texture": "#2"
				},
				"up": {
					"uv": [
						6.5,
						10.75,
						6.75,
						11
					],
					"texture": "#2"
				},
				"down": {
					"uv": [
						6.5,
						11,
						6.75,
						10.75
					],
					"texture": "#2"
				}
			}
		},
		{
			"name": "funa_53",
			"from": [
				7.25,
				0,
				10.75
			],
			"to": [
				7.75,
				0.25,
				11.75
			],
			"faces": {
				"north": {
					"uv": [
						7.75,
						10.75,
						7.25,
						11
					],
					"texture": "#2"
				},
				"east": {
					"uv": [
						7.5,
						10.75,
						7.75,
						11.75
					],
					"rotation": 90,
					"texture": "#2"
				},
				"south": {
					"uv": [
						7.25,
						11.5,
						7.75,
						11.75
					],
					"texture": "#2"
				},
				"west": {
					"uv": [
						7.25,
						10.75,
						7.5,
						11.75
					],
					"rotation": 270,
					"texture": "#2"
				},
				"up": {
					"uv": [
						7.25,
						10.75,
						7.75,
						11.75
					],
					"texture": "#2"
				},
				"down": {
					"uv": [
						7.25,
						11.75,
						7.75,
						10.75
					],
					"texture": "#2"
				}
			}
		},
		{
			"name": "funa_54",
			"from": [
				7.75,
				0,
				11
			],
			"to": [
				8,
				0.25,
				11.5
			],
			"faces": {
				"north": {
					"uv": [
						8,
						11,
						7.75,
						11.25
					],
					"texture": "#2"
				},
				"east": {
					"uv": [
						7.75,
						11,
						8,
						11.5
					],
					"rotation": 90,
					"texture": "#2"
				},
				"south": {
					"uv": [
						7.75,
						11.25,
						8,
						11.5
					],
					"texture": "#2"
				},
				"west": {
					"uv": [
						7.75,
						11,
						8,
						11.5
					],
					"rotation": 270,
					"texture": "#2"
				},
				"up": {
					"uv": [
						7.75,
						11,
						8,
						11.5
					],
					"texture": "#2"
				},
				"down": {
					"uv": [
						7.75,
						11.5,
						8,
						11
					],
					"texture": "#2"
				}
			}
		},
		{
			"name": "funa_55",
			"from": [
				7,
				0,
				11.25
			],
			"to": [
				7.25,
				0.25,
				11.5
			],
			"faces": {
				"north": {
					"uv": [
						7.25,
						11.25,
						7,
						11.5
					],
					"texture": "#2"
				},
				"east": {
					"uv": [
						7,
						11.25,
						7.25,
						11.5
					],
					"rotation": 90,
					"texture": "#2"
				},
				"south": {
					"uv": [
						7,
						11.25,
						7.25,
						11.5
					],
					"texture": "#2"
				},
				"west": {
					"uv": [
						7,
						11.25,
						7.25,
						11.5
					],
					"rotation": 270,
					"texture": "#2"
				},
				"up": {
					"uv": [
						7,
						11.25,
						7.25,
						11.5
					],
					"texture": "#2"
				},
				"down": {
					"uv": [
						7,
						11.5,
						7.25,
						11.25
					],
					"texture": "#2"
				}
			}
		}
	],
	"gui_light": "front",
	"display": {
		"thirdperson_righthand": {
			"rotation": [
				90,
				-2.75,
				1.75
			],
			"translation": [
				-2.25,
				1.25,
				5
			],
			"scale": [
				0.54648,
				0.54648,
				0.54648
			]
		},
		"thirdperson_lefthand": {
			"rotation": [
				90,
				-2.75,
				1.75
			],
			"translation": [
				-1,
				1.25,
				5
			],
			"scale": [
				0.54648,
				0.54648,
				0.54648
			]
		},
		"firstperson_righthand": {
			"rotation": [
				90,
				0,
				1.75
			],
			"translation": [
				1,
				1,
				5
			],
			"scale": [
				0.54648,
				0.54648,
				0.54648
			]
		},
		"firstperson_lefthand": {
			"rotation": [
				90,
				0,
				1.75
			],
			"translation": [
				1,
				1,
				5
			],
			"scale": [
				0.54648,
				0.54648,
				0.54648
			]
		},
		"ground": {
			"rotation": [
				90,
				0,
				0
			],
			"translation": [
				0,
				3.75,
				0
			]
		},
		"gui": {
			"rotation": [
				90,
				0,
				0
			],
			"translation": [
				-0.25,
				-0.5,
				9
			]
		},
		"head": {
			"rotation": [
				90,
				0,
				0
			],
			"translation": [
				0,
				8.75,
				13
			]
		},
		"fixed": {
			"rotation": [
				90,
				0,
				0
			],
			"translation": [
				-0.5,
				0,
				8.25
			],
			"scale": [
				1.06055,
				1.06055,
				1.06055
			]
		}
	},
	"groups": [
		{
			"name": "ugui",
			"origin": [
				8,
				8,
				8
			],
			"children": [
				0,
				1,
				2,
				3,
				4,
				5,
				6,
				7,
				8,
				9,
				10,
				11,
				12,
				13,
				14,
				15,
				16,
				17,
				18,
				19,
				20,
				21,
				22,
				23,
				24,
				25,
				26,
				27,
				28,
				29,
				30,
				31,
				32,
				33,
				34,
				35,
				36,
				37,
				38,
				39
			]
		},
		{
			"name": "funa",
			"origin": [
				8,
				8,
				8
			],
			"children": [
				40,
				41,
				42,
				43,
				44,
				45,
				46,
				47,
				48,
				49,
				50,
				51,
				52,
				53,
				54,
				55,
				56,
				57,
				58,
				59,
				60,
				61,
				62,
				63,
				64,
				65,
				66,
				67,
				68,
				69,
				70,
				71,
				72,
				73,
				74,
				75,
				76,
				77,
				78,
				79,
				80,
				81,
				82,
				83,
				84,
				85,
				86,
				87,
				88,
				89,
				90,
				91,
				92,
				93,
				94,
				95
			]
		}
	]
}