{
	"credit": "Made with Blockbench",
	"textures": {
		"2": "fish/go-rudentorauto"
	},
	"elements": [
		{
			"name": "go-rudentorauto_0",
			"from": [6.93333, 0, 5.6],
			"to": [8, 0.26667, 10.4],
			"faces": {
				"north": {"uv": [8, 5.6, 6.93333, 5.86667], "texture": "#2"},
				"east": {"uv": [7.73333, 5.6, 8, 10.4], "rotation": 90, "texture": "#2"},
				"south": {"uv": [6.93333, 10.13333, 8, 10.4], "texture": "#2"},
				"west": {"uv": [6.93333, 5.6, 7.2, 10.4], "rotation": 270, "texture": "#2"},
				"up": {"uv": [6.93333, 5.6, 8, 10.4], "texture": "#2"},
				"down": {"uv": [6.93333, 10.4, 8, 5.6], "texture": "#2"}
			}
		},
		{
			"name": "go-rudentorauto_1",
			"from": [6.66667, 0, 5.86667],
			"to": [6.93333, 0.26667, 10.4],
			"faces": {
				"north": {"uv": [6.93333, 5.86667, 6.66667, 6.13333], "texture": "#2"},
				"east": {"uv": [6.66667, 5.86667, 6.93333, 10.4], "rotation": 90, "texture": "#2"},
				"south": {"uv": [6.66667, 10.13333, 6.93333, 10.4], "texture": "#2"},
				"west": {"uv": [6.66667, 5.86667, 6.93333, 10.4], "rotation": 270, "texture": "#2"},
				"up": {"uv": [6.66667, 5.86667, 6.93333, 10.4], "texture": "#2"},
				"down": {"uv": [6.66667, 10.4, 6.93333, 5.86667], "texture": "#2"}
			}
		},
		{
			"name": "go-rudentorauto_2",
			"from": [8, 0, 5.86667],
			"to": [8.53333, 0.26667, 10.93333],
			"faces": {
				"north": {"uv": [8.53333, 5.86667, 8, 6.13333], "texture": "#2"},
				"east": {"uv": [8.26667, 5.86667, 8.53333, 10.93333], "rotation": 90, "texture": "#2"},
				"south": {"uv": [8, 10.66667, 8.53333, 10.93333], "texture": "#2"},
				"west": {"uv": [8, 5.86667, 8.26667, 10.93333], "rotation": 270, "texture": "#2"},
				"up": {"uv": [8, 5.86667, 8.53333, 10.93333], "texture": "#2"},
				"down": {"uv": [8, 10.93333, 8.53333, 5.86667], "texture": "#2"}
			}
		},
		{
			"name": "go-rudentorauto_3",
			"from": [6.4, 0, 6.13333],
			"to": [6.66667, 0.26667, 10.4],
			"faces": {
				"north": {"uv": [6.66667, 6.13333, 6.4, 6.4], "texture": "#2"},
				"east": {"uv": [6.4, 6.13333, 6.66667, 10.4], "rotation": 90, "texture": "#2"},
				"south": {"uv": [6.4, 10.13333, 6.66667, 10.4], "texture": "#2"},
				"west": {"uv": [6.4, 6.13333, 6.66667, 10.4], "rotation": 270, "texture": "#2"},
				"up": {"uv": [6.4, 6.13333, 6.66667, 10.4], "texture": "#2"},
				"down": {"uv": [6.4, 10.4, 6.66667, 6.13333], "texture": "#2"}
			}
		},
		{
			"name": "go-rudentorauto_4",
			"from": [8.53333, 0, 6.13333],
			"to": [9.33333, 0.26667, 10.13333],
			"faces": {
				"north": {"uv": [9.33333, 6.13333, 8.53333, 6.4], "texture": "#2"},
				"east": {"uv": [9.06667, 6.13333, 9.33333, 10.13333], "rotation": 90, "texture": "#2"},
				"south": {"uv": [8.53333, 9.86667, 9.33333, 10.13333], "texture": "#2"},
				"west": {"uv": [8.53333, 6.13333, 8.8, 10.13333], "rotation": 270, "texture": "#2"},
				"up": {"uv": [8.53333, 6.13333, 9.33333, 10.13333], "texture": "#2"},
				"down": {"uv": [8.53333, 10.13333, 9.33333, 6.13333], "texture": "#2"}
			}
		},
		{
			"name": "go-rudentorauto_5",
			"from": [15.2, 0, 6.13333],
			"to": [15.73333, 0.26667, 7.46667],
			"faces": {
				"north": {"uv": [15.73333, 6.13333, 15.2, 6.4], "texture": "#2"},
				"east": {"uv": [15.46667, 6.13333, 15.73333, 7.46667], "rotation": 90, "texture": "#2"},
				"south": {"uv": [15.2, 7.2, 15.73333, 7.46667], "texture": "#2"},
				"west": {"uv": [15.2, 6.13333, 15.46667, 7.46667], "rotation": 270, "texture": "#2"},
				"up": {"uv": [15.2, 6.13333, 15.73333, 7.46667], "texture": "#2"},
				"down": {"uv": [15.2, 7.46667, 15.73333, 6.13333], "texture": "#2"}
			}
		},
		{
			"name": "go-rudentorauto_6",
			"from": [9.33333, 0, 6.4],
			"to": [9.6, 0.26667, 6.66667],
			"faces": {
				"north": {"uv": [9.6, 6.4, 9.33333, 6.66667], "texture": "#2"},
				"east": {"uv": [9.33333, 6.4, 9.6, 6.66667], "rotation": 90, "texture": "#2"},
				"south": {"uv": [9.33333, 6.4, 9.6, 6.66667], "texture": "#2"},
				"west": {"uv": [9.33333, 6.4, 9.6, 6.66667], "rotation": 270, "texture": "#2"},
				"up": {"uv": [9.33333, 6.4, 9.6, 6.66667], "texture": "#2"},
				"down": {"uv": [9.33333, 6.66667, 9.6, 6.4], "texture": "#2"}
			}
		},
		{
			"name": "go-rudentorauto_7",
			"from": [14.93333, 0, 6.4],
			"to": [15.2, 0.26667, 9.86667],
			"faces": {
				"north": {"uv": [15.2, 6.4, 14.93333, 6.66667], "texture": "#2"},
				"east": {"uv": [14.93333, 6.4, 15.2, 9.86667], "rotation": 90, "texture": "#2"},
				"south": {"uv": [14.93333, 9.6, 15.2, 9.86667], "texture": "#2"},
				"west": {"uv": [14.93333, 6.4, 15.2, 9.86667], "rotation": 270, "texture": "#2"},
				"up": {"uv": [14.93333, 6.4, 15.2, 9.86667], "texture": "#2"},
				"down": {"uv": [14.93333, 9.86667, 15.2, 6.4], "texture": "#2"}
			}
		},
		{
			"name": "go-rudentorauto_8",
			"from": [15.73333, 0, 6.4],
			"to": [16, 0.26667, 6.93333],
			"faces": {
				"north": {"uv": [16, 6.4, 15.73333, 6.66667], "texture": "#2"},
				"east": {"uv": [15.73333, 6.4, 16, 6.93333], "rotation": 90, "texture": "#2"},
				"south": {"uv": [15.73333, 6.66667, 16, 6.93333], "texture": "#2"},
				"west": {"uv": [15.73333, 6.4, 16, 6.93333], "rotation": 270, "texture": "#2"},
				"up": {"uv": [15.73333, 6.4, 16, 6.93333], "texture": "#2"},
				"down": {"uv": [15.73333, 6.93333, 16, 6.4], "texture": "#2"}
			}
		},
		{
			"name": "go-rudentorauto_9",
			"from": [4, 0, 6.66667],
			"to": [6.4, 0.26667, 10.4],
			"faces": {
				"north": {"uv": [6.4, 6.66667, 4, 6.93333], "texture": "#2"},
				"east": {"uv": [6.13333, 6.66667, 6.4, 10.4], "rotation": 90, "texture": "#2"},
				"south": {"uv": [4, 10.13333, 6.4, 10.4], "texture": "#2"},
				"west": {"uv": [4, 6.66667, 4.26667, 10.4], "rotation": 270, "texture": "#2"},
				"up": {"uv": [4, 6.66667, 6.4, 10.4], "texture": "#2"},
				"down": {"uv": [4, 10.4, 6.4, 6.66667], "texture": "#2"}
			}
		},
		{
			"name": "go-rudentorauto_10",
			"from": [12, 0, 6.66667],
			"to": [12.26667, 0.26667, 10.4],
			"faces": {
				"north": {"uv": [12.26667, 6.66667, 12, 6.93333], "texture": "#2"},
				"east": {"uv": [12, 6.66667, 12.26667, 10.4], "rotation": 90, "texture": "#2"},
				"south": {"uv": [12, 10.13333, 12.26667, 10.4], "texture": "#2"},
				"west": {"uv": [12, 6.66667, 12.26667, 10.4], "rotation": 270, "texture": "#2"},
				"up": {"uv": [12, 6.66667, 12.26667, 10.4], "texture": "#2"},
				"down": {"uv": [12, 10.4, 12.26667, 6.66667], "texture": "#2"}
			}
		},
		{
			"name": "go-rudentorauto_11",
			"from": [14.4, 0, 6.66667],
			"to": [14.93333, 0.26667, 9.6],
			"faces": {
				"north": {"uv": [14.93333, 6.66667, 14.4, 6.93333], "texture": "#2"},
				"east": {"uv": [14.66667, 6.66667, 14.93333, 9.6], "rotation": 90, "texture": "#2"},
				"south": {"uv": [14.4, 9.33333, 14.93333, 9.6], "texture": "#2"},
				"west": {"uv": [14.4, 6.66667, 14.66667, 9.6], "rotation": 270, "texture": "#2"},
				"up": {"uv": [14.4, 6.66667, 14.93333, 9.6], "texture": "#2"},
				"down": {"uv": [14.4, 9.6, 14.93333, 6.66667], "texture": "#2"}
			}
		},
		{
			"name": "go-rudentorauto_12",
			"from": [2.93333, 0, 6.93333],
			"to": [4, 0.26667, 10.4],
			"faces": {
				"north": {"uv": [4, 6.93333, 2.93333, 7.2], "texture": "#2"},
				"east": {"uv": [3.73333, 6.93333, 4, 10.4], "rotation": 90, "texture": "#2"},
				"south": {"uv": [2.93333, 10.13333, 4, 10.4], "texture": "#2"},
				"west": {"uv": [2.93333, 6.93333, 3.2, 10.4], "rotation": 270, "texture": "#2"},
				"up": {"uv": [2.93333, 6.93333, 4, 10.4], "texture": "#2"},
				"down": {"uv": [2.93333, 10.4, 4, 6.93333], "texture": "#2"}
			}
		},
		{
			"name": "go-rudentorauto_13",
			"from": [9.33333, 0, 6.93333],
			"to": [10.13333, 0.26667, 9.86667],
			"faces": {
				"north": {"uv": [10.13333, 6.93333, 9.33333, 7.2], "texture": "#2"},
				"east": {"uv": [9.86667, 6.93333, 10.13333, 9.86667], "rotation": 90, "texture": "#2"},
				"south": {"uv": [9.33333, 9.6, 10.13333, 9.86667], "texture": "#2"},
				"west": {"uv": [9.33333, 6.93333, 9.6, 9.86667], "rotation": 270, "texture": "#2"},
				"up": {"uv": [9.33333, 6.93333, 10.13333, 9.86667], "texture": "#2"},
				"down": {"uv": [9.33333, 9.86667, 10.13333, 6.93333], "texture": "#2"}
			}
		},
		{
			"name": "go-rudentorauto_14",
			"from": [11.73333, 0, 6.93333],
			"to": [12, 0.26667, 10.66667],
			"faces": {
				"north": {"uv": [12, 6.93333, 11.73333, 7.2], "texture": "#2"},
				"east": {"uv": [11.73333, 6.93333, 12, 10.66667], "rotation": 90, "texture": "#2"},
				"south": {"uv": [11.73333, 10.4, 12, 10.66667], "texture": "#2"},
				"west": {"uv": [11.73333, 6.93333, 12, 10.66667], "rotation": 270, "texture": "#2"},
				"up": {"uv": [11.73333, 6.93333, 12, 10.66667], "texture": "#2"},
				"down": {"uv": [11.73333, 10.66667, 12, 6.93333], "texture": "#2"}
			}
		},
		{
			"name": "go-rudentorauto_15",
			"from": [12.26667, 0, 6.93333],
			"to": [12.53333, 0.26667, 9.33333],
			"faces": {
				"north": {"uv": [12.53333, 6.93333, 12.26667, 7.2], "texture": "#2"},
				"east": {"uv": [12.26667, 6.93333, 12.53333, 9.33333], "rotation": 90, "texture": "#2"},
				"south": {"uv": [12.26667, 9.06667, 12.53333, 9.33333], "texture": "#2"},
				"west": {"uv": [12.26667, 6.93333, 12.53333, 9.33333], "rotation": 270, "texture": "#2"},
				"up": {"uv": [12.26667, 6.93333, 12.53333, 9.33333], "texture": "#2"},
				"down": {"uv": [12.26667, 9.33333, 12.53333, 6.93333], "texture": "#2"}
			}
		},
		{
			"name": "go-rudentorauto_16",
			"from": [13.86667, 0, 6.93333],
			"to": [14.4, 0.26667, 9.33333],
			"faces": {
				"north": {"uv": [14.4, 6.93333, 13.86667, 7.2], "texture": "#2"},
				"east": {"uv": [14.13333, 6.93333, 14.4, 9.33333], "rotation": 90, "texture": "#2"},
				"south": {"uv": [13.86667, 9.06667, 14.4, 9.33333], "texture": "#2"},
				"west": {"uv": [13.86667, 6.93333, 14.13333, 9.33333], "rotation": 270, "texture": "#2"},
				"up": {"uv": [13.86667, 6.93333, 14.4, 9.33333], "texture": "#2"},
				"down": {"uv": [13.86667, 9.33333, 14.4, 6.93333], "texture": "#2"}
			}
		},
		{
			"name": "go-rudentorauto_17",
			"from": [1.86667, 0, 7.2],
			"to": [2.93333, 0.26667, 10.13333],
			"faces": {
				"north": {"uv": [2.93333, 7.2, 1.86667, 7.46667], "texture": "#2"},
				"east": {"uv": [2.66667, 7.2, 2.93333, 10.13333], "rotation": 90, "texture": "#2"},
				"south": {"uv": [1.86667, 9.86667, 2.93333, 10.13333], "texture": "#2"},
				"west": {"uv": [1.86667, 7.2, 2.13333, 10.13333], "rotation": 270, "texture": "#2"},
				"up": {"uv": [1.86667, 7.2, 2.93333, 10.13333], "texture": "#2"},
				"down": {"uv": [1.86667, 10.13333, 2.93333, 7.2], "texture": "#2"}
			}
		},
		{
			"name": "go-rudentorauto_18",
			"from": [10.13333, 0, 7.2],
			"to": [11.2, 0.26667, 9.86667],
			"faces": {
				"north": {"uv": [11.2, 7.2, 10.13333, 7.46667], "texture": "#2"},
				"east": {"uv": [10.93333, 7.2, 11.2, 9.86667], "rotation": 90, "texture": "#2"},
				"south": {"uv": [10.13333, 9.6, 11.2, 9.86667], "texture": "#2"},
				"west": {"uv": [10.13333, 7.2, 10.4, 9.86667], "rotation": 270, "texture": "#2"},
				"up": {"uv": [10.13333, 7.2, 11.2, 9.86667], "texture": "#2"},
				"down": {"uv": [10.13333, 9.86667, 11.2, 7.2], "texture": "#2"}
			}
		},
		{
			"name": "go-rudentorauto_19",
			"from": [11.46667, 0, 7.2],
			"to": [11.73333, 0.26667, 10.66667],
			"faces": {
				"north": {"uv": [11.73333, 7.2, 11.46667, 7.46667], "texture": "#2"},
				"east": {"uv": [11.46667, 7.2, 11.73333, 10.66667], "rotation": 90, "texture": "#2"},
				"south": {"uv": [11.46667, 10.4, 11.73333, 10.66667], "texture": "#2"},
				"west": {"uv": [11.46667, 7.2, 11.73333, 10.66667], "rotation": 270, "texture": "#2"},
				"up": {"uv": [11.46667, 7.2, 11.73333, 10.66667], "texture": "#2"},
				"down": {"uv": [11.46667, 10.66667, 11.73333, 7.2], "texture": "#2"}
			}
		},
		{
			"name": "go-rudentorauto_20",
			"from": [13.6, 0, 7.2],
			"to": [13.86667, 0.26667, 9.06667],
			"faces": {
				"north": {"uv": [13.86667, 7.2, 13.6, 7.46667], "texture": "#2"},
				"east": {"uv": [13.6, 7.2, 13.86667, 9.06667], "rotation": 90, "texture": "#2"},
				"south": {"uv": [13.6, 8.8, 13.86667, 9.06667], "texture": "#2"},
				"west": {"uv": [13.6, 7.2, 13.86667, 9.06667], "rotation": 270, "texture": "#2"},
				"up": {"uv": [13.6, 7.2, 13.86667, 9.06667], "texture": "#2"},
				"down": {"uv": [13.6, 9.06667, 13.86667, 7.2], "texture": "#2"}
			}
		},
		{
			"name": "go-rudentorauto_21",
			"from": [1.33333, 0, 7.46667],
			"to": [1.86667, 0.26667, 9.86667],
			"faces": {
				"north": {"uv": [1.86667, 7.46667, 1.33333, 7.73333], "texture": "#2"},
				"east": {"uv": [1.6, 7.46667, 1.86667, 9.86667], "rotation": 90, "texture": "#2"},
				"south": {"uv": [1.33333, 9.6, 1.86667, 9.86667], "texture": "#2"},
				"west": {"uv": [1.33333, 7.46667, 1.6, 9.86667], "rotation": 270, "texture": "#2"},
				"up": {"uv": [1.33333, 7.46667, 1.86667, 9.86667], "texture": "#2"},
				"down": {"uv": [1.33333, 9.86667, 1.86667, 7.46667], "texture": "#2"}
			}
		},
		{
			"name": "go-rudentorauto_22",
			"from": [11.2, 0, 7.46667],
			"to": [11.46667, 0.26667, 10.4],
			"faces": {
				"north": {"uv": [11.46667, 7.46667, 11.2, 7.73333], "texture": "#2"},
				"east": {"uv": [11.2, 7.46667, 11.46667, 10.4], "rotation": 90, "texture": "#2"},
				"south": {"uv": [11.2, 10.13333, 11.46667, 10.4], "texture": "#2"},
				"west": {"uv": [11.2, 7.46667, 11.46667, 10.4], "rotation": 270, "texture": "#2"},
				"up": {"uv": [11.2, 7.46667, 11.46667, 10.4], "texture": "#2"},
				"down": {"uv": [11.2, 10.4, 11.46667, 7.46667], "texture": "#2"}
			}
		},
		{
			"name": "go-rudentorauto_23",
			"from": [12.53333, 0, 7.46667],
			"to": [13.6, 0.26667, 9.06667],
			"faces": {
				"north": {"uv": [13.6, 7.46667, 12.53333, 7.73333], "texture": "#2"},
				"east": {"uv": [13.33333, 7.46667, 13.6, 9.06667], "rotation": 90, "texture": "#2"},
				"south": {"uv": [12.53333, 8.8, 13.6, 9.06667], "texture": "#2"},
				"west": {"uv": [12.53333, 7.46667, 12.8, 9.06667], "rotation": 270, "texture": "#2"},
				"up": {"uv": [12.53333, 7.46667, 13.6, 9.06667], "texture": "#2"},
				"down": {"uv": [12.53333, 9.06667, 13.6, 7.46667], "texture": "#2"}
			}
		},
		{
			"name": "go-rudentorauto_24",
			"from": [15.2, 0, 7.46667],
			"to": [15.46667, 0.26667, 8],
			"faces": {
				"north": {"uv": [15.46667, 7.46667, 15.2, 7.73333], "texture": "#2"},
				"east": {"uv": [15.2, 7.46667, 15.46667, 8], "rotation": 90, "texture": "#2"},
				"south": {"uv": [15.2, 7.73333, 15.46667, 8], "texture": "#2"},
				"west": {"uv": [15.2, 7.46667, 15.46667, 8], "rotation": 270, "texture": "#2"},
				"up": {"uv": [15.2, 7.46667, 15.46667, 8], "texture": "#2"},
				"down": {"uv": [15.2, 8, 15.46667, 7.46667], "texture": "#2"}
			}
		},
		{
			"name": "go-rudentorauto_25",
			"from": [0.8, 0, 7.73333],
			"to": [1.33333, 0.26667, 9.6],
			"faces": {
				"north": {"uv": [1.33333, 7.73333, 0.8, 8], "texture": "#2"},
				"east": {"uv": [1.06667, 7.73333, 1.33333, 9.6], "rotation": 90, "texture": "#2"},
				"south": {"uv": [0.8, 9.33333, 1.33333, 9.6], "texture": "#2"},
				"west": {"uv": [0.8, 7.73333, 1.06667, 9.6], "rotation": 270, "texture": "#2"},
				"up": {"uv": [0.8, 7.73333, 1.33333, 9.6], "texture": "#2"},
				"down": {"uv": [0.8, 9.6, 1.33333, 7.73333], "texture": "#2"}
			}
		},
		{
			"name": "go-rudentorauto_26",
			"from": [0.53333, 0, 8],
			"to": [0.8, 0.26667, 8.8],
			"faces": {
				"north": {"uv": [0.8, 8, 0.53333, 8.26667], "texture": "#2"},
				"east": {"uv": [0.53333, 8, 0.8, 8.8], "rotation": 90, "texture": "#2"},
				"south": {"uv": [0.53333, 8.53333, 0.8, 8.8], "texture": "#2"},
				"west": {"uv": [0.53333, 8, 0.8, 8.8], "rotation": 270, "texture": "#2"},
				"up": {"uv": [0.53333, 8, 0.8, 8.8], "texture": "#2"},
				"down": {"uv": [0.53333, 8.8, 0.8, 8], "texture": "#2"}
			}
		},
		{
			"name": "go-rudentorauto_27",
			"from": [0.26667, 0, 8.26667],
			"to": [0.53333, 0.26667, 8.53333],
			"faces": {
				"north": {"uv": [0.53333, 8.26667, 0.26667, 8.53333], "texture": "#2"},
				"east": {"uv": [0.26667, 8.26667, 0.53333, 8.53333], "rotation": 90, "texture": "#2"},
				"south": {"uv": [0.26667, 8.26667, 0.53333, 8.53333], "texture": "#2"},
				"west": {"uv": [0.26667, 8.26667, 0.53333, 8.53333], "rotation": 270, "texture": "#2"},
				"up": {"uv": [0.26667, 8.26667, 0.53333, 8.53333], "texture": "#2"},
				"down": {"uv": [0.26667, 8.53333, 0.53333, 8.26667], "texture": "#2"}
			}
		},
		{
			"name": "go-rudentorauto_28",
			"from": [15.2, 0, 8.26667],
			"to": [15.46667, 0.26667, 9.86667],
			"faces": {
				"north": {"uv": [15.46667, 8.26667, 15.2, 8.53333], "texture": "#2"},
				"east": {"uv": [15.2, 8.26667, 15.46667, 9.86667], "rotation": 90, "texture": "#2"},
				"south": {"uv": [15.2, 9.6, 15.46667, 9.86667], "texture": "#2"},
				"west": {"uv": [15.2, 8.26667, 15.46667, 9.86667], "rotation": 270, "texture": "#2"},
				"up": {"uv": [15.2, 8.26667, 15.46667, 9.86667], "texture": "#2"},
				"down": {"uv": [15.2, 9.86667, 15.46667, 8.26667], "texture": "#2"}
			}
		},
		{
			"name": "go-rudentorauto_29",
			"from": [15.46667, 0, 8.8],
			"to": [15.73333, 0.26667, 9.86667],
			"faces": {
				"north": {"uv": [15.73333, 8.8, 15.46667, 9.06667], "texture": "#2"},
				"east": {"uv": [15.46667, 8.8, 15.73333, 9.86667], "rotation": 90, "texture": "#2"},
				"south": {"uv": [15.46667, 9.6, 15.73333, 9.86667], "texture": "#2"},
				"west": {"uv": [15.46667, 8.8, 15.73333, 9.86667], "rotation": 270, "texture": "#2"},
				"up": {"uv": [15.46667, 8.8, 15.73333, 9.86667], "texture": "#2"},
				"down": {"uv": [15.46667, 9.86667, 15.73333, 8.8], "texture": "#2"}
			}
		},
		{
			"name": "go-rudentorauto_30",
			"from": [0.53333, 0, 9.06667],
			"to": [0.8, 0.26667, 9.33333],
			"faces": {
				"north": {"uv": [0.8, 9.06667, 0.53333, 9.33333], "texture": "#2"},
				"east": {"uv": [0.53333, 9.06667, 0.8, 9.33333], "rotation": 90, "texture": "#2"},
				"south": {"uv": [0.53333, 9.06667, 0.8, 9.33333], "texture": "#2"},
				"west": {"uv": [0.53333, 9.06667, 0.8, 9.33333], "rotation": 270, "texture": "#2"},
				"up": {"uv": [0.53333, 9.06667, 0.8, 9.33333], "texture": "#2"},
				"down": {"uv": [0.53333, 9.33333, 0.8, 9.06667], "texture": "#2"}
			}
		},
		{
			"name": "go-rudentorauto_31",
			"from": [14.13333, 0, 9.33333],
			"to": [14.4, 0.26667, 9.6],
			"faces": {
				"north": {"uv": [14.4, 9.33333, 14.13333, 9.6], "texture": "#2"},
				"east": {"uv": [14.13333, 9.33333, 14.4, 9.6], "rotation": 90, "texture": "#2"},
				"south": {"uv": [14.13333, 9.33333, 14.4, 9.6], "texture": "#2"},
				"west": {"uv": [14.13333, 9.33333, 14.4, 9.6], "rotation": 270, "texture": "#2"},
				"up": {"uv": [14.13333, 9.33333, 14.4, 9.6], "texture": "#2"},
				"down": {"uv": [14.13333, 9.6, 14.4, 9.33333], "texture": "#2"}
			}
		},
		{
			"name": "go-rudentorauto_32",
			"from": [15.73333, 0, 9.33333],
			"to": [16, 0.26667, 9.6],
			"faces": {
				"north": {"uv": [16, 9.33333, 15.73333, 9.6], "texture": "#2"},
				"east": {"uv": [15.73333, 9.33333, 16, 9.6], "rotation": 90, "texture": "#2"},
				"south": {"uv": [15.73333, 9.33333, 16, 9.6], "texture": "#2"},
				"west": {"uv": [15.73333, 9.33333, 16, 9.6], "rotation": 270, "texture": "#2"},
				"up": {"uv": [15.73333, 9.33333, 16, 9.6], "texture": "#2"},
				"down": {"uv": [15.73333, 9.6, 16, 9.33333], "texture": "#2"}
			}
		},
		{
			"name": "go-rudentorauto_33",
			"from": [1.06667, 0, 9.6],
			"to": [1.33333, 0.26667, 9.86667],
			"faces": {
				"north": {"uv": [1.33333, 9.6, 1.06667, 9.86667], "texture": "#2"},
				"east": {"uv": [1.06667, 9.6, 1.33333, 9.86667], "rotation": 90, "texture": "#2"},
				"south": {"uv": [1.06667, 9.6, 1.33333, 9.86667], "texture": "#2"},
				"west": {"uv": [1.06667, 9.6, 1.33333, 9.86667], "rotation": 270, "texture": "#2"},
				"up": {"uv": [1.06667, 9.6, 1.33333, 9.86667], "texture": "#2"},
				"down": {"uv": [1.06667, 9.86667, 1.33333, 9.6], "texture": "#2"}
			}
		},
		{
			"name": "go-rudentorauto_34",
			"from": [14.66667, 0, 9.6],
			"to": [14.93333, 0.26667, 9.86667],
			"faces": {
				"north": {"uv": [14.93333, 9.6, 14.66667, 9.86667], "texture": "#2"},
				"east": {"uv": [14.66667, 9.6, 14.93333, 9.86667], "rotation": 90, "texture": "#2"},
				"south": {"uv": [14.66667, 9.6, 14.93333, 9.86667], "texture": "#2"},
				"west": {"uv": [14.66667, 9.6, 14.93333, 9.86667], "rotation": 270, "texture": "#2"},
				"up": {"uv": [14.66667, 9.6, 14.93333, 9.86667], "texture": "#2"},
				"down": {"uv": [14.66667, 9.86667, 14.93333, 9.6], "texture": "#2"}
			}
		},
		{
			"name": "go-rudentorauto_35",
			"from": [1.6, 0, 9.86667],
			"to": [1.86667, 0.26667, 10.13333],
			"faces": {
				"north": {"uv": [1.86667, 9.86667, 1.6, 10.13333], "texture": "#2"},
				"east": {"uv": [1.6, 9.86667, 1.86667, 10.13333], "rotation": 90, "texture": "#2"},
				"south": {"uv": [1.6, 9.86667, 1.86667, 10.13333], "texture": "#2"},
				"west": {"uv": [1.6, 9.86667, 1.86667, 10.13333], "rotation": 270, "texture": "#2"},
				"up": {"uv": [1.6, 9.86667, 1.86667, 10.13333], "texture": "#2"},
				"down": {"uv": [1.6, 10.13333, 1.86667, 9.86667], "texture": "#2"}
			}
		},
		{
			"name": "go-rudentorauto_36",
			"from": [9.33333, 0, 9.86667],
			"to": [9.6, 0.26667, 10.13333],
			"faces": {
				"north": {"uv": [9.6, 9.86667, 9.33333, 10.13333], "texture": "#2"},
				"east": {"uv": [9.33333, 9.86667, 9.6, 10.13333], "rotation": 90, "texture": "#2"},
				"south": {"uv": [9.33333, 9.86667, 9.6, 10.13333], "texture": "#2"},
				"west": {"uv": [9.33333, 9.86667, 9.6, 10.13333], "rotation": 270, "texture": "#2"},
				"up": {"uv": [9.33333, 9.86667, 9.6, 10.13333], "texture": "#2"},
				"down": {"uv": [9.33333, 10.13333, 9.6, 9.86667], "texture": "#2"}
			}
		},
		{
			"name": "go-rudentorauto_37",
			"from": [10.4, 0, 9.86667],
			"to": [11.2, 0.26667, 10.13333],
			"faces": {
				"north": {"uv": [11.2, 9.86667, 10.4, 10.13333], "texture": "#2"},
				"east": {"uv": [10.93333, 9.86667, 11.2, 10.13333], "rotation": 90, "texture": "#2"},
				"south": {"uv": [10.4, 9.86667, 11.2, 10.13333], "texture": "#2"},
				"west": {"uv": [10.4, 9.86667, 10.66667, 10.13333], "rotation": 270, "texture": "#2"},
				"up": {"uv": [10.4, 9.86667, 11.2, 10.13333], "texture": "#2"},
				"down": {"uv": [10.4, 10.13333, 11.2, 9.86667], "texture": "#2"}
			}
		},
		{
			"name": "go-rudentorauto_38",
			"from": [2.66667, 0, 10.13333],
			"to": [2.93333, 0.26667, 10.4],
			"faces": {
				"north": {"uv": [2.93333, 10.13333, 2.66667, 10.4], "texture": "#2"},
				"east": {"uv": [2.66667, 10.13333, 2.93333, 10.4], "rotation": 90, "texture": "#2"},
				"south": {"uv": [2.66667, 10.13333, 2.93333, 10.4], "texture": "#2"},
				"west": {"uv": [2.66667, 10.13333, 2.93333, 10.4], "rotation": 270, "texture": "#2"},
				"up": {"uv": [2.66667, 10.13333, 2.93333, 10.4], "texture": "#2"},
				"down": {"uv": [2.66667, 10.4, 2.93333, 10.13333], "texture": "#2"}
			}
		},
		{
			"name": "go-rudentorauto_39",
			"from": [8.53333, 0, 10.13333],
			"to": [9.06667, 0.26667, 10.93333],
			"faces": {
				"north": {"uv": [9.06667, 10.13333, 8.53333, 10.4], "texture": "#2"},
				"east": {"uv": [8.8, 10.13333, 9.06667, 10.93333], "rotation": 90, "texture": "#2"},
				"south": {"uv": [8.53333, 10.66667, 9.06667, 10.93333], "texture": "#2"},
				"west": {"uv": [8.53333, 10.13333, 8.8, 10.93333], "rotation": 270, "texture": "#2"},
				"up": {"uv": [8.53333, 10.13333, 9.06667, 10.93333], "texture": "#2"},
				"down": {"uv": [8.53333, 10.93333, 9.06667, 10.13333], "texture": "#2"}
			}
		},
		{
			"name": "go-rudentorauto_40",
			"from": [10.93333, 0, 10.13333],
			"to": [11.2, 0.26667, 10.4],
			"faces": {
				"north": {"uv": [11.2, 10.13333, 10.93333, 10.4], "texture": "#2"},
				"east": {"uv": [10.93333, 10.13333, 11.2, 10.4], "rotation": 90, "texture": "#2"},
				"south": {"uv": [10.93333, 10.13333, 11.2, 10.4], "texture": "#2"},
				"west": {"uv": [10.93333, 10.13333, 11.2, 10.4], "rotation": 270, "texture": "#2"},
				"up": {"uv": [10.93333, 10.13333, 11.2, 10.4], "texture": "#2"},
				"down": {"uv": [10.93333, 10.4, 11.2, 10.13333], "texture": "#2"}
			}
		},
		{
			"name": "go-rudentorauto_41",
			"from": [4.26667, 0, 10.4],
			"to": [5.6, 0.26667, 10.66667],
			"faces": {
				"north": {"uv": [5.6, 10.4, 4.26667, 10.66667], "texture": "#2"},
				"east": {"uv": [5.33333, 10.4, 5.6, 10.66667], "rotation": 90, "texture": "#2"},
				"south": {"uv": [4.26667, 10.4, 5.6, 10.66667], "texture": "#2"},
				"west": {"uv": [4.26667, 10.4, 4.53333, 10.66667], "rotation": 270, "texture": "#2"},
				"up": {"uv": [4.26667, 10.4, 5.6, 10.66667], "texture": "#2"},
				"down": {"uv": [4.26667, 10.66667, 5.6, 10.4], "texture": "#2"}
			}
		},
		{
			"name": "go-rudentorauto_42",
			"from": [7.73333, 0, 10.4],
			"to": [8, 0.26667, 10.66667],
			"faces": {
				"north": {"uv": [8, 10.4, 7.73333, 10.66667], "texture": "#2"},
				"east": {"uv": [7.73333, 10.4, 8, 10.66667], "rotation": 90, "texture": "#2"},
				"south": {"uv": [7.73333, 10.4, 8, 10.66667], "texture": "#2"},
				"west": {"uv": [7.73333, 10.4, 8, 10.66667], "rotation": 270, "texture": "#2"},
				"up": {"uv": [7.73333, 10.4, 8, 10.66667], "texture": "#2"},
				"down": {"uv": [7.73333, 10.66667, 8, 10.4], "texture": "#2"}
			}
		},
		{
			"name": "go-rudentorauto_43",
			"from": [4.53333, 0, 10.66667],
			"to": [5.6, 0.26667, 10.93333],
			"faces": {
				"north": {"uv": [5.6, 10.66667, 4.53333, 10.93333], "texture": "#2"},
				"east": {"uv": [5.33333, 10.66667, 5.6, 10.93333], "rotation": 90, "texture": "#2"},
				"south": {"uv": [4.53333, 10.66667, 5.6, 10.93333], "texture": "#2"},
				"west": {"uv": [4.53333, 10.66667, 4.8, 10.93333], "rotation": 270, "texture": "#2"},
				"up": {"uv": [4.53333, 10.66667, 5.6, 10.93333], "texture": "#2"},
				"down": {"uv": [4.53333, 10.93333, 5.6, 10.66667], "texture": "#2"}
			}
		},
		{
			"name": "go-rudentorauto_44",
			"from": [4.8, 0, 10.93333],
			"to": [5.33333, 0.26667, 11.2],
			"faces": {
				"north": {"uv": [5.33333, 10.93333, 4.8, 11.2], "texture": "#2"},
				"east": {"uv": [5.06667, 10.93333, 5.33333, 11.2], "rotation": 90, "texture": "#2"},
				"south": {"uv": [4.8, 10.93333, 5.33333, 11.2], "texture": "#2"},
				"west": {"uv": [4.8, 10.93333, 5.06667, 11.2], "rotation": 270, "texture": "#2"},
				"up": {"uv": [4.8, 10.93333, 5.33333, 11.2], "texture": "#2"},
				"down": {"uv": [4.8, 11.2, 5.33333, 10.93333], "texture": "#2"}
			}
		},
		{
			"name": "go-rudentorauto_45",
			"from": [8.26667, 0, 10.93333],
			"to": [8.8, 0.26667, 11.2],
			"faces": {
				"north": {"uv": [8.8, 10.93333, 8.26667, 11.2], "texture": "#2"},
				"east": {"uv": [8.53333, 10.93333, 8.8, 11.2], "rotation": 90, "texture": "#2"},
				"south": {"uv": [8.26667, 10.93333, 8.8, 11.2], "texture": "#2"},
				"west": {"uv": [8.26667, 10.93333, 8.53333, 11.2], "rotation": 270, "texture": "#2"},
				"up": {"uv": [8.26667, 10.93333, 8.8, 11.2], "texture": "#2"},
				"down": {"uv": [8.26667, 11.2, 8.8, 10.93333], "texture": "#2"}
			}
		}
	],
	"gui_light": "front",
	"display": {
		"thirdperson_righthand": {
			"rotation": [98, -4.5, -1.5],
			"translation": [-5.75, 1, 8],
			"scale": [1.01172, 1, 1]
		},
		"thirdperson_lefthand": {
			"rotation": [98, -4.5, -1.5],
			"translation": [-5.75, 1, 8],
			"scale": [1.01172, 1, 1]
		},
		"firstperson_righthand": {
			"rotation": [89, -44, -4],
			"translation": [5, -1.5, 8],
			"scale": [1.01172, 1, 1]
		},
		"firstperson_lefthand": {
			"rotation": [89, 129, -4],
			"translation": [5, -1.5, 8],
			"scale": [1.01172, 1, 1]
		},
		"ground": {
			"rotation": [81, 0, 6],
			"translation": [0.25, 1.25, 4]
		},
		"gui": {
			"rotation": [90, 0, 0],
			"translation": [0, 0, 17.5],
			"scale": [1.06, 1.06, 1.06]
		},
		"head": {
			"rotation": [132, 1, 1],
			"translation": [0, -0.75, -1.25]
		},
		"fixed": {
			"rotation": [90, 0, 0],
			"translation": [-0.5, 0.25, 9.75],
			"scale": [1.25, 1.25, 1.25]
		}
	},
	"groups": [
		{
			"name": "go-rudentorauto",
			"origin": [8, 8, 8],
			"children": [0, 1, 2, 3, 4, 5, 6, 7, 8, 9, 10, 11, 12, 13, 14, 15, 16, 17, 18, 19, 20, 21, 22, 23, 24, 25, 26, 27, 28, 29, 30, 31, 32, 33, 34, 35, 36, 37, 38, 39, 40, 41, 42, 43, 44, 45]
		}
	]
}
