{
	"credit": "Made with Blockbench",
	"textures": {
		"2": "fish/zarigani",
		"particle": "fish/sake"
	},
	"elements": [
		{
			"name": "zarigani_0",
			"from": [4, 0, 0.75],
			"to": [4.5, 0.25, 1],
			"faces": {
				"north": {"uv": [4.5, 0.75, 4, 1], "texture": "#2"},
				"east": {"uv": [4.25, 0.75, 4.5, 1], "rotation": 90, "texture": "#2"},
				"south": {"uv": [4, 0.75, 4.5, 1], "texture": "#2"},
				"west": {"uv": [4, 0.75, 4.25, 1], "rotation": 270, "texture": "#2"},
				"up": {"uv": [4, 0.75, 4.5, 1], "texture": "#2"},
				"down": {"uv": [4, 1, 4.5, 0.75], "texture": "#2"}
			}
		},
		{
			"name": "zarigani_1",
			"from": [11.75, 0, 0.75],
			"to": [12.25, 0.25, 1],
			"faces": {
				"north": {"uv": [12.25, 0.75, 11.75, 1], "texture": "#2"},
				"east": {"uv": [12, 0.75, 12.25, 1], "rotation": 90, "texture": "#2"},
				"south": {"uv": [11.75, 0.75, 12.25, 1], "texture": "#2"},
				"west": {"uv": [11.75, 0.75, 12, 1], "rotation": 270, "texture": "#2"},
				"up": {"uv": [11.75, 0.75, 12.25, 1], "texture": "#2"},
				"down": {"uv": [11.75, 1, 12.25, 0.75], "texture": "#2"}
			}
		},
		{
			"name": "zarigani_2",
			"from": [4.5, 0, 1],
			"to": [4.75, 0.25, 1.25],
			"faces": {
				"north": {"uv": [4.75, 1, 4.5, 1.25], "texture": "#2"},
				"east": {"uv": [4.5, 1, 4.75, 1.25], "rotation": 90, "texture": "#2"},
				"south": {"uv": [4.5, 1, 4.75, 1.25], "texture": "#2"},
				"west": {"uv": [4.5, 1, 4.75, 1.25], "rotation": 270, "texture": "#2"},
				"up": {"uv": [4.5, 1, 4.75, 1.25], "texture": "#2"},
				"down": {"uv": [4.5, 1.25, 4.75, 1], "texture": "#2"}
			}
		},
		{
			"name": "zarigani_3",
			"from": [11.5, 0, 1],
			"to": [11.75, 0.25, 1.25],
			"faces": {
				"north": {"uv": [11.75, 1, 11.5, 1.25], "texture": "#2"},
				"east": {"uv": [11.5, 1, 11.75, 1.25], "rotation": 90, "texture": "#2"},
				"south": {"uv": [11.5, 1, 11.75, 1.25], "texture": "#2"},
				"west": {"uv": [11.5, 1, 11.75, 1.25], "rotation": 270, "texture": "#2"},
				"up": {"uv": [11.5, 1, 11.75, 1.25], "texture": "#2"},
				"down": {"uv": [11.5, 1.25, 11.75, 1], "texture": "#2"}
			}
		},
		{
			"name": "zarigani_4",
			"from": [4.75, 0, 1.25],
			"to": [5.25, 0.25, 1.5],
			"faces": {
				"north": {"uv": [5.25, 1.25, 4.75, 1.5], "texture": "#2"},
				"east": {"uv": [5, 1.25, 5.25, 1.5], "rotation": 90, "texture": "#2"},
				"south": {"uv": [4.75, 1.25, 5.25, 1.5], "texture": "#2"},
				"west": {"uv": [4.75, 1.25, 5, 1.5], "rotation": 270, "texture": "#2"},
				"up": {"uv": [4.75, 1.25, 5.25, 1.5], "texture": "#2"},
				"down": {"uv": [4.75, 1.5, 5.25, 1.25], "texture": "#2"}
			}
		},
		{
			"name": "zarigani_5",
			"from": [11, 0, 1.25],
			"to": [11.5, 0.25, 1.5],
			"faces": {
				"north": {"uv": [11.5, 1.25, 11, 1.5], "texture": "#2"},
				"east": {"uv": [11.25, 1.25, 11.5, 1.5], "rotation": 90, "texture": "#2"},
				"south": {"uv": [11, 1.25, 11.5, 1.5], "texture": "#2"},
				"west": {"uv": [11, 1.25, 11.25, 1.5], "rotation": 270, "texture": "#2"},
				"up": {"uv": [11, 1.25, 11.5, 1.5], "texture": "#2"},
				"down": {"uv": [11, 1.5, 11.5, 1.25], "texture": "#2"}
			}
		},
		{
			"name": "zarigani_6",
			"from": [5.25, 0, 1.5],
			"to": [5.5, 0.25, 1.75],
			"faces": {
				"north": {"uv": [5.5, 1.5, 5.25, 1.75], "texture": "#2"},
				"east": {"uv": [5.25, 1.5, 5.5, 1.75], "rotation": 90, "texture": "#2"},
				"south": {"uv": [5.25, 1.5, 5.5, 1.75], "texture": "#2"},
				"west": {"uv": [5.25, 1.5, 5.5, 1.75], "rotation": 270, "texture": "#2"},
				"up": {"uv": [5.25, 1.5, 5.5, 1.75], "texture": "#2"},
				"down": {"uv": [5.25, 1.75, 5.5, 1.5], "texture": "#2"}
			}
		},
		{
			"name": "zarigani_7",
			"from": [10.75, 0, 1.5],
			"to": [11, 0.25, 1.75],
			"faces": {
				"north": {"uv": [11, 1.5, 10.75, 1.75], "texture": "#2"},
				"east": {"uv": [10.75, 1.5, 11, 1.75], "rotation": 90, "texture": "#2"},
				"south": {"uv": [10.75, 1.5, 11, 1.75], "texture": "#2"},
				"west": {"uv": [10.75, 1.5, 11, 1.75], "rotation": 270, "texture": "#2"},
				"up": {"uv": [10.75, 1.5, 11, 1.75], "texture": "#2"},
				"down": {"uv": [10.75, 1.75, 11, 1.5], "texture": "#2"}
			}
		},
		{
			"name": "zarigani_8",
			"from": [5.5, 0, 1.75],
			"to": [5.75, 0.25, 2],
			"faces": {
				"north": {"uv": [5.75, 1.75, 5.5, 2], "texture": "#2"},
				"east": {"uv": [5.5, 1.75, 5.75, 2], "rotation": 90, "texture": "#2"},
				"south": {"uv": [5.5, 1.75, 5.75, 2], "texture": "#2"},
				"west": {"uv": [5.5, 1.75, 5.75, 2], "rotation": 270, "texture": "#2"},
				"up": {"uv": [5.5, 1.75, 5.75, 2], "texture": "#2"},
				"down": {"uv": [5.5, 2, 5.75, 1.75], "texture": "#2"}
			}
		},
		{
			"name": "zarigani_9",
			"from": [10.5, 0, 1.75],
			"to": [10.75, 0.25, 2],
			"faces": {
				"north": {"uv": [10.75, 1.75, 10.5, 2], "texture": "#2"},
				"east": {"uv": [10.5, 1.75, 10.75, 2], "rotation": 90, "texture": "#2"},
				"south": {"uv": [10.5, 1.75, 10.75, 2], "texture": "#2"},
				"west": {"uv": [10.5, 1.75, 10.75, 2], "rotation": 270, "texture": "#2"},
				"up": {"uv": [10.5, 1.75, 10.75, 2], "texture": "#2"},
				"down": {"uv": [10.5, 2, 10.75, 1.75], "texture": "#2"}
			}
		},
		{
			"name": "zarigani_10",
			"from": [5.75, 0, 2],
			"to": [6, 0.25, 2.25],
			"faces": {
				"north": {"uv": [6, 2, 5.75, 2.25], "texture": "#2"},
				"east": {"uv": [5.75, 2, 6, 2.25], "rotation": 90, "texture": "#2"},
				"south": {"uv": [5.75, 2, 6, 2.25], "texture": "#2"},
				"west": {"uv": [5.75, 2, 6, 2.25], "rotation": 270, "texture": "#2"},
				"up": {"uv": [5.75, 2, 6, 2.25], "texture": "#2"},
				"down": {"uv": [5.75, 2.25, 6, 2], "texture": "#2"}
			}
		},
		{
			"name": "zarigani_11",
			"from": [10.25, 0, 2],
			"to": [10.5, 0.25, 2.25],
			"faces": {
				"north": {"uv": [10.5, 2, 10.25, 2.25], "texture": "#2"},
				"east": {"uv": [10.25, 2, 10.5, 2.25], "rotation": 90, "texture": "#2"},
				"south": {"uv": [10.25, 2, 10.5, 2.25], "texture": "#2"},
				"west": {"uv": [10.25, 2, 10.5, 2.25], "rotation": 270, "texture": "#2"},
				"up": {"uv": [10.25, 2, 10.5, 2.25], "texture": "#2"},
				"down": {"uv": [10.25, 2.25, 10.5, 2], "texture": "#2"}
			}
		},
		{
			"name": "zarigani_12",
			"from": [6, 0, 2.25],
			"to": [6.25, 0.25, 2.5],
			"faces": {
				"north": {"uv": [6.25, 2.25, 6, 2.5], "texture": "#2"},
				"east": {"uv": [6, 2.25, 6.25, 2.5], "rotation": 90, "texture": "#2"},
				"south": {"uv": [6, 2.25, 6.25, 2.5], "texture": "#2"},
				"west": {"uv": [6, 2.25, 6.25, 2.5], "rotation": 270, "texture": "#2"},
				"up": {"uv": [6, 2.25, 6.25, 2.5], "texture": "#2"},
				"down": {"uv": [6, 2.5, 6.25, 2.25], "texture": "#2"}
			}
		},
		{
			"name": "zarigani_13",
			"from": [10, 0, 2.25],
			"to": [10.25, 0.25, 2.5],
			"faces": {
				"north": {"uv": [10.25, 2.25, 10, 2.5], "texture": "#2"},
				"east": {"uv": [10, 2.25, 10.25, 2.5], "rotation": 90, "texture": "#2"},
				"south": {"uv": [10, 2.25, 10.25, 2.5], "texture": "#2"},
				"west": {"uv": [10, 2.25, 10.25, 2.5], "rotation": 270, "texture": "#2"},
				"up": {"uv": [10, 2.25, 10.25, 2.5], "texture": "#2"},
				"down": {"uv": [10, 2.5, 10.25, 2.25], "texture": "#2"}
			}
		},
		{
			"name": "zarigani_14",
			"from": [6.25, 0, 2.5],
			"to": [6.5, 0.25, 2.75],
			"faces": {
				"north": {"uv": [6.5, 2.5, 6.25, 2.75], "texture": "#2"},
				"east": {"uv": [6.25, 2.5, 6.5, 2.75], "rotation": 90, "texture": "#2"},
				"south": {"uv": [6.25, 2.5, 6.5, 2.75], "texture": "#2"},
				"west": {"uv": [6.25, 2.5, 6.5, 2.75], "rotation": 270, "texture": "#2"},
				"up": {"uv": [6.25, 2.5, 6.5, 2.75], "texture": "#2"},
				"down": {"uv": [6.25, 2.75, 6.5, 2.5], "texture": "#2"}
			}
		},
		{
			"name": "zarigani_15",
			"from": [9.75, 0, 2.5],
			"to": [10, 0.25, 2.75],
			"faces": {
				"north": {"uv": [10, 2.5, 9.75, 2.75], "texture": "#2"},
				"east": {"uv": [9.75, 2.5, 10, 2.75], "rotation": 90, "texture": "#2"},
				"south": {"uv": [9.75, 2.5, 10, 2.75], "texture": "#2"},
				"west": {"uv": [9.75, 2.5, 10, 2.75], "rotation": 270, "texture": "#2"},
				"up": {"uv": [9.75, 2.5, 10, 2.75], "texture": "#2"},
				"down": {"uv": [9.75, 2.75, 10, 2.5], "texture": "#2"}
			}
		},
		{
			"name": "zarigani_16",
			"from": [6.5, 0, 2.75],
			"to": [6.75, 0.25, 3],
			"faces": {
				"north": {"uv": [6.75, 2.75, 6.5, 3], "texture": "#2"},
				"east": {"uv": [6.5, 2.75, 6.75, 3], "rotation": 90, "texture": "#2"},
				"south": {"uv": [6.5, 2.75, 6.75, 3], "texture": "#2"},
				"west": {"uv": [6.5, 2.75, 6.75, 3], "rotation": 270, "texture": "#2"},
				"up": {"uv": [6.5, 2.75, 6.75, 3], "texture": "#2"},
				"down": {"uv": [6.5, 3, 6.75, 2.75], "texture": "#2"}
			}
		},
		{
			"name": "zarigani_17",
			"from": [9.5, 0, 2.75],
			"to": [9.75, 0.25, 3],
			"faces": {
				"north": {"uv": [9.75, 2.75, 9.5, 3], "texture": "#2"},
				"east": {"uv": [9.5, 2.75, 9.75, 3], "rotation": 90, "texture": "#2"},
				"south": {"uv": [9.5, 2.75, 9.75, 3], "texture": "#2"},
				"west": {"uv": [9.5, 2.75, 9.75, 3], "rotation": 270, "texture": "#2"},
				"up": {"uv": [9.5, 2.75, 9.75, 3], "texture": "#2"},
				"down": {"uv": [9.5, 3, 9.75, 2.75], "texture": "#2"}
			}
		},
		{
			"name": "zarigani_18",
			"from": [6.75, 0, 3],
			"to": [7, 0.25, 3.75],
			"faces": {
				"north": {"uv": [7, 3, 6.75, 3.25], "texture": "#2"},
				"east": {"uv": [6.75, 3, 7, 3.75], "rotation": 90, "texture": "#2"},
				"south": {"uv": [6.75, 3.5, 7, 3.75], "texture": "#2"},
				"west": {"uv": [6.75, 3, 7, 3.75], "rotation": 270, "texture": "#2"},
				"up": {"uv": [6.75, 3, 7, 3.75], "texture": "#2"},
				"down": {"uv": [6.75, 3.75, 7, 3], "texture": "#2"}
			}
		},
		{
			"name": "zarigani_19",
			"from": [9.25, 0, 3],
			"to": [9.5, 0.25, 3.75],
			"faces": {
				"north": {"uv": [9.5, 3, 9.25, 3.25], "texture": "#2"},
				"east": {"uv": [9.25, 3, 9.5, 3.75], "rotation": 90, "texture": "#2"},
				"south": {"uv": [9.25, 3.5, 9.5, 3.75], "texture": "#2"},
				"west": {"uv": [9.25, 3, 9.5, 3.75], "rotation": 270, "texture": "#2"},
				"up": {"uv": [9.25, 3, 9.5, 3.75], "texture": "#2"},
				"down": {"uv": [9.25, 3.75, 9.5, 3], "texture": "#2"}
			}
		},
		{
			"name": "zarigani_20",
			"from": [5, 0, 3.75],
			"to": [5.25, 0.25, 8],
			"faces": {
				"north": {"uv": [5.25, 3.75, 5, 4], "texture": "#2"},
				"east": {"uv": [5, 3.75, 5.25, 8], "rotation": 90, "texture": "#2"},
				"south": {"uv": [5, 7.75, 5.25, 8], "texture": "#2"},
				"west": {"uv": [5, 3.75, 5.25, 8], "rotation": 270, "texture": "#2"},
				"up": {"uv": [5, 3.75, 5.25, 8], "texture": "#2"},
				"down": {"uv": [5, 8, 5.25, 3.75], "texture": "#2"}
			}
		},
		{
			"name": "zarigani_21",
			"from": [7, 0, 3.75],
			"to": [7.25, 0.25, 4],
			"faces": {
				"north": {"uv": [7.25, 3.75, 7, 4], "texture": "#2"},
				"east": {"uv": [7, 3.75, 7.25, 4], "rotation": 90, "texture": "#2"},
				"south": {"uv": [7, 3.75, 7.25, 4], "texture": "#2"},
				"west": {"uv": [7, 3.75, 7.25, 4], "rotation": 270, "texture": "#2"},
				"up": {"uv": [7, 3.75, 7.25, 4], "texture": "#2"},
				"down": {"uv": [7, 4, 7.25, 3.75], "texture": "#2"}
			}
		},
		{
			"name": "zarigani_22",
			"from": [9, 0, 3.75],
			"to": [9.25, 0.25, 4],
			"faces": {
				"north": {"uv": [9.25, 3.75, 9, 4], "texture": "#2"},
				"east": {"uv": [9, 3.75, 9.25, 4], "rotation": 90, "texture": "#2"},
				"south": {"uv": [9, 3.75, 9.25, 4], "texture": "#2"},
				"west": {"uv": [9, 3.75, 9.25, 4], "rotation": 270, "texture": "#2"},
				"up": {"uv": [9, 3.75, 9.25, 4], "texture": "#2"},
				"down": {"uv": [9, 4, 9.25, 3.75], "texture": "#2"}
			}
		},
		{
			"name": "zarigani_23",
			"from": [11, 0, 3.75],
			"to": [11.25, 0.25, 8],
			"faces": {
				"north": {"uv": [11.25, 3.75, 11, 4], "texture": "#2"},
				"east": {"uv": [11, 3.75, 11.25, 8], "rotation": 90, "texture": "#2"},
				"south": {"uv": [11, 7.75, 11.25, 8], "texture": "#2"},
				"west": {"uv": [11, 3.75, 11.25, 8], "rotation": 270, "texture": "#2"},
				"up": {"uv": [11, 3.75, 11.25, 8], "texture": "#2"},
				"down": {"uv": [11, 8, 11.25, 3.75], "texture": "#2"}
			}
		},
		{
			"name": "zarigani_24",
			"from": [4.75, 0, 4],
			"to": [5, 0.25, 8],
			"faces": {
				"north": {"uv": [5, 4, 4.75, 4.25], "texture": "#2"},
				"east": {"uv": [4.75, 4, 5, 8], "rotation": 90, "texture": "#2"},
				"south": {"uv": [4.75, 7.75, 5, 8], "texture": "#2"},
				"west": {"uv": [4.75, 4, 5, 8], "rotation": 270, "texture": "#2"},
				"up": {"uv": [4.75, 4, 5, 8], "texture": "#2"},
				"down": {"uv": [4.75, 8, 5, 4], "texture": "#2"}
			}
		},
		{
			"name": "zarigani_25",
			"from": [5.25, 0, 4],
			"to": [5.5, 0.25, 4.5],
			"faces": {
				"north": {"uv": [5.5, 4, 5.25, 4.25], "texture": "#2"},
				"east": {"uv": [5.25, 4, 5.5, 4.5], "rotation": 90, "texture": "#2"},
				"south": {"uv": [5.25, 4.25, 5.5, 4.5], "texture": "#2"},
				"west": {"uv": [5.25, 4, 5.5, 4.5], "rotation": 270, "texture": "#2"},
				"up": {"uv": [5.25, 4, 5.5, 4.5], "texture": "#2"},
				"down": {"uv": [5.25, 4.5, 5.5, 4], "texture": "#2"}
			}
		},
		{
			"name": "zarigani_26",
			"from": [5.75, 0, 4],
			"to": [6, 0.25, 6.25],
			"faces": {
				"north": {"uv": [6, 4, 5.75, 4.25], "texture": "#2"},
				"east": {"uv": [5.75, 4, 6, 6.25], "rotation": 90, "texture": "#2"},
				"south": {"uv": [5.75, 6, 6, 6.25], "texture": "#2"},
				"west": {"uv": [5.75, 4, 6, 6.25], "rotation": 270, "texture": "#2"},
				"up": {"uv": [5.75, 4, 6, 6.25], "texture": "#2"},
				"down": {"uv": [5.75, 6.25, 6, 4], "texture": "#2"}
			}
		},
		{
			"name": "zarigani_27",
			"from": [7.25, 0, 4],
			"to": [7.5, 0.25, 4.75],
			"faces": {
				"north": {"uv": [7.5, 4, 7.25, 4.25], "texture": "#2"},
				"east": {"uv": [7.25, 4, 7.5, 4.75], "rotation": 90, "texture": "#2"},
				"south": {"uv": [7.25, 4.5, 7.5, 4.75], "texture": "#2"},
				"west": {"uv": [7.25, 4, 7.5, 4.75], "rotation": 270, "texture": "#2"},
				"up": {"uv": [7.25, 4, 7.5, 4.75], "texture": "#2"},
				"down": {"uv": [7.25, 4.75, 7.5, 4], "texture": "#2"}
			}
		},
		{
			"name": "zarigani_28",
			"from": [8.75, 0, 4],
			"to": [9, 0.25, 4.75],
			"faces": {
				"north": {"uv": [9, 4, 8.75, 4.25], "texture": "#2"},
				"east": {"uv": [8.75, 4, 9, 4.75], "rotation": 90, "texture": "#2"},
				"south": {"uv": [8.75, 4.5, 9, 4.75], "texture": "#2"},
				"west": {"uv": [8.75, 4, 9, 4.75], "rotation": 270, "texture": "#2"},
				"up": {"uv": [8.75, 4, 9, 4.75], "texture": "#2"},
				"down": {"uv": [8.75, 4.75, 9, 4], "texture": "#2"}
			}
		},
		{
			"name": "zarigani_29",
			"from": [10.25, 0, 4],
			"to": [10.5, 0.25, 6.25],
			"faces": {
				"north": {"uv": [10.5, 4, 10.25, 4.25], "texture": "#2"},
				"east": {"uv": [10.25, 4, 10.5, 6.25], "rotation": 90, "texture": "#2"},
				"south": {"uv": [10.25, 6, 10.5, 6.25], "texture": "#2"},
				"west": {"uv": [10.25, 4, 10.5, 6.25], "rotation": 270, "texture": "#2"},
				"up": {"uv": [10.25, 4, 10.5, 6.25], "texture": "#2"},
				"down": {"uv": [10.25, 6.25, 10.5, 4], "texture": "#2"}
			}
		},
		{
			"name": "zarigani_30",
			"from": [10.75, 0, 4],
			"to": [11, 0.25, 4.5],
			"faces": {
				"north": {"uv": [11, 4, 10.75, 4.25], "texture": "#2"},
				"east": {"uv": [10.75, 4, 11, 4.5], "rotation": 90, "texture": "#2"},
				"south": {"uv": [10.75, 4.25, 11, 4.5], "texture": "#2"},
				"west": {"uv": [10.75, 4, 11, 4.5], "rotation": 270, "texture": "#2"},
				"up": {"uv": [10.75, 4, 11, 4.5], "texture": "#2"},
				"down": {"uv": [10.75, 4.5, 11, 4], "texture": "#2"}
			}
		},
		{
			"name": "zarigani_31",
			"from": [11.25, 0, 4],
			"to": [11.5, 0.25, 8],
			"faces": {
				"north": {"uv": [11.5, 4, 11.25, 4.25], "texture": "#2"},
				"east": {"uv": [11.25, 4, 11.5, 8], "rotation": 90, "texture": "#2"},
				"south": {"uv": [11.25, 7.75, 11.5, 8], "texture": "#2"},
				"west": {"uv": [11.25, 4, 11.5, 8], "rotation": 270, "texture": "#2"},
				"up": {"uv": [11.25, 4, 11.5, 8], "texture": "#2"},
				"down": {"uv": [11.25, 8, 11.5, 4], "texture": "#2"}
			}
		},
		{
			"name": "zarigani_32",
			"from": [5.5, 0, 4.25],
			"to": [5.75, 0.25, 7],
			"faces": {
				"north": {"uv": [5.75, 4.25, 5.5, 4.5], "texture": "#2"},
				"east": {"uv": [5.5, 4.25, 5.75, 7], "rotation": 90, "texture": "#2"},
				"south": {"uv": [5.5, 6.75, 5.75, 7], "texture": "#2"},
				"west": {"uv": [5.5, 4.25, 5.75, 7], "rotation": 270, "texture": "#2"},
				"up": {"uv": [5.5, 4.25, 5.75, 7], "texture": "#2"},
				"down": {"uv": [5.5, 7, 5.75, 4.25], "texture": "#2"}
			}
		},
		{
			"name": "zarigani_33",
			"from": [6, 0, 4.25],
			"to": [6.25, 0.25, 5.5],
			"faces": {
				"north": {"uv": [6.25, 4.25, 6, 4.5], "texture": "#2"},
				"east": {"uv": [6, 4.25, 6.25, 5.5], "rotation": 90, "texture": "#2"},
				"south": {"uv": [6, 5.25, 6.25, 5.5], "texture": "#2"},
				"west": {"uv": [6, 4.25, 6.25, 5.5], "rotation": 270, "texture": "#2"},
				"up": {"uv": [6, 4.25, 6.25, 5.5], "texture": "#2"},
				"down": {"uv": [6, 5.5, 6.25, 4.25], "texture": "#2"}
			}
		},
		{
			"name": "zarigani_34",
			"from": [10, 0, 4.25],
			"to": [10.25, 0.25, 5.5],
			"faces": {
				"north": {"uv": [10.25, 4.25, 10, 4.5], "texture": "#2"},
				"east": {"uv": [10, 4.25, 10.25, 5.5], "rotation": 90, "texture": "#2"},
				"south": {"uv": [10, 5.25, 10.25, 5.5], "texture": "#2"},
				"west": {"uv": [10, 4.25, 10.25, 5.5], "rotation": 270, "texture": "#2"},
				"up": {"uv": [10, 4.25, 10.25, 5.5], "texture": "#2"},
				"down": {"uv": [10, 5.5, 10.25, 4.25], "texture": "#2"}
			}
		},
		{
			"name": "zarigani_35",
			"from": [10.5, 0, 4.25],
			"to": [10.75, 0.25, 7],
			"faces": {
				"north": {"uv": [10.75, 4.25, 10.5, 4.5], "texture": "#2"},
				"east": {"uv": [10.5, 4.25, 10.75, 7], "rotation": 90, "texture": "#2"},
				"south": {"uv": [10.5, 6.75, 10.75, 7], "texture": "#2"},
				"west": {"uv": [10.5, 4.25, 10.75, 7], "rotation": 270, "texture": "#2"},
				"up": {"uv": [10.5, 4.25, 10.75, 7], "texture": "#2"},
				"down": {"uv": [10.5, 7, 10.75, 4.25], "texture": "#2"}
			}
		},
		{
			"name": "zarigani_36",
			"from": [4.5, 0, 4.5],
			"to": [4.75, 0.25, 7.5],
			"faces": {
				"north": {"uv": [4.75, 4.5, 4.5, 4.75], "texture": "#2"},
				"east": {"uv": [4.5, 4.5, 4.75, 7.5], "rotation": 90, "texture": "#2"},
				"south": {"uv": [4.5, 7.25, 4.75, 7.5], "texture": "#2"},
				"west": {"uv": [4.5, 4.5, 4.75, 7.5], "rotation": 270, "texture": "#2"},
				"up": {"uv": [4.5, 4.5, 4.75, 7.5], "texture": "#2"},
				"down": {"uv": [4.5, 7.5, 4.75, 4.5], "texture": "#2"}
			}
		},
		{
			"name": "zarigani_37",
			"from": [11.5, 0, 4.5],
			"to": [11.75, 0.25, 7.5],
			"faces": {
				"north": {"uv": [11.75, 4.5, 11.5, 4.75], "texture": "#2"},
				"east": {"uv": [11.5, 4.5, 11.75, 7.5], "rotation": 90, "texture": "#2"},
				"south": {"uv": [11.5, 7.25, 11.75, 7.5], "texture": "#2"},
				"west": {"uv": [11.5, 4.5, 11.75, 7.5], "rotation": 270, "texture": "#2"},
				"up": {"uv": [11.5, 4.5, 11.75, 7.5], "texture": "#2"},
				"down": {"uv": [11.5, 7.5, 11.75, 4.5], "texture": "#2"}
			}
		},
		{
			"name": "zarigani_38",
			"from": [7.5, 0, 4.75],
			"to": [7.75, 0.25, 5.5],
			"faces": {
				"north": {"uv": [7.75, 4.75, 7.5, 5], "texture": "#2"},
				"east": {"uv": [7.5, 4.75, 7.75, 5.5], "rotation": 90, "texture": "#2"},
				"south": {"uv": [7.5, 5.25, 7.75, 5.5], "texture": "#2"},
				"west": {"uv": [7.5, 4.75, 7.75, 5.5], "rotation": 270, "texture": "#2"},
				"up": {"uv": [7.5, 4.75, 7.75, 5.5], "texture": "#2"},
				"down": {"uv": [7.5, 5.5, 7.75, 4.75], "texture": "#2"}
			}
		},
		{
			"name": "zarigani_39",
			"from": [8.5, 0, 4.75],
			"to": [8.75, 0.25, 5.5],
			"faces": {
				"north": {"uv": [8.75, 4.75, 8.5, 5], "texture": "#2"},
				"east": {"uv": [8.5, 4.75, 8.75, 5.5], "rotation": 90, "texture": "#2"},
				"south": {"uv": [8.5, 5.25, 8.75, 5.5], "texture": "#2"},
				"west": {"uv": [8.5, 4.75, 8.75, 5.5], "rotation": 270, "texture": "#2"},
				"up": {"uv": [8.5, 4.75, 8.75, 5.5], "texture": "#2"},
				"down": {"uv": [8.5, 5.5, 8.75, 4.75], "texture": "#2"}
			}
		},
		{
			"name": "zarigani_40",
			"from": [5.25, 0, 5.25],
			"to": [5.5, 0.25, 8.25],
			"faces": {
				"north": {"uv": [5.5, 5.25, 5.25, 5.5], "texture": "#2"},
				"east": {"uv": [5.25, 5.25, 5.5, 8.25], "rotation": 90, "texture": "#2"},
				"south": {"uv": [5.25, 8, 5.5, 8.25], "texture": "#2"},
				"west": {"uv": [5.25, 5.25, 5.5, 8.25], "rotation": 270, "texture": "#2"},
				"up": {"uv": [5.25, 5.25, 5.5, 8.25], "texture": "#2"},
				"down": {"uv": [5.25, 8.25, 5.5, 5.25], "texture": "#2"}
			}
		},
		{
			"name": "zarigani_41",
			"from": [10.75, 0, 5.25],
			"to": [11, 0.25, 8.25],
			"faces": {
				"north": {"uv": [11, 5.25, 10.75, 5.5], "texture": "#2"},
				"east": {"uv": [10.75, 5.25, 11, 8.25], "rotation": 90, "texture": "#2"},
				"south": {"uv": [10.75, 8, 11, 8.25], "texture": "#2"},
				"west": {"uv": [10.75, 5.25, 11, 8.25], "rotation": 270, "texture": "#2"},
				"up": {"uv": [10.75, 5.25, 11, 8.25], "texture": "#2"},
				"down": {"uv": [10.75, 8.25, 11, 5.25], "texture": "#2"}
			}
		},
		{
			"name": "zarigani_42",
			"from": [7.75, 0, 5.5],
			"to": [8, 0.25, 6.25],
			"faces": {
				"north": {"uv": [8, 5.5, 7.75, 5.75], "texture": "#2"},
				"east": {"uv": [7.75, 5.5, 8, 6.25], "rotation": 90, "texture": "#2"},
				"south": {"uv": [7.75, 6, 8, 6.25], "texture": "#2"},
				"west": {"uv": [7.75, 5.5, 8, 6.25], "rotation": 270, "texture": "#2"},
				"up": {"uv": [7.75, 5.5, 8, 6.25], "texture": "#2"},
				"down": {"uv": [7.75, 6.25, 8, 5.5], "texture": "#2"}
			}
		},
		{
			"name": "zarigani_43",
			"from": [8.25, 0, 5.5],
			"to": [8.5, 0.25, 6.25],
			"faces": {
				"north": {"uv": [8.5, 5.5, 8.25, 5.75], "texture": "#2"},
				"east": {"uv": [8.25, 5.5, 8.5, 6.25], "rotation": 90, "texture": "#2"},
				"south": {"uv": [8.25, 6, 8.5, 6.25], "texture": "#2"},
				"west": {"uv": [8.25, 5.5, 8.5, 6.25], "rotation": 270, "texture": "#2"},
				"up": {"uv": [8.25, 5.5, 8.5, 6.25], "texture": "#2"},
				"down": {"uv": [8.25, 6.25, 8.5, 5.5], "texture": "#2"}
			}
		},
		{
			"name": "zarigani_44",
			"from": [4.25, 0, 6],
			"to": [4.5, 0.25, 7.25],
			"faces": {
				"north": {"uv": [4.5, 6, 4.25, 6.25], "texture": "#2"},
				"east": {"uv": [4.25, 6, 4.5, 7.25], "rotation": 90, "texture": "#2"},
				"south": {"uv": [4.25, 7, 4.5, 7.25], "texture": "#2"},
				"west": {"uv": [4.25, 6, 4.5, 7.25], "rotation": 270, "texture": "#2"},
				"up": {"uv": [4.25, 6, 4.5, 7.25], "texture": "#2"},
				"down": {"uv": [4.25, 7.25, 4.5, 6], "texture": "#2"}
			}
		},
		{
			"name": "zarigani_45",
			"from": [11.75, 0, 6],
			"to": [12, 0.25, 7.25],
			"faces": {
				"north": {"uv": [12, 6, 11.75, 6.25], "texture": "#2"},
				"east": {"uv": [11.75, 6, 12, 7.25], "rotation": 90, "texture": "#2"},
				"south": {"uv": [11.75, 7, 12, 7.25], "texture": "#2"},
				"west": {"uv": [11.75, 6, 12, 7.25], "rotation": 270, "texture": "#2"},
				"up": {"uv": [11.75, 6, 12, 7.25], "texture": "#2"},
				"down": {"uv": [11.75, 7.25, 12, 6], "texture": "#2"}
			}
		},
		{
			"name": "zarigani_46",
			"from": [8, 0, 6.25],
			"to": [8.25, 0.25, 15.75],
			"faces": {
				"north": {"uv": [8.25, 6.25, 8, 6.5], "texture": "#2"},
				"east": {"uv": [8, 6.25, 8.25, 15.75], "rotation": 90, "texture": "#2"},
				"south": {"uv": [8, 15.5, 8.25, 15.75], "texture": "#2"},
				"west": {"uv": [8, 6.25, 8.25, 15.75], "rotation": 270, "texture": "#2"},
				"up": {"uv": [8, 6.25, 8.25, 15.75], "texture": "#2"},
				"down": {"uv": [8, 15.75, 8.25, 6.25], "texture": "#2"}
			}
		},
		{
			"name": "zarigani_47",
			"from": [7.75, 0, 6.5],
			"to": [8, 0.25, 15.5],
			"faces": {
				"north": {"uv": [8, 6.5, 7.75, 6.75], "texture": "#2"},
				"east": {"uv": [7.75, 6.5, 8, 15.5], "rotation": 90, "texture": "#2"},
				"south": {"uv": [7.75, 15.25, 8, 15.5], "texture": "#2"},
				"west": {"uv": [7.75, 6.5, 8, 15.5], "rotation": 270, "texture": "#2"},
				"up": {"uv": [7.75, 6.5, 8, 15.5], "texture": "#2"},
				"down": {"uv": [7.75, 15.5, 8, 6.5], "texture": "#2"}
			}
		},
		{
			"name": "zarigani_48",
			"from": [8.25, 0, 6.5],
			"to": [8.5, 0.25, 15.5],
			"faces": {
				"north": {"uv": [8.5, 6.5, 8.25, 6.75], "texture": "#2"},
				"east": {"uv": [8.25, 6.5, 8.5, 15.5], "rotation": 90, "texture": "#2"},
				"south": {"uv": [8.25, 15.25, 8.5, 15.5], "texture": "#2"},
				"west": {"uv": [8.25, 6.5, 8.5, 15.5], "rotation": 270, "texture": "#2"},
				"up": {"uv": [8.25, 6.5, 8.5, 15.5], "texture": "#2"},
				"down": {"uv": [8.25, 15.5, 8.5, 6.5], "texture": "#2"}
			}
		},
		{
			"name": "zarigani_49",
			"from": [5.5, 0, 7.25],
			"to": [5.75, 0.25, 8.5],
			"faces": {
				"north": {"uv": [5.75, 7.25, 5.5, 7.5], "texture": "#2"},
				"east": {"uv": [5.5, 7.25, 5.75, 8.5], "rotation": 90, "texture": "#2"},
				"south": {"uv": [5.5, 8.25, 5.75, 8.5], "texture": "#2"},
				"west": {"uv": [5.5, 7.25, 5.75, 8.5], "rotation": 270, "texture": "#2"},
				"up": {"uv": [5.5, 7.25, 5.75, 8.5], "texture": "#2"},
				"down": {"uv": [5.5, 8.5, 5.75, 7.25], "texture": "#2"}
			}
		},
		{
			"name": "zarigani_50",
			"from": [7.25, 0, 7.25],
			"to": [7.75, 0.25, 7.75],
			"faces": {
				"north": {"uv": [7.75, 7.25, 7.25, 7.5], "texture": "#2"},
				"east": {"uv": [7.5, 7.25, 7.75, 7.75], "rotation": 90, "texture": "#2"},
				"south": {"uv": [7.25, 7.5, 7.75, 7.75], "texture": "#2"},
				"west": {"uv": [7.25, 7.25, 7.5, 7.75], "rotation": 270, "texture": "#2"},
				"up": {"uv": [7.25, 7.25, 7.75, 7.75], "texture": "#2"},
				"down": {"uv": [7.25, 7.75, 7.75, 7.25], "texture": "#2"}
			}
		},
		{
			"name": "zarigani_51",
			"from": [8.5, 0, 7.25],
			"to": [9, 0.25, 7.75],
			"faces": {
				"north": {"uv": [9, 7.25, 8.5, 7.5], "texture": "#2"},
				"east": {"uv": [8.75, 7.25, 9, 7.75], "rotation": 90, "texture": "#2"},
				"south": {"uv": [8.5, 7.5, 9, 7.75], "texture": "#2"},
				"west": {"uv": [8.5, 7.25, 8.75, 7.75], "rotation": 270, "texture": "#2"},
				"up": {"uv": [8.5, 7.25, 9, 7.75], "texture": "#2"},
				"down": {"uv": [8.5, 7.75, 9, 7.25], "texture": "#2"}
			}
		},
		{
			"name": "zarigani_52",
			"from": [10.5, 0, 7.25],
			"to": [10.75, 0.25, 8.5],
			"faces": {
				"north": {"uv": [10.75, 7.25, 10.5, 7.5], "texture": "#2"},
				"east": {"uv": [10.5, 7.25, 10.75, 8.5], "rotation": 90, "texture": "#2"},
				"south": {"uv": [10.5, 8.25, 10.75, 8.5], "texture": "#2"},
				"west": {"uv": [10.5, 7.25, 10.75, 8.5], "rotation": 270, "texture": "#2"},
				"up": {"uv": [10.5, 7.25, 10.75, 8.5], "texture": "#2"},
				"down": {"uv": [10.5, 8.5, 10.75, 7.25], "texture": "#2"}
			}
		},
		{
			"name": "zarigani_53",
			"from": [5.75, 0, 7.5],
			"to": [6, 0.25, 8.75],
			"faces": {
				"north": {"uv": [6, 7.5, 5.75, 7.75], "texture": "#2"},
				"east": {"uv": [5.75, 7.5, 6, 8.75], "rotation": 90, "texture": "#2"},
				"south": {"uv": [5.75, 8.5, 6, 8.75], "texture": "#2"},
				"west": {"uv": [5.75, 7.5, 6, 8.75], "rotation": 270, "texture": "#2"},
				"up": {"uv": [5.75, 7.5, 6, 8.75], "texture": "#2"},
				"down": {"uv": [5.75, 8.75, 6, 7.5], "texture": "#2"}
			}
		},
		{
			"name": "zarigani_54",
			"from": [10.25, 0, 7.5],
			"to": [10.5, 0.25, 8.75],
			"faces": {
				"north": {"uv": [10.5, 7.5, 10.25, 7.75], "texture": "#2"},
				"east": {"uv": [10.25, 7.5, 10.5, 8.75], "rotation": 90, "texture": "#2"},
				"south": {"uv": [10.25, 8.5, 10.5, 8.75], "texture": "#2"},
				"west": {"uv": [10.25, 7.5, 10.5, 8.75], "rotation": 270, "texture": "#2"},
				"up": {"uv": [10.25, 7.5, 10.5, 8.75], "texture": "#2"},
				"down": {"uv": [10.25, 8.75, 10.5, 7.5], "texture": "#2"}
			}
		},
		{
			"name": "zarigani_55",
			"from": [6, 0, 7.75],
			"to": [6.5, 0.25, 8.75],
			"faces": {
				"north": {"uv": [6.5, 7.75, 6, 8], "texture": "#2"},
				"east": {"uv": [6.25, 7.75, 6.5, 8.75], "rotation": 90, "texture": "#2"},
				"south": {"uv": [6, 8.5, 6.5, 8.75], "texture": "#2"},
				"west": {"uv": [6, 7.75, 6.25, 8.75], "rotation": 270, "texture": "#2"},
				"up": {"uv": [6, 7.75, 6.5, 8.75], "texture": "#2"},
				"down": {"uv": [6, 8.75, 6.5, 7.75], "texture": "#2"}
			}
		},
		{
			"name": "zarigani_56",
			"from": [7.5, 0, 7.75],
			"to": [7.75, 0.25, 15.75],
			"faces": {
				"north": {"uv": [7.75, 7.75, 7.5, 8], "texture": "#2"},
				"east": {"uv": [7.5, 7.75, 7.75, 15.75], "rotation": 90, "texture": "#2"},
				"south": {"uv": [7.5, 15.5, 7.75, 15.75], "texture": "#2"},
				"west": {"uv": [7.5, 7.75, 7.75, 15.75], "rotation": 270, "texture": "#2"},
				"up": {"uv": [7.5, 7.75, 7.75, 15.75], "texture": "#2"},
				"down": {"uv": [7.5, 15.75, 7.75, 7.75], "texture": "#2"}
			}
		},
		{
			"name": "zarigani_57",
			"from": [8.5, 0, 7.75],
			"to": [8.75, 0.25, 15.75],
			"faces": {
				"north": {"uv": [8.75, 7.75, 8.5, 8], "texture": "#2"},
				"east": {"uv": [8.5, 7.75, 8.75, 15.75], "rotation": 90, "texture": "#2"},
				"south": {"uv": [8.5, 15.5, 8.75, 15.75], "texture": "#2"},
				"west": {"uv": [8.5, 7.75, 8.75, 15.75], "rotation": 270, "texture": "#2"},
				"up": {"uv": [8.5, 7.75, 8.75, 15.75], "texture": "#2"},
				"down": {"uv": [8.5, 15.75, 8.75, 7.75], "texture": "#2"}
			}
		},
		{
			"name": "zarigani_58",
			"from": [9.75, 0, 7.75],
			"to": [10.25, 0.25, 8.75],
			"faces": {
				"north": {"uv": [10.25, 7.75, 9.75, 8], "texture": "#2"},
				"east": {"uv": [10, 7.75, 10.25, 8.75], "rotation": 90, "texture": "#2"},
				"south": {"uv": [9.75, 8.5, 10.25, 8.75], "texture": "#2"},
				"west": {"uv": [9.75, 7.75, 10, 8.75], "rotation": 270, "texture": "#2"},
				"up": {"uv": [9.75, 7.75, 10.25, 8.75], "texture": "#2"},
				"down": {"uv": [9.75, 8.75, 10.25, 7.75], "texture": "#2"}
			}
		},
		{
			"name": "zarigani_59",
			"from": [6.5, 0, 8],
			"to": [6.75, 0.25, 8.5],
			"faces": {
				"north": {"uv": [6.75, 8, 6.5, 8.25], "texture": "#2"},
				"east": {"uv": [6.5, 8, 6.75, 8.5], "rotation": 90, "texture": "#2"},
				"south": {"uv": [6.5, 8.25, 6.75, 8.5], "texture": "#2"},
				"west": {"uv": [6.5, 8, 6.75, 8.5], "rotation": 270, "texture": "#2"},
				"up": {"uv": [6.5, 8, 6.75, 8.5], "texture": "#2"},
				"down": {"uv": [6.5, 8.5, 6.75, 8], "texture": "#2"}
			}
		},
		{
			"name": "zarigani_60",
			"from": [7.25, 0, 8],
			"to": [7.5, 0.25, 14],
			"faces": {
				"north": {"uv": [7.5, 8, 7.25, 8.25], "texture": "#2"},
				"east": {"uv": [7.25, 8, 7.5, 14], "rotation": 90, "texture": "#2"},
				"south": {"uv": [7.25, 13.75, 7.5, 14], "texture": "#2"},
				"west": {"uv": [7.25, 8, 7.5, 14], "rotation": 270, "texture": "#2"},
				"up": {"uv": [7.25, 8, 7.5, 14], "texture": "#2"},
				"down": {"uv": [7.25, 14, 7.5, 8], "texture": "#2"}
			}
		},
		{
			"name": "zarigani_61",
			"from": [8.75, 0, 8],
			"to": [9, 0.25, 14],
			"faces": {
				"north": {"uv": [9, 8, 8.75, 8.25], "texture": "#2"},
				"east": {"uv": [8.75, 8, 9, 14], "rotation": 90, "texture": "#2"},
				"south": {"uv": [8.75, 13.75, 9, 14], "texture": "#2"},
				"west": {"uv": [8.75, 8, 9, 14], "rotation": 270, "texture": "#2"},
				"up": {"uv": [8.75, 8, 9, 14], "texture": "#2"},
				"down": {"uv": [8.75, 14, 9, 8], "texture": "#2"}
			}
		},
		{
			"name": "zarigani_62",
			"from": [9.5, 0, 8],
			"to": [9.75, 0.25, 8.5],
			"faces": {
				"north": {"uv": [9.75, 8, 9.5, 8.25], "texture": "#2"},
				"east": {"uv": [9.5, 8, 9.75, 8.5], "rotation": 90, "texture": "#2"},
				"south": {"uv": [9.5, 8.25, 9.75, 8.5], "texture": "#2"},
				"west": {"uv": [9.5, 8, 9.75, 8.5], "rotation": 270, "texture": "#2"},
				"up": {"uv": [9.5, 8, 9.75, 8.5], "texture": "#2"},
				"down": {"uv": [9.5, 8.5, 9.75, 8], "texture": "#2"}
			}
		},
		{
			"name": "zarigani_63",
			"from": [6.75, 0, 8.5],
			"to": [7.25, 0.25, 8.75],
			"faces": {
				"north": {"uv": [7.25, 8.5, 6.75, 8.75], "texture": "#2"},
				"east": {"uv": [7, 8.5, 7.25, 8.75], "rotation": 90, "texture": "#2"},
				"south": {"uv": [6.75, 8.5, 7.25, 8.75], "texture": "#2"},
				"west": {"uv": [6.75, 8.5, 7, 8.75], "rotation": 270, "texture": "#2"},
				"up": {"uv": [6.75, 8.5, 7.25, 8.75], "texture": "#2"},
				"down": {"uv": [6.75, 8.75, 7.25, 8.5], "texture": "#2"}
			}
		},
		{
			"name": "zarigani_64",
			"from": [9, 0, 8.5],
			"to": [9.5, 0.25, 8.75],
			"faces": {
				"north": {"uv": [9.5, 8.5, 9, 8.75], "texture": "#2"},
				"east": {"uv": [9.25, 8.5, 9.5, 8.75], "rotation": 90, "texture": "#2"},
				"south": {"uv": [9, 8.5, 9.5, 8.75], "texture": "#2"},
				"west": {"uv": [9, 8.5, 9.25, 8.75], "rotation": 270, "texture": "#2"},
				"up": {"uv": [9, 8.5, 9.5, 8.75], "texture": "#2"},
				"down": {"uv": [9, 8.75, 9.5, 8.5], "texture": "#2"}
			}
		},
		{
			"name": "zarigani_65",
			"from": [5.5, 0, 8.75],
			"to": [5.75, 0.25, 9.25],
			"faces": {
				"north": {"uv": [5.75, 8.75, 5.5, 9], "texture": "#2"},
				"east": {"uv": [5.5, 8.75, 5.75, 9.25], "rotation": 90, "texture": "#2"},
				"south": {"uv": [5.5, 9, 5.75, 9.25], "texture": "#2"},
				"west": {"uv": [5.5, 8.75, 5.75, 9.25], "rotation": 270, "texture": "#2"},
				"up": {"uv": [5.5, 8.75, 5.75, 9.25], "texture": "#2"},
				"down": {"uv": [5.5, 9.25, 5.75, 8.75], "texture": "#2"}
			}
		},
		{
			"name": "zarigani_66",
			"from": [7, 0, 8.75],
			"to": [7.25, 0.25, 12.5],
			"faces": {
				"north": {"uv": [7.25, 8.75, 7, 9], "texture": "#2"},
				"east": {"uv": [7, 8.75, 7.25, 12.5], "rotation": 90, "texture": "#2"},
				"south": {"uv": [7, 12.25, 7.25, 12.5], "texture": "#2"},
				"west": {"uv": [7, 8.75, 7.25, 12.5], "rotation": 270, "texture": "#2"},
				"up": {"uv": [7, 8.75, 7.25, 12.5], "texture": "#2"},
				"down": {"uv": [7, 12.5, 7.25, 8.75], "texture": "#2"}
			}
		},
		{
			"name": "zarigani_67",
			"from": [9, 0, 8.75],
			"to": [9.25, 0.25, 12.5],
			"faces": {
				"north": {"uv": [9.25, 8.75, 9, 9], "texture": "#2"},
				"east": {"uv": [9, 8.75, 9.25, 12.5], "rotation": 90, "texture": "#2"},
				"south": {"uv": [9, 12.25, 9.25, 12.5], "texture": "#2"},
				"west": {"uv": [9, 8.75, 9.25, 12.5], "rotation": 270, "texture": "#2"},
				"up": {"uv": [9, 8.75, 9.25, 12.5], "texture": "#2"},
				"down": {"uv": [9, 12.5, 9.25, 8.75], "texture": "#2"}
			}
		},
		{
			"name": "zarigani_68",
			"from": [10.5, 0, 8.75],
			"to": [10.75, 0.25, 9.25],
			"faces": {
				"north": {"uv": [10.75, 8.75, 10.5, 9], "texture": "#2"},
				"east": {"uv": [10.5, 8.75, 10.75, 9.25], "rotation": 90, "texture": "#2"},
				"south": {"uv": [10.5, 9, 10.75, 9.25], "texture": "#2"},
				"west": {"uv": [10.5, 8.75, 10.75, 9.25], "rotation": 270, "texture": "#2"},
				"up": {"uv": [10.5, 8.75, 10.75, 9.25], "texture": "#2"},
				"down": {"uv": [10.5, 9.25, 10.75, 8.75], "texture": "#2"}
			}
		},
		{
			"name": "zarigani_69",
			"from": [5.75, 0, 9.25],
			"to": [7, 0.25, 9.5],
			"faces": {
				"north": {"uv": [7, 9.25, 5.75, 9.5], "texture": "#2"},
				"east": {"uv": [6.75, 9.25, 7, 9.5], "rotation": 90, "texture": "#2"},
				"south": {"uv": [5.75, 9.25, 7, 9.5], "texture": "#2"},
				"west": {"uv": [5.75, 9.25, 6, 9.5], "rotation": 270, "texture": "#2"},
				"up": {"uv": [5.75, 9.25, 7, 9.5], "texture": "#2"},
				"down": {"uv": [5.75, 9.5, 7, 9.25], "texture": "#2"}
			}
		},
		{
			"name": "zarigani_70",
			"from": [9.25, 0, 9.25],
			"to": [10.5, 0.25, 9.5],
			"faces": {
				"north": {"uv": [10.5, 9.25, 9.25, 9.5], "texture": "#2"},
				"east": {"uv": [10.25, 9.25, 10.5, 9.5], "rotation": 90, "texture": "#2"},
				"south": {"uv": [9.25, 9.25, 10.5, 9.5], "texture": "#2"},
				"west": {"uv": [9.25, 9.25, 9.5, 9.5], "rotation": 270, "texture": "#2"},
				"up": {"uv": [9.25, 9.25, 10.5, 9.5], "texture": "#2"},
				"down": {"uv": [9.25, 9.5, 10.5, 9.25], "texture": "#2"}
			}
		},
		{
			"name": "zarigani_71",
			"from": [6.5, 0, 10],
			"to": [7, 0.25, 10.25],
			"faces": {
				"north": {"uv": [7, 10, 6.5, 10.25], "texture": "#2"},
				"east": {"uv": [6.75, 10, 7, 10.25], "rotation": 90, "texture": "#2"},
				"south": {"uv": [6.5, 10, 7, 10.25], "texture": "#2"},
				"west": {"uv": [6.5, 10, 6.75, 10.25], "rotation": 270, "texture": "#2"},
				"up": {"uv": [6.5, 10, 7, 10.25], "texture": "#2"},
				"down": {"uv": [6.5, 10.25, 7, 10], "texture": "#2"}
			}
		},
		{
			"name": "zarigani_72",
			"from": [9.25, 0, 10],
			"to": [9.75, 0.25, 10.25],
			"faces": {
				"north": {"uv": [9.75, 10, 9.25, 10.25], "texture": "#2"},
				"east": {"uv": [9.5, 10, 9.75, 10.25], "rotation": 90, "texture": "#2"},
				"south": {"uv": [9.25, 10, 9.75, 10.25], "texture": "#2"},
				"west": {"uv": [9.25, 10, 9.5, 10.25], "rotation": 270, "texture": "#2"},
				"up": {"uv": [9.25, 10, 9.75, 10.25], "texture": "#2"},
				"down": {"uv": [9.25, 10.25, 9.75, 10], "texture": "#2"}
			}
		},
		{
			"name": "zarigani_73",
			"from": [5.5, 0, 10.25],
			"to": [6.5, 0.25, 10.5],
			"faces": {
				"north": {"uv": [6.5, 10.25, 5.5, 10.5], "texture": "#2"},
				"east": {"uv": [6.25, 10.25, 6.5, 10.5], "rotation": 90, "texture": "#2"},
				"south": {"uv": [5.5, 10.25, 6.5, 10.5], "texture": "#2"},
				"west": {"uv": [5.5, 10.25, 5.75, 10.5], "rotation": 270, "texture": "#2"},
				"up": {"uv": [5.5, 10.25, 6.5, 10.5], "texture": "#2"},
				"down": {"uv": [5.5, 10.5, 6.5, 10.25], "texture": "#2"}
			}
		},
		{
			"name": "zarigani_74",
			"from": [9.75, 0, 10.25],
			"to": [10.75, 0.25, 10.5],
			"faces": {
				"north": {"uv": [10.75, 10.25, 9.75, 10.5], "texture": "#2"},
				"east": {"uv": [10.5, 10.25, 10.75, 10.5], "rotation": 90, "texture": "#2"},
				"south": {"uv": [9.75, 10.25, 10.75, 10.5], "texture": "#2"},
				"west": {"uv": [9.75, 10.25, 10, 10.5], "rotation": 270, "texture": "#2"},
				"up": {"uv": [9.75, 10.25, 10.75, 10.5], "texture": "#2"},
				"down": {"uv": [9.75, 10.5, 10.75, 10.25], "texture": "#2"}
			}
		},
		{
			"name": "zarigani_75",
			"from": [6.5, 0, 10.75],
			"to": [7, 0.25, 11],
			"faces": {
				"north": {"uv": [7, 10.75, 6.5, 11], "texture": "#2"},
				"east": {"uv": [6.75, 10.75, 7, 11], "rotation": 90, "texture": "#2"},
				"south": {"uv": [6.5, 10.75, 7, 11], "texture": "#2"},
				"west": {"uv": [6.5, 10.75, 6.75, 11], "rotation": 270, "texture": "#2"},
				"up": {"uv": [6.5, 10.75, 7, 11], "texture": "#2"},
				"down": {"uv": [6.5, 11, 7, 10.75], "texture": "#2"}
			}
		},
		{
			"name": "zarigani_76",
			"from": [9.25, 0, 10.75],
			"to": [9.75, 0.25, 11],
			"faces": {
				"north": {"uv": [9.75, 10.75, 9.25, 11], "texture": "#2"},
				"east": {"uv": [9.5, 10.75, 9.75, 11], "rotation": 90, "texture": "#2"},
				"south": {"uv": [9.25, 10.75, 9.75, 11], "texture": "#2"},
				"west": {"uv": [9.25, 10.75, 9.5, 11], "rotation": 270, "texture": "#2"},
				"up": {"uv": [9.25, 10.75, 9.75, 11], "texture": "#2"},
				"down": {"uv": [9.25, 11, 9.75, 10.75], "texture": "#2"}
			}
		},
		{
			"name": "zarigani_77",
			"from": [6, 0, 11],
			"to": [6.5, 0.25, 11.25],
			"faces": {
				"north": {"uv": [6.5, 11, 6, 11.25], "texture": "#2"},
				"east": {"uv": [6.25, 11, 6.5, 11.25], "rotation": 90, "texture": "#2"},
				"south": {"uv": [6, 11, 6.5, 11.25], "texture": "#2"},
				"west": {"uv": [6, 11, 6.25, 11.25], "rotation": 270, "texture": "#2"},
				"up": {"uv": [6, 11, 6.5, 11.25], "texture": "#2"},
				"down": {"uv": [6, 11.25, 6.5, 11], "texture": "#2"}
			}
		},
		{
			"name": "zarigani_78",
			"from": [9.75, 0, 11],
			"to": [10.25, 0.25, 11.25],
			"faces": {
				"north": {"uv": [10.25, 11, 9.75, 11.25], "texture": "#2"},
				"east": {"uv": [10, 11, 10.25, 11.25], "rotation": 90, "texture": "#2"},
				"south": {"uv": [9.75, 11, 10.25, 11.25], "texture": "#2"},
				"west": {"uv": [9.75, 11, 10, 11.25], "rotation": 270, "texture": "#2"},
				"up": {"uv": [9.75, 11, 10.25, 11.25], "texture": "#2"},
				"down": {"uv": [9.75, 11.25, 10.25, 11], "texture": "#2"}
			}
		},
		{
			"name": "zarigani_79",
			"from": [5.75, 0, 11.25],
			"to": [6, 0.25, 11.75],
			"faces": {
				"north": {"uv": [6, 11.25, 5.75, 11.5], "texture": "#2"},
				"east": {"uv": [5.75, 11.25, 6, 11.75], "rotation": 90, "texture": "#2"},
				"south": {"uv": [5.75, 11.5, 6, 11.75], "texture": "#2"},
				"west": {"uv": [5.75, 11.25, 6, 11.75], "rotation": 270, "texture": "#2"},
				"up": {"uv": [5.75, 11.25, 6, 11.75], "texture": "#2"},
				"down": {"uv": [5.75, 11.75, 6, 11.25], "texture": "#2"}
			}
		},
		{
			"name": "zarigani_80",
			"from": [10.25, 0, 11.25],
			"to": [10.5, 0.25, 11.75],
			"faces": {
				"north": {"uv": [10.5, 11.25, 10.25, 11.5], "texture": "#2"},
				"east": {"uv": [10.25, 11.25, 10.5, 11.75], "rotation": 90, "texture": "#2"},
				"south": {"uv": [10.25, 11.5, 10.5, 11.75], "texture": "#2"},
				"west": {"uv": [10.25, 11.25, 10.5, 11.75], "rotation": 270, "texture": "#2"},
				"up": {"uv": [10.25, 11.25, 10.5, 11.75], "texture": "#2"},
				"down": {"uv": [10.25, 11.75, 10.5, 11.25], "texture": "#2"}
			}
		},
		{
			"name": "zarigani_81",
			"from": [7, 0, 14.25],
			"to": [7.5, 0.25, 15.5],
			"faces": {
				"north": {"uv": [7.5, 14.25, 7, 14.5], "texture": "#2"},
				"east": {"uv": [7.25, 14.25, 7.5, 15.5], "rotation": 90, "texture": "#2"},
				"south": {"uv": [7, 15.25, 7.5, 15.5], "texture": "#2"},
				"west": {"uv": [7, 14.25, 7.25, 15.5], "rotation": 270, "texture": "#2"},
				"up": {"uv": [7, 14.25, 7.5, 15.5], "texture": "#2"},
				"down": {"uv": [7, 15.5, 7.5, 14.25], "texture": "#2"}
			}
		},
		{
			"name": "zarigani_82",
			"from": [8.75, 0, 14.25],
			"to": [9.25, 0.25, 15.5],
			"faces": {
				"north": {"uv": [9.25, 14.25, 8.75, 14.5], "texture": "#2"},
				"east": {"uv": [9, 14.25, 9.25, 15.5], "rotation": 90, "texture": "#2"},
				"south": {"uv": [8.75, 15.25, 9.25, 15.5], "texture": "#2"},
				"west": {"uv": [8.75, 14.25, 9, 15.5], "rotation": 270, "texture": "#2"},
				"up": {"uv": [8.75, 14.25, 9.25, 15.5], "texture": "#2"},
				"down": {"uv": [8.75, 15.5, 9.25, 14.25], "texture": "#2"}
			}
		},
		{
			"name": "zarigani_83",
			"from": [6.75, 0, 14.5],
			"to": [7, 0.25, 15.75],
			"faces": {
				"north": {"uv": [7, 14.5, 6.75, 14.75], "texture": "#2"},
				"east": {"uv": [6.75, 14.5, 7, 15.75], "rotation": 90, "texture": "#2"},
				"south": {"uv": [6.75, 15.5, 7, 15.75], "texture": "#2"},
				"west": {"uv": [6.75, 14.5, 7, 15.75], "rotation": 270, "texture": "#2"},
				"up": {"uv": [6.75, 14.5, 7, 15.75], "texture": "#2"},
				"down": {"uv": [6.75, 15.75, 7, 14.5], "texture": "#2"}
			}
		},
		{
			"name": "zarigani_84",
			"from": [9.25, 0, 14.5],
			"to": [9.5, 0.25, 15.75],
			"faces": {
				"north": {"uv": [9.5, 14.5, 9.25, 14.75], "texture": "#2"},
				"east": {"uv": [9.25, 14.5, 9.5, 15.75], "rotation": 90, "texture": "#2"},
				"south": {"uv": [9.25, 15.5, 9.5, 15.75], "texture": "#2"},
				"west": {"uv": [9.25, 14.5, 9.5, 15.75], "rotation": 270, "texture": "#2"},
				"up": {"uv": [9.25, 14.5, 9.5, 15.75], "texture": "#2"},
				"down": {"uv": [9.25, 15.75, 9.5, 14.5], "texture": "#2"}
			}
		},
		{
			"name": "zarigani_85",
			"from": [6.5, 0, 14.75],
			"to": [6.75, 0.25, 15.75],
			"faces": {
				"north": {"uv": [6.75, 14.75, 6.5, 15], "texture": "#2"},
				"east": {"uv": [6.5, 14.75, 6.75, 15.75], "rotation": 90, "texture": "#2"},
				"south": {"uv": [6.5, 15.5, 6.75, 15.75], "texture": "#2"},
				"west": {"uv": [6.5, 14.75, 6.75, 15.75], "rotation": 270, "texture": "#2"},
				"up": {"uv": [6.5, 14.75, 6.75, 15.75], "texture": "#2"},
				"down": {"uv": [6.5, 15.75, 6.75, 14.75], "texture": "#2"}
			}
		},
		{
			"name": "zarigani_86",
			"from": [9.5, 0, 14.75],
			"to": [9.75, 0.25, 15.75],
			"faces": {
				"north": {"uv": [9.75, 14.75, 9.5, 15], "texture": "#2"},
				"east": {"uv": [9.5, 14.75, 9.75, 15.75], "rotation": 90, "texture": "#2"},
				"south": {"uv": [9.5, 15.5, 9.75, 15.75], "texture": "#2"},
				"west": {"uv": [9.5, 14.75, 9.75, 15.75], "rotation": 270, "texture": "#2"},
				"up": {"uv": [9.5, 14.75, 9.75, 15.75], "texture": "#2"},
				"down": {"uv": [9.5, 15.75, 9.75, 14.75], "texture": "#2"}
			}
		},
		{
			"name": "zarigani_87",
			"from": [6.25, 0, 15],
			"to": [6.5, 0.25, 15.75],
			"faces": {
				"north": {"uv": [6.5, 15, 6.25, 15.25], "texture": "#2"},
				"east": {"uv": [6.25, 15, 6.5, 15.75], "rotation": 90, "texture": "#2"},
				"south": {"uv": [6.25, 15.5, 6.5, 15.75], "texture": "#2"},
				"west": {"uv": [6.25, 15, 6.5, 15.75], "rotation": 270, "texture": "#2"},
				"up": {"uv": [6.25, 15, 6.5, 15.75], "texture": "#2"},
				"down": {"uv": [6.25, 15.75, 6.5, 15], "texture": "#2"}
			}
		},
		{
			"name": "zarigani_88",
			"from": [9.75, 0, 15],
			"to": [10, 0.25, 15.75],
			"faces": {
				"north": {"uv": [10, 15, 9.75, 15.25], "texture": "#2"},
				"east": {"uv": [9.75, 15, 10, 15.75], "rotation": 90, "texture": "#2"},
				"south": {"uv": [9.75, 15.5, 10, 15.75], "texture": "#2"},
				"west": {"uv": [9.75, 15, 10, 15.75], "rotation": 270, "texture": "#2"},
				"up": {"uv": [9.75, 15, 10, 15.75], "texture": "#2"},
				"down": {"uv": [9.75, 15.75, 10, 15], "texture": "#2"}
			}
		},
		{
			"name": "zarigani_89",
			"from": [6, 0, 15.25],
			"to": [6.25, 0.25, 15.5],
			"faces": {
				"north": {"uv": [6.25, 15.25, 6, 15.5], "texture": "#2"},
				"east": {"uv": [6, 15.25, 6.25, 15.5], "rotation": 90, "texture": "#2"},
				"south": {"uv": [6, 15.25, 6.25, 15.5], "texture": "#2"},
				"west": {"uv": [6, 15.25, 6.25, 15.5], "rotation": 270, "texture": "#2"},
				"up": {"uv": [6, 15.25, 6.25, 15.5], "texture": "#2"},
				"down": {"uv": [6, 15.5, 6.25, 15.25], "texture": "#2"}
			}
		},
		{
			"name": "zarigani_90",
			"from": [10, 0, 15.25],
			"to": [10.25, 0.25, 15.5],
			"faces": {
				"north": {"uv": [10.25, 15.25, 10, 15.5], "texture": "#2"},
				"east": {"uv": [10, 15.25, 10.25, 15.5], "rotation": 90, "texture": "#2"},
				"south": {"uv": [10, 15.25, 10.25, 15.5], "texture": "#2"},
				"west": {"uv": [10, 15.25, 10.25, 15.5], "rotation": 270, "texture": "#2"},
				"up": {"uv": [10, 15.25, 10.25, 15.5], "texture": "#2"},
				"down": {"uv": [10, 15.5, 10.25, 15.25], "texture": "#2"}
			}
		},
		{
			"name": "zarigani_91",
			"from": [7.25, 0, 15.5],
			"to": [7.5, 0.25, 15.75],
			"faces": {
				"north": {"uv": [7.5, 15.5, 7.25, 15.75], "texture": "#2"},
				"east": {"uv": [7.25, 15.5, 7.5, 15.75], "rotation": 90, "texture": "#2"},
				"south": {"uv": [7.25, 15.5, 7.5, 15.75], "texture": "#2"},
				"west": {"uv": [7.25, 15.5, 7.5, 15.75], "rotation": 270, "texture": "#2"},
				"up": {"uv": [7.25, 15.5, 7.5, 15.75], "texture": "#2"},
				"down": {"uv": [7.25, 15.75, 7.5, 15.5], "texture": "#2"}
			}
		},
		{
			"name": "zarigani_92",
			"from": [8.75, 0, 15.5],
			"to": [9, 0.25, 15.75],
			"faces": {
				"north": {"uv": [9, 15.5, 8.75, 15.75], "texture": "#2"},
				"east": {"uv": [8.75, 15.5, 9, 15.75], "rotation": 90, "texture": "#2"},
				"south": {"uv": [8.75, 15.5, 9, 15.75], "texture": "#2"},
				"west": {"uv": [8.75, 15.5, 9, 15.75], "rotation": 270, "texture": "#2"},
				"up": {"uv": [8.75, 15.5, 9, 15.75], "texture": "#2"},
				"down": {"uv": [8.75, 15.75, 9, 15.5], "texture": "#2"}
			}
		}
	],
	"gui_light": "front",
	"display": {
		"thirdperson_righthand": {
			"rotation": [81, -2.75, 1.75],
			"translation": [0.25, 5, 5.5],
			"scale": [0.66, 0.66, 0.66]
		},
		"thirdperson_lefthand": {
			"rotation": [81, -2.75, 1.75],
			"translation": [0.25, 3.75, 5.5],
			"scale": [0.66, 0.66, 0.66]
		},
		"firstperson_righthand": {
			"rotation": [81, -2.75, 1.75],
			"translation": [0.25, 3.75, 12],
			"scale": [1.44, 1.44, 1.44]
		},
		"firstperson_lefthand": {
			"rotation": [81, -2.75, 1.75],
			"translation": [0.25, 3.75, 12],
			"scale": [1.44, 1.44, 1.44]
		},
		"ground": {
			"translation": [0.25, 2.5, -0.5],
			"scale": [0.64, 0.64, 0.64]
		},
		"gui": {
			"rotation": [90, 0, 0],
			"translation": [0, 0, 17.5],
			"scale": [1.06, 1.06, 1.06]
		},
		"head": {
			"translation": [0.25, 18, 1.25],
			"scale": [1.44, 1.44, 1.44]
		},
		"fixed": {
			"rotation": [90, 0, 0],
			"translation": [-0.5, 0.25, 9.75],
			"scale": [1.28, 1.28, 1.28]
		}
	},
	"groups": [
		{
			"name": "zarigani",
			"origin": [8, 8, 8],
			"children": [0, 1, 2, 3, 4, 5, 6, 7, 8, 9, 10, 11, 12, 13, 14, 15, 16, 17, 18, 19, 20, 21, 22, 23, 24, 25, 26, 27, 28, 29, 30, 31, 32, 33, 34, 35, 36, 37, 38, 39, 40, 41, 42, 43, 44, 45, 46, 47, 48, 49, 50, 51, 52, 53, 54, 55, 56, 57, 58, 59, 60, 61, 62, 63, 64, 65, 66, 67, 68, 69, 70, 71, 72, 73, 74, 75, 76, 77, 78, 79, 80, 81, 82, 83, 84, 85, 86, 87, 88, 89, 90, 91, 92]
		}
	]
}