{
	"credit": "Made with Blockbench",
	"textures": {
		"0": "fish/harisenbon",
		"particle": "fish/harisenbon"
	},
	"elements": [
		{
			"name": "harisenbon_0",
			"from": [5.75, 0, 5],
			"to": [7, 0.25, 10],
			"faces": {
				"north": {"uv": [7, 5, 5.75, 5.25], "texture": "#0"},
				"east": {"uv": [6.75, 5, 7, 10], "rotation": 90, "texture": "#0"},
				"south": {"uv": [5.75, 9.75, 7, 10], "texture": "#0"},
				"west": {"uv": [5.75, 5, 6, 10], "rotation": 270, "texture": "#0"},
				"up": {"uv": [5.75, 5, 7, 10], "texture": "#0"},
				"down": {"uv": [5.75, 10, 7, 5], "texture": "#0"}
			}
		},
		{
			"name": "harisenbon_1",
			"from": [7.25, 0, 5],
			"to": [8.5, 0.25, 9.75],
			"faces": {
				"north": {"uv": [8.5, 5, 7.25, 5.25], "texture": "#0"},
				"east": {"uv": [8.25, 5, 8.5, 9.75], "rotation": 90, "texture": "#0"},
				"south": {"uv": [7.25, 9.5, 8.5, 9.75], "texture": "#0"},
				"west": {"uv": [7.25, 5, 7.5, 9.75], "rotation": 270, "texture": "#0"},
				"up": {"uv": [7.25, 5, 8.5, 9.75], "texture": "#0"},
				"down": {"uv": [7.25, 9.75, 8.5, 5], "texture": "#0"}
			}
		},
		{
			"name": "harisenbon_2",
			"from": [4.5, 0, 5.25],
			"to": [5.75, 0.25, 10],
			"faces": {
				"north": {"uv": [5.75, 5.25, 4.5, 5.5], "texture": "#0"},
				"east": {"uv": [5.5, 5.25, 5.75, 10], "rotation": 90, "texture": "#0"},
				"south": {"uv": [4.5, 9.75, 5.75, 10], "texture": "#0"},
				"west": {"uv": [4.5, 5.25, 4.75, 10], "rotation": 270, "texture": "#0"},
				"up": {"uv": [4.5, 5.25, 5.75, 10], "texture": "#0"},
				"down": {"uv": [4.5, 10, 5.75, 5.25], "texture": "#0"}
			}
		},
		{
			"name": "harisenbon_3",
			"from": [7, 0, 5.25],
			"to": [7.25, 0.25, 10],
			"faces": {
				"north": {"uv": [7.25, 5.25, 7, 5.5], "texture": "#0"},
				"east": {"uv": [7, 5.25, 7.25, 10], "rotation": 90, "texture": "#0"},
				"south": {"uv": [7, 9.75, 7.25, 10], "texture": "#0"},
				"west": {"uv": [7, 5.25, 7.25, 10], "rotation": 270, "texture": "#0"},
				"up": {"uv": [7, 5.25, 7.25, 10], "texture": "#0"},
				"down": {"uv": [7, 10, 7.25, 5.25], "texture": "#0"}
			}
		},
		{
			"name": "harisenbon_4",
			"from": [8.5, 0, 5.25],
			"to": [9.75, 0.25, 9.5],
			"faces": {
				"north": {"uv": [9.75, 5.25, 8.5, 5.5], "texture": "#0"},
				"east": {"uv": [9.5, 5.25, 9.75, 9.5], "rotation": 90, "texture": "#0"},
				"south": {"uv": [8.5, 9.25, 9.75, 9.5], "texture": "#0"},
				"west": {"uv": [8.5, 5.25, 8.75, 9.5], "rotation": 270, "texture": "#0"},
				"up": {"uv": [8.5, 5.25, 9.75, 9.5], "texture": "#0"},
				"down": {"uv": [8.5, 9.5, 9.75, 5.25], "texture": "#0"}
			}
		},
		{
			"name": "harisenbon_5",
			"from": [12, 0, 5.25],
			"to": [12.5, 0.25, 9.75],
			"faces": {
				"north": {"uv": [12.5, 5.25, 12, 5.5], "texture": "#0"},
				"east": {"uv": [12.25, 5.25, 12.5, 9.75], "rotation": 90, "texture": "#0"},
				"south": {"uv": [12, 9.5, 12.5, 9.75], "texture": "#0"},
				"west": {"uv": [12, 5.25, 12.25, 9.75], "rotation": 270, "texture": "#0"},
				"up": {"uv": [12, 5.25, 12.5, 9.75], "texture": "#0"},
				"down": {"uv": [12, 9.75, 12.5, 5.25], "texture": "#0"}
			}
		},
		{
			"name": "harisenbon_6",
			"from": [3.25, 0, 5.5],
			"to": [4.5, 0.25, 9.75],
			"faces": {
				"north": {"uv": [4.5, 5.5, 3.25, 5.75], "texture": "#0"},
				"east": {"uv": [4.25, 5.5, 4.5, 9.75], "rotation": 90, "texture": "#0"},
				"south": {"uv": [3.25, 9.5, 4.5, 9.75], "texture": "#0"},
				"west": {"uv": [3.25, 5.5, 3.5, 9.75], "rotation": 270, "texture": "#0"},
				"up": {"uv": [3.25, 5.5, 4.5, 9.75], "texture": "#0"},
				"down": {"uv": [3.25, 9.75, 4.5, 5.5], "texture": "#0"}
			}
		},
		{
			"name": "harisenbon_7",
			"from": [9.75, 0, 5.5],
			"to": [10.75, 0.25, 9.25],
			"faces": {
				"north": {"uv": [10.75, 5.5, 9.75, 5.75], "texture": "#0"},
				"east": {"uv": [10.5, 5.5, 10.75, 9.25], "rotation": 90, "texture": "#0"},
				"south": {"uv": [9.75, 9, 10.75, 9.25], "texture": "#0"},
				"west": {"uv": [9.75, 5.5, 10, 9.25], "rotation": 270, "texture": "#0"},
				"up": {"uv": [9.75, 5.5, 10.75, 9.25], "texture": "#0"},
				"down": {"uv": [9.75, 9.25, 10.75, 5.5], "texture": "#0"}
			}
		},
		{
			"name": "harisenbon_8",
			"from": [11.75, 0, 5.5],
			"to": [12, 0.25, 9.5],
			"faces": {
				"north": {"uv": [12, 5.5, 11.75, 5.75], "texture": "#0"},
				"east": {"uv": [11.75, 5.5, 12, 9.5], "rotation": 90, "texture": "#0"},
				"south": {"uv": [11.75, 9.25, 12, 9.5], "texture": "#0"},
				"west": {"uv": [11.75, 5.5, 12, 9.5], "rotation": 270, "texture": "#0"},
				"up": {"uv": [11.75, 5.5, 12, 9.5], "texture": "#0"},
				"down": {"uv": [11.75, 9.5, 12, 5.5], "texture": "#0"}
			}
		},
		{
			"name": "harisenbon_9",
			"from": [12.5, 0, 5.5],
			"to": [12.75, 0.25, 9.5],
			"faces": {
				"north": {"uv": [12.75, 5.5, 12.5, 5.75], "texture": "#0"},
				"east": {"uv": [12.5, 5.5, 12.75, 9.5], "rotation": 90, "texture": "#0"},
				"south": {"uv": [12.5, 9.25, 12.75, 9.5], "texture": "#0"},
				"west": {"uv": [12.5, 5.5, 12.75, 9.5], "rotation": 270, "texture": "#0"},
				"up": {"uv": [12.5, 5.5, 12.75, 9.5], "texture": "#0"},
				"down": {"uv": [12.5, 9.5, 12.75, 5.5], "texture": "#0"}
			}
		},
		{
			"name": "harisenbon_10",
			"from": [2.75, 0, 5.75],
			"to": [3.25, 0.25, 9.75],
			"faces": {
				"north": {"uv": [3.25, 5.75, 2.75, 6], "texture": "#0"},
				"east": {"uv": [3, 5.75, 3.25, 9.75], "rotation": 90, "texture": "#0"},
				"south": {"uv": [2.75, 9.5, 3.25, 9.75], "texture": "#0"},
				"west": {"uv": [2.75, 5.75, 3, 9.75], "rotation": 270, "texture": "#0"},
				"up": {"uv": [2.75, 5.75, 3.25, 9.75], "texture": "#0"},
				"down": {"uv": [2.75, 9.75, 3.25, 5.75], "texture": "#0"}
			}
		},
		{
			"name": "harisenbon_11",
			"from": [10.75, 0, 5.75],
			"to": [11.75, 0.25, 9],
			"faces": {
				"north": {"uv": [11.75, 5.75, 10.75, 6], "texture": "#0"},
				"east": {"uv": [11.5, 5.75, 11.75, 9], "rotation": 90, "texture": "#0"},
				"south": {"uv": [10.75, 8.75, 11.75, 9], "texture": "#0"},
				"west": {"uv": [10.75, 5.75, 11, 9], "rotation": 270, "texture": "#0"},
				"up": {"uv": [10.75, 5.75, 11.75, 9], "texture": "#0"},
				"down": {"uv": [10.75, 9, 11.75, 5.75], "texture": "#0"}
			}
		},
		{
			"name": "harisenbon_12",
			"from": [12.75, 0, 5.75],
			"to": [13, 0.25, 9.25],
			"faces": {
				"north": {"uv": [13, 5.75, 12.75, 6], "texture": "#0"},
				"east": {"uv": [12.75, 5.75, 13, 9.25], "rotation": 90, "texture": "#0"},
				"south": {"uv": [12.75, 9, 13, 9.25], "texture": "#0"},
				"west": {"uv": [12.75, 5.75, 13, 9.25], "rotation": 270, "texture": "#0"},
				"up": {"uv": [12.75, 5.75, 13, 9.25], "texture": "#0"},
				"down": {"uv": [12.75, 9.25, 13, 5.75], "texture": "#0"}
			}
		},
		{
			"name": "harisenbon_13",
			"from": [2.25, 0, 6],
			"to": [2.75, 0.25, 9.5],
			"faces": {
				"north": {"uv": [2.75, 6, 2.25, 6.25], "texture": "#0"},
				"east": {"uv": [2.5, 6, 2.75, 9.5], "rotation": 90, "texture": "#0"},
				"south": {"uv": [2.25, 9.25, 2.75, 9.5], "texture": "#0"},
				"west": {"uv": [2.25, 6, 2.5, 9.5], "rotation": 270, "texture": "#0"},
				"up": {"uv": [2.25, 6, 2.75, 9.5], "texture": "#0"},
				"down": {"uv": [2.25, 9.5, 2.75, 6], "texture": "#0"}
			}
		},
		{
			"name": "harisenbon_14",
			"from": [13, 0, 6],
			"to": [13.25, 0.25, 8.5],
			"faces": {
				"north": {"uv": [13.25, 6, 13, 6.25], "texture": "#0"},
				"east": {"uv": [13, 6, 13.25, 8.5], "rotation": 90, "texture": "#0"},
				"south": {"uv": [13, 8.25, 13.25, 8.5], "texture": "#0"},
				"west": {"uv": [13, 6, 13.25, 8.5], "rotation": 270, "texture": "#0"},
				"up": {"uv": [13, 6, 13.25, 8.5], "texture": "#0"},
				"down": {"uv": [13, 8.5, 13.25, 6], "texture": "#0"}
			}
		},
		{
			"name": "harisenbon_15",
			"from": [2, 0, 6.25],
			"to": [2.25, 0.25, 9.5],
			"faces": {
				"north": {"uv": [2.25, 6.25, 2, 6.5], "texture": "#0"},
				"east": {"uv": [2, 6.25, 2.25, 9.5], "rotation": 90, "texture": "#0"},
				"south": {"uv": [2, 9.25, 2.25, 9.5], "texture": "#0"},
				"west": {"uv": [2, 6.25, 2.25, 9.5], "rotation": 270, "texture": "#0"},
				"up": {"uv": [2, 6.25, 2.25, 9.5], "texture": "#0"},
				"down": {"uv": [2, 9.5, 2.25, 6.25], "texture": "#0"}
			}
		},
		{
			"name": "harisenbon_16",
			"from": [1.75, 0, 6.5],
			"to": [2, 0.25, 9.25],
			"faces": {
				"north": {"uv": [2, 6.5, 1.75, 6.75], "texture": "#0"},
				"east": {"uv": [1.75, 6.5, 2, 9.25], "rotation": 90, "texture": "#0"},
				"south": {"uv": [1.75, 9, 2, 9.25], "texture": "#0"},
				"west": {"uv": [1.75, 6.5, 2, 9.25], "rotation": 270, "texture": "#0"},
				"up": {"uv": [1.75, 6.5, 2, 9.25], "texture": "#0"},
				"down": {"uv": [1.75, 9.25, 2, 6.5], "texture": "#0"}
			}
		},
		{
			"name": "harisenbon_17",
			"from": [14.25, 0, 6.5],
			"to": [14.5, 0.25, 9],
			"faces": {
				"north": {"uv": [14.5, 6.5, 14.25, 6.75], "texture": "#0"},
				"east": {"uv": [14.25, 6.5, 14.5, 9], "rotation": 90, "texture": "#0"},
				"south": {"uv": [14.25, 8.75, 14.5, 9], "texture": "#0"},
				"west": {"uv": [14.25, 6.5, 14.5, 9], "rotation": 270, "texture": "#0"},
				"up": {"uv": [14.25, 6.5, 14.5, 9], "texture": "#0"},
				"down": {"uv": [14.25, 9, 14.5, 6.5], "texture": "#0"}
			}
		},
		{
			"name": "harisenbon_18",
			"from": [1.5, 0, 6.75],
			"to": [1.75, 0.25, 9],
			"faces": {
				"north": {"uv": [1.75, 6.75, 1.5, 7], "texture": "#0"},
				"east": {"uv": [1.5, 6.75, 1.75, 9], "rotation": 90, "texture": "#0"},
				"south": {"uv": [1.5, 8.75, 1.75, 9], "texture": "#0"},
				"west": {"uv": [1.5, 6.75, 1.75, 9], "rotation": 270, "texture": "#0"},
				"up": {"uv": [1.5, 6.75, 1.75, 9], "texture": "#0"},
				"down": {"uv": [1.5, 9, 1.75, 6.75], "texture": "#0"}
			}
		},
		{
			"name": "harisenbon_19",
			"from": [13.75, 0, 6.75],
			"to": [14.25, 0.25, 8.75],
			"faces": {
				"north": {"uv": [14.25, 6.75, 13.75, 7], "texture": "#0"},
				"east": {"uv": [14, 6.75, 14.25, 8.75], "rotation": 90, "texture": "#0"},
				"south": {"uv": [13.75, 8.5, 14.25, 8.75], "texture": "#0"},
				"west": {"uv": [13.75, 6.75, 14, 8.75], "rotation": 270, "texture": "#0"},
				"up": {"uv": [13.75, 6.75, 14.25, 8.75], "texture": "#0"},
				"down": {"uv": [13.75, 8.75, 14.25, 6.75], "texture": "#0"}
			}
		},
		{
			"name": "harisenbon_20",
			"from": [14.5, 0, 6.75],
			"to": [14.75, 0.25, 8.75],
			"faces": {
				"north": {"uv": [14.75, 6.75, 14.5, 7], "texture": "#0"},
				"east": {"uv": [14.5, 6.75, 14.75, 8.75], "rotation": 90, "texture": "#0"},
				"south": {"uv": [14.5, 8.5, 14.75, 8.75], "texture": "#0"},
				"west": {"uv": [14.5, 6.75, 14.75, 8.75], "rotation": 270, "texture": "#0"},
				"up": {"uv": [14.5, 6.75, 14.75, 8.75], "texture": "#0"},
				"down": {"uv": [14.5, 8.75, 14.75, 6.75], "texture": "#0"}
			}
		},
		{
			"name": "harisenbon_21",
			"from": [1.25, 0, 7],
			"to": [1.5, 0.25, 8.75],
			"faces": {
				"north": {"uv": [1.5, 7, 1.25, 7.25], "texture": "#0"},
				"east": {"uv": [1.25, 7, 1.5, 8.75], "rotation": 90, "texture": "#0"},
				"south": {"uv": [1.25, 8.5, 1.5, 8.75], "texture": "#0"},
				"west": {"uv": [1.25, 7, 1.5, 8.75], "rotation": 270, "texture": "#0"},
				"up": {"uv": [1.25, 7, 1.5, 8.75], "texture": "#0"},
				"down": {"uv": [1.25, 8.75, 1.5, 7], "texture": "#0"}
			}
		},
		{
			"name": "harisenbon_22",
			"from": [13.25, 0, 7],
			"to": [13.75, 0.25, 8.5],
			"faces": {
				"north": {"uv": [13.75, 7, 13.25, 7.25], "texture": "#0"},
				"east": {"uv": [13.5, 7, 13.75, 8.5], "rotation": 90, "texture": "#0"},
				"south": {"uv": [13.25, 8.25, 13.75, 8.5], "texture": "#0"},
				"west": {"uv": [13.25, 7, 13.5, 8.5], "rotation": 270, "texture": "#0"},
				"up": {"uv": [13.25, 7, 13.75, 8.5], "texture": "#0"},
				"down": {"uv": [13.25, 8.5, 13.75, 7], "texture": "#0"}
			}
		},
		{
			"name": "harisenbon_23",
			"from": [14.75, 0, 7],
			"to": [15, 0.25, 8.5],
			"faces": {
				"north": {"uv": [15, 7, 14.75, 7.25], "texture": "#0"},
				"east": {"uv": [14.75, 7, 15, 8.5], "rotation": 90, "texture": "#0"},
				"south": {"uv": [14.75, 8.25, 15, 8.5], "texture": "#0"},
				"west": {"uv": [14.75, 7, 15, 8.5], "rotation": 270, "texture": "#0"},
				"up": {"uv": [14.75, 7, 15, 8.5], "texture": "#0"},
				"down": {"uv": [14.75, 8.5, 15, 7], "texture": "#0"}
			}
		},
		{
			"name": "harisenbon_24",
			"from": [1, 0, 7.25],
			"to": [1.25, 0.25, 8.5],
			"faces": {
				"north": {"uv": [1.25, 7.25, 1, 7.5], "texture": "#0"},
				"east": {"uv": [1, 7.25, 1.25, 8.5], "rotation": 90, "texture": "#0"},
				"south": {"uv": [1, 8.25, 1.25, 8.5], "texture": "#0"},
				"west": {"uv": [1, 7.25, 1.25, 8.5], "rotation": 270, "texture": "#0"},
				"up": {"uv": [1, 7.25, 1.25, 8.5], "texture": "#0"},
				"down": {"uv": [1, 8.5, 1.25, 7.25], "texture": "#0"}
			}
		},
		{
			"name": "harisenbon_25",
			"from": [0.75, 0, 7.5],
			"to": [1, 0.25, 7.75],
			"faces": {
				"north": {"uv": [1, 7.5, 0.75, 7.75], "texture": "#0"},
				"east": {"uv": [0.75, 7.5, 1, 7.75], "rotation": 90, "texture": "#0"},
				"south": {"uv": [0.75, 7.5, 1, 7.75], "texture": "#0"},
				"west": {"uv": [0.75, 7.5, 1, 7.75], "rotation": 270, "texture": "#0"},
				"up": {"uv": [0.75, 7.5, 1, 7.75], "texture": "#0"},
				"down": {"uv": [0.75, 7.75, 1, 7.5], "texture": "#0"}
			}
		},
		{
			"name": "harisenbon_26",
			"from": [0.75, 0, 8],
			"to": [1, 0.25, 8.25],
			"faces": {
				"north": {"uv": [1, 8, 0.75, 8.25], "texture": "#0"},
				"east": {"uv": [0.75, 8, 1, 8.25], "rotation": 90, "texture": "#0"},
				"south": {"uv": [0.75, 8, 1, 8.25], "texture": "#0"},
				"west": {"uv": [0.75, 8, 1, 8.25], "rotation": 270, "texture": "#0"},
				"up": {"uv": [0.75, 8, 1, 8.25], "texture": "#0"},
				"down": {"uv": [0.75, 8.25, 1, 8], "texture": "#0"}
			}
		},
		{
			"name": "harisenbon_27",
			"from": [14, 0, 8.75],
			"to": [14.25, 0.25, 9],
			"faces": {
				"north": {"uv": [14.25, 8.75, 14, 9], "texture": "#0"},
				"east": {"uv": [14, 8.75, 14.25, 9], "rotation": 90, "texture": "#0"},
				"south": {"uv": [14, 8.75, 14.25, 9], "texture": "#0"},
				"west": {"uv": [14, 8.75, 14.25, 9], "rotation": 270, "texture": "#0"},
				"up": {"uv": [14, 8.75, 14.25, 9], "texture": "#0"},
				"down": {"uv": [14, 9, 14.25, 8.75], "texture": "#0"}
			}
		},
		{
			"name": "harisenbon_28",
			"from": [11.5, 0, 9],
			"to": [11.75, 0.25, 9.25],
			"faces": {
				"north": {"uv": [11.75, 9, 11.5, 9.25], "texture": "#0"},
				"east": {"uv": [11.5, 9, 11.75, 9.25], "rotation": 90, "texture": "#0"},
				"south": {"uv": [11.5, 9, 11.75, 9.25], "texture": "#0"},
				"west": {"uv": [11.5, 9, 11.75, 9.25], "rotation": 270, "texture": "#0"},
				"up": {"uv": [11.5, 9, 11.75, 9.25], "texture": "#0"},
				"down": {"uv": [11.5, 9.25, 11.75, 9], "texture": "#0"}
			}
		},
		{
			"name": "harisenbon_29",
			"from": [9.75, 0, 9.25],
			"to": [10.5, 0.25, 9.5],
			"faces": {
				"north": {"uv": [10.5, 9.25, 9.75, 9.5], "texture": "#0"},
				"east": {"uv": [10.25, 9.25, 10.5, 9.5], "rotation": 90, "texture": "#0"},
				"south": {"uv": [9.75, 9.25, 10.5, 9.5], "texture": "#0"},
				"west": {"uv": [9.75, 9.25, 10, 9.5], "rotation": 270, "texture": "#0"},
				"up": {"uv": [9.75, 9.25, 10.5, 9.5], "texture": "#0"},
				"down": {"uv": [9.75, 9.5, 10.5, 9.25], "texture": "#0"}
			}
		},
		{
			"name": "harisenbon_30",
			"from": [3.5, 0, 9.75],
			"to": [4.5, 0.25, 10],
			"faces": {
				"north": {"uv": [4.5, 9.75, 3.5, 10], "texture": "#0"},
				"east": {"uv": [4.25, 9.75, 4.5, 10], "rotation": 90, "texture": "#0"},
				"south": {"uv": [3.5, 9.75, 4.5, 10], "texture": "#0"},
				"west": {"uv": [3.5, 9.75, 3.75, 10], "rotation": 270, "texture": "#0"},
				"up": {"uv": [3.5, 9.75, 4.5, 10], "texture": "#0"},
				"down": {"uv": [3.5, 10, 4.5, 9.75], "texture": "#0"}
			}
		},
		{
			"name": "harisenbon_31",
			"from": [7.25, 0, 9.75],
			"to": [7.75, 0.25, 10],
			"faces": {
				"north": {"uv": [7.75, 9.75, 7.25, 10], "texture": "#0"},
				"east": {"uv": [7.5, 9.75, 7.75, 10], "rotation": 90, "texture": "#0"},
				"south": {"uv": [7.25, 9.75, 7.75, 10], "texture": "#0"},
				"west": {"uv": [7.25, 9.75, 7.5, 10], "rotation": 270, "texture": "#0"},
				"up": {"uv": [7.25, 9.75, 7.75, 10], "texture": "#0"},
				"down": {"uv": [7.25, 10, 7.75, 9.75], "texture": "#0"}
			}
		}
	],
	"display": {
		"thirdperson_righthand": {
			"rotation": [90, 0, 0],
			"translation": [0, 0.25, 4.75],
			"scale": [0.62, 0.62, 0.62]
		},
		"thirdperson_lefthand": {
			"rotation": [90, 0, 0],
			"translation": [0, 0.25, 4.75],
			"scale": [0.62, 0.62, 0.62]
		},
		"firstperson_righthand": {
			"rotation": [90, 0, 0],
			"translation": [0, 1.5, 4.75],
			"scale": [0.62, 0.62, 0.62]
		},
		"firstperson_lefthand": {
			"rotation": [90, 0, 0],
			"translation": [0, 1.5, 4.75],
			"scale": [0.62, 0.62, 0.62]
		},
		"ground": {
			"rotation": [90, 0, 0],
			"translation": [0, 8.75, 7],
			"scale": [0.75, 0.75, 0.75]
		},
		"gui": {
			"rotation": [90, 0, 0],
			"translation": [0, 0, 17.5],
			"scale": [1.06, 1.06, 1.06]
		},
		"head": {
			"rotation": [-10.5, -180, 0],
			"translation": [0.25, 0, -9.5],
			"scale": [0.82, 0.82, 0.82]
		},
		"fixed": {
			"rotation": [90, 0, 0],
			"translation": [-0.5, 0.25, 9.75],
			"scale": [1.28, 1.28, 1.28]
		}
	},
	"groups": [
		{
			"name": "harisenbon",
			"origin": [8, 8, 8],
			"children": [0, 1, 2, 3, 4, 5, 6, 7, 8, 9, 10, 11, 12, 13, 14, 15, 16, 17, 18, 19, 20, 21, 22, 23, 24, 25, 26, 27, 28, 29, 30, 31]
		}
	]
}