{
	"credit": "Made with Blockbench",
	"textures": {
		"0": "fish/hirame",
		"particle": "fish/hirame"
	},
	"elements": [
		{
			"name": "hirame_0",
			"from": [6.5, 0, 2.5],
			"to": [8.5, 0.25, 10.25],
			"faces": {
				"north": {"uv": [8.5, 2.5, 6.5, 2.75], "texture": "#0"},
				"east": {"uv": [8.25, 2.5, 8.5, 10.25], "rotation": 90, "texture": "#0"},
				"south": {"uv": [6.5, 10, 8.5, 10.25], "texture": "#0"},
				"west": {"uv": [6.5, 2.5, 6.75, 10.25], "rotation": 270, "texture": "#0"},
				"up": {"uv": [6.5, 2.5, 8.5, 10.25], "texture": "#0"},
				"down": {"uv": [6.5, 10.25, 8.5, 2.5], "texture": "#0"}
			}
		},
		{
			"name": "hirame_1",
			"from": [6, 0, 2.75],
			"to": [6.5, 0.25, 10],
			"faces": {
				"north": {"uv": [6.5, 2.75, 6, 3], "texture": "#0"},
				"east": {"uv": [6.25, 2.75, 6.5, 10], "rotation": 90, "texture": "#0"},
				"south": {"uv": [6, 9.75, 6.5, 10], "texture": "#0"},
				"west": {"uv": [6, 2.75, 6.25, 10], "rotation": 270, "texture": "#0"},
				"up": {"uv": [6, 2.75, 6.5, 10], "texture": "#0"},
				"down": {"uv": [6, 10, 6.5, 2.75], "texture": "#0"}
			}
		},
		{
			"name": "hirame_2",
			"from": [8.5, 0, 2.75],
			"to": [9, 0.25, 10],
			"faces": {
				"north": {"uv": [9, 2.75, 8.5, 3], "texture": "#0"},
				"east": {"uv": [8.75, 2.75, 9, 10], "rotation": 90, "texture": "#0"},
				"south": {"uv": [8.5, 9.75, 9, 10], "texture": "#0"},
				"west": {"uv": [8.5, 2.75, 8.75, 10], "rotation": 270, "texture": "#0"},
				"up": {"uv": [8.5, 2.75, 9, 10], "texture": "#0"},
				"down": {"uv": [8.5, 10, 9, 2.75], "texture": "#0"}
			}
		},
		{
			"name": "hirame_3",
			"from": [5.5, 0, 3],
			"to": [6, 0.25, 9.75],
			"faces": {
				"north": {"uv": [6, 3, 5.5, 3.25], "texture": "#0"},
				"east": {"uv": [5.75, 3, 6, 9.75], "rotation": 90, "texture": "#0"},
				"south": {"uv": [5.5, 9.5, 6, 9.75], "texture": "#0"},
				"west": {"uv": [5.5, 3, 5.75, 9.75], "rotation": 270, "texture": "#0"},
				"up": {"uv": [5.5, 3, 6, 9.75], "texture": "#0"},
				"down": {"uv": [5.5, 9.75, 6, 3], "texture": "#0"}
			}
		},
		{
			"name": "hirame_4",
			"from": [9, 0, 3],
			"to": [9.5, 0.25, 9.75],
			"faces": {
				"north": {"uv": [9.5, 3, 9, 3.25], "texture": "#0"},
				"east": {"uv": [9.25, 3, 9.5, 9.75], "rotation": 90, "texture": "#0"},
				"south": {"uv": [9, 9.5, 9.5, 9.75], "texture": "#0"},
				"west": {"uv": [9, 3, 9.25, 9.75], "rotation": 270, "texture": "#0"},
				"up": {"uv": [9, 3, 9.5, 9.75], "texture": "#0"},
				"down": {"uv": [9, 9.75, 9.5, 3], "texture": "#0"}
			}
		},
		{
			"name": "hirame_5",
			"from": [5, 0, 3.25],
			"to": [5.5, 0.25, 9.5],
			"faces": {
				"north": {"uv": [5.5, 3.25, 5, 3.5], "texture": "#0"},
				"east": {"uv": [5.25, 3.25, 5.5, 9.5], "rotation": 90, "texture": "#0"},
				"south": {"uv": [5, 9.25, 5.5, 9.5], "texture": "#0"},
				"west": {"uv": [5, 3.25, 5.25, 9.5], "rotation": 270, "texture": "#0"},
				"up": {"uv": [5, 3.25, 5.5, 9.5], "texture": "#0"},
				"down": {"uv": [5, 9.5, 5.5, 3.25], "texture": "#0"}
			}
		},
		{
			"name": "hirame_6",
			"from": [9.5, 0, 3.25],
			"to": [10, 0.25, 9.5],
			"faces": {
				"north": {"uv": [10, 3.25, 9.5, 3.5], "texture": "#0"},
				"east": {"uv": [9.75, 3.25, 10, 9.5], "rotation": 90, "texture": "#0"},
				"south": {"uv": [9.5, 9.25, 10, 9.5], "texture": "#0"},
				"west": {"uv": [9.5, 3.25, 9.75, 9.5], "rotation": 270, "texture": "#0"},
				"up": {"uv": [9.5, 3.25, 10, 9.5], "texture": "#0"},
				"down": {"uv": [9.5, 9.5, 10, 3.25], "texture": "#0"}
			}
		},
		{
			"name": "hirame_7",
			"from": [4.25, 0, 3.5],
			"to": [5, 0.25, 9.25],
			"faces": {
				"north": {"uv": [5, 3.5, 4.25, 3.75], "texture": "#0"},
				"east": {"uv": [4.75, 3.5, 5, 9.25], "rotation": 90, "texture": "#0"},
				"south": {"uv": [4.25, 9, 5, 9.25], "texture": "#0"},
				"west": {"uv": [4.25, 3.5, 4.5, 9.25], "rotation": 270, "texture": "#0"},
				"up": {"uv": [4.25, 3.5, 5, 9.25], "texture": "#0"},
				"down": {"uv": [4.25, 9.25, 5, 3.5], "texture": "#0"}
			}
		},
		{
			"name": "hirame_8",
			"from": [10, 0, 3.5],
			"to": [10.5, 0.25, 9],
			"faces": {
				"north": {"uv": [10.5, 3.5, 10, 3.75], "texture": "#0"},
				"east": {"uv": [10.25, 3.5, 10.5, 9], "rotation": 90, "texture": "#0"},
				"south": {"uv": [10, 8.75, 10.5, 9], "texture": "#0"},
				"west": {"uv": [10, 3.5, 10.25, 9], "rotation": 270, "texture": "#0"},
				"up": {"uv": [10, 3.5, 10.5, 9], "texture": "#0"},
				"down": {"uv": [10, 9, 10.5, 3.5], "texture": "#0"}
			}
		},
		{
			"name": "hirame_9",
			"from": [3.5, 0, 3.75],
			"to": [4.25, 0.25, 8.75],
			"faces": {
				"north": {"uv": [4.25, 3.75, 3.5, 4], "texture": "#0"},
				"east": {"uv": [4, 3.75, 4.25, 8.75], "rotation": 90, "texture": "#0"},
				"south": {"uv": [3.5, 8.5, 4.25, 8.75], "texture": "#0"},
				"west": {"uv": [3.5, 3.75, 3.75, 8.75], "rotation": 270, "texture": "#0"},
				"up": {"uv": [3.5, 3.75, 4.25, 8.75], "texture": "#0"},
				"down": {"uv": [3.5, 8.75, 4.25, 3.75], "texture": "#0"}
			}
		},
		{
			"name": "hirame_10",
			"from": [10.5, 0, 3.75],
			"to": [10.75, 0.25, 9],
			"faces": {
				"north": {"uv": [10.75, 3.75, 10.5, 4], "texture": "#0"},
				"east": {"uv": [10.5, 3.75, 10.75, 9], "rotation": 90, "texture": "#0"},
				"south": {"uv": [10.5, 8.75, 10.75, 9], "texture": "#0"},
				"west": {"uv": [10.5, 3.75, 10.75, 9], "rotation": 270, "texture": "#0"},
				"up": {"uv": [10.5, 3.75, 10.75, 9], "texture": "#0"},
				"down": {"uv": [10.5, 9, 10.75, 3.75], "texture": "#0"}
			}
		},
		{
			"name": "hirame_11",
			"from": [3.25, 0, 4],
			"to": [3.5, 0.25, 8.75],
			"faces": {
				"north": {"uv": [3.5, 4, 3.25, 4.25], "texture": "#0"},
				"east": {"uv": [3.25, 4, 3.5, 8.75], "rotation": 90, "texture": "#0"},
				"south": {"uv": [3.25, 8.5, 3.5, 8.75], "texture": "#0"},
				"west": {"uv": [3.25, 4, 3.5, 8.75], "rotation": 270, "texture": "#0"},
				"up": {"uv": [3.25, 4, 3.5, 8.75], "texture": "#0"},
				"down": {"uv": [3.25, 8.75, 3.5, 4], "texture": "#0"}
			}
		},
		{
			"name": "hirame_12",
			"from": [10.75, 0, 4],
			"to": [11, 0.25, 8.75],
			"faces": {
				"north": {"uv": [11, 4, 10.75, 4.25], "texture": "#0"},
				"east": {"uv": [10.75, 4, 11, 8.75], "rotation": 90, "texture": "#0"},
				"south": {"uv": [10.75, 8.5, 11, 8.75], "texture": "#0"},
				"west": {"uv": [10.75, 4, 11, 8.75], "rotation": 270, "texture": "#0"},
				"up": {"uv": [10.75, 4, 11, 8.75], "texture": "#0"},
				"down": {"uv": [10.75, 8.75, 11, 4], "texture": "#0"}
			}
		},
		{
			"name": "hirame_13",
			"from": [3, 0, 4.25],
			"to": [3.25, 0.25, 8.5],
			"faces": {
				"north": {"uv": [3.25, 4.25, 3, 4.5], "texture": "#0"},
				"east": {"uv": [3, 4.25, 3.25, 8.5], "rotation": 90, "texture": "#0"},
				"south": {"uv": [3, 8.25, 3.25, 8.5], "texture": "#0"},
				"west": {"uv": [3, 4.25, 3.25, 8.5], "rotation": 270, "texture": "#0"},
				"up": {"uv": [3, 4.25, 3.25, 8.5], "texture": "#0"},
				"down": {"uv": [3, 8.5, 3.25, 4.25], "texture": "#0"}
			}
		},
		{
			"name": "hirame_14",
			"from": [11, 0, 4.25],
			"to": [11.25, 0.25, 8.5],
			"faces": {
				"north": {"uv": [11.25, 4.25, 11, 4.5], "texture": "#0"},
				"east": {"uv": [11, 4.25, 11.25, 8.5], "rotation": 90, "texture": "#0"},
				"south": {"uv": [11, 8.25, 11.25, 8.5], "texture": "#0"},
				"west": {"uv": [11, 4.25, 11.25, 8.5], "rotation": 270, "texture": "#0"},
				"up": {"uv": [11, 4.25, 11.25, 8.5], "texture": "#0"},
				"down": {"uv": [11, 8.5, 11.25, 4.25], "texture": "#0"}
			}
		},
		{
			"name": "hirame_15",
			"from": [2.75, 0, 4.5],
			"to": [3, 0.25, 8.5],
			"faces": {
				"north": {"uv": [3, 4.5, 2.75, 4.75], "texture": "#0"},
				"east": {"uv": [2.75, 4.5, 3, 8.5], "rotation": 90, "texture": "#0"},
				"south": {"uv": [2.75, 8.25, 3, 8.5], "texture": "#0"},
				"west": {"uv": [2.75, 4.5, 3, 8.5], "rotation": 270, "texture": "#0"},
				"up": {"uv": [2.75, 4.5, 3, 8.5], "texture": "#0"},
				"down": {"uv": [2.75, 8.5, 3, 4.5], "texture": "#0"}
			}
		},
		{
			"name": "hirame_16",
			"from": [11.25, 0, 4.5],
			"to": [11.5, 0.25, 8.25],
			"faces": {
				"north": {"uv": [11.5, 4.5, 11.25, 4.75], "texture": "#0"},
				"east": {"uv": [11.25, 4.5, 11.5, 8.25], "rotation": 90, "texture": "#0"},
				"south": {"uv": [11.25, 8, 11.5, 8.25], "texture": "#0"},
				"west": {"uv": [11.25, 4.5, 11.5, 8.25], "rotation": 270, "texture": "#0"},
				"up": {"uv": [11.25, 4.5, 11.5, 8.25], "texture": "#0"},
				"down": {"uv": [11.25, 8.25, 11.5, 4.5], "texture": "#0"}
			}
		},
		{
			"name": "hirame_17",
			"from": [15, 0, 4.5],
			"to": [15.25, 0.25, 8.75],
			"faces": {
				"north": {"uv": [15.25, 4.5, 15, 4.75], "texture": "#0"},
				"east": {"uv": [15, 4.5, 15.25, 8.75], "rotation": 90, "texture": "#0"},
				"south": {"uv": [15, 8.5, 15.25, 8.75], "texture": "#0"},
				"west": {"uv": [15, 4.5, 15.25, 8.75], "rotation": 270, "texture": "#0"},
				"up": {"uv": [15, 4.5, 15.25, 8.75], "texture": "#0"},
				"down": {"uv": [15, 8.75, 15.25, 4.5], "texture": "#0"}
			}
		},
		{
			"name": "hirame_18",
			"from": [2.25, 0, 4.75],
			"to": [2.75, 0.25, 8.25],
			"faces": {
				"north": {"uv": [2.75, 4.75, 2.25, 5], "texture": "#0"},
				"east": {"uv": [2.5, 4.75, 2.75, 8.25], "rotation": 90, "texture": "#0"},
				"south": {"uv": [2.25, 8, 2.75, 8.25], "texture": "#0"},
				"west": {"uv": [2.25, 4.75, 2.5, 8.25], "rotation": 270, "texture": "#0"},
				"up": {"uv": [2.25, 4.75, 2.75, 8.25], "texture": "#0"},
				"down": {"uv": [2.25, 8.25, 2.75, 4.75], "texture": "#0"}
			}
		},
		{
			"name": "hirame_19",
			"from": [11.5, 0, 4.75],
			"to": [11.75, 0.25, 8],
			"faces": {
				"north": {"uv": [11.75, 4.75, 11.5, 5], "texture": "#0"},
				"east": {"uv": [11.5, 4.75, 11.75, 8], "rotation": 90, "texture": "#0"},
				"south": {"uv": [11.5, 7.75, 11.75, 8], "texture": "#0"},
				"west": {"uv": [11.5, 4.75, 11.75, 8], "rotation": 270, "texture": "#0"},
				"up": {"uv": [11.5, 4.75, 11.75, 8], "texture": "#0"},
				"down": {"uv": [11.5, 8, 11.75, 4.75], "texture": "#0"}
			}
		},
		{
			"name": "hirame_20",
			"from": [14.5, 0, 4.75],
			"to": [15, 0.25, 8],
			"faces": {
				"north": {"uv": [15, 4.75, 14.5, 5], "texture": "#0"},
				"east": {"uv": [14.75, 4.75, 15, 8], "rotation": 90, "texture": "#0"},
				"south": {"uv": [14.5, 7.75, 15, 8], "texture": "#0"},
				"west": {"uv": [14.5, 4.75, 14.75, 8], "rotation": 270, "texture": "#0"},
				"up": {"uv": [14.5, 4.75, 15, 8], "texture": "#0"},
				"down": {"uv": [14.5, 8, 15, 4.75], "texture": "#0"}
			}
		},
		{
			"name": "hirame_21",
			"from": [15.25, 0, 4.75],
			"to": [15.5, 0.25, 8.5],
			"faces": {
				"north": {"uv": [15.5, 4.75, 15.25, 5], "texture": "#0"},
				"east": {"uv": [15.25, 4.75, 15.5, 8.5], "rotation": 90, "texture": "#0"},
				"south": {"uv": [15.25, 8.25, 15.5, 8.5], "texture": "#0"},
				"west": {"uv": [15.25, 4.75, 15.5, 8.5], "rotation": 270, "texture": "#0"},
				"up": {"uv": [15.25, 4.75, 15.5, 8.5], "texture": "#0"},
				"down": {"uv": [15.25, 8.5, 15.5, 4.75], "texture": "#0"}
			}
		},
		{
			"name": "hirame_22",
			"from": [2, 0, 5],
			"to": [2.25, 0.25, 8.25],
			"faces": {
				"north": {"uv": [2.25, 5, 2, 5.25], "texture": "#0"},
				"east": {"uv": [2, 5, 2.25, 8.25], "rotation": 90, "texture": "#0"},
				"south": {"uv": [2, 8, 2.25, 8.25], "texture": "#0"},
				"west": {"uv": [2, 5, 2.25, 8.25], "rotation": 270, "texture": "#0"},
				"up": {"uv": [2, 5, 2.25, 8.25], "texture": "#0"},
				"down": {"uv": [2, 8.25, 2.25, 5], "texture": "#0"}
			}
		},
		{
			"name": "hirame_23",
			"from": [11.75, 0, 5],
			"to": [12, 0.25, 7.75],
			"faces": {
				"north": {"uv": [12, 5, 11.75, 5.25], "texture": "#0"},
				"east": {"uv": [11.75, 5, 12, 7.75], "rotation": 90, "texture": "#0"},
				"south": {"uv": [11.75, 7.5, 12, 7.75], "texture": "#0"},
				"west": {"uv": [11.75, 5, 12, 7.75], "rotation": 270, "texture": "#0"},
				"up": {"uv": [11.75, 5, 12, 7.75], "texture": "#0"},
				"down": {"uv": [11.75, 7.75, 12, 5], "texture": "#0"}
			}
		},
		{
			"name": "hirame_24",
			"from": [14, 0, 5],
			"to": [14.5, 0.25, 7.75],
			"faces": {
				"north": {"uv": [14.5, 5, 14, 5.25], "texture": "#0"},
				"east": {"uv": [14.25, 5, 14.5, 7.75], "rotation": 90, "texture": "#0"},
				"south": {"uv": [14, 7.5, 14.5, 7.75], "texture": "#0"},
				"west": {"uv": [14, 5, 14.25, 7.75], "rotation": 270, "texture": "#0"},
				"up": {"uv": [14, 5, 14.5, 7.75], "texture": "#0"},
				"down": {"uv": [14, 7.75, 14.5, 5], "texture": "#0"}
			}
		},
		{
			"name": "hirame_25",
			"from": [1.75, 0, 5.25],
			"to": [2, 0.25, 8],
			"faces": {
				"north": {"uv": [2, 5.25, 1.75, 5.5], "texture": "#0"},
				"east": {"uv": [1.75, 5.25, 2, 8], "rotation": 90, "texture": "#0"},
				"south": {"uv": [1.75, 7.75, 2, 8], "texture": "#0"},
				"west": {"uv": [1.75, 5.25, 2, 8], "rotation": 270, "texture": "#0"},
				"up": {"uv": [1.75, 5.25, 2, 8], "texture": "#0"},
				"down": {"uv": [1.75, 8, 2, 5.25], "texture": "#0"}
			}
		},
		{
			"name": "hirame_26",
			"from": [12, 0, 5.25],
			"to": [12.5, 0.25, 7.25],
			"faces": {
				"north": {"uv": [12.5, 5.25, 12, 5.5], "texture": "#0"},
				"east": {"uv": [12.25, 5.25, 12.5, 7.25], "rotation": 90, "texture": "#0"},
				"south": {"uv": [12, 7, 12.5, 7.25], "texture": "#0"},
				"west": {"uv": [12, 5.25, 12.25, 7.25], "rotation": 270, "texture": "#0"},
				"up": {"uv": [12, 5.25, 12.5, 7.25], "texture": "#0"},
				"down": {"uv": [12, 7.25, 12.5, 5.25], "texture": "#0"}
			}
		},
		{
			"name": "hirame_27",
			"from": [13.75, 0, 5.25],
			"to": [14, 0.25, 7.5],
			"faces": {
				"north": {"uv": [14, 5.25, 13.75, 5.5], "texture": "#0"},
				"east": {"uv": [13.75, 5.25, 14, 7.5], "rotation": 90, "texture": "#0"},
				"south": {"uv": [13.75, 7.25, 14, 7.5], "texture": "#0"},
				"west": {"uv": [13.75, 5.25, 14, 7.5], "rotation": 270, "texture": "#0"},
				"up": {"uv": [13.75, 5.25, 14, 7.5], "texture": "#0"},
				"down": {"uv": [13.75, 7.5, 14, 5.25], "texture": "#0"}
			}
		},
		{
			"name": "hirame_28",
			"from": [1.25, 0, 5.5],
			"to": [1.75, 0.25, 6.75],
			"faces": {
				"north": {"uv": [1.75, 5.5, 1.25, 5.75], "texture": "#0"},
				"east": {"uv": [1.5, 5.5, 1.75, 6.75], "rotation": 90, "texture": "#0"},
				"south": {"uv": [1.25, 6.5, 1.75, 6.75], "texture": "#0"},
				"west": {"uv": [1.25, 5.5, 1.5, 6.75], "rotation": 270, "texture": "#0"},
				"up": {"uv": [1.25, 5.5, 1.75, 6.75], "texture": "#0"},
				"down": {"uv": [1.25, 6.75, 1.75, 5.5], "texture": "#0"}
			}
		},
		{
			"name": "hirame_29",
			"from": [12.5, 0, 5.5],
			"to": [12.75, 0.25, 7],
			"faces": {
				"north": {"uv": [12.75, 5.5, 12.5, 5.75], "texture": "#0"},
				"east": {"uv": [12.5, 5.5, 12.75, 7], "rotation": 90, "texture": "#0"},
				"south": {"uv": [12.5, 6.75, 12.75, 7], "texture": "#0"},
				"west": {"uv": [12.5, 5.5, 12.75, 7], "rotation": 270, "texture": "#0"},
				"up": {"uv": [12.5, 5.5, 12.75, 7], "texture": "#0"},
				"down": {"uv": [12.5, 7, 12.75, 5.5], "texture": "#0"}
			}
		},
		{
			"name": "hirame_30",
			"from": [13.25, 0, 5.5],
			"to": [13.75, 0.25, 7.25],
			"faces": {
				"north": {"uv": [13.75, 5.5, 13.25, 5.75], "texture": "#0"},
				"east": {"uv": [13.5, 5.5, 13.75, 7.25], "rotation": 90, "texture": "#0"},
				"south": {"uv": [13.25, 7, 13.75, 7.25], "texture": "#0"},
				"west": {"uv": [13.25, 5.5, 13.5, 7.25], "rotation": 270, "texture": "#0"},
				"up": {"uv": [13.25, 5.5, 13.75, 7.25], "texture": "#0"},
				"down": {"uv": [13.25, 7.25, 13.75, 5.5], "texture": "#0"}
			}
		},
		{
			"name": "hirame_31",
			"from": [0.75, 0, 5.75],
			"to": [1.25, 0.25, 6.25],
			"faces": {
				"north": {"uv": [1.25, 5.75, 0.75, 6], "texture": "#0"},
				"east": {"uv": [1, 5.75, 1.25, 6.25], "rotation": 90, "texture": "#0"},
				"south": {"uv": [0.75, 6, 1.25, 6.25], "texture": "#0"},
				"west": {"uv": [0.75, 5.75, 1, 6.25], "rotation": 270, "texture": "#0"},
				"up": {"uv": [0.75, 5.75, 1.25, 6.25], "texture": "#0"},
				"down": {"uv": [0.75, 6.25, 1.25, 5.75], "texture": "#0"}
			}
		},
		{
			"name": "hirame_32",
			"from": [12.75, 0, 5.75],
			"to": [13.25, 0.25, 7],
			"faces": {
				"north": {"uv": [13.25, 5.75, 12.75, 6], "texture": "#0"},
				"east": {"uv": [13, 5.75, 13.25, 7], "rotation": 90, "texture": "#0"},
				"south": {"uv": [12.75, 6.75, 13.25, 7], "texture": "#0"},
				"west": {"uv": [12.75, 5.75, 13, 7], "rotation": 270, "texture": "#0"},
				"up": {"uv": [12.75, 5.75, 13.25, 7], "texture": "#0"},
				"down": {"uv": [12.75, 7, 13.25, 5.75], "texture": "#0"}
			}
		},
		{
			"name": "hirame_33",
			"from": [1, 0, 6.25],
			"to": [1.25, 0.25, 6.5],
			"faces": {
				"north": {"uv": [1.25, 6.25, 1, 6.5], "texture": "#0"},
				"east": {"uv": [1, 6.25, 1.25, 6.5], "rotation": 90, "texture": "#0"},
				"south": {"uv": [1, 6.25, 1.25, 6.5], "texture": "#0"},
				"west": {"uv": [1, 6.25, 1.25, 6.5], "rotation": 270, "texture": "#0"},
				"up": {"uv": [1, 6.25, 1.25, 6.5], "texture": "#0"},
				"down": {"uv": [1, 6.5, 1.25, 6.25], "texture": "#0"}
			}
		},
		{
			"name": "hirame_34",
			"from": [0.5, 0, 6.5],
			"to": [0.75, 0.25, 7.25],
			"faces": {
				"north": {"uv": [0.75, 6.5, 0.5, 6.75], "texture": "#0"},
				"east": {"uv": [0.5, 6.5, 0.75, 7.25], "rotation": 90, "texture": "#0"},
				"south": {"uv": [0.5, 7, 0.75, 7.25], "texture": "#0"},
				"west": {"uv": [0.5, 6.5, 0.75, 7.25], "rotation": 270, "texture": "#0"},
				"up": {"uv": [0.5, 6.5, 0.75, 7.25], "texture": "#0"},
				"down": {"uv": [0.5, 7.25, 0.75, 6.5], "texture": "#0"}
			}
		},
		{
			"name": "hirame_35",
			"from": [0.25, 0, 6.75],
			"to": [0.5, 0.25, 7],
			"faces": {
				"north": {"uv": [0.5, 6.75, 0.25, 7], "texture": "#0"},
				"east": {"uv": [0.25, 6.75, 0.5, 7], "rotation": 90, "texture": "#0"},
				"south": {"uv": [0.25, 6.75, 0.5, 7], "texture": "#0"},
				"west": {"uv": [0.25, 6.75, 0.5, 7], "rotation": 270, "texture": "#0"},
				"up": {"uv": [0.25, 6.75, 0.5, 7], "texture": "#0"},
				"down": {"uv": [0.25, 7, 0.5, 6.75], "texture": "#0"}
			}
		},
		{
			"name": "hirame_36",
			"from": [0.75, 0, 6.75],
			"to": [1.25, 0.25, 7.5],
			"faces": {
				"north": {"uv": [1.25, 6.75, 0.75, 7], "texture": "#0"},
				"east": {"uv": [1, 6.75, 1.25, 7.5], "rotation": 90, "texture": "#0"},
				"south": {"uv": [0.75, 7.25, 1.25, 7.5], "texture": "#0"},
				"west": {"uv": [0.75, 6.75, 1, 7.5], "rotation": 270, "texture": "#0"},
				"up": {"uv": [0.75, 6.75, 1.25, 7.5], "texture": "#0"},
				"down": {"uv": [0.75, 7.5, 1.25, 6.75], "texture": "#0"}
			}
		},
		{
			"name": "hirame_37",
			"from": [1.5, 0, 6.75],
			"to": [1.75, 0.25, 7],
			"faces": {
				"north": {"uv": [1.75, 6.75, 1.5, 7], "texture": "#0"},
				"east": {"uv": [1.5, 6.75, 1.75, 7], "rotation": 90, "texture": "#0"},
				"south": {"uv": [1.5, 6.75, 1.75, 7], "texture": "#0"},
				"west": {"uv": [1.5, 6.75, 1.75, 7], "rotation": 270, "texture": "#0"},
				"up": {"uv": [1.5, 6.75, 1.75, 7], "texture": "#0"},
				"down": {"uv": [1.5, 7, 1.75, 6.75], "texture": "#0"}
			}
		},
		{
			"name": "hirame_38",
			"from": [1.25, 0, 7],
			"to": [1.5, 0.25, 8],
			"faces": {
				"north": {"uv": [1.5, 7, 1.25, 7.25], "texture": "#0"},
				"east": {"uv": [1.25, 7, 1.5, 8], "rotation": 90, "texture": "#0"},
				"south": {"uv": [1.25, 7.75, 1.5, 8], "texture": "#0"},
				"west": {"uv": [1.25, 7, 1.5, 8], "rotation": 270, "texture": "#0"},
				"up": {"uv": [1.25, 7, 1.5, 8], "texture": "#0"},
				"down": {"uv": [1.25, 8, 1.5, 7], "texture": "#0"}
			}
		},
		{
			"name": "hirame_39",
			"from": [1.5, 0, 7.25],
			"to": [1.75, 0.25, 8],
			"faces": {
				"north": {"uv": [1.75, 7.25, 1.5, 7.5], "texture": "#0"},
				"east": {"uv": [1.5, 7.25, 1.75, 8], "rotation": 90, "texture": "#0"},
				"south": {"uv": [1.5, 7.75, 1.75, 8], "texture": "#0"},
				"west": {"uv": [1.5, 7.25, 1.75, 8], "rotation": 270, "texture": "#0"},
				"up": {"uv": [1.5, 7.25, 1.75, 8], "texture": "#0"},
				"down": {"uv": [1.5, 8, 1.75, 7.25], "texture": "#0"}
			}
		},
		{
			"name": "hirame_40",
			"from": [12, 0, 7.25],
			"to": [12.25, 0.25, 7.5],
			"faces": {
				"north": {"uv": [12.25, 7.25, 12, 7.5], "texture": "#0"},
				"east": {"uv": [12, 7.25, 12.25, 7.5], "rotation": 90, "texture": "#0"},
				"south": {"uv": [12, 7.25, 12.25, 7.5], "texture": "#0"},
				"west": {"uv": [12, 7.25, 12.25, 7.5], "rotation": 270, "texture": "#0"},
				"up": {"uv": [12, 7.25, 12.25, 7.5], "texture": "#0"},
				"down": {"uv": [12, 7.5, 12.25, 7.25], "texture": "#0"}
			}
		},
		{
			"name": "hirame_41",
			"from": [1, 0, 7.5],
			"to": [1.25, 0.25, 7.75],
			"faces": {
				"north": {"uv": [1.25, 7.5, 1, 7.75], "texture": "#0"},
				"east": {"uv": [1, 7.5, 1.25, 7.75], "rotation": 90, "texture": "#0"},
				"south": {"uv": [1, 7.5, 1.25, 7.75], "texture": "#0"},
				"west": {"uv": [1, 7.5, 1.25, 7.75], "rotation": 270, "texture": "#0"},
				"up": {"uv": [1, 7.5, 1.25, 7.75], "texture": "#0"},
				"down": {"uv": [1, 7.75, 1.25, 7.5], "texture": "#0"}
			}
		},
		{
			"name": "hirame_42",
			"from": [14.25, 0, 7.75],
			"to": [14.5, 0.25, 8],
			"faces": {
				"north": {"uv": [14.5, 7.75, 14.25, 8], "texture": "#0"},
				"east": {"uv": [14.25, 7.75, 14.5, 8], "rotation": 90, "texture": "#0"},
				"south": {"uv": [14.25, 7.75, 14.5, 8], "texture": "#0"},
				"west": {"uv": [14.25, 7.75, 14.5, 8], "rotation": 270, "texture": "#0"},
				"up": {"uv": [14.25, 7.75, 14.5, 8], "texture": "#0"},
				"down": {"uv": [14.25, 8, 14.5, 7.75], "texture": "#0"}
			}
		},
		{
			"name": "hirame_43",
			"from": [14.75, 0, 8],
			"to": [15, 0.25, 8.5],
			"faces": {
				"north": {"uv": [15, 8, 14.75, 8.25], "texture": "#0"},
				"east": {"uv": [14.75, 8, 15, 8.5], "rotation": 90, "texture": "#0"},
				"south": {"uv": [14.75, 8.25, 15, 8.5], "texture": "#0"},
				"west": {"uv": [14.75, 8, 15, 8.5], "rotation": 270, "texture": "#0"},
				"up": {"uv": [14.75, 8, 15, 8.5], "texture": "#0"},
				"down": {"uv": [14.75, 8.5, 15, 8], "texture": "#0"}
			}
		},
		{
			"name": "hirame_44",
			"from": [3.75, 0, 8.75],
			"to": [4.25, 0.25, 9],
			"faces": {
				"north": {"uv": [4.25, 8.75, 3.75, 9], "texture": "#0"},
				"east": {"uv": [4, 8.75, 4.25, 9], "rotation": 90, "texture": "#0"},
				"south": {"uv": [3.75, 8.75, 4.25, 9], "texture": "#0"},
				"west": {"uv": [3.75, 8.75, 4, 9], "rotation": 270, "texture": "#0"},
				"up": {"uv": [3.75, 8.75, 4.25, 9], "texture": "#0"},
				"down": {"uv": [3.75, 9, 4.25, 8.75], "texture": "#0"}
			}
		},
		{
			"name": "hirame_45",
			"from": [10, 0, 9],
			"to": [10.25, 0.25, 9.25],
			"faces": {
				"north": {"uv": [10.25, 9, 10, 9.25], "texture": "#0"},
				"east": {"uv": [10, 9, 10.25, 9.25], "rotation": 90, "texture": "#0"},
				"south": {"uv": [10, 9, 10.25, 9.25], "texture": "#0"},
				"west": {"uv": [10, 9, 10.25, 9.25], "rotation": 270, "texture": "#0"},
				"up": {"uv": [10, 9, 10.25, 9.25], "texture": "#0"},
				"down": {"uv": [10, 9.25, 10.25, 9], "texture": "#0"}
			}
		},
		{
			"name": "hirame_46",
			"from": [4.75, 0, 9.25],
			"to": [5, 0.25, 9.5],
			"faces": {
				"north": {"uv": [5, 9.25, 4.75, 9.5], "texture": "#0"},
				"east": {"uv": [4.75, 9.25, 5, 9.5], "rotation": 90, "texture": "#0"},
				"south": {"uv": [4.75, 9.25, 5, 9.5], "texture": "#0"},
				"west": {"uv": [4.75, 9.25, 5, 9.5], "rotation": 270, "texture": "#0"},
				"up": {"uv": [4.75, 9.25, 5, 9.5], "texture": "#0"},
				"down": {"uv": [4.75, 9.5, 5, 9.25], "texture": "#0"}
			}
		},
		{
			"name": "hirame_47",
			"from": [5.25, 0, 9.5],
			"to": [5.5, 0.25, 9.75],
			"faces": {
				"north": {"uv": [5.5, 9.5, 5.25, 9.75], "texture": "#0"},
				"east": {"uv": [5.25, 9.5, 5.5, 9.75], "rotation": 90, "texture": "#0"},
				"south": {"uv": [5.25, 9.5, 5.5, 9.75], "texture": "#0"},
				"west": {"uv": [5.25, 9.5, 5.5, 9.75], "rotation": 270, "texture": "#0"},
				"up": {"uv": [5.25, 9.5, 5.5, 9.75], "texture": "#0"},
				"down": {"uv": [5.25, 9.75, 5.5, 9.5], "texture": "#0"}
			}
		},
		{
			"name": "hirame_48",
			"from": [5.75, 0, 9.75],
			"to": [6, 0.25, 10],
			"faces": {
				"north": {"uv": [6, 9.75, 5.75, 10], "texture": "#0"},
				"east": {"uv": [5.75, 9.75, 6, 10], "rotation": 90, "texture": "#0"},
				"south": {"uv": [5.75, 9.75, 6, 10], "texture": "#0"},
				"west": {"uv": [5.75, 9.75, 6, 10], "rotation": 270, "texture": "#0"},
				"up": {"uv": [5.75, 9.75, 6, 10], "texture": "#0"},
				"down": {"uv": [5.75, 10, 6, 9.75], "texture": "#0"}
			}
		},
		{
			"name": "hirame_49",
			"from": [7, 0, 10.25],
			"to": [8, 0.25, 10.5],
			"faces": {
				"north": {"uv": [8, 10.25, 7, 10.5], "texture": "#0"},
				"east": {"uv": [7.75, 10.25, 8, 10.5], "rotation": 90, "texture": "#0"},
				"south": {"uv": [7, 10.25, 8, 10.5], "texture": "#0"},
				"west": {"uv": [7, 10.25, 7.25, 10.5], "rotation": 270, "texture": "#0"},
				"up": {"uv": [7, 10.25, 8, 10.5], "texture": "#0"},
				"down": {"uv": [7, 10.5, 8, 10.25], "texture": "#0"}
			}
		}
	],
	"gui_light": "front",
	"display": {
		"thirdperson_righthand": {
			"rotation": [-180, -35, 0],
			"translation": [0.75, -5.25, 0],
			"scale": [0.72, 0.72, 0.72]
		},
		"thirdperson_lefthand": {
			"rotation": [0, -132, 0],
			"translation": [0.75, 6, 0],
			"scale": [0.72, 0.72, 0.72]
		},
		"firstperson_righthand": {
			"rotation": [88, -31, 0],
			"translation": [5.25, -1.75, 5],
			"scale": [0.72, 0.72, 0.72]
		},
		"firstperson_lefthand": {
			"rotation": [82, -35, -174],
			"translation": [2.75, -0.5, -1.5],
			"scale": [0.72, 0.72, 0.72]
		},
		"ground": {
			"rotation": [-180, 0, 0],
			"translation": [0, -11, -2.25]
		},
		"gui": {
			"rotation": [90, 0, 0],
			"translation": [0, 0, 17.5],
			"scale": [1.06, 1.06, 1.06]
		},
		"head": {
			"rotation": [90, 6, -180],
			"translation": [-0.25, -2.25, -16],
			"scale": [1.19, 1.19, 1.19]
		},
		"fixed": {
			"rotation": [90, 0, 0],
			"translation": [-0.5, 0.25, 9.75],
			"scale": [1.25, 1.25, 1.25]
		}
	},
	"groups": [
		{
			"name": "hirame",
			"origin": [8, 8, 8],
			"children": [0, 1, 2, 3, 4, 5, 6, 7, 8, 9, 10, 11, 12, 13, 14, 15, 16, 17, 18, 19, 20, 21, 22, 23, 24, 25, 26, 27, 28, 29, 30, 31, 32, 33, 34, 35, 36, 37, 38, 39, 40, 41, 42, 43, 44, 45, 46, 47, 48, 49]
		}
	]
}
