{
	"credit": "Made with Blockbench",
	"textures": {
		"1": "fish/ika",
		"particle": "fish/ika"
	},
	"elements": [
		{
			"name": "ika_0",
			"from": [7.5, 0, 0],
			"to": [8.5, 0.25, 15.25],
			"faces": {
				"north": {"uv": [8.5, 0, 7.5, 0.25], "texture": "#1"},
				"east": {"uv": [8.25, 0, 8.5, 15.25], "rotation": 90, "texture": "#1"},
				"south": {"uv": [7.5, 15, 8.5, 15.25], "texture": "#1"},
				"west": {"uv": [7.5, 0, 7.75, 15.25], "rotation": 270, "texture": "#1"},
				"up": {"uv": [7.5, 0, 8.5, 15.25], "texture": "#1"},
				"down": {"uv": [7.5, 15.25, 8.5, 0], "texture": "#1"}
			}
		},
		{
			"name": "ika_1",
			"from": [6.5, 0, 0.25],
			"to": [7.5, 0.25, 11],
			"faces": {
				"north": {"uv": [7.5, 0.25, 6.5, 0.5], "texture": "#1"},
				"east": {"uv": [7.25, 0.25, 7.5, 11], "rotation": 90, "texture": "#1"},
				"south": {"uv": [6.5, 10.75, 7.5, 11], "texture": "#1"},
				"west": {"uv": [6.5, 0.25, 6.75, 11], "rotation": 270, "texture": "#1"},
				"up": {"uv": [6.5, 0.25, 7.5, 11], "texture": "#1"},
				"down": {"uv": [6.5, 11, 7.5, 0.25], "texture": "#1"}
			}
		},
		{
			"name": "ika_2",
			"from": [8.5, 0, 0.25],
			"to": [9.25, 0.25, 13.25],
			"faces": {
				"north": {"uv": [9.25, 0.25, 8.5, 0.5], "texture": "#1"},
				"east": {"uv": [9, 0.25, 9.25, 13.25], "rotation": 90, "texture": "#1"},
				"south": {"uv": [8.5, 13, 9.25, 13.25], "texture": "#1"},
				"west": {"uv": [8.5, 0.25, 8.75, 13.25], "rotation": 270, "texture": "#1"},
				"up": {"uv": [8.5, 0.25, 9.25, 13.25], "texture": "#1"},
				"down": {"uv": [8.5, 13.25, 9.25, 0.25], "texture": "#1"}
			}
		},
		{
			"name": "ika_3",
			"from": [9.25, 0, 0.5],
			"to": [9.5, 0.25, 11],
			"faces": {
				"north": {"uv": [9.5, 0.5, 9.25, 0.75], "texture": "#1"},
				"east": {"uv": [9.25, 0.5, 9.5, 11], "rotation": 90, "texture": "#1"},
				"south": {"uv": [9.25, 10.75, 9.5, 11], "texture": "#1"},
				"west": {"uv": [9.25, 0.5, 9.5, 11], "rotation": 270, "texture": "#1"},
				"up": {"uv": [9.25, 0.5, 9.5, 11], "texture": "#1"},
				"down": {"uv": [9.25, 11, 9.5, 0.5], "texture": "#1"}
			}
		},
		{
			"name": "ika_4",
			"from": [6.25, 0, 0.75],
			"to": [6.5, 0.25, 10.25],
			"faces": {
				"north": {"uv": [6.5, 0.75, 6.25, 1], "texture": "#1"},
				"east": {"uv": [6.25, 0.75, 6.5, 10.25], "rotation": 90, "texture": "#1"},
				"south": {"uv": [6.25, 10, 6.5, 10.25], "texture": "#1"},
				"west": {"uv": [6.25, 0.75, 6.5, 10.25], "rotation": 270, "texture": "#1"},
				"up": {"uv": [6.25, 0.75, 6.5, 10.25], "texture": "#1"},
				"down": {"uv": [6.25, 10.25, 6.5, 0.75], "texture": "#1"}
			}
		},
		{
			"name": "ika_5",
			"from": [9.5, 0, 0.75],
			"to": [9.75, 0.25, 10.25],
			"faces": {
				"north": {"uv": [9.75, 0.75, 9.5, 1], "texture": "#1"},
				"east": {"uv": [9.5, 0.75, 9.75, 10.25], "rotation": 90, "texture": "#1"},
				"south": {"uv": [9.5, 10, 9.75, 10.25], "texture": "#1"},
				"west": {"uv": [9.5, 0.75, 9.75, 10.25], "rotation": 270, "texture": "#1"},
				"up": {"uv": [9.5, 0.75, 9.75, 10.25], "texture": "#1"},
				"down": {"uv": [9.5, 10.25, 9.75, 0.75], "texture": "#1"}
			}
		},
		{
			"name": "ika_6",
			"from": [6, 0, 1],
			"to": [6.25, 0.25, 9],
			"faces": {
				"north": {"uv": [6.25, 1, 6, 1.25], "texture": "#1"},
				"east": {"uv": [6, 1, 6.25, 9], "rotation": 90, "texture": "#1"},
				"south": {"uv": [6, 8.75, 6.25, 9], "texture": "#1"},
				"west": {"uv": [6, 1, 6.25, 9], "rotation": 270, "texture": "#1"},
				"up": {"uv": [6, 1, 6.25, 9], "texture": "#1"},
				"down": {"uv": [6, 9, 6.25, 1], "texture": "#1"}
			}
		},
		{
			"name": "ika_7",
			"from": [9.75, 0, 1],
			"to": [10, 0.25, 9.25],
			"faces": {
				"north": {"uv": [10, 1, 9.75, 1.25], "texture": "#1"},
				"east": {"uv": [9.75, 1, 10, 9.25], "rotation": 90, "texture": "#1"},
				"south": {"uv": [9.75, 9, 10, 9.25], "texture": "#1"},
				"west": {"uv": [9.75, 1, 10, 9.25], "rotation": 270, "texture": "#1"},
				"up": {"uv": [9.75, 1, 10, 9.25], "texture": "#1"},
				"down": {"uv": [9.75, 9.25, 10, 1], "texture": "#1"}
			}
		},
		{
			"name": "ika_8",
			"from": [5.75, 0, 1.25],
			"to": [6, 0.25, 8.5],
			"faces": {
				"north": {"uv": [6, 1.25, 5.75, 1.5], "texture": "#1"},
				"east": {"uv": [5.75, 1.25, 6, 8.5], "rotation": 90, "texture": "#1"},
				"south": {"uv": [5.75, 8.25, 6, 8.5], "texture": "#1"},
				"west": {"uv": [5.75, 1.25, 6, 8.5], "rotation": 270, "texture": "#1"},
				"up": {"uv": [5.75, 1.25, 6, 8.5], "texture": "#1"},
				"down": {"uv": [5.75, 8.5, 6, 1.25], "texture": "#1"}
			}
		},
		{
			"name": "ika_9",
			"from": [10, 0, 1.25],
			"to": [10.25, 0.25, 9.25],
			"faces": {
				"north": {"uv": [10.25, 1.25, 10, 1.5], "texture": "#1"},
				"east": {"uv": [10, 1.25, 10.25, 9.25], "rotation": 90, "texture": "#1"},
				"south": {"uv": [10, 9, 10.25, 9.25], "texture": "#1"},
				"west": {"uv": [10, 1.25, 10.25, 9.25], "rotation": 270, "texture": "#1"},
				"up": {"uv": [10, 1.25, 10.25, 9.25], "texture": "#1"},
				"down": {"uv": [10, 9.25, 10.25, 1.25], "texture": "#1"}
			}
		},
		{
			"name": "ika_10",
			"from": [5.5, 0, 1.5],
			"to": [5.75, 0.25, 8],
			"faces": {
				"north": {"uv": [5.75, 1.5, 5.5, 1.75], "texture": "#1"},
				"east": {"uv": [5.5, 1.5, 5.75, 8], "rotation": 90, "texture": "#1"},
				"south": {"uv": [5.5, 7.75, 5.75, 8], "texture": "#1"},
				"west": {"uv": [5.5, 1.5, 5.75, 8], "rotation": 270, "texture": "#1"},
				"up": {"uv": [5.5, 1.5, 5.75, 8], "texture": "#1"},
				"down": {"uv": [5.5, 8, 5.75, 1.5], "texture": "#1"}
			}
		},
		{
			"name": "ika_11",
			"from": [10.25, 0, 1.5],
			"to": [10.5, 0.25, 9],
			"faces": {
				"north": {"uv": [10.5, 1.5, 10.25, 1.75], "texture": "#1"},
				"east": {"uv": [10.25, 1.5, 10.5, 9], "rotation": 90, "texture": "#1"},
				"south": {"uv": [10.25, 8.75, 10.5, 9], "texture": "#1"},
				"west": {"uv": [10.25, 1.5, 10.5, 9], "rotation": 270, "texture": "#1"},
				"up": {"uv": [10.25, 1.5, 10.5, 9], "texture": "#1"},
				"down": {"uv": [10.25, 9, 10.5, 1.5], "texture": "#1"}
			}
		},
		{
			"name": "ika_12",
			"from": [5.25, 0, 1.75],
			"to": [5.5, 0.25, 7.5],
			"faces": {
				"north": {"uv": [5.5, 1.75, 5.25, 2], "texture": "#1"},
				"east": {"uv": [5.25, 1.75, 5.5, 7.5], "rotation": 90, "texture": "#1"},
				"south": {"uv": [5.25, 7.25, 5.5, 7.5], "texture": "#1"},
				"west": {"uv": [5.25, 1.75, 5.5, 7.5], "rotation": 270, "texture": "#1"},
				"up": {"uv": [5.25, 1.75, 5.5, 7.5], "texture": "#1"},
				"down": {"uv": [5.25, 7.5, 5.5, 1.75], "texture": "#1"}
			}
		},
		{
			"name": "ika_13",
			"from": [10.5, 0, 1.75],
			"to": [10.75, 0.25, 7.5],
			"faces": {
				"north": {"uv": [10.75, 1.75, 10.5, 2], "texture": "#1"},
				"east": {"uv": [10.5, 1.75, 10.75, 7.5], "rotation": 90, "texture": "#1"},
				"south": {"uv": [10.5, 7.25, 10.75, 7.5], "texture": "#1"},
				"west": {"uv": [10.5, 1.75, 10.75, 7.5], "rotation": 270, "texture": "#1"},
				"up": {"uv": [10.5, 1.75, 10.75, 7.5], "texture": "#1"},
				"down": {"uv": [10.5, 7.5, 10.75, 1.75], "texture": "#1"}
			}
		},
		{
			"name": "ika_14",
			"from": [5, 0, 2],
			"to": [5.25, 0.25, 6.75],
			"faces": {
				"north": {"uv": [5.25, 2, 5, 2.25], "texture": "#1"},
				"east": {"uv": [5, 2, 5.25, 6.75], "rotation": 90, "texture": "#1"},
				"south": {"uv": [5, 6.5, 5.25, 6.75], "texture": "#1"},
				"west": {"uv": [5, 2, 5.25, 6.75], "rotation": 270, "texture": "#1"},
				"up": {"uv": [5, 2, 5.25, 6.75], "texture": "#1"},
				"down": {"uv": [5, 6.75, 5.25, 2], "texture": "#1"}
			}
		},
		{
			"name": "ika_15",
			"from": [10.75, 0, 2],
			"to": [11, 0.25, 6.75],
			"faces": {
				"north": {"uv": [11, 2, 10.75, 2.25], "texture": "#1"},
				"east": {"uv": [10.75, 2, 11, 6.75], "rotation": 90, "texture": "#1"},
				"south": {"uv": [10.75, 6.5, 11, 6.75], "texture": "#1"},
				"west": {"uv": [10.75, 2, 11, 6.75], "rotation": 270, "texture": "#1"},
				"up": {"uv": [10.75, 2, 11, 6.75], "texture": "#1"},
				"down": {"uv": [10.75, 6.75, 11, 2], "texture": "#1"}
			}
		},
		{
			"name": "ika_16",
			"from": [11, 0, 2.5],
			"to": [11.5, 0.25, 3.75],
			"faces": {
				"north": {"uv": [11.5, 2.5, 11, 2.75], "texture": "#1"},
				"east": {"uv": [11.25, 2.5, 11.5, 3.75], "rotation": 90, "texture": "#1"},
				"south": {"uv": [11, 3.5, 11.5, 3.75], "texture": "#1"},
				"west": {"uv": [11, 2.5, 11.25, 3.75], "rotation": 270, "texture": "#1"},
				"up": {"uv": [11, 2.5, 11.5, 3.75], "texture": "#1"},
				"down": {"uv": [11, 3.75, 11.5, 2.5], "texture": "#1"}
			}
		},
		{
			"name": "ika_17",
			"from": [4.75, 0, 2.75],
			"to": [5, 0.25, 5.75],
			"faces": {
				"north": {"uv": [5, 2.75, 4.75, 3], "texture": "#1"},
				"east": {"uv": [4.75, 2.75, 5, 5.75], "rotation": 90, "texture": "#1"},
				"south": {"uv": [4.75, 5.5, 5, 5.75], "texture": "#1"},
				"west": {"uv": [4.75, 2.75, 5, 5.75], "rotation": 270, "texture": "#1"},
				"up": {"uv": [4.75, 2.75, 5, 5.75], "texture": "#1"},
				"down": {"uv": [4.75, 5.75, 5, 2.75], "texture": "#1"}
			}
		},
		{
			"name": "ika_18",
			"from": [11.5, 0, 2.75],
			"to": [11.75, 0.25, 3.5],
			"faces": {
				"north": {"uv": [11.75, 2.75, 11.5, 3], "texture": "#1"},
				"east": {"uv": [11.5, 2.75, 11.75, 3.5], "rotation": 90, "texture": "#1"},
				"south": {"uv": [11.5, 3.25, 11.75, 3.5], "texture": "#1"},
				"west": {"uv": [11.5, 2.75, 11.75, 3.5], "rotation": 270, "texture": "#1"},
				"up": {"uv": [11.5, 2.75, 11.75, 3.5], "texture": "#1"},
				"down": {"uv": [11.5, 3.5, 11.75, 2.75], "texture": "#1"}
			}
		},
		{
			"name": "ika_19",
			"from": [11, 0, 3.75],
			"to": [11.25, 0.25, 5.75],
			"faces": {
				"north": {"uv": [11.25, 3.75, 11, 4], "texture": "#1"},
				"east": {"uv": [11, 3.75, 11.25, 5.75], "rotation": 90, "texture": "#1"},
				"south": {"uv": [11, 5.5, 11.25, 5.75], "texture": "#1"},
				"west": {"uv": [11, 3.75, 11.25, 5.75], "rotation": 270, "texture": "#1"},
				"up": {"uv": [11, 3.75, 11.25, 5.75], "texture": "#1"},
				"down": {"uv": [11, 5.75, 11.25, 3.75], "texture": "#1"}
			}
		},
		{
			"name": "ika_20",
			"from": [10.5, 0, 8.5],
			"to": [10.75, 0.25, 9],
			"faces": {
				"north": {"uv": [10.75, 8.5, 10.5, 8.75], "texture": "#1"},
				"east": {"uv": [10.5, 8.5, 10.75, 9], "rotation": 90, "texture": "#1"},
				"south": {"uv": [10.5, 8.75, 10.75, 9], "texture": "#1"},
				"west": {"uv": [10.5, 8.5, 10.75, 9], "rotation": 270, "texture": "#1"},
				"up": {"uv": [10.5, 8.5, 10.75, 9], "texture": "#1"},
				"down": {"uv": [10.5, 9, 10.75, 8.5], "texture": "#1"}
			}
		},
		{
			"name": "ika_21",
			"from": [6.75, 0, 11],
			"to": [7.5, 0.25, 13.25],
			"faces": {
				"north": {"uv": [7.5, 11, 6.75, 11.25], "texture": "#1"},
				"east": {"uv": [7.25, 11, 7.5, 13.25], "rotation": 90, "texture": "#1"},
				"south": {"uv": [6.75, 13, 7.5, 13.25], "texture": "#1"},
				"west": {"uv": [6.75, 11, 7, 13.25], "rotation": 270, "texture": "#1"},
				"up": {"uv": [6.75, 11, 7.5, 13.25], "texture": "#1"},
				"down": {"uv": [6.75, 13.25, 7.5, 11], "texture": "#1"}
			}
		},
		{
			"name": "ika_22",
			"from": [7, 0, 13.25],
			"to": [7.5, 0.25, 14.25],
			"faces": {
				"north": {"uv": [7.5, 13.25, 7, 13.5], "texture": "#1"},
				"east": {"uv": [7.25, 13.25, 7.5, 14.25], "rotation": 90, "texture": "#1"},
				"south": {"uv": [7, 14, 7.5, 14.25], "texture": "#1"},
				"west": {"uv": [7, 13.25, 7.25, 14.25], "rotation": 270, "texture": "#1"},
				"up": {"uv": [7, 13.25, 7.5, 14.25], "texture": "#1"},
				"down": {"uv": [7, 14.25, 7.5, 13.25], "texture": "#1"}
			}
		},
		{
			"name": "ika_23",
			"from": [8.5, 0, 13.25],
			"to": [9, 0.25, 14.25],
			"faces": {
				"north": {"uv": [9, 13.25, 8.5, 13.5], "texture": "#1"},
				"east": {"uv": [8.75, 13.25, 9, 14.25], "rotation": 90, "texture": "#1"},
				"south": {"uv": [8.5, 14, 9, 14.25], "texture": "#1"},
				"west": {"uv": [8.5, 13.25, 8.75, 14.25], "rotation": 270, "texture": "#1"},
				"up": {"uv": [8.5, 13.25, 9, 14.25], "texture": "#1"},
				"down": {"uv": [8.5, 14.25, 9, 13.25], "texture": "#1"}
			}
		},
		{
			"name": "ika_24",
			"from": [7.25, 0, 14.25],
			"to": [7.5, 0.25, 15.25],
			"faces": {
				"north": {"uv": [7.5, 14.25, 7.25, 14.5], "texture": "#1"},
				"east": {"uv": [7.25, 14.25, 7.5, 15.25], "rotation": 90, "texture": "#1"},
				"south": {"uv": [7.25, 15, 7.5, 15.25], "texture": "#1"},
				"west": {"uv": [7.25, 14.25, 7.5, 15.25], "rotation": 270, "texture": "#1"},
				"up": {"uv": [7.25, 14.25, 7.5, 15.25], "texture": "#1"},
				"down": {"uv": [7.25, 15.25, 7.5, 14.25], "texture": "#1"}
			}
		},
		{
			"name": "ika_25",
			"from": [8.5, 0, 14.25],
			"to": [8.75, 0.25, 15.25],
			"faces": {
				"north": {"uv": [8.75, 14.25, 8.5, 14.5], "texture": "#1"},
				"east": {"uv": [8.5, 14.25, 8.75, 15.25], "rotation": 90, "texture": "#1"},
				"south": {"uv": [8.5, 15, 8.75, 15.25], "texture": "#1"},
				"west": {"uv": [8.5, 14.25, 8.75, 15.25], "rotation": 270, "texture": "#1"},
				"up": {"uv": [8.5, 14.25, 8.75, 15.25], "texture": "#1"},
				"down": {"uv": [8.5, 15.25, 8.75, 14.25], "texture": "#1"}
			}
		},
		{
			"name": "ika_26",
			"from": [7.5, 0, 15.25],
			"to": [7.75, 0.25, 15.75],
			"faces": {
				"north": {"uv": [7.75, 15.25, 7.5, 15.5], "texture": "#1"},
				"east": {"uv": [7.5, 15.25, 7.75, 15.75], "rotation": 90, "texture": "#1"},
				"south": {"uv": [7.5, 15.5, 7.75, 15.75], "texture": "#1"},
				"west": {"uv": [7.5, 15.25, 7.75, 15.75], "rotation": 270, "texture": "#1"},
				"up": {"uv": [7.5, 15.25, 7.75, 15.75], "texture": "#1"},
				"down": {"uv": [7.5, 15.75, 7.75, 15.25], "texture": "#1"}
			}
		},
		{
			"name": "ika_27",
			"from": [8.25, 0, 15.25],
			"to": [8.5, 0.25, 15.75],
			"faces": {
				"north": {"uv": [8.5, 15.25, 8.25, 15.5], "texture": "#1"},
				"east": {"uv": [8.25, 15.25, 8.5, 15.75], "rotation": 90, "texture": "#1"},
				"south": {"uv": [8.25, 15.5, 8.5, 15.75], "texture": "#1"},
				"west": {"uv": [8.25, 15.25, 8.5, 15.75], "rotation": 270, "texture": "#1"},
				"up": {"uv": [8.25, 15.25, 8.5, 15.75], "texture": "#1"},
				"down": {"uv": [8.25, 15.75, 8.5, 15.25], "texture": "#1"}
			}
		}
	],
	"gui_light": "front",
	"display": {
		"thirdperson_righthand": {
			"rotation": [129, -2.75, 1.75],
			"translation": [-0.25, -5.25, 2.5],
			"scale": [0.65, 0.65, 0.65]
		},
		"thirdperson_lefthand": {
			"rotation": [129, -2.75, 1.75],
			"translation": [-0.25, -5.25, 2.5],
			"scale": [0.65, 0.65, 0.65]
		},
		"firstperson_righthand": {
			"rotation": [86, 38, 1.75],
			"translation": [-0.25, 2.75, 7.75],
			"scale": [0.65, 0.65, 0.65]
		},
		"firstperson_lefthand": {
			"rotation": [86, 38, 1.75],
			"translation": [-0.25, 2.75, 7.75],
			"scale": [0.65, 0.65, 0.65]
		},
		"ground": {
			"rotation": [90, 0, 0],
			"translation": [-2.25, 6.75, 18.5],
			"scale": [1.39, 1.39, 1.39]
		},
		"gui": {
			"rotation": [90, 0, 0],
			"translation": [0.5, 0, 9]
		},
		"head": {
			"rotation": [90, -2.75, 1.75],
			"translation": [1, 12.5, 12.25],
			"scale": [0.92, 0.92, 0.92]
		},
		"fixed": {
			"rotation": [90, 0, 0],
			"translation": [-0.5, 0.25, 8.25],
			"scale": [1.06055, 1.06055, 1.06055]
		}
	},
	"groups": [
		{
			"name": "ika",
			"origin": [8, 8, 8],
			"children": [0, 1, 2, 3, 4, 5, 6, 7, 8, 9, 10, 11, 12, 13, 14, 15, 16, 17, 18, 19, 20, 21, 22, 23, 24, 25, 26, 27]
		}
	]
}