{
	"credit": "Made with Blockbench",
	"textures": {
		"1": "fish/isidai",
		"particle": "fish/isidai"
	},
	"elements": [
		{
			"name": "isidai_0",
			"from": [5.5, 0, 3.75],
			"to": [8.25, 0.25, 10.75],
			"faces": {
				"north": {"uv": [8.25, 3.75, 5.5, 4], "texture": "#1"},
				"east": {"uv": [8, 3.75, 8.25, 10.75], "rotation": 90, "texture": "#1"},
				"south": {"uv": [5.5, 10.5, 8.25, 10.75], "texture": "#1"},
				"west": {"uv": [5.5, 3.75, 5.75, 10.75], "rotation": 270, "texture": "#1"},
				"up": {"uv": [5.5, 3.75, 8.25, 10.75], "texture": "#1"},
				"down": {"uv": [5.5, 10.75, 8.25, 3.75], "texture": "#1"}
			}
		},
		{
			"name": "isidai_1",
			"from": [5.25, 0, 4],
			"to": [5.5, 0.25, 11],
			"faces": {
				"north": {"uv": [5.5, 4, 5.25, 4.25], "texture": "#1"},
				"east": {"uv": [5.25, 4, 5.5, 11], "rotation": 90, "texture": "#1"},
				"south": {"uv": [5.25, 10.75, 5.5, 11], "texture": "#1"},
				"west": {"uv": [5.25, 4, 5.5, 11], "rotation": 270, "texture": "#1"},
				"up": {"uv": [5.25, 4, 5.5, 11], "texture": "#1"},
				"down": {"uv": [5.25, 11, 5.5, 4], "texture": "#1"}
			}
		},
		{
			"name": "isidai_2",
			"from": [8.25, 0, 4],
			"to": [8.5, 0.25, 10.75],
			"faces": {
				"north": {"uv": [8.5, 4, 8.25, 4.25], "texture": "#1"},
				"east": {"uv": [8.25, 4, 8.5, 10.75], "rotation": 90, "texture": "#1"},
				"south": {"uv": [8.25, 10.5, 8.5, 10.75], "texture": "#1"},
				"west": {"uv": [8.25, 4, 8.5, 10.75], "rotation": 270, "texture": "#1"},
				"up": {"uv": [8.25, 4, 8.5, 10.75], "texture": "#1"},
				"down": {"uv": [8.25, 10.75, 8.5, 4], "texture": "#1"}
			}
		},
		{
			"name": "isidai_3",
			"from": [9.5, 0, 4],
			"to": [11.25, 0.25, 9.25],
			"faces": {
				"north": {"uv": [11.25, 4, 9.5, 4.25], "texture": "#1"},
				"east": {"uv": [11, 4, 11.25, 9.25], "rotation": 90, "texture": "#1"},
				"south": {"uv": [9.5, 9, 11.25, 9.25], "texture": "#1"},
				"west": {"uv": [9.5, 4, 9.75, 9.25], "rotation": 270, "texture": "#1"},
				"up": {"uv": [9.5, 4, 11.25, 9.25], "texture": "#1"},
				"down": {"uv": [9.5, 9.25, 11.25, 4], "texture": "#1"}
			}
		},
		{
			"name": "isidai_4",
			"from": [5, 0, 4.25],
			"to": [5.25, 0.25, 11],
			"faces": {
				"north": {"uv": [5.25, 4.25, 5, 4.5], "texture": "#1"},
				"east": {"uv": [5, 4.25, 5.25, 11], "rotation": 90, "texture": "#1"},
				"south": {"uv": [5, 10.75, 5.25, 11], "texture": "#1"},
				"west": {"uv": [5, 4.25, 5.25, 11], "rotation": 270, "texture": "#1"},
				"up": {"uv": [5, 4.25, 5.25, 11], "texture": "#1"},
				"down": {"uv": [5, 11, 5.25, 4.25], "texture": "#1"}
			}
		},
		{
			"name": "isidai_5",
			"from": [8.5, 0, 4.25],
			"to": [9.5, 0.25, 10.75],
			"faces": {
				"north": {"uv": [9.5, 4.25, 8.5, 4.5], "texture": "#1"},
				"east": {"uv": [9.25, 4.25, 9.5, 10.75], "rotation": 90, "texture": "#1"},
				"south": {"uv": [8.5, 10.5, 9.5, 10.75], "texture": "#1"},
				"west": {"uv": [8.5, 4.25, 8.75, 10.75], "rotation": 270, "texture": "#1"},
				"up": {"uv": [8.5, 4.25, 9.5, 10.75], "texture": "#1"},
				"down": {"uv": [8.5, 10.75, 9.5, 4.25], "texture": "#1"}
			}
		},
		{
			"name": "isidai_6",
			"from": [11.25, 0, 4.25],
			"to": [11.5, 0.25, 5.25],
			"faces": {
				"north": {"uv": [11.5, 4.25, 11.25, 4.5], "texture": "#1"},
				"east": {"uv": [11.25, 4.25, 11.5, 5.25], "rotation": 90, "texture": "#1"},
				"south": {"uv": [11.25, 5, 11.5, 5.25], "texture": "#1"},
				"west": {"uv": [11.25, 4.25, 11.5, 5.25], "rotation": 270, "texture": "#1"},
				"up": {"uv": [11.25, 4.25, 11.5, 5.25], "texture": "#1"},
				"down": {"uv": [11.25, 5.25, 11.5, 4.25], "texture": "#1"}
			}
		},
		{
			"name": "isidai_7",
			"from": [4.75, 0, 4.5],
			"to": [5, 0.25, 11],
			"faces": {
				"north": {"uv": [5, 4.5, 4.75, 4.75], "texture": "#1"},
				"east": {"uv": [4.75, 4.5, 5, 11], "rotation": 90, "texture": "#1"},
				"south": {"uv": [4.75, 10.75, 5, 11], "texture": "#1"},
				"west": {"uv": [4.75, 4.5, 5, 11], "rotation": 270, "texture": "#1"},
				"up": {"uv": [4.75, 4.5, 5, 11], "texture": "#1"},
				"down": {"uv": [4.75, 11, 5, 4.5], "texture": "#1"}
			}
		},
		{
			"name": "isidai_8",
			"from": [4.5, 0, 4.75],
			"to": [4.75, 0.25, 11],
			"faces": {
				"north": {"uv": [4.75, 4.75, 4.5, 5], "texture": "#1"},
				"east": {"uv": [4.5, 4.75, 4.75, 11], "rotation": 90, "texture": "#1"},
				"south": {"uv": [4.5, 10.75, 4.75, 11], "texture": "#1"},
				"west": {"uv": [4.5, 4.75, 4.75, 11], "rotation": 270, "texture": "#1"},
				"up": {"uv": [4.5, 4.75, 4.75, 11], "texture": "#1"},
				"down": {"uv": [4.5, 11, 4.75, 4.75], "texture": "#1"}
			}
		},
		{
			"name": "isidai_9",
			"from": [3.75, 0, 5],
			"to": [4.5, 0.25, 11],
			"faces": {
				"north": {"uv": [4.5, 5, 3.75, 5.25], "texture": "#1"},
				"east": {"uv": [4.25, 5, 4.5, 11], "rotation": 90, "texture": "#1"},
				"south": {"uv": [3.75, 10.75, 4.5, 11], "texture": "#1"},
				"west": {"uv": [3.75, 5, 4, 11], "rotation": 270, "texture": "#1"},
				"up": {"uv": [3.75, 5, 4.5, 11], "texture": "#1"},
				"down": {"uv": [3.75, 11, 4.5, 5], "texture": "#1"}
			}
		},
		{
			"name": "isidai_10",
			"from": [3.5, 0, 5.25],
			"to": [3.75, 0.25, 10.75],
			"faces": {
				"north": {"uv": [3.75, 5.25, 3.5, 5.5], "texture": "#1"},
				"east": {"uv": [3.5, 5.25, 3.75, 10.75], "rotation": 90, "texture": "#1"},
				"south": {"uv": [3.5, 10.5, 3.75, 10.75], "texture": "#1"},
				"west": {"uv": [3.5, 5.25, 3.75, 10.75], "rotation": 270, "texture": "#1"},
				"up": {"uv": [3.5, 5.25, 3.75, 10.75], "texture": "#1"},
				"down": {"uv": [3.5, 10.75, 3.75, 5.25], "texture": "#1"}
			}
		},
		{
			"name": "isidai_11",
			"from": [3.25, 0, 5.5],
			"to": [3.5, 0.25, 10.5],
			"faces": {
				"north": {"uv": [3.5, 5.5, 3.25, 5.75], "texture": "#1"},
				"east": {"uv": [3.25, 5.5, 3.5, 10.5], "rotation": 90, "texture": "#1"},
				"south": {"uv": [3.25, 10.25, 3.5, 10.5], "texture": "#1"},
				"west": {"uv": [3.25, 5.5, 3.5, 10.5], "rotation": 270, "texture": "#1"},
				"up": {"uv": [3.25, 5.5, 3.5, 10.5], "texture": "#1"},
				"down": {"uv": [3.25, 10.5, 3.5, 5.5], "texture": "#1"}
			}
		},
		{
			"name": "isidai_12",
			"from": [13.75, 0, 5.5],
			"to": [14.25, 0.25, 10.5],
			"faces": {
				"north": {"uv": [14.25, 5.5, 13.75, 5.75], "texture": "#1"},
				"east": {"uv": [14, 5.5, 14.25, 10.5], "rotation": 90, "texture": "#1"},
				"south": {"uv": [13.75, 10.25, 14.25, 10.5], "texture": "#1"},
				"west": {"uv": [13.75, 5.5, 14, 10.5], "rotation": 270, "texture": "#1"},
				"up": {"uv": [13.75, 5.5, 14.25, 10.5], "texture": "#1"},
				"down": {"uv": [13.75, 10.5, 14.25, 5.5], "texture": "#1"}
			}
		},
		{
			"name": "isidai_13",
			"from": [3, 0, 5.75],
			"to": [3.25, 0.25, 10.25],
			"faces": {
				"north": {"uv": [3.25, 5.75, 3, 6], "texture": "#1"},
				"east": {"uv": [3, 5.75, 3.25, 10.25], "rotation": 90, "texture": "#1"},
				"south": {"uv": [3, 10, 3.25, 10.25], "texture": "#1"},
				"west": {"uv": [3, 5.75, 3.25, 10.25], "rotation": 270, "texture": "#1"},
				"up": {"uv": [3, 5.75, 3.25, 10.25], "texture": "#1"},
				"down": {"uv": [3, 10.25, 3.25, 5.75], "texture": "#1"}
			}
		},
		{
			"name": "isidai_14",
			"from": [13.25, 0, 5.75],
			"to": [13.75, 0.25, 10.25],
			"faces": {
				"north": {"uv": [13.75, 5.75, 13.25, 6], "texture": "#1"},
				"east": {"uv": [13.5, 5.75, 13.75, 10.25], "rotation": 90, "texture": "#1"},
				"south": {"uv": [13.25, 10, 13.75, 10.25], "texture": "#1"},
				"west": {"uv": [13.25, 5.75, 13.5, 10.25], "rotation": 270, "texture": "#1"},
				"up": {"uv": [13.25, 5.75, 13.75, 10.25], "texture": "#1"},
				"down": {"uv": [13.25, 10.25, 13.75, 5.75], "texture": "#1"}
			}
		},
		{
			"name": "isidai_15",
			"from": [14.25, 0, 5.75],
			"to": [14.5, 0.25, 7.5],
			"faces": {
				"north": {"uv": [14.5, 5.75, 14.25, 6], "texture": "#1"},
				"east": {"uv": [14.25, 5.75, 14.5, 7.5], "rotation": 90, "texture": "#1"},
				"south": {"uv": [14.25, 7.25, 14.5, 7.5], "texture": "#1"},
				"west": {"uv": [14.25, 5.75, 14.5, 7.5], "rotation": 270, "texture": "#1"},
				"up": {"uv": [14.25, 5.75, 14.5, 7.5], "texture": "#1"},
				"down": {"uv": [14.25, 7.5, 14.5, 5.75], "texture": "#1"}
			}
		},
		{
			"name": "isidai_16",
			"from": [2.75, 0, 6],
			"to": [3, 0.25, 10.25],
			"faces": {
				"north": {"uv": [3, 6, 2.75, 6.25], "texture": "#1"},
				"east": {"uv": [2.75, 6, 3, 10.25], "rotation": 90, "texture": "#1"},
				"south": {"uv": [2.75, 10, 3, 10.25], "texture": "#1"},
				"west": {"uv": [2.75, 6, 3, 10.25], "rotation": 270, "texture": "#1"},
				"up": {"uv": [2.75, 6, 3, 10.25], "texture": "#1"},
				"down": {"uv": [2.75, 10.25, 3, 6], "texture": "#1"}
			}
		},
		{
			"name": "isidai_17",
			"from": [13, 0, 6],
			"to": [13.25, 0.25, 10],
			"faces": {
				"north": {"uv": [13.25, 6, 13, 6.25], "texture": "#1"},
				"east": {"uv": [13, 6, 13.25, 10], "rotation": 90, "texture": "#1"},
				"south": {"uv": [13, 9.75, 13.25, 10], "texture": "#1"},
				"west": {"uv": [13, 6, 13.25, 10], "rotation": 270, "texture": "#1"},
				"up": {"uv": [13, 6, 13.25, 10], "texture": "#1"},
				"down": {"uv": [13, 10, 13.25, 6], "texture": "#1"}
			}
		},
		{
			"name": "isidai_18",
			"from": [2.5, 0, 6.25],
			"to": [2.75, 0.25, 10],
			"faces": {
				"north": {"uv": [2.75, 6.25, 2.5, 6.5], "texture": "#1"},
				"east": {"uv": [2.5, 6.25, 2.75, 10], "rotation": 90, "texture": "#1"},
				"south": {"uv": [2.5, 9.75, 2.75, 10], "texture": "#1"},
				"west": {"uv": [2.5, 6.25, 2.75, 10], "rotation": 270, "texture": "#1"},
				"up": {"uv": [2.5, 6.25, 2.75, 10], "texture": "#1"},
				"down": {"uv": [2.5, 10, 2.75, 6.25], "texture": "#1"}
			}
		},
		{
			"name": "isidai_19",
			"from": [12.5, 0, 6.25],
			"to": [13, 0.25, 9.75],
			"faces": {
				"north": {"uv": [13, 6.25, 12.5, 6.5], "texture": "#1"},
				"east": {"uv": [12.75, 6.25, 13, 9.75], "rotation": 90, "texture": "#1"},
				"south": {"uv": [12.5, 9.5, 13, 9.75], "texture": "#1"},
				"west": {"uv": [12.5, 6.25, 12.75, 9.75], "rotation": 270, "texture": "#1"},
				"up": {"uv": [12.5, 6.25, 13, 9.75], "texture": "#1"},
				"down": {"uv": [12.5, 9.75, 13, 6.25], "texture": "#1"}
			}
		},
		{
			"name": "isidai_20",
			"from": [2.25, 0, 6.5],
			"to": [2.5, 0.25, 10],
			"faces": {
				"north": {"uv": [2.5, 6.5, 2.25, 6.75], "texture": "#1"},
				"east": {"uv": [2.25, 6.5, 2.5, 10], "rotation": 90, "texture": "#1"},
				"south": {"uv": [2.25, 9.75, 2.5, 10], "texture": "#1"},
				"west": {"uv": [2.25, 6.5, 2.5, 10], "rotation": 270, "texture": "#1"},
				"up": {"uv": [2.25, 6.5, 2.5, 10], "texture": "#1"},
				"down": {"uv": [2.25, 10, 2.5, 6.5], "texture": "#1"}
			}
		},
		{
			"name": "isidai_21",
			"from": [12.25, 0, 6.5],
			"to": [12.5, 0.25, 9.5],
			"faces": {
				"north": {"uv": [12.5, 6.5, 12.25, 6.75], "texture": "#1"},
				"east": {"uv": [12.25, 6.5, 12.5, 9.5], "rotation": 90, "texture": "#1"},
				"south": {"uv": [12.25, 9.25, 12.5, 9.5], "texture": "#1"},
				"west": {"uv": [12.25, 6.5, 12.5, 9.5], "rotation": 270, "texture": "#1"},
				"up": {"uv": [12.25, 6.5, 12.5, 9.5], "texture": "#1"},
				"down": {"uv": [12.25, 9.5, 12.5, 6.5], "texture": "#1"}
			}
		},
		{
			"name": "isidai_22",
			"from": [12, 0, 6.75],
			"to": [12.25, 0.25, 9.25],
			"faces": {
				"north": {"uv": [12.25, 6.75, 12, 7], "texture": "#1"},
				"east": {"uv": [12, 6.75, 12.25, 9.25], "rotation": 90, "texture": "#1"},
				"south": {"uv": [12, 9, 12.25, 9.25], "texture": "#1"},
				"west": {"uv": [12, 6.75, 12.25, 9.25], "rotation": 270, "texture": "#1"},
				"up": {"uv": [12, 6.75, 12.25, 9.25], "texture": "#1"},
				"down": {"uv": [12, 9.25, 12.25, 6.75], "texture": "#1"}
			}
		},
		{
			"name": "isidai_23",
			"from": [2, 0, 7],
			"to": [2.25, 0.25, 9.75],
			"faces": {
				"north": {"uv": [2.25, 7, 2, 7.25], "texture": "#1"},
				"east": {"uv": [2, 7, 2.25, 9.75], "rotation": 90, "texture": "#1"},
				"south": {"uv": [2, 9.5, 2.25, 9.75], "texture": "#1"},
				"west": {"uv": [2, 7, 2.25, 9.75], "rotation": 270, "texture": "#1"},
				"up": {"uv": [2, 7, 2.25, 9.75], "texture": "#1"},
				"down": {"uv": [2, 9.75, 2.25, 7], "texture": "#1"}
			}
		},
		{
			"name": "isidai_24",
			"from": [11.25, 0, 7],
			"to": [12, 0.25, 8.75],
			"faces": {
				"north": {"uv": [12, 7, 11.25, 7.25], "texture": "#1"},
				"east": {"uv": [11.75, 7, 12, 8.75], "rotation": 90, "texture": "#1"},
				"south": {"uv": [11.25, 8.5, 12, 8.75], "texture": "#1"},
				"west": {"uv": [11.25, 7, 11.5, 8.75], "rotation": 270, "texture": "#1"},
				"up": {"uv": [11.25, 7, 12, 8.75], "texture": "#1"},
				"down": {"uv": [11.25, 8.75, 12, 7], "texture": "#1"}
			}
		},
		{
			"name": "isidai_25",
			"from": [1.75, 0, 7.5],
			"to": [2, 0.25, 9.5],
			"faces": {
				"north": {"uv": [2, 7.5, 1.75, 7.75], "texture": "#1"},
				"east": {"uv": [1.75, 7.5, 2, 9.5], "rotation": 90, "texture": "#1"},
				"south": {"uv": [1.75, 9.25, 2, 9.5], "texture": "#1"},
				"west": {"uv": [1.75, 7.5, 2, 9.5], "rotation": 270, "texture": "#1"},
				"up": {"uv": [1.75, 7.5, 2, 9.5], "texture": "#1"},
				"down": {"uv": [1.75, 9.5, 2, 7.5], "texture": "#1"}
			}
		},
		{
			"name": "isidai_26",
			"from": [1.5, 0, 8],
			"to": [1.75, 0.25, 9.5],
			"faces": {
				"north": {"uv": [1.75, 8, 1.5, 8.25], "texture": "#1"},
				"east": {"uv": [1.5, 8, 1.75, 9.5], "rotation": 90, "texture": "#1"},
				"south": {"uv": [1.5, 9.25, 1.75, 9.5], "texture": "#1"},
				"west": {"uv": [1.5, 8, 1.75, 9.5], "rotation": 270, "texture": "#1"},
				"up": {"uv": [1.5, 8, 1.75, 9.5], "texture": "#1"},
				"down": {"uv": [1.5, 9.5, 1.75, 8], "texture": "#1"}
			}
		},
		{
			"name": "isidai_27",
			"from": [1.25, 0, 8.25],
			"to": [1.5, 0.25, 8.75],
			"faces": {
				"north": {"uv": [1.5, 8.25, 1.25, 8.5], "texture": "#1"},
				"east": {"uv": [1.25, 8.25, 1.5, 8.75], "rotation": 90, "texture": "#1"},
				"south": {"uv": [1.25, 8.5, 1.5, 8.75], "texture": "#1"},
				"west": {"uv": [1.25, 8.25, 1.5, 8.75], "rotation": 270, "texture": "#1"},
				"up": {"uv": [1.25, 8.25, 1.5, 8.75], "texture": "#1"},
				"down": {"uv": [1.25, 8.75, 1.5, 8.25], "texture": "#1"}
			}
		},
		{
			"name": "isidai_28",
			"from": [14.25, 0, 8.5],
			"to": [14.5, 0.25, 10.25],
			"faces": {
				"north": {"uv": [14.5, 8.5, 14.25, 8.75], "texture": "#1"},
				"east": {"uv": [14.25, 8.5, 14.5, 10.25], "rotation": 90, "texture": "#1"},
				"south": {"uv": [14.25, 10, 14.5, 10.25], "texture": "#1"},
				"west": {"uv": [14.25, 8.5, 14.5, 10.25], "rotation": 270, "texture": "#1"},
				"up": {"uv": [14.25, 8.5, 14.5, 10.25], "texture": "#1"},
				"down": {"uv": [14.25, 10.25, 14.5, 8.5], "texture": "#1"}
			}
		},
		{
			"name": "isidai_29",
			"from": [11.75, 0, 8.75],
			"to": [12, 0.25, 9],
			"faces": {
				"north": {"uv": [12, 8.75, 11.75, 9], "texture": "#1"},
				"east": {"uv": [11.75, 8.75, 12, 9], "rotation": 90, "texture": "#1"},
				"south": {"uv": [11.75, 8.75, 12, 9], "texture": "#1"},
				"west": {"uv": [11.75, 8.75, 12, 9], "rotation": 270, "texture": "#1"},
				"up": {"uv": [11.75, 8.75, 12, 9], "texture": "#1"},
				"down": {"uv": [11.75, 9, 12, 8.75], "texture": "#1"}
			}
		},
		{
			"name": "isidai_30",
			"from": [1.25, 0, 9],
			"to": [1.5, 0.25, 9.25],
			"faces": {
				"north": {"uv": [1.5, 9, 1.25, 9.25], "texture": "#1"},
				"east": {"uv": [1.25, 9, 1.5, 9.25], "rotation": 90, "texture": "#1"},
				"south": {"uv": [1.25, 9, 1.5, 9.25], "texture": "#1"},
				"west": {"uv": [1.25, 9, 1.5, 9.25], "rotation": 270, "texture": "#1"},
				"up": {"uv": [1.25, 9, 1.5, 9.25], "texture": "#1"},
				"down": {"uv": [1.25, 9.25, 1.5, 9], "texture": "#1"}
			}
		},
		{
			"name": "isidai_31",
			"from": [9.5, 0, 9.25],
			"to": [11, 0.25, 11.5],
			"faces": {
				"north": {"uv": [11, 9.25, 9.5, 9.5], "texture": "#1"},
				"east": {"uv": [10.75, 9.25, 11, 11.5], "rotation": 90, "texture": "#1"},
				"south": {"uv": [9.5, 11.25, 11, 11.5], "texture": "#1"},
				"west": {"uv": [9.5, 9.25, 9.75, 11.5], "rotation": 270, "texture": "#1"},
				"up": {"uv": [9.5, 9.25, 11, 11.5], "texture": "#1"},
				"down": {"uv": [9.5, 11.5, 11, 9.25], "texture": "#1"}
			}
		},
		{
			"name": "isidai_32",
			"from": [5.5, 0, 10.75],
			"to": [7, 0.25, 11.25],
			"faces": {
				"north": {"uv": [7, 10.75, 5.5, 11], "texture": "#1"},
				"east": {"uv": [6.75, 10.75, 7, 11.25], "rotation": 90, "texture": "#1"},
				"south": {"uv": [5.5, 11, 7, 11.25], "texture": "#1"},
				"west": {"uv": [5.5, 10.75, 5.75, 11.25], "rotation": 270, "texture": "#1"},
				"up": {"uv": [5.5, 10.75, 7, 11.25], "texture": "#1"},
				"down": {"uv": [5.5, 11.25, 7, 10.75], "texture": "#1"}
			}
		},
		{
			"name": "isidai_33",
			"from": [8.75, 0, 10.75],
			"to": [9.5, 0.25, 11],
			"faces": {
				"north": {"uv": [9.5, 10.75, 8.75, 11], "texture": "#1"},
				"east": {"uv": [9.25, 10.75, 9.5, 11], "rotation": 90, "texture": "#1"},
				"south": {"uv": [8.75, 10.75, 9.5, 11], "texture": "#1"},
				"west": {"uv": [8.75, 10.75, 9, 11], "rotation": 270, "texture": "#1"},
				"up": {"uv": [8.75, 10.75, 9.5, 11], "texture": "#1"},
				"down": {"uv": [8.75, 11, 9.5, 10.75], "texture": "#1"}
			}
		},
		{
			"name": "isidai_34",
			"from": [7, 0, 11],
			"to": [7.25, 0.25, 12.25],
			"faces": {
				"north": {"uv": [7.25, 11, 7, 11.25], "texture": "#1"},
				"east": {"uv": [7, 11, 7.25, 12.25], "rotation": 90, "texture": "#1"},
				"south": {"uv": [7, 12, 7.25, 12.25], "texture": "#1"},
				"west": {"uv": [7, 11, 7.25, 12.25], "rotation": 270, "texture": "#1"},
				"up": {"uv": [7, 11, 7.25, 12.25], "texture": "#1"},
				"down": {"uv": [7, 12.25, 7.25, 11], "texture": "#1"}
			}
		},
		{
			"name": "isidai_35",
			"from": [9, 0, 11],
			"to": [9.5, 0.25, 11.25],
			"faces": {
				"north": {"uv": [9.5, 11, 9, 11.25], "texture": "#1"},
				"east": {"uv": [9.25, 11, 9.5, 11.25], "rotation": 90, "texture": "#1"},
				"south": {"uv": [9, 11, 9.5, 11.25], "texture": "#1"},
				"west": {"uv": [9, 11, 9.25, 11.25], "rotation": 270, "texture": "#1"},
				"up": {"uv": [9, 11, 9.5, 11.25], "texture": "#1"},
				"down": {"uv": [9, 11.25, 9.5, 11], "texture": "#1"}
			}
		},
		{
			"name": "isidai_36",
			"from": [5.75, 0, 11.25],
			"to": [7, 0.25, 11.5],
			"faces": {
				"north": {"uv": [7, 11.25, 5.75, 11.5], "texture": "#1"},
				"east": {"uv": [6.75, 11.25, 7, 11.5], "rotation": 90, "texture": "#1"},
				"south": {"uv": [5.75, 11.25, 7, 11.5], "texture": "#1"},
				"west": {"uv": [5.75, 11.25, 6, 11.5], "rotation": 270, "texture": "#1"},
				"up": {"uv": [5.75, 11.25, 7, 11.5], "texture": "#1"},
				"down": {"uv": [5.75, 11.5, 7, 11.25], "texture": "#1"}
			}
		},
		{
			"name": "isidai_37",
			"from": [7.25, 0, 11.25],
			"to": [7.5, 0.25, 12],
			"faces": {
				"north": {"uv": [7.5, 11.25, 7.25, 11.5], "texture": "#1"},
				"east": {"uv": [7.25, 11.25, 7.5, 12], "rotation": 90, "texture": "#1"},
				"south": {"uv": [7.25, 11.75, 7.5, 12], "texture": "#1"},
				"west": {"uv": [7.25, 11.25, 7.5, 12], "rotation": 270, "texture": "#1"},
				"up": {"uv": [7.25, 11.25, 7.5, 12], "texture": "#1"},
				"down": {"uv": [7.25, 12, 7.5, 11.25], "texture": "#1"}
			}
		},
		{
			"name": "isidai_38",
			"from": [6, 0, 11.5],
			"to": [7, 0.25, 11.75],
			"faces": {
				"north": {"uv": [7, 11.5, 6, 11.75], "texture": "#1"},
				"east": {"uv": [6.75, 11.5, 7, 11.75], "rotation": 90, "texture": "#1"},
				"south": {"uv": [6, 11.5, 7, 11.75], "texture": "#1"},
				"west": {"uv": [6, 11.5, 6.25, 11.75], "rotation": 270, "texture": "#1"},
				"up": {"uv": [6, 11.5, 7, 11.75], "texture": "#1"},
				"down": {"uv": [6, 11.75, 7, 11.5], "texture": "#1"}
			}
		},
		{
			"name": "isidai_39",
			"from": [9.75, 0, 11.5],
			"to": [10.75, 0.25, 11.75],
			"faces": {
				"north": {"uv": [10.75, 11.5, 9.75, 11.75], "texture": "#1"},
				"east": {"uv": [10.5, 11.5, 10.75, 11.75], "rotation": 90, "texture": "#1"},
				"south": {"uv": [9.75, 11.5, 10.75, 11.75], "texture": "#1"},
				"west": {"uv": [9.75, 11.5, 10, 11.75], "rotation": 270, "texture": "#1"},
				"up": {"uv": [9.75, 11.5, 10.75, 11.75], "texture": "#1"},
				"down": {"uv": [9.75, 11.75, 10.75, 11.5], "texture": "#1"}
			}
		},
		{
			"name": "isidai_40",
			"from": [6.25, 0, 11.75],
			"to": [7, 0.25, 12],
			"faces": {
				"north": {"uv": [7, 11.75, 6.25, 12], "texture": "#1"},
				"east": {"uv": [6.75, 11.75, 7, 12], "rotation": 90, "texture": "#1"},
				"south": {"uv": [6.25, 11.75, 7, 12], "texture": "#1"},
				"west": {"uv": [6.25, 11.75, 6.5, 12], "rotation": 270, "texture": "#1"},
				"up": {"uv": [6.25, 11.75, 7, 12], "texture": "#1"},
				"down": {"uv": [6.25, 12, 7, 11.75], "texture": "#1"}
			}
		},
		{
			"name": "isidai_41",
			"from": [6.75, 0, 12],
			"to": [7, 0.25, 12.25],
			"faces": {
				"north": {"uv": [7, 12, 6.75, 12.25], "texture": "#1"},
				"east": {"uv": [6.75, 12, 7, 12.25], "rotation": 90, "texture": "#1"},
				"south": {"uv": [6.75, 12, 7, 12.25], "texture": "#1"},
				"west": {"uv": [6.75, 12, 7, 12.25], "rotation": 270, "texture": "#1"},
				"up": {"uv": [6.75, 12, 7, 12.25], "texture": "#1"},
				"down": {"uv": [6.75, 12.25, 7, 12], "texture": "#1"}
			}
		}
	],
	"gui_light": "front",
	"display": {
		"thirdperson_righthand": {
			"rotation": [81, -2.75, 1.75],
			"translation": [0.25, 4.25, 9.25],
			"scale": [1.11, 1.11, 1.11]
		},
		"thirdperson_lefthand": {
			"rotation": [81, -2.75, 1.75],
			"translation": [0.25, 4.25, 9.25],
			"scale": [1.11, 1.11, 1.11]
		},
		"firstperson_righthand": {
			"rotation": [81, -2.75, 1.75],
			"translation": [0.25, 1.5, 5.25],
			"scale": [0.6, 0.6, 0.6]
		},
		"firstperson_lefthand": {
			"rotation": [81, -2.75, 1.75],
			"translation": [0.25, 1.5, 5.25],
			"scale": [0.6, 0.6, 0.6]
		},
		"ground": {
			"rotation": [81, -2.75, 1.75],
			"translation": [0.25, 4.25, 9.25],
			"scale": [1.11, 1.11, 1.11]
		},
		"gui": {
			"rotation": [90, 0, 0],
			"translation": [0, 0, 17.5],
			"scale": [1.06, 1.06, 1.06]
		},
		"head": {
			"rotation": [81, -2.75, 1.75],
			"translation": [0.25, 10.25, 14.25],
			"scale": [1.11, 1.11, 1.11]
		},
		"fixed": {
			"rotation": [90, 0, 0],
			"translation": [-0.5, 0.25, 9.75],
			"scale": [1.28, 1.28, 1.28]
		}
	},
	"groups": [
		{
			"name": "isidai",
			"origin": [8, 8, 8],
			"children": [0, 1, 2, 3, 4, 5, 6, 7, 8, 9, 10, 11, 12, 13, 14, 15, 16, 17, 18, 19, 20, 21, 22, 23, 24, 25, 26, 27, 28, 29, 30, 31, 32, 33, 34, 35, 36, 37, 38, 39, 40, 41]
		}
	]
}