{
	"credit": "Made with Blockbench",
	"textures": {
		"1": "fish/zinbeezame",
		"particle": "fish/zinbeezame"
	},
	"elements": [
		{
			"name": "zinbeezame_0",
			"from": [8.75, 0, 5.5],
			"to": [9.25, 0.25, 10],
			"faces": {
				"north": {"uv": [9.25, 5.5, 8.75, 5.75], "texture": "#1"},
				"east": {"uv": [9, 5.5, 9.25, 10], "rotation": 90, "texture": "#1"},
				"south": {"uv": [8.75, 9.75, 9.25, 10], "texture": "#1"},
				"west": {"uv": [8.75, 5.5, 9, 10], "rotation": 270, "texture": "#1"},
				"up": {"uv": [8.75, 5.5, 9.25, 10], "texture": "#1"},
				"down": {"uv": [8.75, 10, 9.25, 5.5], "texture": "#1"}
			}
		},
		{
			"name": "zinbeezame_1",
			"from": [8.5, 0, 5.75],
			"to": [8.75, 0.25, 9.75],
			"faces": {
				"north": {"uv": [8.75, 5.75, 8.5, 6], "texture": "#1"},
				"east": {"uv": [8.5, 5.75, 8.75, 9.75], "rotation": 90, "texture": "#1"},
				"south": {"uv": [8.5, 9.5, 8.75, 9.75], "texture": "#1"},
				"west": {"uv": [8.5, 5.75, 8.75, 9.75], "rotation": 270, "texture": "#1"},
				"up": {"uv": [8.5, 5.75, 8.75, 9.75], "texture": "#1"},
				"down": {"uv": [8.5, 9.75, 8.75, 5.75], "texture": "#1"}
			}
		},
		{
			"name": "zinbeezame_2",
			"from": [9.25, 0, 5.75],
			"to": [9.5, 0.25, 9.75],
			"faces": {
				"north": {"uv": [9.5, 5.75, 9.25, 6], "texture": "#1"},
				"east": {"uv": [9.25, 5.75, 9.5, 9.75], "rotation": 90, "texture": "#1"},
				"south": {"uv": [9.25, 9.5, 9.5, 9.75], "texture": "#1"},
				"west": {"uv": [9.25, 5.75, 9.5, 9.75], "rotation": 270, "texture": "#1"},
				"up": {"uv": [9.25, 5.75, 9.5, 9.75], "texture": "#1"},
				"down": {"uv": [9.25, 9.75, 9.5, 5.75], "texture": "#1"}
			}
		},
		{
			"name": "zinbeezame_3",
			"from": [8.25, 0, 6],
			"to": [8.5, 0.25, 9.5],
			"faces": {
				"north": {"uv": [8.5, 6, 8.25, 6.25], "texture": "#1"},
				"east": {"uv": [8.25, 6, 8.5, 9.5], "rotation": 90, "texture": "#1"},
				"south": {"uv": [8.25, 9.25, 8.5, 9.5], "texture": "#1"},
				"west": {"uv": [8.25, 6, 8.5, 9.5], "rotation": 270, "texture": "#1"},
				"up": {"uv": [8.25, 6, 8.5, 9.5], "texture": "#1"},
				"down": {"uv": [8.25, 9.5, 8.5, 6], "texture": "#1"}
			}
		},
		{
			"name": "zinbeezame_4",
			"from": [15.25, 0, 6],
			"to": [15.5, 0.25, 7.25],
			"faces": {
				"north": {"uv": [15.5, 6, 15.25, 6.25], "texture": "#1"},
				"east": {"uv": [15.25, 6, 15.5, 7.25], "rotation": 90, "texture": "#1"},
				"south": {"uv": [15.25, 7, 15.5, 7.25], "texture": "#1"},
				"west": {"uv": [15.25, 6, 15.5, 7.25], "rotation": 270, "texture": "#1"},
				"up": {"uv": [15.25, 6, 15.5, 7.25], "texture": "#1"},
				"down": {"uv": [15.25, 7.25, 15.5, 6], "texture": "#1"}
			}
		},
		{
			"name": "zinbeezame_5",
			"from": [8, 0, 6.25],
			"to": [8.25, 0.25, 9.5],
			"faces": {
				"north": {"uv": [8.25, 6.25, 8, 6.5], "texture": "#1"},
				"east": {"uv": [8, 6.25, 8.25, 9.5], "rotation": 90, "texture": "#1"},
				"south": {"uv": [8, 9.25, 8.25, 9.5], "texture": "#1"},
				"west": {"uv": [8, 6.25, 8.25, 9.5], "rotation": 270, "texture": "#1"},
				"up": {"uv": [8, 6.25, 8.25, 9.5], "texture": "#1"},
				"down": {"uv": [8, 9.5, 8.25, 6.25], "texture": "#1"}
			}
		},
		{
			"name": "zinbeezame_6",
			"from": [15, 0, 6.25],
			"to": [15.25, 0.25, 7.75],
			"faces": {
				"north": {"uv": [15.25, 6.25, 15, 6.5], "texture": "#1"},
				"east": {"uv": [15, 6.25, 15.25, 7.75], "rotation": 90, "texture": "#1"},
				"south": {"uv": [15, 7.5, 15.25, 7.75], "texture": "#1"},
				"west": {"uv": [15, 6.25, 15.25, 7.75], "rotation": 270, "texture": "#1"},
				"up": {"uv": [15, 6.25, 15.25, 7.75], "texture": "#1"},
				"down": {"uv": [15, 7.75, 15.25, 6.25], "texture": "#1"}
			}
		},
		{
			"name": "zinbeezame_7",
			"from": [15.5, 0, 6.25],
			"to": [15.75, 0.25, 6.75],
			"faces": {
				"north": {"uv": [15.75, 6.25, 15.5, 6.5], "texture": "#1"},
				"east": {"uv": [15.5, 6.25, 15.75, 6.75], "rotation": 90, "texture": "#1"},
				"south": {"uv": [15.5, 6.5, 15.75, 6.75], "texture": "#1"},
				"west": {"uv": [15.5, 6.25, 15.75, 6.75], "rotation": 270, "texture": "#1"},
				"up": {"uv": [15.5, 6.25, 15.75, 6.75], "texture": "#1"},
				"down": {"uv": [15.5, 6.75, 15.75, 6.25], "texture": "#1"}
			}
		},
		{
			"name": "zinbeezame_8",
			"from": [7.75, 0, 6.5],
			"to": [8, 0.25, 9.5],
			"faces": {
				"north": {"uv": [8, 6.5, 7.75, 6.75], "texture": "#1"},
				"east": {"uv": [7.75, 6.5, 8, 9.5], "rotation": 90, "texture": "#1"},
				"south": {"uv": [7.75, 9.25, 8, 9.5], "texture": "#1"},
				"west": {"uv": [7.75, 6.5, 8, 9.5], "rotation": 270, "texture": "#1"},
				"up": {"uv": [7.75, 6.5, 8, 9.5], "texture": "#1"},
				"down": {"uv": [7.75, 9.5, 8, 6.5], "texture": "#1"}
			}
		},
		{
			"name": "zinbeezame_9",
			"from": [14.75, 0, 6.5],
			"to": [15, 0.25, 8.5],
			"faces": {
				"north": {"uv": [15, 6.5, 14.75, 6.75], "texture": "#1"},
				"east": {"uv": [14.75, 6.5, 15, 8.5], "rotation": 90, "texture": "#1"},
				"south": {"uv": [14.75, 8.25, 15, 8.5], "texture": "#1"},
				"west": {"uv": [14.75, 6.5, 15, 8.5], "rotation": 270, "texture": "#1"},
				"up": {"uv": [14.75, 6.5, 15, 8.5], "texture": "#1"},
				"down": {"uv": [14.75, 8.5, 15, 6.5], "texture": "#1"}
			}
		},
		{
			"name": "zinbeezame_10",
			"from": [3.75, 0, 6.75],
			"to": [7.75, 0.25, 9.5],
			"faces": {
				"north": {"uv": [7.75, 6.75, 3.75, 7], "texture": "#1"},
				"east": {"uv": [7.5, 6.75, 7.75, 9.5], "rotation": 90, "texture": "#1"},
				"south": {"uv": [3.75, 9.25, 7.75, 9.5], "texture": "#1"},
				"west": {"uv": [3.75, 6.75, 4, 9.5], "rotation": 270, "texture": "#1"},
				"up": {"uv": [3.75, 6.75, 7.75, 9.5], "texture": "#1"},
				"down": {"uv": [3.75, 9.5, 7.75, 6.75], "texture": "#1"}
			}
		},
		{
			"name": "zinbeezame_11",
			"from": [14.5, 0, 6.75],
			"to": [14.75, 0.25, 10.25],
			"faces": {
				"north": {"uv": [14.75, 6.75, 14.5, 7], "texture": "#1"},
				"east": {"uv": [14.5, 6.75, 14.75, 10.25], "rotation": 90, "texture": "#1"},
				"south": {"uv": [14.5, 10, 14.75, 10.25], "texture": "#1"},
				"west": {"uv": [14.5, 6.75, 14.75, 10.25], "rotation": 270, "texture": "#1"},
				"up": {"uv": [14.5, 6.75, 14.75, 10.25], "texture": "#1"},
				"down": {"uv": [14.5, 10.25, 14.75, 6.75], "texture": "#1"}
			}
		},
		{
			"name": "zinbeezame_12",
			"from": [3, 0, 7],
			"to": [3.75, 0.25, 9.75],
			"faces": {
				"north": {"uv": [3.75, 7, 3, 7.25], "texture": "#1"},
				"east": {"uv": [3.5, 7, 3.75, 9.75], "rotation": 90, "texture": "#1"},
				"south": {"uv": [3, 9.5, 3.75, 9.75], "texture": "#1"},
				"west": {"uv": [3, 7, 3.25, 9.75], "rotation": 270, "texture": "#1"},
				"up": {"uv": [3, 7, 3.75, 9.75], "texture": "#1"},
				"down": {"uv": [3, 9.75, 3.75, 7], "texture": "#1"}
			}
		},
		{
			"name": "zinbeezame_13",
			"from": [9.5, 0, 7],
			"to": [9.75, 0.25, 9.25],
			"faces": {
				"north": {"uv": [9.75, 7, 9.5, 7.25], "texture": "#1"},
				"east": {"uv": [9.5, 7, 9.75, 9.25], "rotation": 90, "texture": "#1"},
				"south": {"uv": [9.5, 9, 9.75, 9.25], "texture": "#1"},
				"west": {"uv": [9.5, 7, 9.75, 9.25], "rotation": 270, "texture": "#1"},
				"up": {"uv": [9.5, 7, 9.75, 9.25], "texture": "#1"},
				"down": {"uv": [9.5, 9.25, 9.75, 7], "texture": "#1"}
			}
		},
		{
			"name": "zinbeezame_14",
			"from": [11.5, 0, 7],
			"to": [11.75, 0.25, 9.5],
			"faces": {
				"north": {"uv": [11.75, 7, 11.5, 7.25], "texture": "#1"},
				"east": {"uv": [11.5, 7, 11.75, 9.5], "rotation": 90, "texture": "#1"},
				"south": {"uv": [11.5, 9.25, 11.75, 9.5], "texture": "#1"},
				"west": {"uv": [11.5, 7, 11.75, 9.5], "rotation": 270, "texture": "#1"},
				"up": {"uv": [11.5, 7, 11.75, 9.5], "texture": "#1"},
				"down": {"uv": [11.5, 9.5, 11.75, 7], "texture": "#1"}
			}
		},
		{
			"name": "zinbeezame_15",
			"from": [14.25, 0, 7],
			"to": [14.5, 0.25, 10],
			"faces": {
				"north": {"uv": [14.5, 7, 14.25, 7.25], "texture": "#1"},
				"east": {"uv": [14.25, 7, 14.5, 10], "rotation": 90, "texture": "#1"},
				"south": {"uv": [14.25, 9.75, 14.5, 10], "texture": "#1"},
				"west": {"uv": [14.25, 7, 14.5, 10], "rotation": 270, "texture": "#1"},
				"up": {"uv": [14.25, 7, 14.5, 10], "texture": "#1"},
				"down": {"uv": [14.25, 10, 14.5, 7], "texture": "#1"}
			}
		},
		{
			"name": "zinbeezame_16",
			"from": [2.25, 0, 7.25],
			"to": [3, 0.25, 9.75],
			"faces": {
				"north": {"uv": [3, 7.25, 2.25, 7.5], "texture": "#1"},
				"east": {"uv": [2.75, 7.25, 3, 9.75], "rotation": 90, "texture": "#1"},
				"south": {"uv": [2.25, 9.5, 3, 9.75], "texture": "#1"},
				"west": {"uv": [2.25, 7.25, 2.5, 9.75], "rotation": 270, "texture": "#1"},
				"up": {"uv": [2.25, 7.25, 3, 9.75], "texture": "#1"},
				"down": {"uv": [2.25, 9.75, 3, 7.25], "texture": "#1"}
			}
		},
		{
			"name": "zinbeezame_17",
			"from": [9.75, 0, 7.25],
			"to": [10, 0.25, 9.25],
			"faces": {
				"north": {"uv": [10, 7.25, 9.75, 7.5], "texture": "#1"},
				"east": {"uv": [9.75, 7.25, 10, 9.25], "rotation": 90, "texture": "#1"},
				"south": {"uv": [9.75, 9, 10, 9.25], "texture": "#1"},
				"west": {"uv": [9.75, 7.25, 10, 9.25], "rotation": 270, "texture": "#1"},
				"up": {"uv": [9.75, 7.25, 10, 9.25], "texture": "#1"},
				"down": {"uv": [9.75, 9.25, 10, 7.25], "texture": "#1"}
			}
		},
		{
			"name": "zinbeezame_18",
			"from": [11.25, 0, 7.25],
			"to": [11.5, 0.25, 9.25],
			"faces": {
				"north": {"uv": [11.5, 7.25, 11.25, 7.5], "texture": "#1"},
				"east": {"uv": [11.25, 7.25, 11.5, 9.25], "rotation": 90, "texture": "#1"},
				"south": {"uv": [11.25, 9, 11.5, 9.25], "texture": "#1"},
				"west": {"uv": [11.25, 7.25, 11.5, 9.25], "rotation": 270, "texture": "#1"},
				"up": {"uv": [11.25, 7.25, 11.5, 9.25], "texture": "#1"},
				"down": {"uv": [11.25, 9.25, 11.5, 7.25], "texture": "#1"}
			}
		},
		{
			"name": "zinbeezame_19",
			"from": [11.75, 0, 7.25],
			"to": [12, 0.25, 9.75],
			"faces": {
				"north": {"uv": [12, 7.25, 11.75, 7.5], "texture": "#1"},
				"east": {"uv": [11.75, 7.25, 12, 9.75], "rotation": 90, "texture": "#1"},
				"south": {"uv": [11.75, 9.5, 12, 9.75], "texture": "#1"},
				"west": {"uv": [11.75, 7.25, 12, 9.75], "rotation": 270, "texture": "#1"},
				"up": {"uv": [11.75, 7.25, 12, 9.75], "texture": "#1"},
				"down": {"uv": [11.75, 9.75, 12, 7.25], "texture": "#1"}
			}
		},
		{
			"name": "zinbeezame_20",
			"from": [14, 0, 7.25],
			"to": [14.25, 0.25, 9.5],
			"faces": {
				"north": {"uv": [14.25, 7.25, 14, 7.5], "texture": "#1"},
				"east": {"uv": [14, 7.25, 14.25, 9.5], "rotation": 90, "texture": "#1"},
				"south": {"uv": [14, 9.25, 14.25, 9.5], "texture": "#1"},
				"west": {"uv": [14, 7.25, 14.25, 9.5], "rotation": 270, "texture": "#1"},
				"up": {"uv": [14, 7.25, 14.25, 9.5], "texture": "#1"},
				"down": {"uv": [14, 9.5, 14.25, 7.25], "texture": "#1"}
			}
		},
		{
			"name": "zinbeezame_21",
			"from": [1, 0, 7.5],
			"to": [2.25, 0.25, 9.5],
			"faces": {
				"north": {"uv": [2.25, 7.5, 1, 7.75], "texture": "#1"},
				"east": {"uv": [2, 7.5, 2.25, 9.5], "rotation": 90, "texture": "#1"},
				"south": {"uv": [1, 9.25, 2.25, 9.5], "texture": "#1"},
				"west": {"uv": [1, 7.5, 1.25, 9.5], "rotation": 270, "texture": "#1"},
				"up": {"uv": [1, 7.5, 2.25, 9.5], "texture": "#1"},
				"down": {"uv": [1, 9.5, 2.25, 7.5], "texture": "#1"}
			}
		},
		{
			"name": "zinbeezame_22",
			"from": [10, 0, 7.5],
			"to": [11.25, 0.25, 9.25],
			"faces": {
				"north": {"uv": [11.25, 7.5, 10, 7.75], "texture": "#1"},
				"east": {"uv": [11, 7.5, 11.25, 9.25], "rotation": 90, "texture": "#1"},
				"south": {"uv": [10, 9, 11.25, 9.25], "texture": "#1"},
				"west": {"uv": [10, 7.5, 10.25, 9.25], "rotation": 270, "texture": "#1"},
				"up": {"uv": [10, 7.5, 11.25, 9.25], "texture": "#1"},
				"down": {"uv": [10, 9.25, 11.25, 7.5], "texture": "#1"}
			}
		},
		{
			"name": "zinbeezame_23",
			"from": [13.75, 0, 7.5],
			"to": [14, 0.25, 9.25],
			"faces": {
				"north": {"uv": [14, 7.5, 13.75, 7.75], "texture": "#1"},
				"east": {"uv": [13.75, 7.5, 14, 9.25], "rotation": 90, "texture": "#1"},
				"south": {"uv": [13.75, 9, 14, 9.25], "texture": "#1"},
				"west": {"uv": [13.75, 7.5, 14, 9.25], "rotation": 270, "texture": "#1"},
				"up": {"uv": [13.75, 7.5, 14, 9.25], "texture": "#1"},
				"down": {"uv": [13.75, 9.25, 14, 7.5], "texture": "#1"}
			}
		},
		{
			"name": "zinbeezame_24",
			"from": [0.25, 0, 7.75],
			"to": [1, 0.25, 8.75],
			"faces": {
				"north": {"uv": [1, 7.75, 0.25, 8], "texture": "#1"},
				"east": {"uv": [0.75, 7.75, 1, 8.75], "rotation": 90, "texture": "#1"},
				"south": {"uv": [0.25, 8.5, 1, 8.75], "texture": "#1"},
				"west": {"uv": [0.25, 7.75, 0.5, 8.75], "rotation": 270, "texture": "#1"},
				"up": {"uv": [0.25, 7.75, 1, 8.75], "texture": "#1"},
				"down": {"uv": [0.25, 8.75, 1, 7.75], "texture": "#1"}
			}
		},
		{
			"name": "zinbeezame_25",
			"from": [12, 0, 7.75],
			"to": [12.75, 0.25, 9],
			"faces": {
				"north": {"uv": [12.75, 7.75, 12, 8], "texture": "#1"},
				"east": {"uv": [12.5, 7.75, 12.75, 9], "rotation": 90, "texture": "#1"},
				"south": {"uv": [12, 8.75, 12.75, 9], "texture": "#1"},
				"west": {"uv": [12, 7.75, 12.25, 9], "rotation": 270, "texture": "#1"},
				"up": {"uv": [12, 7.75, 12.75, 9], "texture": "#1"},
				"down": {"uv": [12, 9, 12.75, 7.75], "texture": "#1"}
			}
		},
		{
			"name": "zinbeezame_26",
			"from": [13.5, 0, 7.75],
			"to": [13.75, 0.25, 9],
			"faces": {
				"north": {"uv": [13.75, 7.75, 13.5, 8], "texture": "#1"},
				"east": {"uv": [13.5, 7.75, 13.75, 9], "rotation": 90, "texture": "#1"},
				"south": {"uv": [13.5, 8.75, 13.75, 9], "texture": "#1"},
				"west": {"uv": [13.5, 7.75, 13.75, 9], "rotation": 270, "texture": "#1"},
				"up": {"uv": [13.5, 7.75, 13.75, 9], "texture": "#1"},
				"down": {"uv": [13.5, 9, 13.75, 7.75], "texture": "#1"}
			}
		},
		{
			"name": "zinbeezame_27",
			"from": [0, 0, 8],
			"to": [0.25, 0.25, 8.5],
			"faces": {
				"north": {"uv": [0.25, 8, 0, 8.25], "texture": "#1"},
				"east": {"uv": [0, 8, 0.25, 8.5], "rotation": 90, "texture": "#1"},
				"south": {"uv": [0, 8.25, 0.25, 8.5], "texture": "#1"},
				"west": {"uv": [0, 8, 0.25, 8.5], "rotation": 270, "texture": "#1"},
				"up": {"uv": [0, 8, 0.25, 8.5], "texture": "#1"},
				"down": {"uv": [0, 8.5, 0.25, 8], "texture": "#1"}
			}
		},
		{
			"name": "zinbeezame_28",
			"from": [12.75, 0, 8],
			"to": [13.5, 0.25, 9],
			"faces": {
				"north": {"uv": [13.5, 8, 12.75, 8.25], "texture": "#1"},
				"east": {"uv": [13.25, 8, 13.5, 9], "rotation": 90, "texture": "#1"},
				"south": {"uv": [12.75, 8.75, 13.5, 9], "texture": "#1"},
				"west": {"uv": [12.75, 8, 13, 9], "rotation": 270, "texture": "#1"},
				"up": {"uv": [12.75, 8, 13.5, 9], "texture": "#1"},
				"down": {"uv": [12.75, 9, 13.5, 8], "texture": "#1"}
			}
		},
		{
			"name": "zinbeezame_29",
			"from": [0.5, 0, 8.75],
			"to": [1, 0.25, 9],
			"faces": {
				"north": {"uv": [1, 8.75, 0.5, 9], "texture": "#1"},
				"east": {"uv": [0.75, 8.75, 1, 9], "rotation": 90, "texture": "#1"},
				"south": {"uv": [0.5, 8.75, 1, 9], "texture": "#1"},
				"west": {"uv": [0.5, 8.75, 0.75, 9], "rotation": 270, "texture": "#1"},
				"up": {"uv": [0.5, 8.75, 1, 9], "texture": "#1"},
				"down": {"uv": [0.5, 9, 1, 8.75], "texture": "#1"}
			}
		},
		{
			"name": "zinbeezame_30",
			"from": [0.75, 0, 9],
			"to": [1, 0.25, 9.25],
			"faces": {
				"north": {"uv": [1, 9, 0.75, 9.25], "texture": "#1"},
				"east": {"uv": [0.75, 9, 1, 9.25], "rotation": 90, "texture": "#1"},
				"south": {"uv": [0.75, 9, 1, 9.25], "texture": "#1"},
				"west": {"uv": [0.75, 9, 1, 9.25], "rotation": 270, "texture": "#1"},
				"up": {"uv": [0.75, 9, 1, 9.25], "texture": "#1"},
				"down": {"uv": [0.75, 9.25, 1, 9], "texture": "#1"}
			}
		},
		{
			"name": "zinbeezame_31",
			"from": [12, 0, 9],
			"to": [12.5, 0.25, 9.25],
			"faces": {
				"north": {"uv": [12.5, 9, 12, 9.25], "texture": "#1"},
				"east": {"uv": [12.25, 9, 12.5, 9.25], "rotation": 90, "texture": "#1"},
				"south": {"uv": [12, 9, 12.5, 9.25], "texture": "#1"},
				"west": {"uv": [12, 9, 12.25, 9.25], "rotation": 270, "texture": "#1"},
				"up": {"uv": [12, 9, 12.5, 9.25], "texture": "#1"},
				"down": {"uv": [12, 9.25, 12.5, 9], "texture": "#1"}
			}
		},
		{
			"name": "zinbeezame_32",
			"from": [12, 0, 9.25],
			"to": [12.25, 0.25, 9.5],
			"faces": {
				"north": {"uv": [12.25, 9.25, 12, 9.5], "texture": "#1"},
				"east": {"uv": [12, 9.25, 12.25, 9.5], "rotation": 90, "texture": "#1"},
				"south": {"uv": [12, 9.25, 12.25, 9.5], "texture": "#1"},
				"west": {"uv": [12, 9.25, 12.25, 9.5], "rotation": 270, "texture": "#1"},
				"up": {"uv": [12, 9.25, 12.25, 9.5], "texture": "#1"},
				"down": {"uv": [12, 9.5, 12.25, 9.25], "texture": "#1"}
			}
		},
		{
			"name": "zinbeezame_33",
			"from": [1.75, 0, 9.5],
			"to": [2.25, 0.25, 9.75],
			"faces": {
				"north": {"uv": [2.25, 9.5, 1.75, 9.75], "texture": "#1"},
				"east": {"uv": [2, 9.5, 2.25, 9.75], "rotation": 90, "texture": "#1"},
				"south": {"uv": [1.75, 9.5, 2.25, 9.75], "texture": "#1"},
				"west": {"uv": [1.75, 9.5, 2, 9.75], "rotation": 270, "texture": "#1"},
				"up": {"uv": [1.75, 9.5, 2.25, 9.75], "texture": "#1"},
				"down": {"uv": [1.75, 9.75, 2.25, 9.5], "texture": "#1"}
			}
		},
		{
			"name": "zinbeezame_34",
			"from": [3.75, 0, 9.5],
			"to": [5.75, 0.25, 9.75],
			"faces": {
				"north": {"uv": [5.75, 9.5, 3.75, 9.75], "texture": "#1"},
				"east": {"uv": [5.5, 9.5, 5.75, 9.75], "rotation": 90, "texture": "#1"},
				"south": {"uv": [3.75, 9.5, 5.75, 9.75], "texture": "#1"},
				"west": {"uv": [3.75, 9.5, 4, 9.75], "rotation": 270, "texture": "#1"},
				"up": {"uv": [3.75, 9.5, 5.75, 9.75], "texture": "#1"},
				"down": {"uv": [3.75, 9.75, 5.75, 9.5], "texture": "#1"}
			}
		},
		{
			"name": "zinbeezame_35",
			"from": [14.75, 0, 9.5],
			"to": [15, 0.25, 10],
			"faces": {
				"north": {"uv": [15, 9.5, 14.75, 9.75], "texture": "#1"},
				"east": {"uv": [14.75, 9.5, 15, 10], "rotation": 90, "texture": "#1"},
				"south": {"uv": [14.75, 9.75, 15, 10], "texture": "#1"},
				"west": {"uv": [14.75, 9.5, 15, 10], "rotation": 270, "texture": "#1"},
				"up": {"uv": [14.75, 9.5, 15, 10], "texture": "#1"},
				"down": {"uv": [14.75, 10, 15, 9.5], "texture": "#1"}
			}
		},
		{
			"name": "zinbeezame_36",
			"from": [4.75, 0, 9.75],
			"to": [5.75, 0.25, 10],
			"faces": {
				"north": {"uv": [5.75, 9.75, 4.75, 10], "texture": "#1"},
				"east": {"uv": [5.5, 9.75, 5.75, 10], "rotation": 90, "texture": "#1"},
				"south": {"uv": [4.75, 9.75, 5.75, 10], "texture": "#1"},
				"west": {"uv": [4.75, 9.75, 5, 10], "rotation": 270, "texture": "#1"},
				"up": {"uv": [4.75, 9.75, 5.75, 10], "texture": "#1"},
				"down": {"uv": [4.75, 10, 5.75, 9.75], "texture": "#1"}
			}
		},
		{
			"name": "zinbeezame_37",
			"from": [5, 0, 10],
			"to": [6, 0.25, 10.25],
			"faces": {
				"north": {"uv": [6, 10, 5, 10.25], "texture": "#1"},
				"east": {"uv": [5.75, 10, 6, 10.25], "rotation": 90, "texture": "#1"},
				"south": {"uv": [5, 10, 6, 10.25], "texture": "#1"},
				"west": {"uv": [5, 10, 5.25, 10.25], "rotation": 270, "texture": "#1"},
				"up": {"uv": [5, 10, 6, 10.25], "texture": "#1"},
				"down": {"uv": [5, 10.25, 6, 10], "texture": "#1"}
			}
		},
		{
			"name": "zinbeezame_38",
			"from": [5.25, 0, 10.25],
			"to": [6, 0.25, 10.5],
			"faces": {
				"north": {"uv": [6, 10.25, 5.25, 10.5], "texture": "#1"},
				"east": {"uv": [5.75, 10.25, 6, 10.5], "rotation": 90, "texture": "#1"},
				"south": {"uv": [5.25, 10.25, 6, 10.5], "texture": "#1"},
				"west": {"uv": [5.25, 10.25, 5.5, 10.5], "rotation": 270, "texture": "#1"},
				"up": {"uv": [5.25, 10.25, 6, 10.5], "texture": "#1"},
				"down": {"uv": [5.25, 10.5, 6, 10.25], "texture": "#1"}
			}
		},
		{
			"name": "zinbeezame_39",
			"from": [5.5, 0, 10.5],
			"to": [6.25, 0.25, 10.75],
			"faces": {
				"north": {"uv": [6.25, 10.5, 5.5, 10.75], "texture": "#1"},
				"east": {"uv": [6, 10.5, 6.25, 10.75], "rotation": 90, "texture": "#1"},
				"south": {"uv": [5.5, 10.5, 6.25, 10.75], "texture": "#1"},
				"west": {"uv": [5.5, 10.5, 5.75, 10.75], "rotation": 270, "texture": "#1"},
				"up": {"uv": [5.5, 10.5, 6.25, 10.75], "texture": "#1"},
				"down": {"uv": [5.5, 10.75, 6.25, 10.5], "texture": "#1"}
			}
		},
		{
			"name": "zinbeezame_40",
			"from": [5.75, 0, 10.75],
			"to": [6, 0.25, 11],
			"faces": {
				"north": {"uv": [6, 10.75, 5.75, 11], "texture": "#1"},
				"east": {"uv": [5.75, 10.75, 6, 11], "rotation": 90, "texture": "#1"},
				"south": {"uv": [5.75, 10.75, 6, 11], "texture": "#1"},
				"west": {"uv": [5.75, 10.75, 6, 11], "rotation": 270, "texture": "#1"},
				"up": {"uv": [5.75, 10.75, 6, 11], "texture": "#1"},
				"down": {"uv": [5.75, 11, 6, 10.75], "texture": "#1"}
			}
		}
	],
	"gui_light": "front",
	"display": {
		"thirdperson_righthand": {
			"rotation": [81, -2.75, 1.75],
			"translation": [0.25, 10.25, 32],
			"scale": [4, 4, 4]
		},
		"thirdperson_lefthand": {
			"rotation": [81, -2.75, 1.75],
			"translation": [0.25, 10.25, 32],
			"scale": [4, 4, 4]
		},
		"firstperson_righthand": {
			"rotation": [81, -2.75, 1.75],
			"translation": [0.25, 3.75, 12],
			"scale": [1.44, 1.44, 1.44]
		},
		"firstperson_lefthand": {
			"rotation": [81, -2.75, 1.75],
			"translation": [0.25, 3.75, 12],
			"scale": [1.44, 1.44, 1.44]
		},
		"ground": {
			"rotation": [90, 0, 0],
			"translation": [0.25, 10.25, 32],
			"scale": [4, 4, 4]
		},
		"gui": {
			"rotation": [90, 0, 0],
			"translation": [0, 0, 17.5],
			"scale": [1.06, 1.06, 1.06]
		},
		"head": {
			"rotation": [90, 0, 0],
			"translation": [0.25, 13.5, 36.25],
			"scale": [4, 4, 4]
		},
		"fixed": {
			"rotation": [90, 0, 0],
			"translation": [-0.5, 0.25, 9.75],
			"scale": [1.28, 1.28, 1.28]
		}
	},
	"groups": [
		{
			"name": "zinbeezame",
			"origin": [8, 8, 8],
			"children": [0, 1, 2, 3, 4, 5, 6, 7, 8, 9, 10, 11, 12, 13, 14, 15, 16, 17, 18, 19, 20, 21, 22, 23, 24, 25, 26, 27, 28, 29, 30, 31, 32, 33, 34, 35, 36, 37, 38, 39, 40]
		}
	]
}