{
	"credit": "Made with Blockbench",
	"textures": {
		"0": "fish/kamitukigame",
		"particle": "fish/kamitukigame"
	},
	"elements": [
		{
			"name": "kamitukigame_0",
			"from": [7.5, 0, 0],
			"to": [8, 0.25, 15.25],
			"faces": {
				"north": {"uv": [8, 0, 7.5, 0.25], "texture": "#0"},
				"east": {"uv": [7.75, 0, 8, 15.25], "rotation": 90, "texture": "#0"},
				"south": {"uv": [7.5, 15, 8, 15.25], "texture": "#0"},
				"west": {"uv": [7.5, 0, 7.75, 15.25], "rotation": 270, "texture": "#0"},
				"up": {"uv": [7.5, 0, 8, 15.25], "texture": "#0"},
				"down": {"uv": [7.5, 15.25, 8, 0], "texture": "#0"}
			}
		},
		{
			"name": "kamitukigame_1",
			"from": [7.25, 0, 0.25],
			"to": [7.5, 0.25, 13],
			"faces": {
				"north": {"uv": [7.5, 0.25, 7.25, 0.5], "texture": "#0"},
				"east": {"uv": [7.25, 0.25, 7.5, 13], "rotation": 90, "texture": "#0"},
				"south": {"uv": [7.25, 12.75, 7.5, 13], "texture": "#0"},
				"west": {"uv": [7.25, 0.25, 7.5, 13], "rotation": 270, "texture": "#0"},
				"up": {"uv": [7.25, 0.25, 7.5, 13], "texture": "#0"},
				"down": {"uv": [7.25, 13, 7.5, 0.25], "texture": "#0"}
			}
		},
		{
			"name": "kamitukigame_2",
			"from": [8, 0, 0.25],
			"to": [8.25, 0.25, 13],
			"faces": {
				"north": {"uv": [8.25, 0.25, 8, 0.5], "texture": "#0"},
				"east": {"uv": [8, 0.25, 8.25, 13], "rotation": 90, "texture": "#0"},
				"south": {"uv": [8, 12.75, 8.25, 13], "texture": "#0"},
				"west": {"uv": [8, 0.25, 8.25, 13], "rotation": 270, "texture": "#0"},
				"up": {"uv": [8, 0.25, 8.25, 13], "texture": "#0"},
				"down": {"uv": [8, 13, 8.25, 0.25], "texture": "#0"}
			}
		},
		{
			"name": "kamitukigame_3",
			"from": [7, 0, 0.5],
			"to": [7.25, 0.25, 11.5],
			"faces": {
				"north": {"uv": [7.25, 0.5, 7, 0.75], "texture": "#0"},
				"east": {"uv": [7, 0.5, 7.25, 11.5], "rotation": 90, "texture": "#0"},
				"south": {"uv": [7, 11.25, 7.25, 11.5], "texture": "#0"},
				"west": {"uv": [7, 0.5, 7.25, 11.5], "rotation": 270, "texture": "#0"},
				"up": {"uv": [7, 0.5, 7.25, 11.5], "texture": "#0"},
				"down": {"uv": [7, 11.5, 7.25, 0.5], "texture": "#0"}
			}
		},
		{
			"name": "kamitukigame_4",
			"from": [8.25, 0, 0.5],
			"to": [8.5, 0.25, 11.5],
			"faces": {
				"north": {"uv": [8.5, 0.5, 8.25, 0.75], "texture": "#0"},
				"east": {"uv": [8.25, 0.5, 8.5, 11.5], "rotation": 90, "texture": "#0"},
				"south": {"uv": [8.25, 11.25, 8.5, 11.5], "texture": "#0"},
				"west": {"uv": [8.25, 0.5, 8.5, 11.5], "rotation": 270, "texture": "#0"},
				"up": {"uv": [8.25, 0.5, 8.5, 11.5], "texture": "#0"},
				"down": {"uv": [8.25, 11.5, 8.5, 0.5], "texture": "#0"}
			}
		},
		{
			"name": "kamitukigame_5",
			"from": [6.75, 0, 0.75],
			"to": [7, 0.25, 10.75],
			"faces": {
				"north": {"uv": [7, 0.75, 6.75, 1], "texture": "#0"},
				"east": {"uv": [6.75, 0.75, 7, 10.75], "rotation": 90, "texture": "#0"},
				"south": {"uv": [6.75, 10.5, 7, 10.75], "texture": "#0"},
				"west": {"uv": [6.75, 0.75, 7, 10.75], "rotation": 270, "texture": "#0"},
				"up": {"uv": [6.75, 0.75, 7, 10.75], "texture": "#0"},
				"down": {"uv": [6.75, 10.75, 7, 0.75], "texture": "#0"}
			}
		},
		{
			"name": "kamitukigame_6",
			"from": [8.5, 0, 0.75],
			"to": [8.75, 0.25, 10.75],
			"faces": {
				"north": {"uv": [8.75, 0.75, 8.5, 1], "texture": "#0"},
				"east": {"uv": [8.5, 0.75, 8.75, 10.75], "rotation": 90, "texture": "#0"},
				"south": {"uv": [8.5, 10.5, 8.75, 10.75], "texture": "#0"},
				"west": {"uv": [8.5, 0.75, 8.75, 10.75], "rotation": 270, "texture": "#0"},
				"up": {"uv": [8.5, 0.75, 8.75, 10.75], "texture": "#0"},
				"down": {"uv": [8.5, 10.75, 8.75, 0.75], "texture": "#0"}
			}
		},
		{
			"name": "kamitukigame_7",
			"from": [6.5, 0, 1.25],
			"to": [6.75, 0.25, 10.5],
			"faces": {
				"north": {"uv": [6.75, 1.25, 6.5, 1.5], "texture": "#0"},
				"east": {"uv": [6.5, 1.25, 6.75, 10.5], "rotation": 90, "texture": "#0"},
				"south": {"uv": [6.5, 10.25, 6.75, 10.5], "texture": "#0"},
				"west": {"uv": [6.5, 1.25, 6.75, 10.5], "rotation": 270, "texture": "#0"},
				"up": {"uv": [6.5, 1.25, 6.75, 10.5], "texture": "#0"},
				"down": {"uv": [6.5, 10.5, 6.75, 1.25], "texture": "#0"}
			}
		},
		{
			"name": "kamitukigame_8",
			"from": [8.75, 0, 1.25],
			"to": [9, 0.25, 10.5],
			"faces": {
				"north": {"uv": [9, 1.25, 8.75, 1.5], "texture": "#0"},
				"east": {"uv": [8.75, 1.25, 9, 10.5], "rotation": 90, "texture": "#0"},
				"south": {"uv": [8.75, 10.25, 9, 10.5], "texture": "#0"},
				"west": {"uv": [8.75, 1.25, 9, 10.5], "rotation": 270, "texture": "#0"},
				"up": {"uv": [8.75, 1.25, 9, 10.5], "texture": "#0"},
				"down": {"uv": [8.75, 10.5, 9, 1.25], "texture": "#0"}
			}
		},
		{
			"name": "kamitukigame_9",
			"from": [4.5, 0, 1.5],
			"to": [4.75, 0.25, 9.5],
			"faces": {
				"north": {"uv": [4.75, 1.5, 4.5, 1.75], "texture": "#0"},
				"east": {"uv": [4.5, 1.5, 4.75, 9.5], "rotation": 90, "texture": "#0"},
				"south": {"uv": [4.5, 9.25, 4.75, 9.5], "texture": "#0"},
				"west": {"uv": [4.5, 1.5, 4.75, 9.5], "rotation": 270, "texture": "#0"},
				"up": {"uv": [4.5, 1.5, 4.75, 9.5], "texture": "#0"},
				"down": {"uv": [4.5, 9.5, 4.75, 1.5], "texture": "#0"}
			}
		},
		{
			"name": "kamitukigame_10",
			"from": [5, 0, 1.5],
			"to": [5.25, 0.25, 9.5],
			"faces": {
				"north": {"uv": [5.25, 1.5, 5, 1.75], "texture": "#0"},
				"east": {"uv": [5, 1.5, 5.25, 9.5], "rotation": 90, "texture": "#0"},
				"south": {"uv": [5, 9.25, 5.25, 9.5], "texture": "#0"},
				"west": {"uv": [5, 1.5, 5.25, 9.5], "rotation": 270, "texture": "#0"},
				"up": {"uv": [5, 1.5, 5.25, 9.5], "texture": "#0"},
				"down": {"uv": [5, 9.5, 5.25, 1.5], "texture": "#0"}
			}
		},
		{
			"name": "kamitukigame_11",
			"from": [10.25, 0, 1.5],
			"to": [10.5, 0.25, 9.5],
			"faces": {
				"north": {"uv": [10.5, 1.5, 10.25, 1.75], "texture": "#0"},
				"east": {"uv": [10.25, 1.5, 10.5, 9.5], "rotation": 90, "texture": "#0"},
				"south": {"uv": [10.25, 9.25, 10.5, 9.5], "texture": "#0"},
				"west": {"uv": [10.25, 1.5, 10.5, 9.5], "rotation": 270, "texture": "#0"},
				"up": {"uv": [10.25, 1.5, 10.5, 9.5], "texture": "#0"},
				"down": {"uv": [10.25, 9.5, 10.5, 1.5], "texture": "#0"}
			}
		},
		{
			"name": "kamitukigame_12",
			"from": [10.75, 0, 1.5],
			"to": [11, 0.25, 9.5],
			"faces": {
				"north": {"uv": [11, 1.5, 10.75, 1.75], "texture": "#0"},
				"east": {"uv": [10.75, 1.5, 11, 9.5], "rotation": 90, "texture": "#0"},
				"south": {"uv": [10.75, 9.25, 11, 9.5], "texture": "#0"},
				"west": {"uv": [10.75, 1.5, 11, 9.5], "rotation": 270, "texture": "#0"},
				"up": {"uv": [10.75, 1.5, 11, 9.5], "texture": "#0"},
				"down": {"uv": [10.75, 9.5, 11, 1.5], "texture": "#0"}
			}
		},
		{
			"name": "kamitukigame_13",
			"from": [4.25, 0, 1.75],
			"to": [4.5, 0.25, 9.5],
			"faces": {
				"north": {"uv": [4.5, 1.75, 4.25, 2], "texture": "#0"},
				"east": {"uv": [4.25, 1.75, 4.5, 9.5], "rotation": 90, "texture": "#0"},
				"south": {"uv": [4.25, 9.25, 4.5, 9.5], "texture": "#0"},
				"west": {"uv": [4.25, 1.75, 4.5, 9.5], "rotation": 270, "texture": "#0"},
				"up": {"uv": [4.25, 1.75, 4.5, 9.5], "texture": "#0"},
				"down": {"uv": [4.25, 9.5, 4.5, 1.75], "texture": "#0"}
			}
		},
		{
			"name": "kamitukigame_14",
			"from": [4.75, 0, 1.75],
			"to": [5, 0.25, 9.25],
			"faces": {
				"north": {"uv": [5, 1.75, 4.75, 2], "texture": "#0"},
				"east": {"uv": [4.75, 1.75, 5, 9.25], "rotation": 90, "texture": "#0"},
				"south": {"uv": [4.75, 9, 5, 9.25], "texture": "#0"},
				"west": {"uv": [4.75, 1.75, 5, 9.25], "rotation": 270, "texture": "#0"},
				"up": {"uv": [4.75, 1.75, 5, 9.25], "texture": "#0"},
				"down": {"uv": [4.75, 9.25, 5, 1.75], "texture": "#0"}
			}
		},
		{
			"name": "kamitukigame_15",
			"from": [5.25, 0, 1.75],
			"to": [5.5, 0.25, 9.75],
			"faces": {
				"north": {"uv": [5.5, 1.75, 5.25, 2], "texture": "#0"},
				"east": {"uv": [5.25, 1.75, 5.5, 9.75], "rotation": 90, "texture": "#0"},
				"south": {"uv": [5.25, 9.5, 5.5, 9.75], "texture": "#0"},
				"west": {"uv": [5.25, 1.75, 5.5, 9.75], "rotation": 270, "texture": "#0"},
				"up": {"uv": [5.25, 1.75, 5.5, 9.75], "texture": "#0"},
				"down": {"uv": [5.25, 9.75, 5.5, 1.75], "texture": "#0"}
			}
		},
		{
			"name": "kamitukigame_16",
			"from": [10, 0, 1.75],
			"to": [10.25, 0.25, 9.75],
			"faces": {
				"north": {"uv": [10.25, 1.75, 10, 2], "texture": "#0"},
				"east": {"uv": [10, 1.75, 10.25, 9.75], "rotation": 90, "texture": "#0"},
				"south": {"uv": [10, 9.5, 10.25, 9.75], "texture": "#0"},
				"west": {"uv": [10, 1.75, 10.25, 9.75], "rotation": 270, "texture": "#0"},
				"up": {"uv": [10, 1.75, 10.25, 9.75], "texture": "#0"},
				"down": {"uv": [10, 9.75, 10.25, 1.75], "texture": "#0"}
			}
		},
		{
			"name": "kamitukigame_17",
			"from": [10.5, 0, 1.75],
			"to": [10.75, 0.25, 9.25],
			"faces": {
				"north": {"uv": [10.75, 1.75, 10.5, 2], "texture": "#0"},
				"east": {"uv": [10.5, 1.75, 10.75, 9.25], "rotation": 90, "texture": "#0"},
				"south": {"uv": [10.5, 9, 10.75, 9.25], "texture": "#0"},
				"west": {"uv": [10.5, 1.75, 10.75, 9.25], "rotation": 270, "texture": "#0"},
				"up": {"uv": [10.5, 1.75, 10.75, 9.25], "texture": "#0"},
				"down": {"uv": [10.5, 9.25, 10.75, 1.75], "texture": "#0"}
			}
		},
		{
			"name": "kamitukigame_18",
			"from": [11, 0, 1.75],
			"to": [11.25, 0.25, 9.5],
			"faces": {
				"north": {"uv": [11.25, 1.75, 11, 2], "texture": "#0"},
				"east": {"uv": [11, 1.75, 11.25, 9.5], "rotation": 90, "texture": "#0"},
				"south": {"uv": [11, 9.25, 11.25, 9.5], "texture": "#0"},
				"west": {"uv": [11, 1.75, 11.25, 9.5], "rotation": 270, "texture": "#0"},
				"up": {"uv": [11, 1.75, 11.25, 9.5], "texture": "#0"},
				"down": {"uv": [11, 9.5, 11.25, 1.75], "texture": "#0"}
			}
		},
		{
			"name": "kamitukigame_19",
			"from": [4, 0, 2],
			"to": [4.25, 0.25, 3.25],
			"faces": {
				"north": {"uv": [4.25, 2, 4, 2.25], "texture": "#0"},
				"east": {"uv": [4, 2, 4.25, 3.25], "rotation": 90, "texture": "#0"},
				"south": {"uv": [4, 3, 4.25, 3.25], "texture": "#0"},
				"west": {"uv": [4, 2, 4.25, 3.25], "rotation": 270, "texture": "#0"},
				"up": {"uv": [4, 2, 4.25, 3.25], "texture": "#0"},
				"down": {"uv": [4, 3.25, 4.25, 2], "texture": "#0"}
			}
		},
		{
			"name": "kamitukigame_20",
			"from": [5.5, 0, 2],
			"to": [6.5, 0.25, 10],
			"faces": {
				"north": {"uv": [6.5, 2, 5.5, 2.25], "texture": "#0"},
				"east": {"uv": [6.25, 2, 6.5, 10], "rotation": 90, "texture": "#0"},
				"south": {"uv": [5.5, 9.75, 6.5, 10], "texture": "#0"},
				"west": {"uv": [5.5, 2, 5.75, 10], "rotation": 270, "texture": "#0"},
				"up": {"uv": [5.5, 2, 6.5, 10], "texture": "#0"},
				"down": {"uv": [5.5, 10, 6.5, 2], "texture": "#0"}
			}
		},
		{
			"name": "kamitukigame_21",
			"from": [9, 0, 2],
			"to": [10, 0.25, 10],
			"faces": {
				"north": {"uv": [10, 2, 9, 2.25], "texture": "#0"},
				"east": {"uv": [9.75, 2, 10, 10], "rotation": 90, "texture": "#0"},
				"south": {"uv": [9, 9.75, 10, 10], "texture": "#0"},
				"west": {"uv": [9, 2, 9.25, 10], "rotation": 270, "texture": "#0"},
				"up": {"uv": [9, 2, 10, 10], "texture": "#0"},
				"down": {"uv": [9, 10, 10, 2], "texture": "#0"}
			}
		},
		{
			"name": "kamitukigame_22",
			"from": [11.25, 0, 2],
			"to": [11.5, 0.25, 3.25],
			"faces": {
				"north": {"uv": [11.5, 2, 11.25, 2.25], "texture": "#0"},
				"east": {"uv": [11.25, 2, 11.5, 3.25], "rotation": 90, "texture": "#0"},
				"south": {"uv": [11.25, 3, 11.5, 3.25], "texture": "#0"},
				"west": {"uv": [11.25, 2, 11.5, 3.25], "rotation": 270, "texture": "#0"},
				"up": {"uv": [11.25, 2, 11.5, 3.25], "texture": "#0"},
				"down": {"uv": [11.25, 3.25, 11.5, 2], "texture": "#0"}
			}
		},
		{
			"name": "kamitukigame_23",
			"from": [11.25, 0, 4],
			"to": [11.5, 0.25, 9.25],
			"faces": {
				"north": {"uv": [11.5, 4, 11.25, 4.25], "texture": "#0"},
				"east": {"uv": [11.25, 4, 11.5, 9.25], "rotation": 90, "texture": "#0"},
				"south": {"uv": [11.25, 9, 11.5, 9.25], "texture": "#0"},
				"west": {"uv": [11.25, 4, 11.5, 9.25], "rotation": 270, "texture": "#0"},
				"up": {"uv": [11.25, 4, 11.5, 9.25], "texture": "#0"},
				"down": {"uv": [11.25, 9.25, 11.5, 4], "texture": "#0"}
			}
		},
		{
			"name": "kamitukigame_24",
			"from": [4, 0, 4.25],
			"to": [4.25, 0.25, 9.25],
			"faces": {
				"north": {"uv": [4.25, 4.25, 4, 4.5], "texture": "#0"},
				"east": {"uv": [4, 4.25, 4.25, 9.25], "rotation": 90, "texture": "#0"},
				"south": {"uv": [4, 9, 4.25, 9.25], "texture": "#0"},
				"west": {"uv": [4, 4.25, 4.25, 9.25], "rotation": 270, "texture": "#0"},
				"up": {"uv": [4, 4.25, 4.25, 9.25], "texture": "#0"},
				"down": {"uv": [4, 9.25, 4.25, 4.25], "texture": "#0"}
			}
		},
		{
			"name": "kamitukigame_25",
			"from": [3.75, 0, 7.75],
			"to": [4, 0.25, 9],
			"faces": {
				"north": {"uv": [4, 7.75, 3.75, 8], "texture": "#0"},
				"east": {"uv": [3.75, 7.75, 4, 9], "rotation": 90, "texture": "#0"},
				"south": {"uv": [3.75, 8.75, 4, 9], "texture": "#0"},
				"west": {"uv": [3.75, 7.75, 4, 9], "rotation": 270, "texture": "#0"},
				"up": {"uv": [3.75, 7.75, 4, 9], "texture": "#0"},
				"down": {"uv": [3.75, 9, 4, 7.75], "texture": "#0"}
			}
		},
		{
			"name": "kamitukigame_26",
			"from": [11.5, 0, 7.75],
			"to": [11.75, 0.25, 9],
			"faces": {
				"north": {"uv": [11.75, 7.75, 11.5, 8], "texture": "#0"},
				"east": {"uv": [11.5, 7.75, 11.75, 9], "rotation": 90, "texture": "#0"},
				"south": {"uv": [11.5, 8.75, 11.75, 9], "texture": "#0"},
				"west": {"uv": [11.5, 7.75, 11.75, 9], "rotation": 270, "texture": "#0"},
				"up": {"uv": [11.5, 7.75, 11.75, 9], "texture": "#0"},
				"down": {"uv": [11.5, 9, 11.75, 7.75], "texture": "#0"}
			}
		},
		{
			"name": "kamitukigame_27",
			"from": [3.5, 0, 8],
			"to": [3.75, 0.25, 8.75],
			"faces": {
				"north": {"uv": [3.75, 8, 3.5, 8.25], "texture": "#0"},
				"east": {"uv": [3.5, 8, 3.75, 8.75], "rotation": 90, "texture": "#0"},
				"south": {"uv": [3.5, 8.5, 3.75, 8.75], "texture": "#0"},
				"west": {"uv": [3.5, 8, 3.75, 8.75], "rotation": 270, "texture": "#0"},
				"up": {"uv": [3.5, 8, 3.75, 8.75], "texture": "#0"},
				"down": {"uv": [3.5, 8.75, 3.75, 8], "texture": "#0"}
			}
		},
		{
			"name": "kamitukigame_28",
			"from": [11.75, 0, 8],
			"to": [12, 0.25, 8.75],
			"faces": {
				"north": {"uv": [12, 8, 11.75, 8.25], "texture": "#0"},
				"east": {"uv": [11.75, 8, 12, 8.75], "rotation": 90, "texture": "#0"},
				"south": {"uv": [11.75, 8.5, 12, 8.75], "texture": "#0"},
				"west": {"uv": [11.75, 8, 12, 8.75], "rotation": 270, "texture": "#0"},
				"up": {"uv": [11.75, 8, 12, 8.75], "texture": "#0"},
				"down": {"uv": [11.75, 8.75, 12, 8], "texture": "#0"}
			}
		},
		{
			"name": "kamitukigame_29",
			"from": [3.25, 0, 8.25],
			"to": [3.5, 0.25, 8.5],
			"faces": {
				"north": {"uv": [3.5, 8.25, 3.25, 8.5], "texture": "#0"},
				"east": {"uv": [3.25, 8.25, 3.5, 8.5], "rotation": 90, "texture": "#0"},
				"south": {"uv": [3.25, 8.25, 3.5, 8.5], "texture": "#0"},
				"west": {"uv": [3.25, 8.25, 3.5, 8.5], "rotation": 270, "texture": "#0"},
				"up": {"uv": [3.25, 8.25, 3.5, 8.5], "texture": "#0"},
				"down": {"uv": [3.25, 8.5, 3.5, 8.25], "texture": "#0"}
			}
		},
		{
			"name": "kamitukigame_30",
			"from": [12, 0, 8.25],
			"to": [12.25, 0.25, 8.5],
			"faces": {
				"north": {"uv": [12.25, 8.25, 12, 8.5], "texture": "#0"},
				"east": {"uv": [12, 8.25, 12.25, 8.5], "rotation": 90, "texture": "#0"},
				"south": {"uv": [12, 8.25, 12.25, 8.5], "texture": "#0"},
				"west": {"uv": [12, 8.25, 12.25, 8.5], "rotation": 270, "texture": "#0"},
				"up": {"uv": [12, 8.25, 12.25, 8.5], "texture": "#0"},
				"down": {"uv": [12, 8.5, 12.25, 8.25], "texture": "#0"}
			}
		},
		{
			"name": "kamitukigame_31",
			"from": [6.25, 0, 10],
			"to": [6.5, 0.25, 10.25],
			"faces": {
				"north": {"uv": [6.5, 10, 6.25, 10.25], "texture": "#0"},
				"east": {"uv": [6.25, 10, 6.5, 10.25], "rotation": 90, "texture": "#0"},
				"south": {"uv": [6.25, 10, 6.5, 10.25], "texture": "#0"},
				"west": {"uv": [6.25, 10, 6.5, 10.25], "rotation": 270, "texture": "#0"},
				"up": {"uv": [6.25, 10, 6.5, 10.25], "texture": "#0"},
				"down": {"uv": [6.25, 10.25, 6.5, 10], "texture": "#0"}
			}
		},
		{
			"name": "kamitukigame_32",
			"from": [9, 0, 10],
			"to": [9.25, 0.25, 10.25],
			"faces": {
				"north": {"uv": [9.25, 10, 9, 10.25], "texture": "#0"},
				"east": {"uv": [9, 10, 9.25, 10.25], "rotation": 90, "texture": "#0"},
				"south": {"uv": [9, 10, 9.25, 10.25], "texture": "#0"},
				"west": {"uv": [9, 10, 9.25, 10.25], "rotation": 270, "texture": "#0"},
				"up": {"uv": [9, 10, 9.25, 10.25], "texture": "#0"},
				"down": {"uv": [9, 10.25, 9.25, 10], "texture": "#0"}
			}
		}
	],
	"gui_light": "front",
	"display": {
		"thirdperson_righthand": {
			"rotation": [81, -2.75, 1.75],
			"translation": [-0.25, 1.5, 5.75],
			"scale": [0.63, 0.63, 0.63]
		},
		"thirdperson_lefthand": {
			"rotation": [81, -2.75, 1.75],
			"translation": [-0.25, 1.5, 5.75],
			"scale": [0.63, 0.63, 0.63]
		},
		"firstperson_righthand": {
			"rotation": [86, 34, 1.75],
			"translation": [5.75, 0.25, 7.75],
			"scale": [1.11, 1.11, 1.11]
		},
		"firstperson_lefthand": {
			"rotation": [86, 51, 1.75],
			"translation": [5.75, 0.25, 7.75],
			"scale": [1.11, 1.11, 1.11]
		},
		"ground": {
			"translation": [0, 7, 0],
			"scale": [0.94, 0.94, 0.94]
		},
		"gui": {
			"rotation": [90, 0, 0]
		},
		"head": {
			"translation": [0.75, 16.75, 4],
			"scale": [1.31, 1.31, 1.31]
		},
		"fixed": {
			"rotation": [90, 0, 0],
			"translation": [-0.5, 0.25, 8.25],
			"scale": [1.06055, 1.06055, 1.06055]
		}
	},
	"groups": [
		{
			"name": "kamitukigame",
			"origin": [8, 8, 8],
			"children": [0, 1, 2, 3, 4, 5, 6, 7, 8, 9, 10, 11, 12, 13, 14, 15, 16, 17, 18, 19, 20, 21, 22, 23, 24, 25, 26, 27, 28, 29, 30, 31, 32]
		}
	]
}