{
	"credit": "Made with Blockbench",
	"textures": {
		"3": "fish/karei",
		"particle": "fish/isidai"
	},
	"elements": [
		{
			"name": "karei_0",
			"from": [8.75, 0, 4],
			"to": [9.75, 0.25, 12],
			"faces": {
				"north": {"uv": [9.75, 4, 8.75, 4.25], "texture": "#3"},
				"east": {"uv": [9.5, 4, 9.75, 12], "rotation": 90, "texture": "#3"},
				"south": {"uv": [8.75, 11.75, 9.75, 12], "texture": "#3"},
				"west": {"uv": [8.75, 4, 9, 12], "rotation": 270, "texture": "#3"},
				"up": {"uv": [8.75, 4, 9.75, 12], "texture": "#3"},
				"down": {"uv": [8.75, 12, 9.75, 4], "texture": "#3"}
			}
		},
		{
			"name": "karei_1",
			"from": [7.75, 0, 4.25],
			"to": [8.75, 0.25, 12],
			"faces": {
				"north": {"uv": [8.75, 4.25, 7.75, 4.5], "texture": "#3"},
				"east": {"uv": [8.5, 4.25, 8.75, 12], "rotation": 90, "texture": "#3"},
				"south": {"uv": [7.75, 11.75, 8.75, 12], "texture": "#3"},
				"west": {"uv": [7.75, 4.25, 8, 12], "rotation": 270, "texture": "#3"},
				"up": {"uv": [7.75, 4.25, 8.75, 12], "texture": "#3"},
				"down": {"uv": [7.75, 12, 8.75, 4.25], "texture": "#3"}
			}
		},
		{
			"name": "karei_2",
			"from": [9.75, 0, 4.25],
			"to": [10.25, 0.25, 12],
			"faces": {
				"north": {"uv": [10.25, 4.25, 9.75, 4.5], "texture": "#3"},
				"east": {"uv": [10, 4.25, 10.25, 12], "rotation": 90, "texture": "#3"},
				"south": {"uv": [9.75, 11.75, 10.25, 12], "texture": "#3"},
				"west": {"uv": [9.75, 4.25, 10, 12], "rotation": 270, "texture": "#3"},
				"up": {"uv": [9.75, 4.25, 10.25, 12], "texture": "#3"},
				"down": {"uv": [9.75, 12, 10.25, 4.25], "texture": "#3"}
			}
		},
		{
			"name": "karei_3",
			"from": [7.25, 0, 4.5],
			"to": [7.75, 0.25, 12],
			"faces": {
				"north": {"uv": [7.75, 4.5, 7.25, 4.75], "texture": "#3"},
				"east": {"uv": [7.5, 4.5, 7.75, 12], "rotation": 90, "texture": "#3"},
				"south": {"uv": [7.25, 11.75, 7.75, 12], "texture": "#3"},
				"west": {"uv": [7.25, 4.5, 7.5, 12], "rotation": 270, "texture": "#3"},
				"up": {"uv": [7.25, 4.5, 7.75, 12], "texture": "#3"},
				"down": {"uv": [7.25, 12, 7.75, 4.5], "texture": "#3"}
			}
		},
		{
			"name": "karei_4",
			"from": [10.25, 0, 4.5],
			"to": [10.75, 0.25, 11.75],
			"faces": {
				"north": {"uv": [10.75, 4.5, 10.25, 4.75], "texture": "#3"},
				"east": {"uv": [10.5, 4.5, 10.75, 11.75], "rotation": 90, "texture": "#3"},
				"south": {"uv": [10.25, 11.5, 10.75, 11.75], "texture": "#3"},
				"west": {"uv": [10.25, 4.5, 10.5, 11.75], "rotation": 270, "texture": "#3"},
				"up": {"uv": [10.25, 4.5, 10.75, 11.75], "texture": "#3"},
				"down": {"uv": [10.25, 11.75, 10.75, 4.5], "texture": "#3"}
			}
		},
		{
			"name": "karei_5",
			"from": [6.75, 0, 4.75],
			"to": [7.25, 0.25, 11.75],
			"faces": {
				"north": {"uv": [7.25, 4.75, 6.75, 5], "texture": "#3"},
				"east": {"uv": [7, 4.75, 7.25, 11.75], "rotation": 90, "texture": "#3"},
				"south": {"uv": [6.75, 11.5, 7.25, 11.75], "texture": "#3"},
				"west": {"uv": [6.75, 4.75, 7, 11.75], "rotation": 270, "texture": "#3"},
				"up": {"uv": [6.75, 4.75, 7.25, 11.75], "texture": "#3"},
				"down": {"uv": [6.75, 11.75, 7.25, 4.75], "texture": "#3"}
			}
		},
		{
			"name": "karei_6",
			"from": [10.75, 0, 4.75],
			"to": [11.25, 0.25, 11.25],
			"faces": {
				"north": {"uv": [11.25, 4.75, 10.75, 5], "texture": "#3"},
				"east": {"uv": [11, 4.75, 11.25, 11.25], "rotation": 90, "texture": "#3"},
				"south": {"uv": [10.75, 11, 11.25, 11.25], "texture": "#3"},
				"west": {"uv": [10.75, 4.75, 11, 11.25], "rotation": 270, "texture": "#3"},
				"up": {"uv": [10.75, 4.75, 11.25, 11.25], "texture": "#3"},
				"down": {"uv": [10.75, 11.25, 11.25, 4.75], "texture": "#3"}
			}
		},
		{
			"name": "karei_7",
			"from": [6.25, 0, 5],
			"to": [6.75, 0.25, 11.5],
			"faces": {
				"north": {"uv": [6.75, 5, 6.25, 5.25], "texture": "#3"},
				"east": {"uv": [6.5, 5, 6.75, 11.5], "rotation": 90, "texture": "#3"},
				"south": {"uv": [6.25, 11.25, 6.75, 11.5], "texture": "#3"},
				"west": {"uv": [6.25, 5, 6.5, 11.5], "rotation": 270, "texture": "#3"},
				"up": {"uv": [6.25, 5, 6.75, 11.5], "texture": "#3"},
				"down": {"uv": [6.25, 11.5, 6.75, 5], "texture": "#3"}
			}
		},
		{
			"name": "karei_8",
			"from": [11.25, 0, 5],
			"to": [11.75, 0.25, 10.75],
			"faces": {
				"north": {"uv": [11.75, 5, 11.25, 5.25], "texture": "#3"},
				"east": {"uv": [11.5, 5, 11.75, 10.75], "rotation": 90, "texture": "#3"},
				"south": {"uv": [11.25, 10.5, 11.75, 10.75], "texture": "#3"},
				"west": {"uv": [11.25, 5, 11.5, 10.75], "rotation": 270, "texture": "#3"},
				"up": {"uv": [11.25, 5, 11.75, 10.75], "texture": "#3"},
				"down": {"uv": [11.25, 10.75, 11.75, 5], "texture": "#3"}
			}
		},
		{
			"name": "karei_9",
			"from": [6, 0, 5.25],
			"to": [6.25, 0.25, 11.25],
			"faces": {
				"north": {"uv": [6.25, 5.25, 6, 5.5], "texture": "#3"},
				"east": {"uv": [6, 5.25, 6.25, 11.25], "rotation": 90, "texture": "#3"},
				"south": {"uv": [6, 11, 6.25, 11.25], "texture": "#3"},
				"west": {"uv": [6, 5.25, 6.25, 11.25], "rotation": 270, "texture": "#3"},
				"up": {"uv": [6, 5.25, 6.25, 11.25], "texture": "#3"},
				"down": {"uv": [6, 11.25, 6.25, 5.25], "texture": "#3"}
			}
		},
		{
			"name": "karei_10",
			"from": [11.75, 0, 5.25],
			"to": [12, 0.25, 10.75],
			"faces": {
				"north": {"uv": [12, 5.25, 11.75, 5.5], "texture": "#3"},
				"east": {"uv": [11.75, 5.25, 12, 10.75], "rotation": 90, "texture": "#3"},
				"south": {"uv": [11.75, 10.5, 12, 10.75], "texture": "#3"},
				"west": {"uv": [11.75, 5.25, 12, 10.75], "rotation": 270, "texture": "#3"},
				"up": {"uv": [11.75, 5.25, 12, 10.75], "texture": "#3"},
				"down": {"uv": [11.75, 10.75, 12, 5.25], "texture": "#3"}
			}
		},
		{
			"name": "karei_11",
			"from": [5.75, 0, 5.5],
			"to": [6, 0.25, 11],
			"faces": {
				"north": {"uv": [6, 5.5, 5.75, 5.75], "texture": "#3"},
				"east": {"uv": [5.75, 5.5, 6, 11], "rotation": 90, "texture": "#3"},
				"south": {"uv": [5.75, 10.75, 6, 11], "texture": "#3"},
				"west": {"uv": [5.75, 5.5, 6, 11], "rotation": 270, "texture": "#3"},
				"up": {"uv": [5.75, 5.5, 6, 11], "texture": "#3"},
				"down": {"uv": [5.75, 11, 6, 5.5], "texture": "#3"}
			}
		},
		{
			"name": "karei_12",
			"from": [12, 0, 5.5],
			"to": [12.5, 0.25, 10.5],
			"faces": {
				"north": {"uv": [12.5, 5.5, 12, 5.75], "texture": "#3"},
				"east": {"uv": [12.25, 5.5, 12.5, 10.5], "rotation": 90, "texture": "#3"},
				"south": {"uv": [12, 10.25, 12.5, 10.5], "texture": "#3"},
				"west": {"uv": [12, 5.5, 12.25, 10.5], "rotation": 270, "texture": "#3"},
				"up": {"uv": [12, 5.5, 12.5, 10.5], "texture": "#3"},
				"down": {"uv": [12, 10.5, 12.5, 5.5], "texture": "#3"}
			}
		},
		{
			"name": "karei_13",
			"from": [5.5, 0, 5.75],
			"to": [5.75, 0.25, 10.75],
			"faces": {
				"north": {"uv": [5.75, 5.75, 5.5, 6], "texture": "#3"},
				"east": {"uv": [5.5, 5.75, 5.75, 10.75], "rotation": 90, "texture": "#3"},
				"south": {"uv": [5.5, 10.5, 5.75, 10.75], "texture": "#3"},
				"west": {"uv": [5.5, 5.75, 5.75, 10.75], "rotation": 270, "texture": "#3"},
				"up": {"uv": [5.5, 5.75, 5.75, 10.75], "texture": "#3"},
				"down": {"uv": [5.5, 10.75, 5.75, 5.75], "texture": "#3"}
			}
		},
		{
			"name": "karei_14",
			"from": [12.5, 0, 5.75],
			"to": [12.75, 0.25, 10.25],
			"faces": {
				"north": {"uv": [12.75, 5.75, 12.5, 6], "texture": "#3"},
				"east": {"uv": [12.5, 5.75, 12.75, 10.25], "rotation": 90, "texture": "#3"},
				"south": {"uv": [12.5, 10, 12.75, 10.25], "texture": "#3"},
				"west": {"uv": [12.5, 5.75, 12.75, 10.25], "rotation": 270, "texture": "#3"},
				"up": {"uv": [12.5, 5.75, 12.75, 10.25], "texture": "#3"},
				"down": {"uv": [12.5, 10.25, 12.75, 5.75], "texture": "#3"}
			}
		},
		{
			"name": "karei_15",
			"from": [5.25, 0, 6],
			"to": [5.5, 0.25, 10.5],
			"faces": {
				"north": {"uv": [5.5, 6, 5.25, 6.25], "texture": "#3"},
				"east": {"uv": [5.25, 6, 5.5, 10.5], "rotation": 90, "texture": "#3"},
				"south": {"uv": [5.25, 10.25, 5.5, 10.5], "texture": "#3"},
				"west": {"uv": [5.25, 6, 5.5, 10.5], "rotation": 270, "texture": "#3"},
				"up": {"uv": [5.25, 6, 5.5, 10.5], "texture": "#3"},
				"down": {"uv": [5.25, 10.5, 5.5, 6], "texture": "#3"}
			}
		},
		{
			"name": "karei_16",
			"from": [12.75, 0, 6],
			"to": [13, 0.25, 10.25],
			"faces": {
				"north": {"uv": [13, 6, 12.75, 6.25], "texture": "#3"},
				"east": {"uv": [12.75, 6, 13, 10.25], "rotation": 90, "texture": "#3"},
				"south": {"uv": [12.75, 10, 13, 10.25], "texture": "#3"},
				"west": {"uv": [12.75, 6, 13, 10.25], "rotation": 270, "texture": "#3"},
				"up": {"uv": [12.75, 6, 13, 10.25], "texture": "#3"},
				"down": {"uv": [12.75, 10.25, 13, 6], "texture": "#3"}
			}
		},
		{
			"name": "karei_17",
			"from": [5, 0, 6.25],
			"to": [5.25, 0.25, 10.25],
			"faces": {
				"north": {"uv": [5.25, 6.25, 5, 6.5], "texture": "#3"},
				"east": {"uv": [5, 6.25, 5.25, 10.25], "rotation": 90, "texture": "#3"},
				"south": {"uv": [5, 10, 5.25, 10.25], "texture": "#3"},
				"west": {"uv": [5, 6.25, 5.25, 10.25], "rotation": 270, "texture": "#3"},
				"up": {"uv": [5, 6.25, 5.25, 10.25], "texture": "#3"},
				"down": {"uv": [5, 10.25, 5.25, 6.25], "texture": "#3"}
			}
		},
		{
			"name": "karei_18",
			"from": [13, 0, 6.25],
			"to": [13.25, 0.25, 10.25],
			"faces": {
				"north": {"uv": [13.25, 6.25, 13, 6.5], "texture": "#3"},
				"east": {"uv": [13, 6.25, 13.25, 10.25], "rotation": 90, "texture": "#3"},
				"south": {"uv": [13, 10, 13.25, 10.25], "texture": "#3"},
				"west": {"uv": [13, 6.25, 13.25, 10.25], "rotation": 270, "texture": "#3"},
				"up": {"uv": [13, 6.25, 13.25, 10.25], "texture": "#3"},
				"down": {"uv": [13, 10.25, 13.25, 6.25], "texture": "#3"}
			}
		},
		{
			"name": "karei_19",
			"from": [4.75, 0, 6.5],
			"to": [5, 0.25, 10],
			"faces": {
				"north": {"uv": [5, 6.5, 4.75, 6.75], "texture": "#3"},
				"east": {"uv": [4.75, 6.5, 5, 10], "rotation": 90, "texture": "#3"},
				"south": {"uv": [4.75, 9.75, 5, 10], "texture": "#3"},
				"west": {"uv": [4.75, 6.5, 5, 10], "rotation": 270, "texture": "#3"},
				"up": {"uv": [4.75, 6.5, 5, 10], "texture": "#3"},
				"down": {"uv": [4.75, 10, 5, 6.5], "texture": "#3"}
			}
		},
		{
			"name": "karei_20",
			"from": [13.25, 0, 6.5],
			"to": [13.5, 0.25, 10],
			"faces": {
				"north": {"uv": [13.5, 6.5, 13.25, 6.75], "texture": "#3"},
				"east": {"uv": [13.25, 6.5, 13.5, 10], "rotation": 90, "texture": "#3"},
				"south": {"uv": [13.25, 9.75, 13.5, 10], "texture": "#3"},
				"west": {"uv": [13.25, 6.5, 13.5, 10], "rotation": 270, "texture": "#3"},
				"up": {"uv": [13.25, 6.5, 13.5, 10], "texture": "#3"},
				"down": {"uv": [13.25, 10, 13.5, 6.5], "texture": "#3"}
			}
		},
		{
			"name": "karei_21",
			"from": [1.25, 0, 6.75],
			"to": [2, 0.25, 10],
			"faces": {
				"north": {"uv": [2, 6.75, 1.25, 7], "texture": "#3"},
				"east": {"uv": [1.75, 6.75, 2, 10], "rotation": 90, "texture": "#3"},
				"south": {"uv": [1.25, 9.75, 2, 10], "texture": "#3"},
				"west": {"uv": [1.25, 6.75, 1.5, 10], "rotation": 270, "texture": "#3"},
				"up": {"uv": [1.25, 6.75, 2, 10], "texture": "#3"},
				"down": {"uv": [1.25, 10, 2, 6.75], "texture": "#3"}
			}
		},
		{
			"name": "karei_22",
			"from": [13.5, 0, 6.75],
			"to": [13.75, 0.25, 10],
			"faces": {
				"north": {"uv": [13.75, 6.75, 13.5, 7], "texture": "#3"},
				"east": {"uv": [13.5, 6.75, 13.75, 10], "rotation": 90, "texture": "#3"},
				"south": {"uv": [13.5, 9.75, 13.75, 10], "texture": "#3"},
				"west": {"uv": [13.5, 6.75, 13.75, 10], "rotation": 270, "texture": "#3"},
				"up": {"uv": [13.5, 6.75, 13.75, 10], "texture": "#3"},
				"down": {"uv": [13.5, 10, 13.75, 6.75], "texture": "#3"}
			}
		},
		{
			"name": "karei_23",
			"from": [1, 0, 7],
			"to": [1.25, 0.25, 9.75],
			"faces": {
				"north": {"uv": [1.25, 7, 1, 7.25], "texture": "#3"},
				"east": {"uv": [1, 7, 1.25, 9.75], "rotation": 90, "texture": "#3"},
				"south": {"uv": [1, 9.5, 1.25, 9.75], "texture": "#3"},
				"west": {"uv": [1, 7, 1.25, 9.75], "rotation": 270, "texture": "#3"},
				"up": {"uv": [1, 7, 1.25, 9.75], "texture": "#3"},
				"down": {"uv": [1, 9.75, 1.25, 7], "texture": "#3"}
			}
		},
		{
			"name": "karei_24",
			"from": [2, 0, 7],
			"to": [2.5, 0.25, 9.75],
			"faces": {
				"north": {"uv": [2.5, 7, 2, 7.25], "texture": "#3"},
				"east": {"uv": [2.25, 7, 2.5, 9.75], "rotation": 90, "texture": "#3"},
				"south": {"uv": [2, 9.5, 2.5, 9.75], "texture": "#3"},
				"west": {"uv": [2, 7, 2.25, 9.75], "rotation": 270, "texture": "#3"},
				"up": {"uv": [2, 7, 2.5, 9.75], "texture": "#3"},
				"down": {"uv": [2, 9.75, 2.5, 7], "texture": "#3"}
			}
		},
		{
			"name": "karei_25",
			"from": [4.5, 0, 7],
			"to": [4.75, 0.25, 9.5],
			"faces": {
				"north": {"uv": [4.75, 7, 4.5, 7.25], "texture": "#3"},
				"east": {"uv": [4.5, 7, 4.75, 9.5], "rotation": 90, "texture": "#3"},
				"south": {"uv": [4.5, 9.25, 4.75, 9.5], "texture": "#3"},
				"west": {"uv": [4.5, 7, 4.75, 9.5], "rotation": 270, "texture": "#3"},
				"up": {"uv": [4.5, 7, 4.75, 9.5], "texture": "#3"},
				"down": {"uv": [4.5, 9.5, 4.75, 7], "texture": "#3"}
			}
		},
		{
			"name": "karei_26",
			"from": [13.75, 0, 7],
			"to": [14, 0.25, 9.75],
			"faces": {
				"north": {"uv": [14, 7, 13.75, 7.25], "texture": "#3"},
				"east": {"uv": [13.75, 7, 14, 9.75], "rotation": 90, "texture": "#3"},
				"south": {"uv": [13.75, 9.5, 14, 9.75], "texture": "#3"},
				"west": {"uv": [13.75, 7, 14, 9.75], "rotation": 270, "texture": "#3"},
				"up": {"uv": [13.75, 7, 14, 9.75], "texture": "#3"},
				"down": {"uv": [13.75, 9.75, 14, 7], "texture": "#3"}
			}
		},
		{
			"name": "karei_27",
			"from": [0.75, 0, 7.25],
			"to": [1, 0.25, 9.5],
			"faces": {
				"north": {"uv": [1, 7.25, 0.75, 7.5], "texture": "#3"},
				"east": {"uv": [0.75, 7.25, 1, 9.5], "rotation": 90, "texture": "#3"},
				"south": {"uv": [0.75, 9.25, 1, 9.5], "texture": "#3"},
				"west": {"uv": [0.75, 7.25, 1, 9.5], "rotation": 270, "texture": "#3"},
				"up": {"uv": [0.75, 7.25, 1, 9.5], "texture": "#3"},
				"down": {"uv": [0.75, 9.5, 1, 7.25], "texture": "#3"}
			}
		},
		{
			"name": "karei_28",
			"from": [2.5, 0, 7.25],
			"to": [3, 0.25, 9.5],
			"faces": {
				"north": {"uv": [3, 7.25, 2.5, 7.5], "texture": "#3"},
				"east": {"uv": [2.75, 7.25, 3, 9.5], "rotation": 90, "texture": "#3"},
				"south": {"uv": [2.5, 9.25, 3, 9.5], "texture": "#3"},
				"west": {"uv": [2.5, 7.25, 2.75, 9.5], "rotation": 270, "texture": "#3"},
				"up": {"uv": [2.5, 7.25, 3, 9.5], "texture": "#3"},
				"down": {"uv": [2.5, 9.5, 3, 7.25], "texture": "#3"}
			}
		},
		{
			"name": "karei_29",
			"from": [4.25, 0, 7.25],
			"to": [4.5, 0.25, 9.25],
			"faces": {
				"north": {"uv": [4.5, 7.25, 4.25, 7.5], "texture": "#3"},
				"east": {"uv": [4.25, 7.25, 4.5, 9.25], "rotation": 90, "texture": "#3"},
				"south": {"uv": [4.25, 9, 4.5, 9.25], "texture": "#3"},
				"west": {"uv": [4.25, 7.25, 4.5, 9.25], "rotation": 270, "texture": "#3"},
				"up": {"uv": [4.25, 7.25, 4.5, 9.25], "texture": "#3"},
				"down": {"uv": [4.25, 9.25, 4.5, 7.25], "texture": "#3"}
			}
		},
		{
			"name": "karei_30",
			"from": [14, 0, 7.25],
			"to": [14.5, 0.25, 9.5],
			"faces": {
				"north": {"uv": [14.5, 7.25, 14, 7.5], "texture": "#3"},
				"east": {"uv": [14.25, 7.25, 14.5, 9.5], "rotation": 90, "texture": "#3"},
				"south": {"uv": [14, 9.25, 14.5, 9.5], "texture": "#3"},
				"west": {"uv": [14, 7.25, 14.25, 9.5], "rotation": 270, "texture": "#3"},
				"up": {"uv": [14, 7.25, 14.5, 9.5], "texture": "#3"},
				"down": {"uv": [14, 9.5, 14.5, 7.25], "texture": "#3"}
			}
		},
		{
			"name": "karei_31",
			"from": [3, 0, 7.5],
			"to": [4.25, 0.25, 9],
			"faces": {
				"north": {"uv": [4.25, 7.5, 3, 7.75], "texture": "#3"},
				"east": {"uv": [4, 7.5, 4.25, 9], "rotation": 90, "texture": "#3"},
				"south": {"uv": [3, 8.75, 4.25, 9], "texture": "#3"},
				"west": {"uv": [3, 7.5, 3.25, 9], "rotation": 270, "texture": "#3"},
				"up": {"uv": [3, 7.5, 4.25, 9], "texture": "#3"},
				"down": {"uv": [3, 9, 4.25, 7.5], "texture": "#3"}
			}
		},
		{
			"name": "karei_32",
			"from": [14.5, 0, 7.5],
			"to": [14.75, 0.25, 9.5],
			"faces": {
				"north": {"uv": [14.75, 7.5, 14.5, 7.75], "texture": "#3"},
				"east": {"uv": [14.5, 7.5, 14.75, 9.5], "rotation": 90, "texture": "#3"},
				"south": {"uv": [14.5, 9.25, 14.75, 9.5], "texture": "#3"},
				"west": {"uv": [14.5, 7.5, 14.75, 9.5], "rotation": 270, "texture": "#3"},
				"up": {"uv": [14.5, 7.5, 14.75, 9.5], "texture": "#3"},
				"down": {"uv": [14.5, 9.5, 14.75, 7.5], "texture": "#3"}
			}
		},
		{
			"name": "karei_33",
			"from": [0.5, 0, 7.75],
			"to": [0.75, 0.25, 9],
			"faces": {
				"north": {"uv": [0.75, 7.75, 0.5, 8], "texture": "#3"},
				"east": {"uv": [0.5, 7.75, 0.75, 9], "rotation": 90, "texture": "#3"},
				"south": {"uv": [0.5, 8.75, 0.75, 9], "texture": "#3"},
				"west": {"uv": [0.5, 7.75, 0.75, 9], "rotation": 270, "texture": "#3"},
				"up": {"uv": [0.5, 7.75, 0.75, 9], "texture": "#3"},
				"down": {"uv": [0.5, 9, 0.75, 7.75], "texture": "#3"}
			}
		},
		{
			"name": "karei_34",
			"from": [14.75, 0, 7.75],
			"to": [15.25, 0.25, 9],
			"faces": {
				"north": {"uv": [15.25, 7.75, 14.75, 8], "texture": "#3"},
				"east": {"uv": [15, 7.75, 15.25, 9], "rotation": 90, "texture": "#3"},
				"south": {"uv": [14.75, 8.75, 15.25, 9], "texture": "#3"},
				"west": {"uv": [14.75, 7.75, 15, 9], "rotation": 270, "texture": "#3"},
				"up": {"uv": [14.75, 7.75, 15.25, 9], "texture": "#3"},
				"down": {"uv": [14.75, 9, 15.25, 7.75], "texture": "#3"}
			}
		},
		{
			"name": "karei_35",
			"from": [15.25, 0, 8],
			"to": [15.5, 0.25, 8.75],
			"faces": {
				"north": {"uv": [15.5, 8, 15.25, 8.25], "texture": "#3"},
				"east": {"uv": [15.25, 8, 15.5, 8.75], "rotation": 90, "texture": "#3"},
				"south": {"uv": [15.25, 8.5, 15.5, 8.75], "texture": "#3"},
				"west": {"uv": [15.25, 8, 15.5, 8.75], "rotation": 270, "texture": "#3"},
				"up": {"uv": [15.25, 8, 15.5, 8.75], "texture": "#3"},
				"down": {"uv": [15.25, 8.75, 15.5, 8], "texture": "#3"}
			}
		},
		{
			"name": "karei_36",
			"from": [3, 0, 9],
			"to": [3.25, 0.25, 9.25],
			"faces": {
				"north": {"uv": [3.25, 9, 3, 9.25], "texture": "#3"},
				"east": {"uv": [3, 9, 3.25, 9.25], "rotation": 90, "texture": "#3"},
				"south": {"uv": [3, 9, 3.25, 9.25], "texture": "#3"},
				"west": {"uv": [3, 9, 3.25, 9.25], "rotation": 270, "texture": "#3"},
				"up": {"uv": [3, 9, 3.25, 9.25], "texture": "#3"},
				"down": {"uv": [3, 9.25, 3.25, 9], "texture": "#3"}
			}
		},
		{
			"name": "karei_37",
			"from": [14.75, 0, 9],
			"to": [15, 0.25, 9.25],
			"faces": {
				"north": {"uv": [15, 9, 14.75, 9.25], "texture": "#3"},
				"east": {"uv": [14.75, 9, 15, 9.25], "rotation": 90, "texture": "#3"},
				"south": {"uv": [14.75, 9, 15, 9.25], "texture": "#3"},
				"west": {"uv": [14.75, 9, 15, 9.25], "rotation": 270, "texture": "#3"},
				"up": {"uv": [14.75, 9, 15, 9.25], "texture": "#3"},
				"down": {"uv": [14.75, 9.25, 15, 9], "texture": "#3"}
			}
		},
		{
			"name": "karei_38",
			"from": [11.25, 0, 10.75],
			"to": [11.5, 0.25, 11],
			"faces": {
				"north": {"uv": [11.5, 10.75, 11.25, 11], "texture": "#3"},
				"east": {"uv": [11.25, 10.75, 11.5, 11], "rotation": 90, "texture": "#3"},
				"south": {"uv": [11.25, 10.75, 11.5, 11], "texture": "#3"},
				"west": {"uv": [11.25, 10.75, 11.5, 11], "rotation": 270, "texture": "#3"},
				"up": {"uv": [11.25, 10.75, 11.5, 11], "texture": "#3"},
				"down": {"uv": [11.25, 11, 11.5, 10.75], "texture": "#3"}
			}
		},
		{
			"name": "karei_39",
			"from": [10.75, 0, 11.25],
			"to": [11, 0.25, 11.5],
			"faces": {
				"north": {"uv": [11, 11.25, 10.75, 11.5], "texture": "#3"},
				"east": {"uv": [10.75, 11.25, 11, 11.5], "rotation": 90, "texture": "#3"},
				"south": {"uv": [10.75, 11.25, 11, 11.5], "texture": "#3"},
				"west": {"uv": [10.75, 11.25, 11, 11.5], "rotation": 270, "texture": "#3"},
				"up": {"uv": [10.75, 11.25, 11, 11.5], "texture": "#3"},
				"down": {"uv": [10.75, 11.5, 11, 11.25], "texture": "#3"}
			}
		},
		{
			"name": "karei_40",
			"from": [6.5, 0, 11.5],
			"to": [6.75, 0.25, 11.75],
			"faces": {
				"north": {"uv": [6.75, 11.5, 6.5, 11.75], "texture": "#3"},
				"east": {"uv": [6.5, 11.5, 6.75, 11.75], "rotation": 90, "texture": "#3"},
				"south": {"uv": [6.5, 11.5, 6.75, 11.75], "texture": "#3"},
				"west": {"uv": [6.5, 11.5, 6.75, 11.75], "rotation": 270, "texture": "#3"},
				"up": {"uv": [6.5, 11.5, 6.75, 11.75], "texture": "#3"},
				"down": {"uv": [6.5, 11.75, 6.75, 11.5], "texture": "#3"}
			}
		},
		{
			"name": "karei_41",
			"from": [7, 0, 11.75],
			"to": [7.25, 0.25, 12],
			"faces": {
				"north": {"uv": [7.25, 11.75, 7, 12], "texture": "#3"},
				"east": {"uv": [7, 11.75, 7.25, 12], "rotation": 90, "texture": "#3"},
				"south": {"uv": [7, 11.75, 7.25, 12], "texture": "#3"},
				"west": {"uv": [7, 11.75, 7.25, 12], "rotation": 270, "texture": "#3"},
				"up": {"uv": [7, 11.75, 7.25, 12], "texture": "#3"},
				"down": {"uv": [7, 12, 7.25, 11.75], "texture": "#3"}
			}
		}
	],
	"gui_light": "front",
	"display": {
		"thirdperson_righthand": {
			"rotation": [81, -2.75, 1.75],
			"translation": [0.25, 4.25, 9.25],
			"scale": [1.11, 1.11, 1.11]
		},
		"thirdperson_lefthand": {
			"rotation": [81, -2.75, 1.75],
			"translation": [0.25, 4.25, 9.25],
			"scale": [1.11, 1.11, 1.11]
		},
		"firstperson_righthand": {
			"rotation": [81, -2.75, 1.75],
			"translation": [0.25, 1.5, 5.25],
			"scale": [0.6, 0.6, 0.6]
		},
		"firstperson_lefthand": {
			"rotation": [81, -2.75, 1.75],
			"translation": [0.25, 1.5, 5.25],
			"scale": [0.6, 0.6, 0.6]
		},
		"ground": {
			"rotation": [81, -2.75, 1.75],
			"translation": [0.25, 4.25, 9.25],
			"scale": [1.11, 1.11, 1.11]
		},
		"gui": {
			"rotation": [90, 0, 0],
			"translation": [0, 0, 17.5],
			"scale": [1.06, 1.06, 1.06]
		},
		"head": {
			"rotation": [81, -2.75, 1.75],
			"translation": [0.25, 10.25, 14.25],
			"scale": [1.11, 1.11, 1.11]
		},
		"fixed": {
			"rotation": [90, 0, 0],
			"translation": [-0.5, 0.25, 9.75],
			"scale": [1.28, 1.28, 1.28]
		}
	},
	"groups": [
		{
			"name": "karei",
			"origin": [8, 8, 8],
			"children": [0, 1, 2, 3, 4, 5, 6, 7, 8, 9, 10, 11, 12, 13, 14, 15, 16, 17, 18, 19, 20, 21, 22, 23, 24, 25, 26, 27, 28, 29, 30, 31, 32, 33, 34, 35, 36, 37, 38, 39, 40, 41]
		}
	]
}