{
	"__name": "コバンザメ",
	"credit": "Made with Blockbench",
	"textures": {
		"1": "item/fish/kobanzame",
		"particle": "item/fish/kobanzame"
	},
	"elements": [
		{
			"name": "kobanzame_0",
			"from": [
				4.25,
				0,
				5.25
			],
			"to": [
				4.5,
				0.25,
				10.25
			],
			"faces": {
				"north": {
					"uv": [
						4.5,
						5.25,
						4.25,
						5.5
					],
					"texture": "#1"
				},
				"east": {
					"uv": [
						4.25,
						5.25,
						4.5,
						10.25
					],
					"rotation": 90,
					"texture": "#1"
				},
				"south": {
					"uv": [
						4.25,
						10,
						4.5,
						10.25
					],
					"texture": "#1"
				},
				"west": {
					"uv": [
						4.25,
						5.25,
						4.5,
						10.25
					],
					"rotation": 270,
					"texture": "#1"
				},
				"up": {
					"uv": [
						4.25,
						5.25,
						4.5,
						10.25
					],
					"texture": "#1"
				},
				"down": {
					"uv": [
						4.25,
						10.25,
						4.5,
						5.25
					],
					"texture": "#1"
				}
			}
		},
		{
			"name": "kobanzame_1",
			"from": [
				4,
				0,
				5.5
			],
			"to": [
				4.25,
				0.25,
				10.5
			],
			"faces": {
				"north": {
					"uv": [
						4.25,
						5.5,
						4,
						5.75
					],
					"texture": "#1"
				},
				"east": {
					"uv": [
						4,
						5.5,
						4.25,
						10.5
					],
					"rotation": 90,
					"texture": "#1"
				},
				"south": {
					"uv": [
						4,
						10.25,
						4.25,
						10.5
					],
					"texture": "#1"
				},
				"west": {
					"uv": [
						4,
						5.5,
						4.25,
						10.5
					],
					"rotation": 270,
					"texture": "#1"
				},
				"up": {
					"uv": [
						4,
						5.5,
						4.25,
						10.5
					],
					"texture": "#1"
				},
				"down": {
					"uv": [
						4,
						10.5,
						4.25,
						5.5
					],
					"texture": "#1"
				}
			}
		},
		{
			"name": "kobanzame_2",
			"from": [
				4.5,
				0,
				5.5
			],
			"to": [
				4.75,
				0.25,
				8.75
			],
			"faces": {
				"north": {
					"uv": [
						4.75,
						5.5,
						4.5,
						5.75
					],
					"texture": "#1"
				},
				"east": {
					"uv": [
						4.5,
						5.5,
						4.75,
						8.75
					],
					"rotation": 90,
					"texture": "#1"
				},
				"south": {
					"uv": [
						4.5,
						8.5,
						4.75,
						8.75
					],
					"texture": "#1"
				},
				"west": {
					"uv": [
						4.5,
						5.5,
						4.75,
						8.75
					],
					"rotation": 270,
					"texture": "#1"
				},
				"up": {
					"uv": [
						4.5,
						5.5,
						4.75,
						8.75
					],
					"texture": "#1"
				},
				"down": {
					"uv": [
						4.5,
						8.75,
						4.75,
						5.5
					],
					"texture": "#1"
				}
			}
		},
		{
			"name": "kobanzame_3",
			"from": [
				3.75,
				0,
				5.75
			],
			"to": [
				4,
				0.25,
				10.25
			],
			"faces": {
				"north": {
					"uv": [
						4,
						5.75,
						3.75,
						6
					],
					"texture": "#1"
				},
				"east": {
					"uv": [
						3.75,
						5.75,
						4,
						10.25
					],
					"rotation": 90,
					"texture": "#1"
				},
				"south": {
					"uv": [
						3.75,
						10,
						4,
						10.25
					],
					"texture": "#1"
				},
				"west": {
					"uv": [
						3.75,
						5.75,
						4,
						10.25
					],
					"rotation": 270,
					"texture": "#1"
				},
				"up": {
					"uv": [
						3.75,
						5.75,
						4,
						10.25
					],
					"texture": "#1"
				},
				"down": {
					"uv": [
						3.75,
						10.25,
						4,
						5.75
					],
					"texture": "#1"
				}
			}
		},
		{
			"name": "kobanzame_4",
			"from": [
				3.5,
				0,
				6
			],
			"to": [
				3.75,
				0.25,
				10
			],
			"faces": {
				"north": {
					"uv": [
						3.75,
						6,
						3.5,
						6.25
					],
					"texture": "#1"
				},
				"east": {
					"uv": [
						3.5,
						6,
						3.75,
						10
					],
					"rotation": 90,
					"texture": "#1"
				},
				"south": {
					"uv": [
						3.5,
						9.75,
						3.75,
						10
					],
					"texture": "#1"
				},
				"west": {
					"uv": [
						3.5,
						6,
						3.75,
						10
					],
					"rotation": 270,
					"texture": "#1"
				},
				"up": {
					"uv": [
						3.5,
						6,
						3.75,
						10
					],
					"texture": "#1"
				},
				"down": {
					"uv": [
						3.5,
						10,
						3.75,
						6
					],
					"texture": "#1"
				}
			}
		},
		{
			"name": "kobanzame_5",
			"from": [
				3.25,
				0,
				6.5
			],
			"to": [
				3.5,
				0.25,
				9.5
			],
			"faces": {
				"north": {
					"uv": [
						3.5,
						6.5,
						3.25,
						6.75
					],
					"texture": "#1"
				},
				"east": {
					"uv": [
						3.25,
						6.5,
						3.5,
						9.5
					],
					"rotation": 90,
					"texture": "#1"
				},
				"south": {
					"uv": [
						3.25,
						9.25,
						3.5,
						9.5
					],
					"texture": "#1"
				},
				"west": {
					"uv": [
						3.25,
						6.5,
						3.5,
						9.5
					],
					"rotation": 270,
					"texture": "#1"
				},
				"up": {
					"uv": [
						3.25,
						6.5,
						3.5,
						9.5
					],
					"texture": "#1"
				},
				"down": {
					"uv": [
						3.25,
						9.5,
						3.5,
						6.5
					],
					"texture": "#1"
				}
			}
		},
		{
			"name": "kobanzame_6",
			"from": [
				14.75,
				0,
				6.5
			],
			"to": [
				15.25,
				0.25,
				7.5
			],
			"faces": {
				"north": {
					"uv": [
						15.25,
						6.5,
						14.75,
						6.75
					],
					"texture": "#1"
				},
				"east": {
					"uv": [
						15,
						6.5,
						15.25,
						7.5
					],
					"rotation": 90,
					"texture": "#1"
				},
				"south": {
					"uv": [
						14.75,
						7.25,
						15.25,
						7.5
					],
					"texture": "#1"
				},
				"west": {
					"uv": [
						14.75,
						6.5,
						15,
						7.5
					],
					"rotation": 270,
					"texture": "#1"
				},
				"up": {
					"uv": [
						14.75,
						6.5,
						15.25,
						7.5
					],
					"texture": "#1"
				},
				"down": {
					"uv": [
						14.75,
						7.5,
						15.25,
						6.5
					],
					"texture": "#1"
				}
			}
		},
		{
			"name": "kobanzame_7",
			"from": [
				3,
				0,
				6.75
			],
			"to": [
				3.25,
				0.25,
				9
			],
			"faces": {
				"north": {
					"uv": [
						3.25,
						6.75,
						3,
						7
					],
					"texture": "#1"
				},
				"east": {
					"uv": [
						3,
						6.75,
						3.25,
						9
					],
					"rotation": 90,
					"texture": "#1"
				},
				"south": {
					"uv": [
						3,
						8.75,
						3.25,
						9
					],
					"texture": "#1"
				},
				"west": {
					"uv": [
						3,
						6.75,
						3.25,
						9
					],
					"rotation": 270,
					"texture": "#1"
				},
				"up": {
					"uv": [
						3,
						6.75,
						3.25,
						9
					],
					"texture": "#1"
				},
				"down": {
					"uv": [
						3,
						9,
						3.25,
						6.75
					],
					"texture": "#1"
				}
			}
		},
		{
			"name": "kobanzame_8",
			"from": [
				8,
				0,
				6.75
			],
			"to": [
				8.5,
				0.25,
				9
			],
			"faces": {
				"north": {
					"uv": [
						8.5,
						6.75,
						8,
						7
					],
					"texture": "#1"
				},
				"east": {
					"uv": [
						8.25,
						6.75,
						8.5,
						9
					],
					"rotation": 90,
					"texture": "#1"
				},
				"south": {
					"uv": [
						8,
						8.75,
						8.5,
						9
					],
					"texture": "#1"
				},
				"west": {
					"uv": [
						8,
						6.75,
						8.25,
						9
					],
					"rotation": 270,
					"texture": "#1"
				},
				"up": {
					"uv": [
						8,
						6.75,
						8.5,
						9
					],
					"texture": "#1"
				},
				"down": {
					"uv": [
						8,
						9,
						8.5,
						6.75
					],
					"texture": "#1"
				}
			}
		},
		{
			"name": "kobanzame_9",
			"from": [
				14.5,
				0,
				6.75
			],
			"to": [
				14.75,
				0.25,
				9
			],
			"faces": {
				"north": {
					"uv": [
						14.75,
						6.75,
						14.5,
						7
					],
					"texture": "#1"
				},
				"east": {
					"uv": [
						14.5,
						6.75,
						14.75,
						9
					],
					"rotation": 90,
					"texture": "#1"
				},
				"south": {
					"uv": [
						14.5,
						8.75,
						14.75,
						9
					],
					"texture": "#1"
				},
				"west": {
					"uv": [
						14.5,
						6.75,
						14.75,
						9
					],
					"rotation": 270,
					"texture": "#1"
				},
				"up": {
					"uv": [
						14.5,
						6.75,
						14.75,
						9
					],
					"texture": "#1"
				},
				"down": {
					"uv": [
						14.5,
						9,
						14.75,
						6.75
					],
					"texture": "#1"
				}
			}
		},
		{
			"name": "kobanzame_10",
			"from": [
				15.25,
				0,
				6.75
			],
			"to": [
				15.5,
				0.25,
				7.25
			],
			"faces": {
				"north": {
					"uv": [
						15.5,
						6.75,
						15.25,
						7
					],
					"texture": "#1"
				},
				"east": {
					"uv": [
						15.25,
						6.75,
						15.5,
						7.25
					],
					"rotation": 90,
					"texture": "#1"
				},
				"south": {
					"uv": [
						15.25,
						7,
						15.5,
						7.25
					],
					"texture": "#1"
				},
				"west": {
					"uv": [
						15.25,
						6.75,
						15.5,
						7.25
					],
					"rotation": 270,
					"texture": "#1"
				},
				"up": {
					"uv": [
						15.25,
						6.75,
						15.5,
						7.25
					],
					"texture": "#1"
				},
				"down": {
					"uv": [
						15.25,
						7.25,
						15.5,
						6.75
					],
					"texture": "#1"
				}
			}
		},
		{
			"name": "kobanzame_11",
			"from": [
				1.75,
				0,
				7
			],
			"to": [
				3,
				0.25,
				8.75
			],
			"faces": {
				"north": {
					"uv": [
						3,
						7,
						1.75,
						7.25
					],
					"texture": "#1"
				},
				"east": {
					"uv": [
						2.75,
						7,
						3,
						8.75
					],
					"rotation": 90,
					"texture": "#1"
				},
				"south": {
					"uv": [
						1.75,
						8.5,
						3,
						8.75
					],
					"texture": "#1"
				},
				"west": {
					"uv": [
						1.75,
						7,
						2,
						8.75
					],
					"rotation": 270,
					"texture": "#1"
				},
				"up": {
					"uv": [
						1.75,
						7,
						3,
						8.75
					],
					"texture": "#1"
				},
				"down": {
					"uv": [
						1.75,
						8.75,
						3,
						7
					],
					"texture": "#1"
				}
			}
		},
		{
			"name": "kobanzame_12",
			"from": [
				7.5,
				0,
				7
			],
			"to": [
				8,
				0.25,
				8.75
			],
			"faces": {
				"north": {
					"uv": [
						8,
						7,
						7.5,
						7.25
					],
					"texture": "#1"
				},
				"east": {
					"uv": [
						7.75,
						7,
						8,
						8.75
					],
					"rotation": 90,
					"texture": "#1"
				},
				"south": {
					"uv": [
						7.5,
						8.5,
						8,
						8.75
					],
					"texture": "#1"
				},
				"west": {
					"uv": [
						7.5,
						7,
						7.75,
						8.75
					],
					"rotation": 270,
					"texture": "#1"
				},
				"up": {
					"uv": [
						7.5,
						7,
						8,
						8.75
					],
					"texture": "#1"
				},
				"down": {
					"uv": [
						7.5,
						8.75,
						8,
						7
					],
					"texture": "#1"
				}
			}
		},
		{
			"name": "kobanzame_13",
			"from": [
				8.5,
				0,
				7
			],
			"to": [
				8.75,
				0.25,
				9
			],
			"faces": {
				"north": {
					"uv": [
						8.75,
						7,
						8.5,
						7.25
					],
					"texture": "#1"
				},
				"east": {
					"uv": [
						8.5,
						7,
						8.75,
						9
					],
					"rotation": 90,
					"texture": "#1"
				},
				"south": {
					"uv": [
						8.5,
						8.75,
						8.75,
						9
					],
					"texture": "#1"
				},
				"west": {
					"uv": [
						8.5,
						7,
						8.75,
						9
					],
					"rotation": 270,
					"texture": "#1"
				},
				"up": {
					"uv": [
						8.5,
						7,
						8.75,
						9
					],
					"texture": "#1"
				},
				"down": {
					"uv": [
						8.5,
						9,
						8.75,
						7
					],
					"texture": "#1"
				}
			}
		},
		{
			"name": "kobanzame_14",
			"from": [
				14.25,
				0,
				7
			],
			"to": [
				14.5,
				0.25,
				8.75
			],
			"faces": {
				"north": {
					"uv": [
						14.5,
						7,
						14.25,
						7.25
					],
					"texture": "#1"
				},
				"east": {
					"uv": [
						14.25,
						7,
						14.5,
						8.75
					],
					"rotation": 90,
					"texture": "#1"
				},
				"south": {
					"uv": [
						14.25,
						8.5,
						14.5,
						8.75
					],
					"texture": "#1"
				},
				"west": {
					"uv": [
						14.25,
						7,
						14.5,
						8.75
					],
					"rotation": 270,
					"texture": "#1"
				},
				"up": {
					"uv": [
						14.25,
						7,
						14.5,
						8.75
					],
					"texture": "#1"
				},
				"down": {
					"uv": [
						14.25,
						8.75,
						14.5,
						7
					],
					"texture": "#1"
				}
			}
		},
		{
			"name": "kobanzame_15",
			"from": [
				1,
				0,
				7.25
			],
			"to": [
				1.75,
				0.25,
				8.5
			],
			"faces": {
				"north": {
					"uv": [
						1.75,
						7.25,
						1,
						7.5
					],
					"texture": "#1"
				},
				"east": {
					"uv": [
						1.5,
						7.25,
						1.75,
						8.5
					],
					"rotation": 90,
					"texture": "#1"
				},
				"south": {
					"uv": [
						1,
						8.25,
						1.75,
						8.5
					],
					"texture": "#1"
				},
				"west": {
					"uv": [
						1,
						7.25,
						1.25,
						8.5
					],
					"rotation": 270,
					"texture": "#1"
				},
				"up": {
					"uv": [
						1,
						7.25,
						1.75,
						8.5
					],
					"texture": "#1"
				},
				"down": {
					"uv": [
						1,
						8.5,
						1.75,
						7.25
					],
					"texture": "#1"
				}
			}
		},
		{
			"name": "kobanzame_16",
			"from": [
				4.75,
				0,
				7.25
			],
			"to": [
				7.5,
				0.25,
				8.75
			],
			"faces": {
				"north": {
					"uv": [
						7.5,
						7.25,
						4.75,
						7.5
					],
					"texture": "#1"
				},
				"east": {
					"uv": [
						7.25,
						7.25,
						7.5,
						8.75
					],
					"rotation": 90,
					"texture": "#1"
				},
				"south": {
					"uv": [
						4.75,
						8.5,
						7.5,
						8.75
					],
					"texture": "#1"
				},
				"west": {
					"uv": [
						4.75,
						7.25,
						5,
						8.75
					],
					"rotation": 270,
					"texture": "#1"
				},
				"up": {
					"uv": [
						4.75,
						7.25,
						7.5,
						8.75
					],
					"texture": "#1"
				},
				"down": {
					"uv": [
						4.75,
						8.75,
						7.5,
						7.25
					],
					"texture": "#1"
				}
			}
		},
		{
			"name": "kobanzame_17",
			"from": [
				8.75,
				0,
				7.25
			],
			"to": [
				12,
				0.25,
				8.5
			],
			"faces": {
				"north": {
					"uv": [
						12,
						7.25,
						8.75,
						7.5
					],
					"texture": "#1"
				},
				"east": {
					"uv": [
						11.75,
						7.25,
						12,
						8.5
					],
					"rotation": 90,
					"texture": "#1"
				},
				"south": {
					"uv": [
						8.75,
						8.25,
						12,
						8.5
					],
					"texture": "#1"
				},
				"west": {
					"uv": [
						8.75,
						7.25,
						9,
						8.5
					],
					"rotation": 270,
					"texture": "#1"
				},
				"up": {
					"uv": [
						8.75,
						7.25,
						12,
						8.5
					],
					"texture": "#1"
				},
				"down": {
					"uv": [
						8.75,
						8.5,
						12,
						7.25
					],
					"texture": "#1"
				}
			}
		},
		{
			"name": "kobanzame_18",
			"from": [
				13.75,
				0,
				7.25
			],
			"to": [
				14.25,
				0.25,
				8.5
			],
			"faces": {
				"north": {
					"uv": [
						14.25,
						7.25,
						13.75,
						7.5
					],
					"texture": "#1"
				},
				"east": {
					"uv": [
						14,
						7.25,
						14.25,
						8.5
					],
					"rotation": 90,
					"texture": "#1"
				},
				"south": {
					"uv": [
						13.75,
						8.25,
						14.25,
						8.5
					],
					"texture": "#1"
				},
				"west": {
					"uv": [
						13.75,
						7.25,
						14,
						8.5
					],
					"rotation": 270,
					"texture": "#1"
				},
				"up": {
					"uv": [
						13.75,
						7.25,
						14.25,
						8.5
					],
					"texture": "#1"
				},
				"down": {
					"uv": [
						13.75,
						8.5,
						14.25,
						7.25
					],
					"texture": "#1"
				}
			}
		},
		{
			"name": "kobanzame_19",
			"from": [
				0.75,
				0,
				7.5
			],
			"to": [
				1,
				0.25,
				8.5
			],
			"faces": {
				"north": {
					"uv": [
						1,
						7.5,
						0.75,
						7.75
					],
					"texture": "#1"
				},
				"east": {
					"uv": [
						0.75,
						7.5,
						1,
						8.5
					],
					"rotation": 90,
					"texture": "#1"
				},
				"south": {
					"uv": [
						0.75,
						8.25,
						1,
						8.5
					],
					"texture": "#1"
				},
				"west": {
					"uv": [
						0.75,
						7.5,
						1,
						8.5
					],
					"rotation": 270,
					"texture": "#1"
				},
				"up": {
					"uv": [
						0.75,
						7.5,
						1,
						8.5
					],
					"texture": "#1"
				},
				"down": {
					"uv": [
						0.75,
						8.5,
						1,
						7.5
					],
					"texture": "#1"
				}
			}
		},
		{
			"name": "kobanzame_20",
			"from": [
				12,
				0,
				7.5
			],
			"to": [
				13.75,
				0.25,
				8.25
			],
			"faces": {
				"north": {
					"uv": [
						13.75,
						7.5,
						12,
						7.75
					],
					"texture": "#1"
				},
				"east": {
					"uv": [
						13.5,
						7.5,
						13.75,
						8.25
					],
					"rotation": 90,
					"texture": "#1"
				},
				"south": {
					"uv": [
						12,
						8,
						13.75,
						8.25
					],
					"texture": "#1"
				},
				"west": {
					"uv": [
						12,
						7.5,
						12.25,
						8.25
					],
					"rotation": 270,
					"texture": "#1"
				},
				"up": {
					"uv": [
						12,
						7.5,
						13.75,
						8.25
					],
					"texture": "#1"
				},
				"down": {
					"uv": [
						12,
						8.25,
						13.75,
						7.5
					],
					"texture": "#1"
				}
			}
		},
		{
			"name": "kobanzame_21",
			"from": [
				14.75,
				0,
				7.5
			],
			"to": [
				15,
				0.25,
				9
			],
			"faces": {
				"north": {
					"uv": [
						15,
						7.5,
						14.75,
						7.75
					],
					"texture": "#1"
				},
				"east": {
					"uv": [
						14.75,
						7.5,
						15,
						9
					],
					"rotation": 90,
					"texture": "#1"
				},
				"south": {
					"uv": [
						14.75,
						8.75,
						15,
						9
					],
					"texture": "#1"
				},
				"west": {
					"uv": [
						14.75,
						7.5,
						15,
						9
					],
					"rotation": 270,
					"texture": "#1"
				},
				"up": {
					"uv": [
						14.75,
						7.5,
						15,
						9
					],
					"texture": "#1"
				},
				"down": {
					"uv": [
						14.75,
						9,
						15,
						7.5
					],
					"texture": "#1"
				}
			}
		},
		{
			"name": "kobanzame_22",
			"from": [
				0.5,
				0,
				7.75
			],
			"to": [
				0.75,
				0.25,
				8.5
			],
			"faces": {
				"north": {
					"uv": [
						0.75,
						7.75,
						0.5,
						8
					],
					"texture": "#1"
				},
				"east": {
					"uv": [
						0.5,
						7.75,
						0.75,
						8.5
					],
					"rotation": 90,
					"texture": "#1"
				},
				"south": {
					"uv": [
						0.5,
						8.25,
						0.75,
						8.5
					],
					"texture": "#1"
				},
				"west": {
					"uv": [
						0.5,
						7.75,
						0.75,
						8.5
					],
					"rotation": 270,
					"texture": "#1"
				},
				"up": {
					"uv": [
						0.5,
						7.75,
						0.75,
						8.5
					],
					"texture": "#1"
				},
				"down": {
					"uv": [
						0.5,
						8.5,
						0.75,
						7.75
					],
					"texture": "#1"
				}
			}
		},
		{
			"name": "kobanzame_23",
			"from": [
				0.25,
				0,
				8
			],
			"to": [
				0.5,
				0.25,
				8.25
			],
			"faces": {
				"north": {
					"uv": [
						0.5,
						8,
						0.25,
						8.25
					],
					"texture": "#1"
				},
				"east": {
					"uv": [
						0.25,
						8,
						0.5,
						8.25
					],
					"rotation": 90,
					"texture": "#1"
				},
				"south": {
					"uv": [
						0.25,
						8,
						0.5,
						8.25
					],
					"texture": "#1"
				},
				"west": {
					"uv": [
						0.25,
						8,
						0.5,
						8.25
					],
					"rotation": 270,
					"texture": "#1"
				},
				"up": {
					"uv": [
						0.25,
						8,
						0.5,
						8.25
					],
					"texture": "#1"
				},
				"down": {
					"uv": [
						0.25,
						8.25,
						0.5,
						8
					],
					"texture": "#1"
				}
			}
		},
		{
			"name": "kobanzame_24",
			"from": [
				12,
				0,
				8.25
			],
			"to": [
				12.75,
				0.25,
				8.5
			],
			"faces": {
				"north": {
					"uv": [
						12.75,
						8.25,
						12,
						8.5
					],
					"texture": "#1"
				},
				"east": {
					"uv": [
						12.5,
						8.25,
						12.75,
						8.5
					],
					"rotation": 90,
					"texture": "#1"
				},
				"south": {
					"uv": [
						12,
						8.25,
						12.75,
						8.5
					],
					"texture": "#1"
				},
				"west": {
					"uv": [
						12,
						8.25,
						12.25,
						8.5
					],
					"rotation": 270,
					"texture": "#1"
				},
				"up": {
					"uv": [
						12,
						8.25,
						12.75,
						8.5
					],
					"texture": "#1"
				},
				"down": {
					"uv": [
						12,
						8.5,
						12.75,
						8.25
					],
					"texture": "#1"
				}
			}
		},
		{
			"name": "kobanzame_25",
			"from": [
				15,
				0,
				8.25
			],
			"to": [
				15.25,
				0.25,
				8.75
			],
			"faces": {
				"north": {
					"uv": [
						15.25,
						8.25,
						15,
						8.5
					],
					"texture": "#1"
				},
				"east": {
					"uv": [
						15,
						8.25,
						15.25,
						8.75
					],
					"rotation": 90,
					"texture": "#1"
				},
				"south": {
					"uv": [
						15,
						8.5,
						15.25,
						8.75
					],
					"texture": "#1"
				},
				"west": {
					"uv": [
						15,
						8.25,
						15.25,
						8.75
					],
					"rotation": 270,
					"texture": "#1"
				},
				"up": {
					"uv": [
						15,
						8.25,
						15.25,
						8.75
					],
					"texture": "#1"
				},
				"down": {
					"uv": [
						15,
						8.75,
						15.25,
						8.25
					],
					"texture": "#1"
				}
			}
		},
		{
			"name": "kobanzame_26",
			"from": [
				1.5,
				0,
				8.5
			],
			"to": [
				1.75,
				0.25,
				8.75
			],
			"faces": {
				"north": {
					"uv": [
						1.75,
						8.5,
						1.5,
						8.75
					],
					"texture": "#1"
				},
				"east": {
					"uv": [
						1.5,
						8.5,
						1.75,
						8.75
					],
					"rotation": 90,
					"texture": "#1"
				},
				"south": {
					"uv": [
						1.5,
						8.5,
						1.75,
						8.75
					],
					"texture": "#1"
				},
				"west": {
					"uv": [
						1.5,
						8.5,
						1.75,
						8.75
					],
					"rotation": 270,
					"texture": "#1"
				},
				"up": {
					"uv": [
						1.5,
						8.5,
						1.75,
						8.75
					],
					"texture": "#1"
				},
				"down": {
					"uv": [
						1.5,
						8.75,
						1.75,
						8.5
					],
					"texture": "#1"
				}
			}
		},
		{
			"name": "kobanzame_27",
			"from": [
				8.75,
				0,
				8.5
			],
			"to": [
				10,
				0.25,
				8.75
			],
			"faces": {
				"north": {
					"uv": [
						10,
						8.5,
						8.75,
						8.75
					],
					"texture": "#1"
				},
				"east": {
					"uv": [
						9.75,
						8.5,
						10,
						8.75
					],
					"rotation": 90,
					"texture": "#1"
				},
				"south": {
					"uv": [
						8.75,
						8.5,
						10,
						8.75
					],
					"texture": "#1"
				},
				"west": {
					"uv": [
						8.75,
						8.5,
						9,
						8.75
					],
					"rotation": 270,
					"texture": "#1"
				},
				"up": {
					"uv": [
						8.75,
						8.5,
						10,
						8.75
					],
					"texture": "#1"
				},
				"down": {
					"uv": [
						8.75,
						8.75,
						10,
						8.5
					],
					"texture": "#1"
				}
			}
		},
		{
			"name": "kobanzame_28",
			"from": [
				7.75,
				0,
				8.75
			],
			"to": [
				8,
				0.25,
				9
			],
			"faces": {
				"north": {
					"uv": [
						8,
						8.75,
						7.75,
						9
					],
					"texture": "#1"
				},
				"east": {
					"uv": [
						7.75,
						8.75,
						8,
						9
					],
					"rotation": 90,
					"texture": "#1"
				},
				"south": {
					"uv": [
						7.75,
						8.75,
						8,
						9
					],
					"texture": "#1"
				},
				"west": {
					"uv": [
						7.75,
						8.75,
						8,
						9
					],
					"rotation": 270,
					"texture": "#1"
				},
				"up": {
					"uv": [
						7.75,
						8.75,
						8,
						9
					],
					"texture": "#1"
				},
				"down": {
					"uv": [
						7.75,
						9,
						8,
						8.75
					],
					"texture": "#1"
				}
			}
		},
		{
			"name": "kobanzame_29",
			"from": [
				8,
				0,
				9
			],
			"to": [
				8.25,
				0.25,
				9.25
			],
			"faces": {
				"north": {
					"uv": [
						8.25,
						9,
						8,
						9.25
					],
					"texture": "#1"
				},
				"east": {
					"uv": [
						8,
						9,
						8.25,
						9.25
					],
					"rotation": 90,
					"texture": "#1"
				},
				"south": {
					"uv": [
						8,
						9,
						8.25,
						9.25
					],
					"texture": "#1"
				},
				"west": {
					"uv": [
						8,
						9,
						8.25,
						9.25
					],
					"rotation": 270,
					"texture": "#1"
				},
				"up": {
					"uv": [
						8,
						9,
						8.25,
						9.25
					],
					"texture": "#1"
				},
				"down": {
					"uv": [
						8,
						9.25,
						8.25,
						9
					],
					"texture": "#1"
				}
			}
		}
	],
	"gui_light": "front",
	"display": {
		"thirdperson_righthand": {
			"rotation": [
				81,
				-18.75,
				1.75
			],
			"translation": [
				0.25,
				1.75,
				7.75
			],
			"scale": [
				0.84,
				0.84,
				0.84
			]
		},
		"thirdperson_lefthand": {
			"rotation": [
				81,
				-18.75,
				1.75
			],
			"translation": [
				0.25,
				1.75,
				7.75
			],
			"scale": [
				0.84,
				0.84,
				0.84
			]
		},
		"firstperson_righthand": {
			"rotation": [
				81,
				-18.75,
				1.75
			],
			"translation": [
				0.25,
				1.75,
				7.75
			],
			"scale": [
				0.84,
				0.84,
				0.84
			]
		},
		"firstperson_lefthand": {
			"rotation": [
				81,
				-18.75,
				1.75
			],
			"translation": [
				0.25,
				1.75,
				7.75
			],
			"scale": [
				0.84,
				0.84,
				0.84
			]
		},
		"ground": {
			"rotation": [
				81,
				-18.75,
				1.75
			],
			"translation": [
				0.25,
				1.75,
				7.75
			],
			"scale": [
				0.84,
				0.84,
				0.84
			]
		},
		"gui": {
			"rotation": [
				90,
				0,
				0
			],
			"translation": [
				0,
				0,
				17.5
			],
			"scale": [
				1.06,
				1.06,
				1.06
			]
		},
		"head": {
			"rotation": [
				81,
				-18.75,
				1.75
			],
			"translation": [
				0.25,
				9.25,
				7.75
			],
			"scale": [
				0.84,
				0.84,
				0.84
			]
		},
		"fixed": {
			"rotation": [
				90,
				0,
				0
			],
			"translation": [
				-0.5,
				0.25,
				9.75
			],
			"scale": [
				1.28,
				1.28,
				1.28
			]
		}
	},
	"groups": [
		{
			"name": "kobanzame",
			"origin": [
				8,
				8,
				8
			],
			"children": [
				0,
				1,
				2,
				3,
				4,
				5,
				6,
				7,
				8,
				9,
				10,
				11,
				12,
				13,
				14,
				15,
				16,
				17,
				18,
				19,
				20,
				21,
				22,
				23,
				24,
				25,
				26,
				27,
				28,
				29
			]
		}
	]
}