{
	"credit": "Made with Blockbench",
	"textures": {
		"2": "fish/koi"
	},
	"elements": [
		{
			"name": "koi_0",
			"from": [6.25, 0, 4.25],
			"to": [6.75, 0.25, 11.25],
			"faces": {
				"north": {"uv": [6.75, 4.25, 6.25, 4.5], "texture": "#2"},
				"east": {"uv": [6.5, 4.25, 6.75, 11.25], "rotation": 90, "texture": "#2"},
				"south": {"uv": [6.25, 11, 6.75, 11.25], "texture": "#2"},
				"west": {"uv": [6.25, 4.25, 6.5, 11.25], "rotation": 270, "texture": "#2"},
				"up": {"uv": [6.25, 4.25, 6.75, 11.25], "texture": "#2"},
				"down": {"uv": [6.25, 11.25, 6.75, 4.25], "texture": "#2"}
			}
		},
		{
			"name": "koi_1",
			"from": [6, 0, 4.5],
			"to": [6.25, 0.25, 11],
			"faces": {
				"north": {"uv": [6.25, 4.5, 6, 4.75], "texture": "#2"},
				"east": {"uv": [6, 4.5, 6.25, 11], "rotation": 90, "texture": "#2"},
				"south": {"uv": [6, 10.75, 6.25, 11], "texture": "#2"},
				"west": {"uv": [6, 4.5, 6.25, 11], "rotation": 270, "texture": "#2"},
				"up": {"uv": [6, 4.5, 6.25, 11], "texture": "#2"},
				"down": {"uv": [6, 11, 6.25, 4.5], "texture": "#2"}
			}
		},
		{
			"name": "koi_2",
			"from": [6.75, 0, 4.5],
			"to": [7, 0.25, 11.5],
			"faces": {
				"north": {"uv": [7, 4.5, 6.75, 4.75], "texture": "#2"},
				"east": {"uv": [6.75, 4.5, 7, 11.5], "rotation": 90, "texture": "#2"},
				"south": {"uv": [6.75, 11.25, 7, 11.5], "texture": "#2"},
				"west": {"uv": [6.75, 4.5, 7, 11.5], "rotation": 270, "texture": "#2"},
				"up": {"uv": [6.75, 4.5, 7, 11.5], "texture": "#2"},
				"down": {"uv": [6.75, 11.5, 7, 4.5], "texture": "#2"}
			}
		},
		{
			"name": "koi_3",
			"from": [5.75, 0, 4.75],
			"to": [6, 0.25, 10.75],
			"faces": {
				"north": {"uv": [6, 4.75, 5.75, 5], "texture": "#2"},
				"east": {"uv": [5.75, 4.75, 6, 10.75], "rotation": 90, "texture": "#2"},
				"south": {"uv": [5.75, 10.5, 6, 10.75], "texture": "#2"},
				"west": {"uv": [5.75, 4.75, 6, 10.75], "rotation": 270, "texture": "#2"},
				"up": {"uv": [5.75, 4.75, 6, 10.75], "texture": "#2"},
				"down": {"uv": [5.75, 10.75, 6, 4.75], "texture": "#2"}
			}
		},
		{
			"name": "koi_4",
			"from": [5.5, 0, 5],
			"to": [5.75, 0.25, 10.5],
			"faces": {
				"north": {"uv": [5.75, 5, 5.5, 5.25], "texture": "#2"},
				"east": {"uv": [5.5, 5, 5.75, 10.5], "rotation": 90, "texture": "#2"},
				"south": {"uv": [5.5, 10.25, 5.75, 10.5], "texture": "#2"},
				"west": {"uv": [5.5, 5, 5.75, 10.5], "rotation": 270, "texture": "#2"},
				"up": {"uv": [5.5, 5, 5.75, 10.5], "texture": "#2"},
				"down": {"uv": [5.5, 10.5, 5.75, 5], "texture": "#2"}
			}
		},
		{
			"name": "koi_5",
			"from": [7, 0, 5],
			"to": [7.5, 0.25, 11.25],
			"faces": {
				"north": {"uv": [7.5, 5, 7, 5.25], "texture": "#2"},
				"east": {"uv": [7.25, 5, 7.5, 11.25], "rotation": 90, "texture": "#2"},
				"south": {"uv": [7, 11, 7.5, 11.25], "texture": "#2"},
				"west": {"uv": [7, 5, 7.25, 11.25], "rotation": 270, "texture": "#2"},
				"up": {"uv": [7, 5, 7.5, 11.25], "texture": "#2"},
				"down": {"uv": [7, 11.25, 7.5, 5], "texture": "#2"}
			}
		},
		{
			"name": "koi_6",
			"from": [5, 0, 5.25],
			"to": [5.5, 0.25, 10.5],
			"faces": {
				"north": {"uv": [5.5, 5.25, 5, 5.5], "texture": "#2"},
				"east": {"uv": [5.25, 5.25, 5.5, 10.5], "rotation": 90, "texture": "#2"},
				"south": {"uv": [5, 10.25, 5.5, 10.5], "texture": "#2"},
				"west": {"uv": [5, 5.25, 5.25, 10.5], "rotation": 270, "texture": "#2"},
				"up": {"uv": [5, 5.25, 5.5, 10.5], "texture": "#2"},
				"down": {"uv": [5, 10.5, 5.5, 5.25], "texture": "#2"}
			}
		},
		{
			"name": "koi_7",
			"from": [7.5, 0, 5.25],
			"to": [8.75, 0.25, 10.25],
			"faces": {
				"north": {"uv": [8.75, 5.25, 7.5, 5.5], "texture": "#2"},
				"east": {"uv": [8.5, 5.25, 8.75, 10.25], "rotation": 90, "texture": "#2"},
				"south": {"uv": [7.5, 10, 8.75, 10.25], "texture": "#2"},
				"west": {"uv": [7.5, 5.25, 7.75, 10.25], "rotation": 270, "texture": "#2"},
				"up": {"uv": [7.5, 5.25, 8.75, 10.25], "texture": "#2"},
				"down": {"uv": [7.5, 10.25, 8.75, 5.25], "texture": "#2"}
			}
		},
		{
			"name": "koi_8",
			"from": [4, 0, 5.5],
			"to": [5, 0.25, 10.5],
			"faces": {
				"north": {"uv": [5, 5.5, 4, 5.75], "texture": "#2"},
				"east": {"uv": [4.75, 5.5, 5, 10.5], "rotation": 90, "texture": "#2"},
				"south": {"uv": [4, 10.25, 5, 10.5], "texture": "#2"},
				"west": {"uv": [4, 5.5, 4.25, 10.5], "rotation": 270, "texture": "#2"},
				"up": {"uv": [4, 5.5, 5, 10.5], "texture": "#2"},
				"down": {"uv": [4, 10.5, 5, 5.5], "texture": "#2"}
			}
		},
		{
			"name": "koi_9",
			"from": [8.75, 0, 5.5],
			"to": [9.75, 0.25, 10],
			"faces": {
				"north": {"uv": [9.75, 5.5, 8.75, 5.75], "texture": "#2"},
				"east": {"uv": [9.5, 5.5, 9.75, 10], "rotation": 90, "texture": "#2"},
				"south": {"uv": [8.75, 9.75, 9.75, 10], "texture": "#2"},
				"west": {"uv": [8.75, 5.5, 9, 10], "rotation": 270, "texture": "#2"},
				"up": {"uv": [8.75, 5.5, 9.75, 10], "texture": "#2"},
				"down": {"uv": [8.75, 10, 9.75, 5.5], "texture": "#2"}
			}
		},
		{
			"name": "koi_10",
			"from": [3.5, 0, 5.75],
			"to": [4, 0.25, 10.5],
			"faces": {
				"north": {"uv": [4, 5.75, 3.5, 6], "texture": "#2"},
				"east": {"uv": [3.75, 5.75, 4, 10.5], "rotation": 90, "texture": "#2"},
				"south": {"uv": [3.5, 10.25, 4, 10.5], "texture": "#2"},
				"west": {"uv": [3.5, 5.75, 3.75, 10.5], "rotation": 270, "texture": "#2"},
				"up": {"uv": [3.5, 5.75, 4, 10.5], "texture": "#2"},
				"down": {"uv": [3.5, 10.5, 4, 5.75], "texture": "#2"}
			}
		},
		{
			"name": "koi_11",
			"from": [9.75, 0, 5.75],
			"to": [10.25, 0.25, 10.25],
			"faces": {
				"north": {"uv": [10.25, 5.75, 9.75, 6], "texture": "#2"},
				"east": {"uv": [10, 5.75, 10.25, 10.25], "rotation": 90, "texture": "#2"},
				"south": {"uv": [9.75, 10, 10.25, 10.25], "texture": "#2"},
				"west": {"uv": [9.75, 5.75, 10, 10.25], "rotation": 270, "texture": "#2"},
				"up": {"uv": [9.75, 5.75, 10.25, 10.25], "texture": "#2"},
				"down": {"uv": [9.75, 10.25, 10.25, 5.75], "texture": "#2"}
			}
		},
		{
			"name": "koi_12",
			"from": [3, 0, 6],
			"to": [3.5, 0.25, 10.5],
			"faces": {
				"north": {"uv": [3.5, 6, 3, 6.25], "texture": "#2"},
				"east": {"uv": [3.25, 6, 3.5, 10.5], "rotation": 90, "texture": "#2"},
				"south": {"uv": [3, 10.25, 3.5, 10.5], "texture": "#2"},
				"west": {"uv": [3, 6, 3.25, 10.5], "rotation": 270, "texture": "#2"},
				"up": {"uv": [3, 6, 3.5, 10.5], "texture": "#2"},
				"down": {"uv": [3, 10.5, 3.5, 6], "texture": "#2"}
			}
		},
		{
			"name": "koi_13",
			"from": [10.25, 0, 6],
			"to": [10.75, 0.25, 10.75],
			"faces": {
				"north": {"uv": [10.75, 6, 10.25, 6.25], "texture": "#2"},
				"east": {"uv": [10.5, 6, 10.75, 10.75], "rotation": 90, "texture": "#2"},
				"south": {"uv": [10.25, 10.5, 10.75, 10.75], "texture": "#2"},
				"west": {"uv": [10.25, 6, 10.5, 10.75], "rotation": 270, "texture": "#2"},
				"up": {"uv": [10.25, 6, 10.75, 10.75], "texture": "#2"},
				"down": {"uv": [10.25, 10.75, 10.75, 6], "texture": "#2"}
			}
		},
		{
			"name": "koi_14",
			"from": [2.5, 0, 6.25],
			"to": [3, 0.25, 10.5],
			"faces": {
				"north": {"uv": [3, 6.25, 2.5, 6.5], "texture": "#2"},
				"east": {"uv": [2.75, 6.25, 3, 10.5], "rotation": 90, "texture": "#2"},
				"south": {"uv": [2.5, 10.25, 3, 10.5], "texture": "#2"},
				"west": {"uv": [2.5, 6.25, 2.75, 10.5], "rotation": 270, "texture": "#2"},
				"up": {"uv": [2.5, 6.25, 3, 10.5], "texture": "#2"},
				"down": {"uv": [2.5, 10.5, 3, 6.25], "texture": "#2"}
			}
		},
		{
			"name": "koi_15",
			"from": [10.75, 0, 6.25],
			"to": [11, 0.25, 10.75],
			"faces": {
				"north": {"uv": [11, 6.25, 10.75, 6.5], "texture": "#2"},
				"east": {"uv": [10.75, 6.25, 11, 10.75], "rotation": 90, "texture": "#2"},
				"south": {"uv": [10.75, 10.5, 11, 10.75], "texture": "#2"},
				"west": {"uv": [10.75, 6.25, 11, 10.75], "rotation": 270, "texture": "#2"},
				"up": {"uv": [10.75, 6.25, 11, 10.75], "texture": "#2"},
				"down": {"uv": [10.75, 10.75, 11, 6.25], "texture": "#2"}
			}
		},
		{
			"name": "koi_16",
			"from": [2, 0, 6.5],
			"to": [2.5, 0.25, 10.25],
			"faces": {
				"north": {"uv": [2.5, 6.5, 2, 6.75], "texture": "#2"},
				"east": {"uv": [2.25, 6.5, 2.5, 10.25], "rotation": 90, "texture": "#2"},
				"south": {"uv": [2, 10, 2.5, 10.25], "texture": "#2"},
				"west": {"uv": [2, 6.5, 2.25, 10.25], "rotation": 270, "texture": "#2"},
				"up": {"uv": [2, 6.5, 2.5, 10.25], "texture": "#2"},
				"down": {"uv": [2, 10.25, 2.5, 6.5], "texture": "#2"}
			}
		},
		{
			"name": "koi_17",
			"from": [11, 0, 6.5],
			"to": [11.25, 0.25, 10.75],
			"faces": {
				"north": {"uv": [11.25, 6.5, 11, 6.75], "texture": "#2"},
				"east": {"uv": [11, 6.5, 11.25, 10.75], "rotation": 90, "texture": "#2"},
				"south": {"uv": [11, 10.5, 11.25, 10.75], "texture": "#2"},
				"west": {"uv": [11, 6.5, 11.25, 10.75], "rotation": 270, "texture": "#2"},
				"up": {"uv": [11, 6.5, 11.25, 10.75], "texture": "#2"},
				"down": {"uv": [11, 10.75, 11.25, 6.5], "texture": "#2"}
			}
		},
		{
			"name": "koi_18",
			"from": [14.25, 0, 6.5],
			"to": [15.5, 0.25, 7.75],
			"faces": {
				"north": {"uv": [15.5, 6.5, 14.25, 6.75], "texture": "#2"},
				"east": {"uv": [15.25, 6.5, 15.5, 7.75], "rotation": 90, "texture": "#2"},
				"south": {"uv": [14.25, 7.5, 15.5, 7.75], "texture": "#2"},
				"west": {"uv": [14.25, 6.5, 14.5, 7.75], "rotation": 270, "texture": "#2"},
				"up": {"uv": [14.25, 6.5, 15.5, 7.75], "texture": "#2"},
				"down": {"uv": [14.25, 7.75, 15.5, 6.5], "texture": "#2"}
			}
		},
		{
			"name": "koi_19",
			"from": [1.5, 0, 6.75],
			"to": [2, 0.25, 10],
			"faces": {
				"north": {"uv": [2, 6.75, 1.5, 7], "texture": "#2"},
				"east": {"uv": [1.75, 6.75, 2, 10], "rotation": 90, "texture": "#2"},
				"south": {"uv": [1.5, 9.75, 2, 10], "texture": "#2"},
				"west": {"uv": [1.5, 6.75, 1.75, 10], "rotation": 270, "texture": "#2"},
				"up": {"uv": [1.5, 6.75, 2, 10], "texture": "#2"},
				"down": {"uv": [1.5, 10, 2, 6.75], "texture": "#2"}
			}
		},
		{
			"name": "koi_20",
			"from": [13.5, 0, 6.75],
			"to": [14.25, 0.25, 10],
			"faces": {
				"north": {"uv": [14.25, 6.75, 13.5, 7], "texture": "#2"},
				"east": {"uv": [14, 6.75, 14.25, 10], "rotation": 90, "texture": "#2"},
				"south": {"uv": [13.5, 9.75, 14.25, 10], "texture": "#2"},
				"west": {"uv": [13.5, 6.75, 13.75, 10], "rotation": 270, "texture": "#2"},
				"up": {"uv": [13.5, 6.75, 14.25, 10], "texture": "#2"},
				"down": {"uv": [13.5, 10, 14.25, 6.75], "texture": "#2"}
			}
		},
		{
			"name": "koi_21",
			"from": [15.5, 0, 6.75],
			"to": [15.75, 0.25, 7.5],
			"faces": {
				"north": {"uv": [15.75, 6.75, 15.5, 7], "texture": "#2"},
				"east": {"uv": [15.5, 6.75, 15.75, 7.5], "rotation": 90, "texture": "#2"},
				"south": {"uv": [15.5, 7.25, 15.75, 7.5], "texture": "#2"},
				"west": {"uv": [15.5, 6.75, 15.75, 7.5], "rotation": 270, "texture": "#2"},
				"up": {"uv": [15.5, 6.75, 15.75, 7.5], "texture": "#2"},
				"down": {"uv": [15.5, 7.5, 15.75, 6.75], "texture": "#2"}
			}
		},
		{
			"name": "koi_22",
			"from": [1.25, 0, 7],
			"to": [1.5, 0.25, 10],
			"faces": {
				"north": {"uv": [1.5, 7, 1.25, 7.25], "texture": "#2"},
				"east": {"uv": [1.25, 7, 1.5, 10], "rotation": 90, "texture": "#2"},
				"south": {"uv": [1.25, 9.75, 1.5, 10], "texture": "#2"},
				"west": {"uv": [1.25, 7, 1.5, 10], "rotation": 270, "texture": "#2"},
				"up": {"uv": [1.25, 7, 1.5, 10], "texture": "#2"},
				"down": {"uv": [1.25, 10, 1.5, 7], "texture": "#2"}
			}
		},
		{
			"name": "koi_23",
			"from": [13, 0, 7],
			"to": [13.5, 0.25, 9.5],
			"faces": {
				"north": {"uv": [13.5, 7, 13, 7.25], "texture": "#2"},
				"east": {"uv": [13.25, 7, 13.5, 9.5], "rotation": 90, "texture": "#2"},
				"south": {"uv": [13, 9.25, 13.5, 9.5], "texture": "#2"},
				"west": {"uv": [13, 7, 13.25, 9.5], "rotation": 270, "texture": "#2"},
				"up": {"uv": [13, 7, 13.5, 9.5], "texture": "#2"},
				"down": {"uv": [13, 9.5, 13.5, 7], "texture": "#2"}
			}
		},
		{
			"name": "koi_24",
			"from": [1, 0, 7.25],
			"to": [1.25, 0.25, 10],
			"faces": {
				"north": {"uv": [1.25, 7.25, 1, 7.5], "texture": "#2"},
				"east": {"uv": [1, 7.25, 1.25, 10], "rotation": 90, "texture": "#2"},
				"south": {"uv": [1, 9.75, 1.25, 10], "texture": "#2"},
				"west": {"uv": [1, 7.25, 1.25, 10], "rotation": 270, "texture": "#2"},
				"up": {"uv": [1, 7.25, 1.25, 10], "texture": "#2"},
				"down": {"uv": [1, 10, 1.25, 7.25], "texture": "#2"}
			}
		},
		{
			"name": "koi_25",
			"from": [11.25, 0, 7.25],
			"to": [13, 0.25, 9.5],
			"faces": {
				"north": {"uv": [13, 7.25, 11.25, 7.5], "texture": "#2"},
				"east": {"uv": [12.75, 7.25, 13, 9.5], "rotation": 90, "texture": "#2"},
				"south": {"uv": [11.25, 9.25, 13, 9.5], "texture": "#2"},
				"west": {"uv": [11.25, 7.25, 11.5, 9.5], "rotation": 270, "texture": "#2"},
				"up": {"uv": [11.25, 7.25, 13, 9.5], "texture": "#2"},
				"down": {"uv": [11.25, 9.5, 13, 7.25], "texture": "#2"}
			}
		},
		{
			"name": "koi_26",
			"from": [0.75, 0, 7.5],
			"to": [1, 0.25, 9.75],
			"faces": {
				"north": {"uv": [1, 7.5, 0.75, 7.75], "texture": "#2"},
				"east": {"uv": [0.75, 7.5, 1, 9.75], "rotation": 90, "texture": "#2"},
				"south": {"uv": [0.75, 9.5, 1, 9.75], "texture": "#2"},
				"west": {"uv": [0.75, 7.5, 1, 9.75], "rotation": 270, "texture": "#2"},
				"up": {"uv": [0.75, 7.5, 1, 9.75], "texture": "#2"},
				"down": {"uv": [0.75, 9.75, 1, 7.5], "texture": "#2"}
			}
		},
		{
			"name": "koi_27",
			"from": [0.5, 0, 7.75],
			"to": [0.75, 0.25, 9.5],
			"faces": {
				"north": {"uv": [0.75, 7.75, 0.5, 8], "texture": "#2"},
				"east": {"uv": [0.5, 7.75, 0.75, 9.5], "rotation": 90, "texture": "#2"},
				"south": {"uv": [0.5, 9.25, 0.75, 9.5], "texture": "#2"},
				"west": {"uv": [0.5, 7.75, 0.75, 9.5], "rotation": 270, "texture": "#2"},
				"up": {"uv": [0.5, 7.75, 0.75, 9.5], "texture": "#2"},
				"down": {"uv": [0.5, 9.5, 0.75, 7.75], "texture": "#2"}
			}
		},
		{
			"name": "koi_28",
			"from": [14.25, 0, 7.75],
			"to": [15, 0.25, 8.25],
			"faces": {
				"north": {"uv": [15, 7.75, 14.25, 8], "texture": "#2"},
				"east": {"uv": [14.75, 7.75, 15, 8.25], "rotation": 90, "texture": "#2"},
				"south": {"uv": [14.25, 8, 15, 8.25], "texture": "#2"},
				"west": {"uv": [14.25, 7.75, 14.5, 8.25], "rotation": 270, "texture": "#2"},
				"up": {"uv": [14.25, 7.75, 15, 8.25], "texture": "#2"},
				"down": {"uv": [14.25, 8.25, 15, 7.75], "texture": "#2"}
			}
		},
		{
			"name": "koi_29",
			"from": [15, 0, 7.75],
			"to": [15.25, 0.25, 8],
			"faces": {
				"north": {"uv": [15.25, 7.75, 15, 8], "texture": "#2"},
				"east": {"uv": [15, 7.75, 15.25, 8], "rotation": 90, "texture": "#2"},
				"south": {"uv": [15, 7.75, 15.25, 8], "texture": "#2"},
				"west": {"uv": [15, 7.75, 15.25, 8], "rotation": 270, "texture": "#2"},
				"up": {"uv": [15, 7.75, 15.25, 8], "texture": "#2"},
				"down": {"uv": [15, 8, 15.25, 7.75], "texture": "#2"}
			}
		},
		{
			"name": "koi_30",
			"from": [0.25, 0, 8],
			"to": [0.5, 0.25, 9.25],
			"faces": {
				"north": {"uv": [0.5, 8, 0.25, 8.25], "texture": "#2"},
				"east": {"uv": [0.25, 8, 0.5, 9.25], "rotation": 90, "texture": "#2"},
				"south": {"uv": [0.25, 9, 0.5, 9.25], "texture": "#2"},
				"west": {"uv": [0.25, 8, 0.5, 9.25], "rotation": 270, "texture": "#2"},
				"up": {"uv": [0.25, 8, 0.5, 9.25], "texture": "#2"},
				"down": {"uv": [0.25, 9.25, 0.5, 8], "texture": "#2"}
			}
		},
		{
			"name": "koi_31",
			"from": [0, 0, 8.25],
			"to": [0.25, 0.25, 9],
			"faces": {
				"north": {"uv": [0.25, 8.25, 0, 8.5], "texture": "#2"},
				"east": {"uv": [0, 8.25, 0.25, 9], "rotation": 90, "texture": "#2"},
				"south": {"uv": [0, 8.75, 0.25, 9], "texture": "#2"},
				"west": {"uv": [0, 8.25, 0.25, 9], "rotation": 270, "texture": "#2"},
				"up": {"uv": [0, 8.25, 0.25, 9], "texture": "#2"},
				"down": {"uv": [0, 9, 0.25, 8.25], "texture": "#2"}
			}
		},
		{
			"name": "koi_32",
			"from": [14.25, 0, 8.25],
			"to": [14.75, 0.25, 10.25],
			"faces": {
				"north": {"uv": [14.75, 8.25, 14.25, 8.5], "texture": "#2"},
				"east": {"uv": [14.5, 8.25, 14.75, 10.25], "rotation": 90, "texture": "#2"},
				"south": {"uv": [14.25, 10, 14.75, 10.25], "texture": "#2"},
				"west": {"uv": [14.25, 8.25, 14.5, 10.25], "rotation": 270, "texture": "#2"},
				"up": {"uv": [14.25, 8.25, 14.75, 10.25], "texture": "#2"},
				"down": {"uv": [14.25, 10.25, 14.75, 8.25], "texture": "#2"}
			}
		},
		{
			"name": "koi_33",
			"from": [14.75, 0, 8.5],
			"to": [15, 0.25, 10.25],
			"faces": {
				"north": {"uv": [15, 8.5, 14.75, 8.75], "texture": "#2"},
				"east": {"uv": [14.75, 8.5, 15, 10.25], "rotation": 90, "texture": "#2"},
				"south": {"uv": [14.75, 10, 15, 10.25], "texture": "#2"},
				"west": {"uv": [14.75, 8.5, 15, 10.25], "rotation": 270, "texture": "#2"},
				"up": {"uv": [14.75, 8.5, 15, 10.25], "texture": "#2"},
				"down": {"uv": [14.75, 10.25, 15, 8.5], "texture": "#2"}
			}
		},
		{
			"name": "koi_34",
			"from": [15, 0, 8.75],
			"to": [15.25, 0.25, 10.25],
			"faces": {
				"north": {"uv": [15.25, 8.75, 15, 9], "texture": "#2"},
				"east": {"uv": [15, 8.75, 15.25, 10.25], "rotation": 90, "texture": "#2"},
				"south": {"uv": [15, 10, 15.25, 10.25], "texture": "#2"},
				"west": {"uv": [15, 8.75, 15.25, 10.25], "rotation": 270, "texture": "#2"},
				"up": {"uv": [15, 8.75, 15.25, 10.25], "texture": "#2"},
				"down": {"uv": [15, 10.25, 15.25, 8.75], "texture": "#2"}
			}
		},
		{
			"name": "koi_35",
			"from": [15.25, 0, 9],
			"to": [15.5, 0.25, 10.25],
			"faces": {
				"north": {"uv": [15.5, 9, 15.25, 9.25], "texture": "#2"},
				"east": {"uv": [15.25, 9, 15.5, 10.25], "rotation": 90, "texture": "#2"},
				"south": {"uv": [15.25, 10, 15.5, 10.25], "texture": "#2"},
				"west": {"uv": [15.25, 9, 15.5, 10.25], "rotation": 270, "texture": "#2"},
				"up": {"uv": [15.25, 9, 15.5, 10.25], "texture": "#2"},
				"down": {"uv": [15.25, 10.25, 15.5, 9], "texture": "#2"}
			}
		},
		{
			"name": "koi_36",
			"from": [15.5, 0, 9.25],
			"to": [15.75, 0.25, 10],
			"faces": {
				"north": {"uv": [15.75, 9.25, 15.5, 9.5], "texture": "#2"},
				"east": {"uv": [15.5, 9.25, 15.75, 10], "rotation": 90, "texture": "#2"},
				"south": {"uv": [15.5, 9.75, 15.75, 10], "texture": "#2"},
				"west": {"uv": [15.5, 9.25, 15.75, 10], "rotation": 270, "texture": "#2"},
				"up": {"uv": [15.5, 9.25, 15.75, 10], "texture": "#2"},
				"down": {"uv": [15.5, 10, 15.75, 9.25], "texture": "#2"}
			}
		},
		{
			"name": "koi_37",
			"from": [11.25, 0, 9.5],
			"to": [11.5, 0.25, 10.75],
			"faces": {
				"north": {"uv": [11.5, 9.5, 11.25, 9.75], "texture": "#2"},
				"east": {"uv": [11.25, 9.5, 11.5, 10.75], "rotation": 90, "texture": "#2"},
				"south": {"uv": [11.25, 10.5, 11.5, 10.75], "texture": "#2"},
				"west": {"uv": [11.25, 9.5, 11.5, 10.75], "rotation": 270, "texture": "#2"},
				"up": {"uv": [11.25, 9.5, 11.5, 10.75], "texture": "#2"},
				"down": {"uv": [11.25, 10.75, 11.5, 9.5], "texture": "#2"}
			}
		},
		{
			"name": "koi_38",
			"from": [13.25, 0, 9.5],
			"to": [13.5, 0.25, 9.75],
			"faces": {
				"north": {"uv": [13.5, 9.5, 13.25, 9.75], "texture": "#2"},
				"east": {"uv": [13.25, 9.5, 13.5, 9.75], "rotation": 90, "texture": "#2"},
				"south": {"uv": [13.25, 9.5, 13.5, 9.75], "texture": "#2"},
				"west": {"uv": [13.25, 9.5, 13.5, 9.75], "rotation": 270, "texture": "#2"},
				"up": {"uv": [13.25, 9.5, 13.5, 9.75], "texture": "#2"},
				"down": {"uv": [13.25, 9.75, 13.5, 9.5], "texture": "#2"}
			}
		},
		{
			"name": "koi_39",
			"from": [11.5, 0, 9.75],
			"to": [11.75, 0.25, 10.5],
			"faces": {
				"north": {"uv": [11.75, 9.75, 11.5, 10], "texture": "#2"},
				"east": {"uv": [11.5, 9.75, 11.75, 10.5], "rotation": 90, "texture": "#2"},
				"south": {"uv": [11.5, 10.25, 11.75, 10.5], "texture": "#2"},
				"west": {"uv": [11.5, 9.75, 11.75, 10.5], "rotation": 270, "texture": "#2"},
				"up": {"uv": [11.5, 9.75, 11.75, 10.5], "texture": "#2"},
				"down": {"uv": [11.5, 10.5, 11.75, 9.75], "texture": "#2"}
			}
		},
		{
			"name": "koi_40",
			"from": [1.75, 0, 10],
			"to": [2, 0.25, 10.25],
			"faces": {
				"north": {"uv": [2, 10, 1.75, 10.25], "texture": "#2"},
				"east": {"uv": [1.75, 10, 2, 10.25], "rotation": 90, "texture": "#2"},
				"south": {"uv": [1.75, 10, 2, 10.25], "texture": "#2"},
				"west": {"uv": [1.75, 10, 2, 10.25], "rotation": 270, "texture": "#2"},
				"up": {"uv": [1.75, 10, 2, 10.25], "texture": "#2"},
				"down": {"uv": [1.75, 10.25, 2, 10], "texture": "#2"}
			}
		},
		{
			"name": "koi_41",
			"from": [8.75, 0, 10],
			"to": [9.25, 0.25, 10.25],
			"faces": {
				"north": {"uv": [9.25, 10, 8.75, 10.25], "texture": "#2"},
				"east": {"uv": [9, 10, 9.25, 10.25], "rotation": 90, "texture": "#2"},
				"south": {"uv": [8.75, 10, 9.25, 10.25], "texture": "#2"},
				"west": {"uv": [8.75, 10, 9, 10.25], "rotation": 270, "texture": "#2"},
				"up": {"uv": [8.75, 10, 9.25, 10.25], "texture": "#2"},
				"down": {"uv": [8.75, 10.25, 9.25, 10], "texture": "#2"}
			}
		},
		{
			"name": "koi_42",
			"from": [14, 0, 10],
			"to": [14.25, 0.25, 10.25],
			"faces": {
				"north": {"uv": [14.25, 10, 14, 10.25], "texture": "#2"},
				"east": {"uv": [14, 10, 14.25, 10.25], "rotation": 90, "texture": "#2"},
				"south": {"uv": [14, 10, 14.25, 10.25], "texture": "#2"},
				"west": {"uv": [14, 10, 14.25, 10.25], "rotation": 270, "texture": "#2"},
				"up": {"uv": [14, 10, 14.25, 10.25], "texture": "#2"},
				"down": {"uv": [14, 10.25, 14.25, 10], "texture": "#2"}
			}
		},
		{
			"name": "koi_43",
			"from": [7.5, 0, 10.25],
			"to": [8.5, 0.25, 10.5],
			"faces": {
				"north": {"uv": [8.5, 10.25, 7.5, 10.5], "texture": "#2"},
				"east": {"uv": [8.25, 10.25, 8.5, 10.5], "rotation": 90, "texture": "#2"},
				"south": {"uv": [7.5, 10.25, 8.5, 10.5], "texture": "#2"},
				"west": {"uv": [7.5, 10.25, 7.75, 10.5], "rotation": 270, "texture": "#2"},
				"up": {"uv": [7.5, 10.25, 8.5, 10.5], "texture": "#2"},
				"down": {"uv": [7.5, 10.5, 8.5, 10.25], "texture": "#2"}
			}
		},
		{
			"name": "koi_44",
			"from": [10, 0, 10.25],
			"to": [10.25, 0.25, 10.5],
			"faces": {
				"north": {"uv": [10.25, 10.25, 10, 10.5], "texture": "#2"},
				"east": {"uv": [10, 10.25, 10.25, 10.5], "rotation": 90, "texture": "#2"},
				"south": {"uv": [10, 10.25, 10.25, 10.5], "texture": "#2"},
				"west": {"uv": [10, 10.25, 10.25, 10.5], "rotation": 270, "texture": "#2"},
				"up": {"uv": [10, 10.25, 10.25, 10.5], "texture": "#2"},
				"down": {"uv": [10, 10.5, 10.25, 10.25], "texture": "#2"}
			}
		},
		{
			"name": "koi_45",
			"from": [6.5, 0, 11.25],
			"to": [6.75, 0.25, 11.5],
			"faces": {
				"north": {"uv": [6.75, 11.25, 6.5, 11.5], "texture": "#2"},
				"east": {"uv": [6.5, 11.25, 6.75, 11.5], "rotation": 90, "texture": "#2"},
				"south": {"uv": [6.5, 11.25, 6.75, 11.5], "texture": "#2"},
				"west": {"uv": [6.5, 11.25, 6.75, 11.5], "rotation": 270, "texture": "#2"},
				"up": {"uv": [6.5, 11.25, 6.75, 11.5], "texture": "#2"},
				"down": {"uv": [6.5, 11.5, 6.75, 11.25], "texture": "#2"}
			}
		},
		{
			"name": "koi_46",
			"from": [7, 0, 11.25],
			"to": [7.25, 0.25, 11.5],
			"faces": {
				"north": {"uv": [7.25, 11.25, 7, 11.5], "texture": "#2"},
				"east": {"uv": [7, 11.25, 7.25, 11.5], "rotation": 90, "texture": "#2"},
				"south": {"uv": [7, 11.25, 7.25, 11.5], "texture": "#2"},
				"west": {"uv": [7, 11.25, 7.25, 11.5], "rotation": 270, "texture": "#2"},
				"up": {"uv": [7, 11.25, 7.25, 11.5], "texture": "#2"},
				"down": {"uv": [7, 11.5, 7.25, 11.25], "texture": "#2"}
			}
		}
	],
	"gui_light": "front",
	"display": {
		"thirdperson_righthand": {
			"rotation": [90, -2.75, 1.75],
			"translation": [1, 0.75, 8.5],
			"scale": [0.92, 0.92, 0.92]
		},
		"thirdperson_lefthand": {
			"rotation": [90, -2.75, 1.75],
			"translation": [1, 0.75, 8.5],
			"scale": [0.92, 0.92, 0.92]
		},
		"firstperson_righthand": {
			"rotation": [90, -2.75, 1.75],
			"translation": [1, 2, 8.5],
			"scale": [0.92, 0.92, 0.92]
		},
		"firstperson_lefthand": {
			"rotation": [90, -2.75, -180],
			"translation": [1, 2, -5.5],
			"scale": [0.92, 0.92, 0.92]
		},
		"ground": {
			"rotation": [90, 0, 0],
			"translation": [-2.25, 3.5, 18.5],
			"scale": [1.39, 1.39, 1.39]
		},
		"gui": {
			"rotation": [90, 0, 0],
			"translation": [0.5, 0.25, 9]
		},
		"head": {
			"rotation": [90, -2.75, 1.75],
			"translation": [1, 9, 12.25],
			"scale": [0.92, 0.92, 0.92]
		},
		"fixed": {
			"rotation": [90, 0, 0],
			"translation": [-0.5, 0.25, 8.25],
			"scale": [1.06055, 1.06055, 1.06055]
		}
	},
	"groups": [
		{
			"name": "koi",
			"origin": [8, 8, 8],
			"children": [0, 1, 2, 3, 4, 5, 6, 7, 8, 9, 10, 11, 12, 13, 14, 15, 16, 17, 18, 19, 20, 21, 22, 23, 24, 25, 26, 27, 28, 29, 30, 31, 32, 33, 34, 35, 36, 37, 38, 39, 40, 41, 42, 43, 44, 45, 46]
		}
	]
}