{
	"credit": "Made with Blockbench",
	"textures": {
		"0": "fish/kumanomi",
		"particle": "fish/kumanomi"
	},
	"elements": [
		{
			"name": "kumanomi_0",
			"from": [5.5, 0, 3.5],
			"to": [6.75, 0.25, 11],
			"faces": {
				"north": {"uv": [6.75, 3.5, 5.5, 3.75], "texture": "#0"},
				"east": {"uv": [6.5, 3.5, 6.75, 11], "rotation": 90, "texture": "#0"},
				"south": {"uv": [5.5, 10.75, 6.75, 11], "texture": "#0"},
				"west": {"uv": [5.5, 3.5, 5.75, 11], "rotation": 270, "texture": "#0"},
				"up": {"uv": [5.5, 3.5, 6.75, 11], "texture": "#0"},
				"down": {"uv": [5.5, 11, 6.75, 3.5], "texture": "#0"}
			}
		},
		{
			"name": "kumanomi_1",
			"from": [5, 0, 3.75],
			"to": [5.5, 0.25, 10.5],
			"faces": {
				"north": {"uv": [5.5, 3.75, 5, 4], "texture": "#0"},
				"east": {"uv": [5.25, 3.75, 5.5, 10.5], "rotation": 90, "texture": "#0"},
				"south": {"uv": [5, 10.25, 5.5, 10.5], "texture": "#0"},
				"west": {"uv": [5, 3.75, 5.25, 10.5], "rotation": 270, "texture": "#0"},
				"up": {"uv": [5, 3.75, 5.5, 10.5], "texture": "#0"},
				"down": {"uv": [5, 10.5, 5.5, 3.75], "texture": "#0"}
			}
		},
		{
			"name": "kumanomi_2",
			"from": [6.75, 0, 3.75],
			"to": [7, 0.25, 9.75],
			"faces": {
				"north": {"uv": [7, 3.75, 6.75, 4], "texture": "#0"},
				"east": {"uv": [6.75, 3.75, 7, 9.75], "rotation": 90, "texture": "#0"},
				"south": {"uv": [6.75, 9.5, 7, 9.75], "texture": "#0"},
				"west": {"uv": [6.75, 3.75, 7, 9.75], "rotation": 270, "texture": "#0"},
				"up": {"uv": [6.75, 3.75, 7, 9.75], "texture": "#0"},
				"down": {"uv": [6.75, 9.75, 7, 3.75], "texture": "#0"}
			}
		},
		{
			"name": "kumanomi_3",
			"from": [4.75, 0, 4],
			"to": [5, 0.25, 10.25],
			"faces": {
				"north": {"uv": [5, 4, 4.75, 4.25], "texture": "#0"},
				"east": {"uv": [4.75, 4, 5, 10.25], "rotation": 90, "texture": "#0"},
				"south": {"uv": [4.75, 10, 5, 10.25], "texture": "#0"},
				"west": {"uv": [4.75, 4, 5, 10.25], "rotation": 270, "texture": "#0"},
				"up": {"uv": [4.75, 4, 5, 10.25], "texture": "#0"},
				"down": {"uv": [4.75, 10.25, 5, 4], "texture": "#0"}
			}
		},
		{
			"name": "kumanomi_4",
			"from": [7, 0, 4],
			"to": [7.25, 0.25, 9.75],
			"faces": {
				"north": {"uv": [7.25, 4, 7, 4.25], "texture": "#0"},
				"east": {"uv": [7, 4, 7.25, 9.75], "rotation": 90, "texture": "#0"},
				"south": {"uv": [7, 9.5, 7.25, 9.75], "texture": "#0"},
				"west": {"uv": [7, 4, 7.25, 9.75], "rotation": 270, "texture": "#0"},
				"up": {"uv": [7, 4, 7.25, 9.75], "texture": "#0"},
				"down": {"uv": [7, 9.75, 7.25, 4], "texture": "#0"}
			}
		},
		{
			"name": "kumanomi_5",
			"from": [4.5, 0, 4.25],
			"to": [4.75, 0.25, 10],
			"faces": {
				"north": {"uv": [4.75, 4.25, 4.5, 4.5], "texture": "#0"},
				"east": {"uv": [4.5, 4.25, 4.75, 10], "rotation": 90, "texture": "#0"},
				"south": {"uv": [4.5, 9.75, 4.75, 10], "texture": "#0"},
				"west": {"uv": [4.5, 4.25, 4.75, 10], "rotation": 270, "texture": "#0"},
				"up": {"uv": [4.5, 4.25, 4.75, 10], "texture": "#0"},
				"down": {"uv": [4.5, 10, 4.75, 4.25], "texture": "#0"}
			}
		},
		{
			"name": "kumanomi_6",
			"from": [9.5, 0, 4.25],
			"to": [10.5, 0.25, 10.5],
			"faces": {
				"north": {"uv": [10.5, 4.25, 9.5, 4.5], "texture": "#0"},
				"east": {"uv": [10.25, 4.25, 10.5, 10.5], "rotation": 90, "texture": "#0"},
				"south": {"uv": [9.5, 10.25, 10.5, 10.5], "texture": "#0"},
				"west": {"uv": [9.5, 4.25, 9.75, 10.5], "rotation": 270, "texture": "#0"},
				"up": {"uv": [9.5, 4.25, 10.5, 10.5], "texture": "#0"},
				"down": {"uv": [9.5, 10.5, 10.5, 4.25], "texture": "#0"}
			}
		},
		{
			"name": "kumanomi_7",
			"from": [4.25, 0, 4.5],
			"to": [4.5, 0.25, 10],
			"faces": {
				"north": {"uv": [4.5, 4.5, 4.25, 4.75], "texture": "#0"},
				"east": {"uv": [4.25, 4.5, 4.5, 10], "rotation": 90, "texture": "#0"},
				"south": {"uv": [4.25, 9.75, 4.5, 10], "texture": "#0"},
				"west": {"uv": [4.25, 4.5, 4.5, 10], "rotation": 270, "texture": "#0"},
				"up": {"uv": [4.25, 4.5, 4.5, 10], "texture": "#0"},
				"down": {"uv": [4.25, 10, 4.5, 4.5], "texture": "#0"}
			}
		},
		{
			"name": "kumanomi_8",
			"from": [7.25, 0, 4.5],
			"to": [7.5, 0.25, 9.75],
			"faces": {
				"north": {"uv": [7.5, 4.5, 7.25, 4.75], "texture": "#0"},
				"east": {"uv": [7.25, 4.5, 7.5, 9.75], "rotation": 90, "texture": "#0"},
				"south": {"uv": [7.25, 9.5, 7.5, 9.75], "texture": "#0"},
				"west": {"uv": [7.25, 4.5, 7.5, 9.75], "rotation": 270, "texture": "#0"},
				"up": {"uv": [7.25, 4.5, 7.5, 9.75], "texture": "#0"},
				"down": {"uv": [7.25, 9.75, 7.5, 4.5], "texture": "#0"}
			}
		},
		{
			"name": "kumanomi_9",
			"from": [9, 0, 4.5],
			"to": [9.5, 0.25, 10.5],
			"faces": {
				"north": {"uv": [9.5, 4.5, 9, 4.75], "texture": "#0"},
				"east": {"uv": [9.25, 4.5, 9.5, 10.5], "rotation": 90, "texture": "#0"},
				"south": {"uv": [9, 10.25, 9.5, 10.5], "texture": "#0"},
				"west": {"uv": [9, 4.5, 9.25, 10.5], "rotation": 270, "texture": "#0"},
				"up": {"uv": [9, 4.5, 9.5, 10.5], "texture": "#0"},
				"down": {"uv": [9, 10.5, 9.5, 4.5], "texture": "#0"}
			}
		},
		{
			"name": "kumanomi_10",
			"from": [10.5, 0, 4.5],
			"to": [10.75, 0.25, 10.75],
			"faces": {
				"north": {"uv": [10.75, 4.5, 10.5, 4.75], "texture": "#0"},
				"east": {"uv": [10.5, 4.5, 10.75, 10.75], "rotation": 90, "texture": "#0"},
				"south": {"uv": [10.5, 10.5, 10.75, 10.75], "texture": "#0"},
				"west": {"uv": [10.5, 4.5, 10.75, 10.75], "rotation": 270, "texture": "#0"},
				"up": {"uv": [10.5, 4.5, 10.75, 10.75], "texture": "#0"},
				"down": {"uv": [10.5, 10.75, 10.75, 4.5], "texture": "#0"}
			}
		},
		{
			"name": "kumanomi_11",
			"from": [4, 0, 4.75],
			"to": [4.25, 0.25, 10],
			"faces": {
				"north": {"uv": [4.25, 4.75, 4, 5], "texture": "#0"},
				"east": {"uv": [4, 4.75, 4.25, 10], "rotation": 90, "texture": "#0"},
				"south": {"uv": [4, 9.75, 4.25, 10], "texture": "#0"},
				"west": {"uv": [4, 4.75, 4.25, 10], "rotation": 270, "texture": "#0"},
				"up": {"uv": [4, 4.75, 4.25, 10], "texture": "#0"},
				"down": {"uv": [4, 10, 4.25, 4.75], "texture": "#0"}
			}
		},
		{
			"name": "kumanomi_12",
			"from": [8.75, 0, 4.75],
			"to": [9, 0.25, 10.25],
			"faces": {
				"north": {"uv": [9, 4.75, 8.75, 5], "texture": "#0"},
				"east": {"uv": [8.75, 4.75, 9, 10.25], "rotation": 90, "texture": "#0"},
				"south": {"uv": [8.75, 10, 9, 10.25], "texture": "#0"},
				"west": {"uv": [8.75, 4.75, 9, 10.25], "rotation": 270, "texture": "#0"},
				"up": {"uv": [8.75, 4.75, 9, 10.25], "texture": "#0"},
				"down": {"uv": [8.75, 10.25, 9, 4.75], "texture": "#0"}
			}
		},
		{
			"name": "kumanomi_13",
			"from": [10.75, 0, 4.75],
			"to": [11, 0.25, 10.75],
			"faces": {
				"north": {"uv": [11, 4.75, 10.75, 5], "texture": "#0"},
				"east": {"uv": [10.75, 4.75, 11, 10.75], "rotation": 90, "texture": "#0"},
				"south": {"uv": [10.75, 10.5, 11, 10.75], "texture": "#0"},
				"west": {"uv": [10.75, 4.75, 11, 10.75], "rotation": 270, "texture": "#0"},
				"up": {"uv": [10.75, 4.75, 11, 10.75], "texture": "#0"},
				"down": {"uv": [10.75, 10.75, 11, 4.75], "texture": "#0"}
			}
		},
		{
			"name": "kumanomi_14",
			"from": [3.5, 0, 5],
			"to": [4, 0.25, 9.75],
			"faces": {
				"north": {"uv": [4, 5, 3.5, 5.25], "texture": "#0"},
				"east": {"uv": [3.75, 5, 4, 9.75], "rotation": 90, "texture": "#0"},
				"south": {"uv": [3.5, 9.5, 4, 9.75], "texture": "#0"},
				"west": {"uv": [3.5, 5, 3.75, 9.75], "rotation": 270, "texture": "#0"},
				"up": {"uv": [3.5, 5, 4, 9.75], "texture": "#0"},
				"down": {"uv": [3.5, 9.75, 4, 5], "texture": "#0"}
			}
		},
		{
			"name": "kumanomi_15",
			"from": [7.5, 0, 5],
			"to": [8.75, 0.25, 9.75],
			"faces": {
				"north": {"uv": [8.75, 5, 7.5, 5.25], "texture": "#0"},
				"east": {"uv": [8.5, 5, 8.75, 9.75], "rotation": 90, "texture": "#0"},
				"south": {"uv": [7.5, 9.5, 8.75, 9.75], "texture": "#0"},
				"west": {"uv": [7.5, 5, 7.75, 9.75], "rotation": 270, "texture": "#0"},
				"up": {"uv": [7.5, 5, 8.75, 9.75], "texture": "#0"},
				"down": {"uv": [7.5, 9.75, 8.75, 5], "texture": "#0"}
			}
		},
		{
			"name": "kumanomi_16",
			"from": [11, 0, 5],
			"to": [11.25, 0.25, 6.25],
			"faces": {
				"north": {"uv": [11.25, 5, 11, 5.25], "texture": "#0"},
				"east": {"uv": [11, 5, 11.25, 6.25], "rotation": 90, "texture": "#0"},
				"south": {"uv": [11, 6, 11.25, 6.25], "texture": "#0"},
				"west": {"uv": [11, 5, 11.25, 6.25], "rotation": 270, "texture": "#0"},
				"up": {"uv": [11, 5, 11.25, 6.25], "texture": "#0"},
				"down": {"uv": [11, 6.25, 11.25, 5], "texture": "#0"}
			}
		},
		{
			"name": "kumanomi_17",
			"from": [3, 0, 5.25],
			"to": [3.5, 0.25, 9.75],
			"faces": {
				"north": {"uv": [3.5, 5.25, 3, 5.5], "texture": "#0"},
				"east": {"uv": [3.25, 5.25, 3.5, 9.75], "rotation": 90, "texture": "#0"},
				"south": {"uv": [3, 9.5, 3.5, 9.75], "texture": "#0"},
				"west": {"uv": [3, 5.25, 3.25, 9.75], "rotation": 270, "texture": "#0"},
				"up": {"uv": [3, 5.25, 3.5, 9.75], "texture": "#0"},
				"down": {"uv": [3, 9.75, 3.5, 5.25], "texture": "#0"}
			}
		},
		{
			"name": "kumanomi_18",
			"from": [11.25, 0, 5.25],
			"to": [11.5, 0.25, 6],
			"faces": {
				"north": {"uv": [11.5, 5.25, 11.25, 5.5], "texture": "#0"},
				"east": {"uv": [11.25, 5.25, 11.5, 6], "rotation": 90, "texture": "#0"},
				"south": {"uv": [11.25, 5.75, 11.5, 6], "texture": "#0"},
				"west": {"uv": [11.25, 5.25, 11.5, 6], "rotation": 270, "texture": "#0"},
				"up": {"uv": [11.25, 5.25, 11.5, 6], "texture": "#0"},
				"down": {"uv": [11.25, 6, 11.5, 5.25], "texture": "#0"}
			}
		},
		{
			"name": "kumanomi_19",
			"from": [2.75, 0, 5.5],
			"to": [3, 0.25, 9.5],
			"faces": {
				"north": {"uv": [3, 5.5, 2.75, 5.75], "texture": "#0"},
				"east": {"uv": [2.75, 5.5, 3, 9.5], "rotation": 90, "texture": "#0"},
				"south": {"uv": [2.75, 9.25, 3, 9.5], "texture": "#0"},
				"west": {"uv": [2.75, 5.5, 3, 9.5], "rotation": 270, "texture": "#0"},
				"up": {"uv": [2.75, 5.5, 3, 9.5], "texture": "#0"},
				"down": {"uv": [2.75, 9.5, 3, 5.5], "texture": "#0"}
			}
		},
		{
			"name": "kumanomi_20",
			"from": [13, 0, 5.5],
			"to": [14, 0.25, 9.75],
			"faces": {
				"north": {"uv": [14, 5.5, 13, 5.75], "texture": "#0"},
				"east": {"uv": [13.75, 5.5, 14, 9.75], "rotation": 90, "texture": "#0"},
				"south": {"uv": [13, 9.5, 14, 9.75], "texture": "#0"},
				"west": {"uv": [13, 5.5, 13.25, 9.75], "rotation": 270, "texture": "#0"},
				"up": {"uv": [13, 5.5, 14, 9.75], "texture": "#0"},
				"down": {"uv": [13, 9.75, 14, 5.5], "texture": "#0"}
			}
		},
		{
			"name": "kumanomi_21",
			"from": [2.5, 0, 5.75],
			"to": [2.75, 0.25, 9.5],
			"faces": {
				"north": {"uv": [2.75, 5.75, 2.5, 6], "texture": "#0"},
				"east": {"uv": [2.5, 5.75, 2.75, 9.5], "rotation": 90, "texture": "#0"},
				"south": {"uv": [2.5, 9.25, 2.75, 9.5], "texture": "#0"},
				"west": {"uv": [2.5, 5.75, 2.75, 9.5], "rotation": 270, "texture": "#0"},
				"up": {"uv": [2.5, 5.75, 2.75, 9.5], "texture": "#0"},
				"down": {"uv": [2.5, 9.5, 2.75, 5.75], "texture": "#0"}
			}
		},
		{
			"name": "kumanomi_22",
			"from": [12.5, 0, 5.75],
			"to": [13, 0.25, 9.5],
			"faces": {
				"north": {"uv": [13, 5.75, 12.5, 6], "texture": "#0"},
				"east": {"uv": [12.75, 5.75, 13, 9.5], "rotation": 90, "texture": "#0"},
				"south": {"uv": [12.5, 9.25, 13, 9.5], "texture": "#0"},
				"west": {"uv": [12.5, 5.75, 12.75, 9.5], "rotation": 270, "texture": "#0"},
				"up": {"uv": [12.5, 5.75, 13, 9.5], "texture": "#0"},
				"down": {"uv": [12.5, 9.5, 13, 5.75], "texture": "#0"}
			}
		},
		{
			"name": "kumanomi_23",
			"from": [14, 0, 5.75],
			"to": [14.5, 0.25, 9.5],
			"faces": {
				"north": {"uv": [14.5, 5.75, 14, 6], "texture": "#0"},
				"east": {"uv": [14.25, 5.75, 14.5, 9.5], "rotation": 90, "texture": "#0"},
				"south": {"uv": [14, 9.25, 14.5, 9.5], "texture": "#0"},
				"west": {"uv": [14, 5.75, 14.25, 9.5], "rotation": 270, "texture": "#0"},
				"up": {"uv": [14, 5.75, 14.5, 9.5], "texture": "#0"},
				"down": {"uv": [14, 9.5, 14.5, 5.75], "texture": "#0"}
			}
		},
		{
			"name": "kumanomi_24",
			"from": [2.25, 0, 6],
			"to": [2.5, 0.25, 9.25],
			"faces": {
				"north": {"uv": [2.5, 6, 2.25, 6.25], "texture": "#0"},
				"east": {"uv": [2.25, 6, 2.5, 9.25], "rotation": 90, "texture": "#0"},
				"south": {"uv": [2.25, 9, 2.5, 9.25], "texture": "#0"},
				"west": {"uv": [2.25, 6, 2.5, 9.25], "rotation": 270, "texture": "#0"},
				"up": {"uv": [2.25, 6, 2.5, 9.25], "texture": "#0"},
				"down": {"uv": [2.25, 9.25, 2.5, 6], "texture": "#0"}
			}
		},
		{
			"name": "kumanomi_25",
			"from": [12.25, 0, 6],
			"to": [12.5, 0.25, 9.25],
			"faces": {
				"north": {"uv": [12.5, 6, 12.25, 6.25], "texture": "#0"},
				"east": {"uv": [12.25, 6, 12.5, 9.25], "rotation": 90, "texture": "#0"},
				"south": {"uv": [12.25, 9, 12.5, 9.25], "texture": "#0"},
				"west": {"uv": [12.25, 6, 12.5, 9.25], "rotation": 270, "texture": "#0"},
				"up": {"uv": [12.25, 6, 12.5, 9.25], "texture": "#0"},
				"down": {"uv": [12.25, 9.25, 12.5, 6], "texture": "#0"}
			}
		},
		{
			"name": "kumanomi_26",
			"from": [14.5, 0, 6],
			"to": [14.75, 0.25, 9.25],
			"faces": {
				"north": {"uv": [14.75, 6, 14.5, 6.25], "texture": "#0"},
				"east": {"uv": [14.5, 6, 14.75, 9.25], "rotation": 90, "texture": "#0"},
				"south": {"uv": [14.5, 9, 14.75, 9.25], "texture": "#0"},
				"west": {"uv": [14.5, 6, 14.75, 9.25], "rotation": 270, "texture": "#0"},
				"up": {"uv": [14.5, 6, 14.75, 9.25], "texture": "#0"},
				"down": {"uv": [14.5, 9.25, 14.75, 6], "texture": "#0"}
			}
		},
		{
			"name": "kumanomi_27",
			"from": [2, 0, 6.25],
			"to": [2.25, 0.25, 9.25],
			"faces": {
				"north": {"uv": [2.25, 6.25, 2, 6.5], "texture": "#0"},
				"east": {"uv": [2, 6.25, 2.25, 9.25], "rotation": 90, "texture": "#0"},
				"south": {"uv": [2, 9, 2.25, 9.25], "texture": "#0"},
				"west": {"uv": [2, 6.25, 2.25, 9.25], "rotation": 270, "texture": "#0"},
				"up": {"uv": [2, 6.25, 2.25, 9.25], "texture": "#0"},
				"down": {"uv": [2, 9.25, 2.25, 6.25], "texture": "#0"}
			}
		},
		{
			"name": "kumanomi_28",
			"from": [12, 0, 6.25],
			"to": [12.25, 0.25, 9],
			"faces": {
				"north": {"uv": [12.25, 6.25, 12, 6.5], "texture": "#0"},
				"east": {"uv": [12, 6.25, 12.25, 9], "rotation": 90, "texture": "#0"},
				"south": {"uv": [12, 8.75, 12.25, 9], "texture": "#0"},
				"west": {"uv": [12, 6.25, 12.25, 9], "rotation": 270, "texture": "#0"},
				"up": {"uv": [12, 6.25, 12.25, 9], "texture": "#0"},
				"down": {"uv": [12, 9, 12.25, 6.25], "texture": "#0"}
			}
		},
		{
			"name": "kumanomi_29",
			"from": [14.75, 0, 6.25],
			"to": [15, 0.25, 9],
			"faces": {
				"north": {"uv": [15, 6.25, 14.75, 6.5], "texture": "#0"},
				"east": {"uv": [14.75, 6.25, 15, 9], "rotation": 90, "texture": "#0"},
				"south": {"uv": [14.75, 8.75, 15, 9], "texture": "#0"},
				"west": {"uv": [14.75, 6.25, 15, 9], "rotation": 270, "texture": "#0"},
				"up": {"uv": [14.75, 6.25, 15, 9], "texture": "#0"},
				"down": {"uv": [14.75, 9, 15, 6.25], "texture": "#0"}
			}
		},
		{
			"name": "kumanomi_30",
			"from": [1.75, 0, 6.5],
			"to": [2, 0.25, 9],
			"faces": {
				"north": {"uv": [2, 6.5, 1.75, 6.75], "texture": "#0"},
				"east": {"uv": [1.75, 6.5, 2, 9], "rotation": 90, "texture": "#0"},
				"south": {"uv": [1.75, 8.75, 2, 9], "texture": "#0"},
				"west": {"uv": [1.75, 6.5, 2, 9], "rotation": 270, "texture": "#0"},
				"up": {"uv": [1.75, 6.5, 2, 9], "texture": "#0"},
				"down": {"uv": [1.75, 9, 2, 6.5], "texture": "#0"}
			}
		},
		{
			"name": "kumanomi_31",
			"from": [11, 0, 6.5],
			"to": [12, 0.25, 8.75],
			"faces": {
				"north": {"uv": [12, 6.5, 11, 6.75], "texture": "#0"},
				"east": {"uv": [11.75, 6.5, 12, 8.75], "rotation": 90, "texture": "#0"},
				"south": {"uv": [11, 8.5, 12, 8.75], "texture": "#0"},
				"west": {"uv": [11, 6.5, 11.25, 8.75], "rotation": 270, "texture": "#0"},
				"up": {"uv": [11, 6.5, 12, 8.75], "texture": "#0"},
				"down": {"uv": [11, 8.75, 12, 6.5], "texture": "#0"}
			}
		},
		{
			"name": "kumanomi_32",
			"from": [15, 0, 6.5],
			"to": [15.25, 0.25, 8.75],
			"faces": {
				"north": {"uv": [15.25, 6.5, 15, 6.75], "texture": "#0"},
				"east": {"uv": [15, 6.5, 15.25, 8.75], "rotation": 90, "texture": "#0"},
				"south": {"uv": [15, 8.5, 15.25, 8.75], "texture": "#0"},
				"west": {"uv": [15, 6.5, 15.25, 8.75], "rotation": 270, "texture": "#0"},
				"up": {"uv": [15, 6.5, 15.25, 8.75], "texture": "#0"},
				"down": {"uv": [15, 8.75, 15.25, 6.5], "texture": "#0"}
			}
		},
		{
			"name": "kumanomi_33",
			"from": [1.5, 0, 6.75],
			"to": [1.75, 0.25, 8.75],
			"faces": {
				"north": {"uv": [1.75, 6.75, 1.5, 7], "texture": "#0"},
				"east": {"uv": [1.5, 6.75, 1.75, 8.75], "rotation": 90, "texture": "#0"},
				"south": {"uv": [1.5, 8.5, 1.75, 8.75], "texture": "#0"},
				"west": {"uv": [1.5, 6.75, 1.75, 8.75], "rotation": 270, "texture": "#0"},
				"up": {"uv": [1.5, 6.75, 1.75, 8.75], "texture": "#0"},
				"down": {"uv": [1.5, 8.75, 1.75, 6.75], "texture": "#0"}
			}
		},
		{
			"name": "kumanomi_34",
			"from": [1.25, 0, 7],
			"to": [1.5, 0.25, 8.5],
			"faces": {
				"north": {"uv": [1.5, 7, 1.25, 7.25], "texture": "#0"},
				"east": {"uv": [1.25, 7, 1.5, 8.5], "rotation": 90, "texture": "#0"},
				"south": {"uv": [1.25, 8.25, 1.5, 8.5], "texture": "#0"},
				"west": {"uv": [1.25, 7, 1.5, 8.5], "rotation": 270, "texture": "#0"},
				"up": {"uv": [1.25, 7, 1.5, 8.5], "texture": "#0"},
				"down": {"uv": [1.25, 8.5, 1.5, 7], "texture": "#0"}
			}
		},
		{
			"name": "kumanomi_35",
			"from": [15.25, 0, 7],
			"to": [15.5, 0.25, 8.5],
			"faces": {
				"north": {"uv": [15.5, 7, 15.25, 7.25], "texture": "#0"},
				"east": {"uv": [15.25, 7, 15.5, 8.5], "rotation": 90, "texture": "#0"},
				"south": {"uv": [15.25, 8.25, 15.5, 8.5], "texture": "#0"},
				"west": {"uv": [15.25, 7, 15.5, 8.5], "rotation": 270, "texture": "#0"},
				"up": {"uv": [15.25, 7, 15.5, 8.5], "texture": "#0"},
				"down": {"uv": [15.25, 8.5, 15.5, 7], "texture": "#0"}
			}
		},
		{
			"name": "kumanomi_36",
			"from": [1, 0, 7.5],
			"to": [1.25, 0.25, 8],
			"faces": {
				"north": {"uv": [1.25, 7.5, 1, 7.75], "texture": "#0"},
				"east": {"uv": [1, 7.5, 1.25, 8], "rotation": 90, "texture": "#0"},
				"south": {"uv": [1, 7.75, 1.25, 8], "texture": "#0"},
				"west": {"uv": [1, 7.5, 1.25, 8], "rotation": 270, "texture": "#0"},
				"up": {"uv": [1, 7.5, 1.25, 8], "texture": "#0"},
				"down": {"uv": [1, 8, 1.25, 7.5], "texture": "#0"}
			}
		},
		{
			"name": "kumanomi_37",
			"from": [11.75, 0, 8.75],
			"to": [12, 0.25, 9],
			"faces": {
				"north": {"uv": [12, 8.75, 11.75, 9], "texture": "#0"},
				"east": {"uv": [11.75, 8.75, 12, 9], "rotation": 90, "texture": "#0"},
				"south": {"uv": [11.75, 8.75, 12, 9], "texture": "#0"},
				"west": {"uv": [11.75, 8.75, 12, 9], "rotation": 270, "texture": "#0"},
				"up": {"uv": [11.75, 8.75, 12, 9], "texture": "#0"},
				"down": {"uv": [11.75, 9, 12, 8.75], "texture": "#0"}
			}
		},
		{
			"name": "kumanomi_38",
			"from": [11, 0, 9],
			"to": [11.25, 0.25, 10.5],
			"faces": {
				"north": {"uv": [11.25, 9, 11, 9.25], "texture": "#0"},
				"east": {"uv": [11, 9, 11.25, 10.5], "rotation": 90, "texture": "#0"},
				"south": {"uv": [11, 10.25, 11.25, 10.5], "texture": "#0"},
				"west": {"uv": [11, 9, 11.25, 10.5], "rotation": 270, "texture": "#0"},
				"up": {"uv": [11, 9, 11.25, 10.5], "texture": "#0"},
				"down": {"uv": [11, 10.5, 11.25, 9], "texture": "#0"}
			}
		},
		{
			"name": "kumanomi_39",
			"from": [11.25, 0, 9.25],
			"to": [11.5, 0.25, 10.25],
			"faces": {
				"north": {"uv": [11.5, 9.25, 11.25, 9.5], "texture": "#0"},
				"east": {"uv": [11.25, 9.25, 11.5, 10.25], "rotation": 90, "texture": "#0"},
				"south": {"uv": [11.25, 10, 11.5, 10.25], "texture": "#0"},
				"west": {"uv": [11.25, 9.25, 11.5, 10.25], "rotation": 270, "texture": "#0"},
				"up": {"uv": [11.25, 9.25, 11.5, 10.25], "texture": "#0"},
				"down": {"uv": [11.25, 10.25, 11.5, 9.25], "texture": "#0"}
			}
		},
		{
			"name": "kumanomi_40",
			"from": [3.75, 0, 9.75],
			"to": [4, 0.25, 10],
			"faces": {
				"north": {"uv": [4, 9.75, 3.75, 10], "texture": "#0"},
				"east": {"uv": [3.75, 9.75, 4, 10], "rotation": 90, "texture": "#0"},
				"south": {"uv": [3.75, 9.75, 4, 10], "texture": "#0"},
				"west": {"uv": [3.75, 9.75, 4, 10], "rotation": 270, "texture": "#0"},
				"up": {"uv": [3.75, 9.75, 4, 10], "texture": "#0"},
				"down": {"uv": [3.75, 10, 4, 9.75], "texture": "#0"}
			}
		},
		{
			"name": "kumanomi_41",
			"from": [8.25, 0, 9.75],
			"to": [8.75, 0.25, 10],
			"faces": {
				"north": {"uv": [8.75, 9.75, 8.25, 10], "texture": "#0"},
				"east": {"uv": [8.5, 9.75, 8.75, 10], "rotation": 90, "texture": "#0"},
				"south": {"uv": [8.25, 9.75, 8.75, 10], "texture": "#0"},
				"west": {"uv": [8.25, 9.75, 8.5, 10], "rotation": 270, "texture": "#0"},
				"up": {"uv": [8.25, 9.75, 8.75, 10], "texture": "#0"},
				"down": {"uv": [8.25, 10, 8.75, 9.75], "texture": "#0"}
			}
		},
		{
			"name": "kumanomi_42",
			"from": [6.75, 0, 10],
			"to": [7, 0.25, 11.25],
			"faces": {
				"north": {"uv": [7, 10, 6.75, 10.25], "texture": "#0"},
				"east": {"uv": [6.75, 10, 7, 11.25], "rotation": 90, "texture": "#0"},
				"south": {"uv": [6.75, 11, 7, 11.25], "texture": "#0"},
				"west": {"uv": [6.75, 10, 7, 11.25], "rotation": 270, "texture": "#0"},
				"up": {"uv": [6.75, 10, 7, 11.25], "texture": "#0"},
				"down": {"uv": [6.75, 11.25, 7, 10], "texture": "#0"}
			}
		},
		{
			"name": "kumanomi_43",
			"from": [8.5, 0, 10],
			"to": [8.75, 0.25, 10.25],
			"faces": {
				"north": {"uv": [8.75, 10, 8.5, 10.25], "texture": "#0"},
				"east": {"uv": [8.5, 10, 8.75, 10.25], "rotation": 90, "texture": "#0"},
				"south": {"uv": [8.5, 10, 8.75, 10.25], "texture": "#0"},
				"west": {"uv": [8.5, 10, 8.75, 10.25], "rotation": 270, "texture": "#0"},
				"up": {"uv": [8.5, 10, 8.75, 10.25], "texture": "#0"},
				"down": {"uv": [8.5, 10.25, 8.75, 10], "texture": "#0"}
			}
		},
		{
			"name": "kumanomi_44",
			"from": [7, 0, 10.25],
			"to": [7.25, 0.25, 11],
			"faces": {
				"north": {"uv": [7.25, 10.25, 7, 10.5], "texture": "#0"},
				"east": {"uv": [7, 10.25, 7.25, 11], "rotation": 90, "texture": "#0"},
				"south": {"uv": [7, 10.75, 7.25, 11], "texture": "#0"},
				"west": {"uv": [7, 10.25, 7.25, 11], "rotation": 270, "texture": "#0"},
				"up": {"uv": [7, 10.25, 7.25, 11], "texture": "#0"},
				"down": {"uv": [7, 11, 7.25, 10.25], "texture": "#0"}
			}
		},
		{
			"name": "kumanomi_45",
			"from": [5.25, 0, 10.5],
			"to": [5.5, 0.25, 10.75],
			"faces": {
				"north": {"uv": [5.5, 10.5, 5.25, 10.75], "texture": "#0"},
				"east": {"uv": [5.25, 10.5, 5.5, 10.75], "rotation": 90, "texture": "#0"},
				"south": {"uv": [5.25, 10.5, 5.5, 10.75], "texture": "#0"},
				"west": {"uv": [5.25, 10.5, 5.5, 10.75], "rotation": 270, "texture": "#0"},
				"up": {"uv": [5.25, 10.5, 5.5, 10.75], "texture": "#0"},
				"down": {"uv": [5.25, 10.75, 5.5, 10.5], "texture": "#0"}
			}
		},
		{
			"name": "kumanomi_46",
			"from": [9.75, 0, 10.5],
			"to": [10.5, 0.25, 10.75],
			"faces": {
				"north": {"uv": [10.5, 10.5, 9.75, 10.75], "texture": "#0"},
				"east": {"uv": [10.25, 10.5, 10.5, 10.75], "rotation": 90, "texture": "#0"},
				"south": {"uv": [9.75, 10.5, 10.5, 10.75], "texture": "#0"},
				"west": {"uv": [9.75, 10.5, 10, 10.75], "rotation": 270, "texture": "#0"},
				"up": {"uv": [9.75, 10.5, 10.5, 10.75], "texture": "#0"},
				"down": {"uv": [9.75, 10.75, 10.5, 10.5], "texture": "#0"}
			}
		},
		{
			"name": "kumanomi_47",
			"from": [5.75, 0, 11],
			"to": [6.75, 0.25, 11.25],
			"faces": {
				"north": {"uv": [6.75, 11, 5.75, 11.25], "texture": "#0"},
				"east": {"uv": [6.5, 11, 6.75, 11.25], "rotation": 90, "texture": "#0"},
				"south": {"uv": [5.75, 11, 6.75, 11.25], "texture": "#0"},
				"west": {"uv": [5.75, 11, 6, 11.25], "rotation": 270, "texture": "#0"},
				"up": {"uv": [5.75, 11, 6.75, 11.25], "texture": "#0"},
				"down": {"uv": [5.75, 11.25, 6.75, 11], "texture": "#0"}
			}
		},
		{
			"name": "kumanomi_48",
			"from": [6.25, 0, 11.25],
			"to": [6.75, 0.25, 11.5],
			"faces": {
				"north": {"uv": [6.75, 11.25, 6.25, 11.5], "texture": "#0"},
				"east": {"uv": [6.5, 11.25, 6.75, 11.5], "rotation": 90, "texture": "#0"},
				"south": {"uv": [6.25, 11.25, 6.75, 11.5], "texture": "#0"},
				"west": {"uv": [6.25, 11.25, 6.5, 11.5], "rotation": 270, "texture": "#0"},
				"up": {"uv": [6.25, 11.25, 6.75, 11.5], "texture": "#0"},
				"down": {"uv": [6.25, 11.5, 6.75, 11.25], "texture": "#0"}
			}
		}
	],
	"display": {
		"thirdperson_righthand": {
			"rotation": [90, 0, 0],
			"translation": [0, 0.25, 3.75],
			"scale": [0.45, 0.45, 0.45]
		},
		"thirdperson_lefthand": {
			"rotation": [90, 0, 0],
			"translation": [0, 0.25, 3.75],
			"scale": [0.45, 0.45, 0.45]
		},
		"firstperson_righthand": {
			"rotation": [90, 0, 10],
			"translation": [1.5, 1.5, 4],
			"scale": [0.45, 0.45, 0.45]
		},
		"firstperson_lefthand": {
			"rotation": [90, 0, 10],
			"translation": [0.75, 1.5, 4],
			"scale": [0.45, 0.45, 0.45]
		},
		"ground": {
			"rotation": [81, 0, 6],
			"translation": [0.25, 1.25, 4],
			"scale": [0.45, 0.45, 0.45]
		},
		"gui": {
			"rotation": [90, 0, 0],
			"translation": [0, 0, 17.5],
			"scale": [1.06, 1.06, 1.06]
		},
		"head": {
			"rotation": [125, -91, 34],
			"translation": [0.25, 9.5, 10],
			"scale": [0.82, 0.82, 0.82]
		},
		"fixed": {
			"rotation": [90, 0, 0],
			"translation": [-0.5, 0.25, 9.75],
			"scale": [1.28, 1.28, 1.28]
		}
	},
	"groups": [
		{
			"name": "kumanomi",
			"origin": [8, 8, 8],
			"children": [0, 1, 2, 3, 4, 5, 6, 7, 8, 9, 10, 11, 12, 13, 14, 15, 16, 17, 18, 19, 20, 21, 22, 23, 24, 25, 26, 27, 28, 29, 30, 31, 32, 33, 34, 35, 36, 37, 38, 39, 40, 41, 42, 43, 44, 45, 46, 47, 48]
		}
	]
}