{
	"credit": "Made with Blockbench",
	"textures": {
		"0": "fish/minokasago",
		"particle": "fish/minokasago"
	},
	"elements": [
		{
			"name": "minokasago_0",
			"from": [6.25, 0, 1.75],
			"to": [6.5, 0.25, 12.25],
			"faces": {
				"north": {"uv": [6.5, 1.75, 6.25, 2], "texture": "#0"},
				"east": {"uv": [6.25, 1.75, 6.5, 12.25], "rotation": 90, "texture": "#0"},
				"south": {"uv": [6.25, 12, 6.5, 12.25], "texture": "#0"},
				"west": {"uv": [6.25, 1.75, 6.5, 12.25], "rotation": 270, "texture": "#0"},
				"up": {"uv": [6.25, 1.75, 6.5, 12.25], "texture": "#0"},
				"down": {"uv": [6.25, 12.25, 6.5, 1.75], "texture": "#0"}
			}
		},
		{
			"name": "minokasago_1",
			"from": [4.75, 0, 2],
			"to": [5, 0.25, 11.75],
			"faces": {
				"north": {"uv": [5, 2, 4.75, 2.25], "texture": "#0"},
				"east": {"uv": [4.75, 2, 5, 11.75], "rotation": 90, "texture": "#0"},
				"south": {"uv": [4.75, 11.5, 5, 11.75], "texture": "#0"},
				"west": {"uv": [4.75, 2, 5, 11.75], "rotation": 270, "texture": "#0"},
				"up": {"uv": [4.75, 2, 5, 11.75], "texture": "#0"},
				"down": {"uv": [4.75, 11.75, 5, 2], "texture": "#0"}
			}
		},
		{
			"name": "minokasago_2",
			"from": [6, 0, 2],
			"to": [6.25, 0.25, 12.25],
			"faces": {
				"north": {"uv": [6.25, 2, 6, 2.25], "texture": "#0"},
				"east": {"uv": [6, 2, 6.25, 12.25], "rotation": 90, "texture": "#0"},
				"south": {"uv": [6, 12, 6.25, 12.25], "texture": "#0"},
				"west": {"uv": [6, 2, 6.25, 12.25], "rotation": 270, "texture": "#0"},
				"up": {"uv": [6, 2, 6.25, 12.25], "texture": "#0"},
				"down": {"uv": [6, 12.25, 6.25, 2], "texture": "#0"}
			}
		},
		{
			"name": "minokasago_3",
			"from": [6.5, 0, 2],
			"to": [6.75, 0.25, 2.5],
			"faces": {
				"north": {"uv": [6.75, 2, 6.5, 2.25], "texture": "#0"},
				"east": {"uv": [6.5, 2, 6.75, 2.5], "rotation": 90, "texture": "#0"},
				"south": {"uv": [6.5, 2.25, 6.75, 2.5], "texture": "#0"},
				"west": {"uv": [6.5, 2, 6.75, 2.5], "rotation": 270, "texture": "#0"},
				"up": {"uv": [6.5, 2, 6.75, 2.5], "texture": "#0"},
				"down": {"uv": [6.5, 2.5, 6.75, 2], "texture": "#0"}
			}
		},
		{
			"name": "minokasago_4",
			"from": [7.25, 0, 2],
			"to": [7.5, 0.25, 9.5],
			"faces": {
				"north": {"uv": [7.5, 2, 7.25, 2.25], "texture": "#0"},
				"east": {"uv": [7.25, 2, 7.5, 9.5], "rotation": 90, "texture": "#0"},
				"south": {"uv": [7.25, 9.25, 7.5, 9.5], "texture": "#0"},
				"west": {"uv": [7.25, 2, 7.5, 9.5], "rotation": 270, "texture": "#0"},
				"up": {"uv": [7.25, 2, 7.5, 9.5], "texture": "#0"},
				"down": {"uv": [7.25, 9.5, 7.5, 2], "texture": "#0"}
			}
		},
		{
			"name": "minokasago_5",
			"from": [4.5, 0, 2.25],
			"to": [4.75, 0.25, 4],
			"faces": {
				"north": {"uv": [4.75, 2.25, 4.5, 2.5], "texture": "#0"},
				"east": {"uv": [4.5, 2.25, 4.75, 4], "rotation": 90, "texture": "#0"},
				"south": {"uv": [4.5, 3.75, 4.75, 4], "texture": "#0"},
				"west": {"uv": [4.5, 2.25, 4.75, 4], "rotation": 270, "texture": "#0"},
				"up": {"uv": [4.5, 2.25, 4.75, 4], "texture": "#0"},
				"down": {"uv": [4.5, 4, 4.75, 2.25], "texture": "#0"}
			}
		},
		{
			"name": "minokasago_6",
			"from": [5, 0, 2.25],
			"to": [5.25, 0.25, 12],
			"faces": {
				"north": {"uv": [5.25, 2.25, 5, 2.5], "texture": "#0"},
				"east": {"uv": [5, 2.25, 5.25, 12], "rotation": 90, "texture": "#0"},
				"south": {"uv": [5, 11.75, 5.25, 12], "texture": "#0"},
				"west": {"uv": [5, 2.25, 5.25, 12], "rotation": 270, "texture": "#0"},
				"up": {"uv": [5, 2.25, 5.25, 12], "texture": "#0"},
				"down": {"uv": [5, 12, 5.25, 2.25], "texture": "#0"}
			}
		},
		{
			"name": "minokasago_7",
			"from": [7, 0, 2.25],
			"to": [7.25, 0.25, 9.5],
			"faces": {
				"north": {"uv": [7.25, 2.25, 7, 2.5], "texture": "#0"},
				"east": {"uv": [7, 2.25, 7.25, 9.5], "rotation": 90, "texture": "#0"},
				"south": {"uv": [7, 9.25, 7.25, 9.5], "texture": "#0"},
				"west": {"uv": [7, 2.25, 7.25, 9.5], "rotation": 270, "texture": "#0"},
				"up": {"uv": [7, 2.25, 7.25, 9.5], "texture": "#0"},
				"down": {"uv": [7, 9.5, 7.25, 2.25], "texture": "#0"}
			}
		},
		{
			"name": "minokasago_8",
			"from": [7.5, 0, 2.25],
			"to": [7.75, 0.25, 9.5],
			"faces": {
				"north": {"uv": [7.75, 2.25, 7.5, 2.5], "texture": "#0"},
				"east": {"uv": [7.5, 2.25, 7.75, 9.5], "rotation": 90, "texture": "#0"},
				"south": {"uv": [7.5, 9.25, 7.75, 9.5], "texture": "#0"},
				"west": {"uv": [7.5, 2.25, 7.75, 9.5], "rotation": 270, "texture": "#0"},
				"up": {"uv": [7.5, 2.25, 7.75, 9.5], "texture": "#0"},
				"down": {"uv": [7.5, 9.5, 7.75, 2.25], "texture": "#0"}
			}
		},
		{
			"name": "minokasago_9",
			"from": [5.75, 0, 2.5],
			"to": [6, 0.25, 12.25],
			"faces": {
				"north": {"uv": [6, 2.5, 5.75, 2.75], "texture": "#0"},
				"east": {"uv": [5.75, 2.5, 6, 12.25], "rotation": 90, "texture": "#0"},
				"south": {"uv": [5.75, 12, 6, 12.25], "texture": "#0"},
				"west": {"uv": [5.75, 2.5, 6, 12.25], "rotation": 270, "texture": "#0"},
				"up": {"uv": [5.75, 2.5, 6, 12.25], "texture": "#0"},
				"down": {"uv": [5.75, 12.25, 6, 2.5], "texture": "#0"}
			}
		},
		{
			"name": "minokasago_10",
			"from": [7.75, 0, 2.5],
			"to": [8.5, 0.25, 3.5],
			"faces": {
				"north": {"uv": [8.5, 2.5, 7.75, 2.75], "texture": "#0"},
				"east": {"uv": [8.25, 2.5, 8.5, 3.5], "rotation": 90, "texture": "#0"},
				"south": {"uv": [7.75, 3.25, 8.5, 3.5], "texture": "#0"},
				"west": {"uv": [7.75, 2.5, 8, 3.5], "rotation": 270, "texture": "#0"},
				"up": {"uv": [7.75, 2.5, 8.5, 3.5], "texture": "#0"},
				"down": {"uv": [7.75, 3.5, 8.5, 2.5], "texture": "#0"}
			}
		},
		{
			"name": "minokasago_11",
			"from": [3.75, 0, 2.75],
			"to": [4, 0.25, 4.5],
			"faces": {
				"north": {"uv": [4, 2.75, 3.75, 3], "texture": "#0"},
				"east": {"uv": [3.75, 2.75, 4, 4.5], "rotation": 90, "texture": "#0"},
				"south": {"uv": [3.75, 4.25, 4, 4.5], "texture": "#0"},
				"west": {"uv": [3.75, 2.75, 4, 4.5], "rotation": 270, "texture": "#0"},
				"up": {"uv": [3.75, 2.75, 4, 4.5], "texture": "#0"},
				"down": {"uv": [3.75, 4.5, 4, 2.75], "texture": "#0"}
			}
		},
		{
			"name": "minokasago_12",
			"from": [6.5, 0, 2.75],
			"to": [7, 0.25, 11.75],
			"faces": {
				"north": {"uv": [7, 2.75, 6.5, 3], "texture": "#0"},
				"east": {"uv": [6.75, 2.75, 7, 11.75], "rotation": 90, "texture": "#0"},
				"south": {"uv": [6.5, 11.5, 7, 11.75], "texture": "#0"},
				"west": {"uv": [6.5, 2.75, 6.75, 11.75], "rotation": 270, "texture": "#0"},
				"up": {"uv": [6.5, 2.75, 7, 11.75], "texture": "#0"},
				"down": {"uv": [6.5, 11.75, 7, 2.75], "texture": "#0"}
			}
		},
		{
			"name": "minokasago_13",
			"from": [8.5, 0, 2.75],
			"to": [8.75, 0.25, 3],
			"faces": {
				"north": {"uv": [8.75, 2.75, 8.5, 3], "texture": "#0"},
				"east": {"uv": [8.5, 2.75, 8.75, 3], "rotation": 90, "texture": "#0"},
				"south": {"uv": [8.5, 2.75, 8.75, 3], "texture": "#0"},
				"west": {"uv": [8.5, 2.75, 8.75, 3], "rotation": 270, "texture": "#0"},
				"up": {"uv": [8.5, 2.75, 8.75, 3], "texture": "#0"},
				"down": {"uv": [8.5, 3, 8.75, 2.75], "texture": "#0"}
			}
		},
		{
			"name": "minokasago_14",
			"from": [3.5, 0, 3],
			"to": [3.75, 0.25, 4],
			"faces": {
				"north": {"uv": [3.75, 3, 3.5, 3.25], "texture": "#0"},
				"east": {"uv": [3.5, 3, 3.75, 4], "rotation": 90, "texture": "#0"},
				"south": {"uv": [3.5, 3.75, 3.75, 4], "texture": "#0"},
				"west": {"uv": [3.5, 3, 3.75, 4], "rotation": 270, "texture": "#0"},
				"up": {"uv": [3.5, 3, 3.75, 4], "texture": "#0"},
				"down": {"uv": [3.5, 4, 3.75, 3], "texture": "#0"}
			}
		},
		{
			"name": "minokasago_15",
			"from": [4, 0, 3],
			"to": [4.25, 0.25, 11],
			"faces": {
				"north": {"uv": [4.25, 3, 4, 3.25], "texture": "#0"},
				"east": {"uv": [4, 3, 4.25, 11], "rotation": 90, "texture": "#0"},
				"south": {"uv": [4, 10.75, 4.25, 11], "texture": "#0"},
				"west": {"uv": [4, 3, 4.25, 11], "rotation": 270, "texture": "#0"},
				"up": {"uv": [4, 3, 4.25, 11], "texture": "#0"},
				"down": {"uv": [4, 11, 4.25, 3], "texture": "#0"}
			}
		},
		{
			"name": "minokasago_16",
			"from": [8.75, 0, 3.25],
			"to": [9, 0.25, 4],
			"faces": {
				"north": {"uv": [9, 3.25, 8.75, 3.5], "texture": "#0"},
				"east": {"uv": [8.75, 3.25, 9, 4], "rotation": 90, "texture": "#0"},
				"south": {"uv": [8.75, 3.75, 9, 4], "texture": "#0"},
				"west": {"uv": [8.75, 3.25, 9, 4], "rotation": 270, "texture": "#0"},
				"up": {"uv": [8.75, 3.25, 9, 4], "texture": "#0"},
				"down": {"uv": [8.75, 4, 9, 3.25], "texture": "#0"}
			}
		},
		{
			"name": "minokasago_17",
			"from": [5.5, 0, 3.5],
			"to": [5.75, 0.25, 12.25],
			"faces": {
				"north": {"uv": [5.75, 3.5, 5.5, 3.75], "texture": "#0"},
				"east": {"uv": [5.5, 3.5, 5.75, 12.25], "rotation": 90, "texture": "#0"},
				"south": {"uv": [5.5, 12, 5.75, 12.25], "texture": "#0"},
				"west": {"uv": [5.5, 3.5, 5.75, 12.25], "rotation": 270, "texture": "#0"},
				"up": {"uv": [5.5, 3.5, 5.75, 12.25], "texture": "#0"},
				"down": {"uv": [5.5, 12.25, 5.75, 3.5], "texture": "#0"}
			}
		},
		{
			"name": "minokasago_18",
			"from": [7.75, 0, 3.5],
			"to": [8.25, 0.25, 3.75],
			"faces": {
				"north": {"uv": [8.25, 3.5, 7.75, 3.75], "texture": "#0"},
				"east": {"uv": [8, 3.5, 8.25, 3.75], "rotation": 90, "texture": "#0"},
				"south": {"uv": [7.75, 3.5, 8.25, 3.75], "texture": "#0"},
				"west": {"uv": [7.75, 3.5, 8, 3.75], "rotation": 270, "texture": "#0"},
				"up": {"uv": [7.75, 3.5, 8.25, 3.75], "texture": "#0"},
				"down": {"uv": [7.75, 3.75, 8.25, 3.5], "texture": "#0"}
			}
		},
		{
			"name": "minokasago_19",
			"from": [8.5, 0, 3.5],
			"to": [8.75, 0.25, 9.25],
			"faces": {
				"north": {"uv": [8.75, 3.5, 8.5, 3.75], "texture": "#0"},
				"east": {"uv": [8.5, 3.5, 8.75, 9.25], "rotation": 90, "texture": "#0"},
				"south": {"uv": [8.5, 9, 8.75, 9.25], "texture": "#0"},
				"west": {"uv": [8.5, 3.5, 8.75, 9.25], "rotation": 270, "texture": "#0"},
				"up": {"uv": [8.5, 3.5, 8.75, 9.25], "texture": "#0"},
				"down": {"uv": [8.5, 9.25, 8.75, 3.5], "texture": "#0"}
			}
		},
		{
			"name": "minokasago_20",
			"from": [9, 0, 3.5],
			"to": [9.25, 0.25, 3.75],
			"faces": {
				"north": {"uv": [9.25, 3.5, 9, 3.75], "texture": "#0"},
				"east": {"uv": [9, 3.5, 9.25, 3.75], "rotation": 90, "texture": "#0"},
				"south": {"uv": [9, 3.5, 9.25, 3.75], "texture": "#0"},
				"west": {"uv": [9, 3.5, 9.25, 3.75], "rotation": 270, "texture": "#0"},
				"up": {"uv": [9, 3.5, 9.25, 3.75], "texture": "#0"},
				"down": {"uv": [9, 3.75, 9.25, 3.5], "texture": "#0"}
			}
		},
		{
			"name": "minokasago_21",
			"from": [5.25, 0, 3.75],
			"to": [5.5, 0.25, 12.25],
			"faces": {
				"north": {"uv": [5.5, 3.75, 5.25, 4], "texture": "#0"},
				"east": {"uv": [5.25, 3.75, 5.5, 12.25], "rotation": 90, "texture": "#0"},
				"south": {"uv": [5.25, 12, 5.5, 12.25], "texture": "#0"},
				"west": {"uv": [5.25, 3.75, 5.5, 12.25], "rotation": 270, "texture": "#0"},
				"up": {"uv": [5.25, 3.75, 5.5, 12.25], "texture": "#0"},
				"down": {"uv": [5.25, 12.25, 5.5, 3.75], "texture": "#0"}
			}
		},
		{
			"name": "minokasago_22",
			"from": [7.75, 0, 3.75],
			"to": [8, 0.25, 4],
			"faces": {
				"north": {"uv": [8, 3.75, 7.75, 4], "texture": "#0"},
				"east": {"uv": [7.75, 3.75, 8, 4], "rotation": 90, "texture": "#0"},
				"south": {"uv": [7.75, 3.75, 8, 4], "texture": "#0"},
				"west": {"uv": [7.75, 3.75, 8, 4], "rotation": 270, "texture": "#0"},
				"up": {"uv": [7.75, 3.75, 8, 4], "texture": "#0"},
				"down": {"uv": [7.75, 4, 8, 3.75], "texture": "#0"}
			}
		},
		{
			"name": "minokasago_23",
			"from": [8.25, 0, 3.75],
			"to": [8.5, 0.25, 9.5],
			"faces": {
				"north": {"uv": [8.5, 3.75, 8.25, 4], "texture": "#0"},
				"east": {"uv": [8.25, 3.75, 8.5, 9.5], "rotation": 90, "texture": "#0"},
				"south": {"uv": [8.25, 9.25, 8.5, 9.5], "texture": "#0"},
				"west": {"uv": [8.25, 3.75, 8.5, 9.5], "rotation": 270, "texture": "#0"},
				"up": {"uv": [8.25, 3.75, 8.5, 9.5], "texture": "#0"},
				"down": {"uv": [8.25, 9.5, 8.5, 3.75], "texture": "#0"}
			}
		},
		{
			"name": "minokasago_24",
			"from": [3, 0, 4],
			"to": [3.25, 0.25, 4.75],
			"faces": {
				"north": {"uv": [3.25, 4, 3, 4.25], "texture": "#0"},
				"east": {"uv": [3, 4, 3.25, 4.75], "rotation": 90, "texture": "#0"},
				"south": {"uv": [3, 4.5, 3.25, 4.75], "texture": "#0"},
				"west": {"uv": [3, 4, 3.25, 4.75], "rotation": 270, "texture": "#0"},
				"up": {"uv": [3, 4, 3.25, 4.75], "texture": "#0"},
				"down": {"uv": [3, 4.75, 3.25, 4], "texture": "#0"}
			}
		},
		{
			"name": "minokasago_25",
			"from": [4.25, 0, 4],
			"to": [4.5, 0.25, 11.5],
			"faces": {
				"north": {"uv": [4.5, 4, 4.25, 4.25], "texture": "#0"},
				"east": {"uv": [4.25, 4, 4.5, 11.5], "rotation": 90, "texture": "#0"},
				"south": {"uv": [4.25, 11.25, 4.5, 11.5], "texture": "#0"},
				"west": {"uv": [4.25, 4, 4.5, 11.5], "rotation": 270, "texture": "#0"},
				"up": {"uv": [4.25, 4, 4.5, 11.5], "texture": "#0"},
				"down": {"uv": [4.25, 11.5, 4.5, 4], "texture": "#0"}
			}
		},
		{
			"name": "minokasago_26",
			"from": [8, 0, 4],
			"to": [8.25, 0.25, 9.5],
			"faces": {
				"north": {"uv": [8.25, 4, 8, 4.25], "texture": "#0"},
				"east": {"uv": [8, 4, 8.25, 9.5], "rotation": 90, "texture": "#0"},
				"south": {"uv": [8, 9.25, 8.25, 9.5], "texture": "#0"},
				"west": {"uv": [8, 4, 8.25, 9.5], "rotation": 270, "texture": "#0"},
				"up": {"uv": [8, 4, 8.25, 9.5], "texture": "#0"},
				"down": {"uv": [8, 9.5, 8.25, 4], "texture": "#0"}
			}
		},
		{
			"name": "minokasago_27",
			"from": [9, 0, 4],
			"to": [9.25, 0.25, 4.75],
			"faces": {
				"north": {"uv": [9.25, 4, 9, 4.25], "texture": "#0"},
				"east": {"uv": [9, 4, 9.25, 4.75], "rotation": 90, "texture": "#0"},
				"south": {"uv": [9, 4.5, 9.25, 4.75], "texture": "#0"},
				"west": {"uv": [9, 4, 9.25, 4.75], "rotation": 270, "texture": "#0"},
				"up": {"uv": [9, 4, 9.25, 4.75], "texture": "#0"},
				"down": {"uv": [9, 4.75, 9.25, 4], "texture": "#0"}
			}
		},
		{
			"name": "minokasago_28",
			"from": [2.75, 0, 4.25],
			"to": [3, 0.25, 4.5],
			"faces": {
				"north": {"uv": [3, 4.25, 2.75, 4.5], "texture": "#0"},
				"east": {"uv": [2.75, 4.25, 3, 4.5], "rotation": 90, "texture": "#0"},
				"south": {"uv": [2.75, 4.25, 3, 4.5], "texture": "#0"},
				"west": {"uv": [2.75, 4.25, 3, 4.5], "rotation": 270, "texture": "#0"},
				"up": {"uv": [2.75, 4.25, 3, 4.5], "texture": "#0"},
				"down": {"uv": [2.75, 4.5, 3, 4.25], "texture": "#0"}
			}
		},
		{
			"name": "minokasago_29",
			"from": [3.25, 0, 4.25],
			"to": [3.5, 0.25, 5],
			"faces": {
				"north": {"uv": [3.5, 4.25, 3.25, 4.5], "texture": "#0"},
				"east": {"uv": [3.25, 4.25, 3.5, 5], "rotation": 90, "texture": "#0"},
				"south": {"uv": [3.25, 4.75, 3.5, 5], "texture": "#0"},
				"west": {"uv": [3.25, 4.25, 3.5, 5], "rotation": 270, "texture": "#0"},
				"up": {"uv": [3.25, 4.25, 3.5, 5], "texture": "#0"},
				"down": {"uv": [3.25, 5, 3.5, 4.25], "texture": "#0"}
			}
		},
		{
			"name": "minokasago_30",
			"from": [7.75, 0, 4.25],
			"to": [8, 0.25, 9.25],
			"faces": {
				"north": {"uv": [8, 4.25, 7.75, 4.5], "texture": "#0"},
				"east": {"uv": [7.75, 4.25, 8, 9.25], "rotation": 90, "texture": "#0"},
				"south": {"uv": [7.75, 9, 8, 9.25], "texture": "#0"},
				"west": {"uv": [7.75, 4.25, 8, 9.25], "rotation": 270, "texture": "#0"},
				"up": {"uv": [7.75, 4.25, 8, 9.25], "texture": "#0"},
				"down": {"uv": [7.75, 9.25, 8, 4.25], "texture": "#0"}
			}
		},
		{
			"name": "minokasago_31",
			"from": [8.75, 0, 4.25],
			"to": [9, 0.25, 9.25],
			"faces": {
				"north": {"uv": [9, 4.25, 8.75, 4.5], "texture": "#0"},
				"east": {"uv": [8.75, 4.25, 9, 9.25], "rotation": 90, "texture": "#0"},
				"south": {"uv": [8.75, 9, 9, 9.25], "texture": "#0"},
				"west": {"uv": [8.75, 4.25, 9, 9.25], "rotation": 270, "texture": "#0"},
				"up": {"uv": [8.75, 4.25, 9, 9.25], "texture": "#0"},
				"down": {"uv": [8.75, 9.25, 9, 4.25], "texture": "#0"}
			}
		},
		{
			"name": "minokasago_32",
			"from": [9.25, 0, 4.25],
			"to": [9.5, 0.25, 4.5],
			"faces": {
				"north": {"uv": [9.5, 4.25, 9.25, 4.5], "texture": "#0"},
				"east": {"uv": [9.25, 4.25, 9.5, 4.5], "rotation": 90, "texture": "#0"},
				"south": {"uv": [9.25, 4.25, 9.5, 4.5], "texture": "#0"},
				"west": {"uv": [9.25, 4.25, 9.5, 4.5], "rotation": 270, "texture": "#0"},
				"up": {"uv": [9.25, 4.25, 9.5, 4.5], "texture": "#0"},
				"down": {"uv": [9.25, 4.5, 9.5, 4.25], "texture": "#0"}
			}
		},
		{
			"name": "minokasago_33",
			"from": [10.5, 0, 4.25],
			"to": [11, 0.25, 8.25],
			"faces": {
				"north": {"uv": [11, 4.25, 10.5, 4.5], "texture": "#0"},
				"east": {"uv": [10.75, 4.25, 11, 8.25], "rotation": 90, "texture": "#0"},
				"south": {"uv": [10.5, 8, 11, 8.25], "texture": "#0"},
				"west": {"uv": [10.5, 4.25, 10.75, 8.25], "rotation": 270, "texture": "#0"},
				"up": {"uv": [10.5, 4.25, 11, 8.25], "texture": "#0"},
				"down": {"uv": [10.5, 8.25, 11, 4.25], "texture": "#0"}
			}
		},
		{
			"name": "minokasago_34",
			"from": [3.5, 0, 4.5],
			"to": [3.75, 0.25, 5.25],
			"faces": {
				"north": {"uv": [3.75, 4.5, 3.5, 4.75], "texture": "#0"},
				"east": {"uv": [3.5, 4.5, 3.75, 5.25], "rotation": 90, "texture": "#0"},
				"south": {"uv": [3.5, 5, 3.75, 5.25], "texture": "#0"},
				"west": {"uv": [3.5, 4.5, 3.75, 5.25], "rotation": 270, "texture": "#0"},
				"up": {"uv": [3.5, 4.5, 3.75, 5.25], "texture": "#0"},
				"down": {"uv": [3.5, 5.25, 3.75, 4.5], "texture": "#0"}
			}
		},
		{
			"name": "minokasago_35",
			"from": [4.5, 0, 4.5],
			"to": [4.75, 0.25, 11.75],
			"faces": {
				"north": {"uv": [4.75, 4.5, 4.5, 4.75], "texture": "#0"},
				"east": {"uv": [4.5, 4.5, 4.75, 11.75], "rotation": 90, "texture": "#0"},
				"south": {"uv": [4.5, 11.5, 4.75, 11.75], "texture": "#0"},
				"west": {"uv": [4.5, 4.5, 4.75, 11.75], "rotation": 270, "texture": "#0"},
				"up": {"uv": [4.5, 4.5, 4.75, 11.75], "texture": "#0"},
				"down": {"uv": [4.5, 11.75, 4.75, 4.5], "texture": "#0"}
			}
		},
		{
			"name": "minokasago_36",
			"from": [10, 0, 4.5],
			"to": [10.5, 0.25, 10.5],
			"faces": {
				"north": {"uv": [10.5, 4.5, 10, 4.75], "texture": "#0"},
				"east": {"uv": [10.25, 4.5, 10.5, 10.5], "rotation": 90, "texture": "#0"},
				"south": {"uv": [10, 10.25, 10.5, 10.5], "texture": "#0"},
				"west": {"uv": [10, 4.5, 10.25, 10.5], "rotation": 270, "texture": "#0"},
				"up": {"uv": [10, 4.5, 10.5, 10.5], "texture": "#0"},
				"down": {"uv": [10, 10.5, 10.5, 4.5], "texture": "#0"}
			}
		},
		{
			"name": "minokasago_37",
			"from": [11, 0, 4.5],
			"to": [11.25, 0.25, 6.75],
			"faces": {
				"north": {"uv": [11.25, 4.5, 11, 4.75], "texture": "#0"},
				"east": {"uv": [11, 4.5, 11.25, 6.75], "rotation": 90, "texture": "#0"},
				"south": {"uv": [11, 6.5, 11.25, 6.75], "texture": "#0"},
				"west": {"uv": [11, 4.5, 11.25, 6.75], "rotation": 270, "texture": "#0"},
				"up": {"uv": [11, 4.5, 11.25, 6.75], "texture": "#0"},
				"down": {"uv": [11, 6.75, 11.25, 4.5], "texture": "#0"}
			}
		},
		{
			"name": "minokasago_38",
			"from": [3.75, 0, 4.75],
			"to": [4, 0.25, 5.5],
			"faces": {
				"north": {"uv": [4, 4.75, 3.75, 5], "texture": "#0"},
				"east": {"uv": [3.75, 4.75, 4, 5.5], "rotation": 90, "texture": "#0"},
				"south": {"uv": [3.75, 5.25, 4, 5.5], "texture": "#0"},
				"west": {"uv": [3.75, 4.75, 4, 5.5], "rotation": 270, "texture": "#0"},
				"up": {"uv": [3.75, 4.75, 4, 5.5], "texture": "#0"},
				"down": {"uv": [3.75, 5.5, 4, 4.75], "texture": "#0"}
			}
		},
		{
			"name": "minokasago_39",
			"from": [9.75, 0, 4.75],
			"to": [10, 0.25, 10.25],
			"faces": {
				"north": {"uv": [10, 4.75, 9.75, 5], "texture": "#0"},
				"east": {"uv": [9.75, 4.75, 10, 10.25], "rotation": 90, "texture": "#0"},
				"south": {"uv": [9.75, 10, 10, 10.25], "texture": "#0"},
				"west": {"uv": [9.75, 4.75, 10, 10.25], "rotation": 270, "texture": "#0"},
				"up": {"uv": [9.75, 4.75, 10, 10.25], "texture": "#0"},
				"down": {"uv": [9.75, 10.25, 10, 4.75], "texture": "#0"}
			}
		},
		{
			"name": "minokasago_40",
			"from": [11.25, 0, 4.75],
			"to": [11.5, 0.25, 6.75],
			"faces": {
				"north": {"uv": [11.5, 4.75, 11.25, 5], "texture": "#0"},
				"east": {"uv": [11.25, 4.75, 11.5, 6.75], "rotation": 90, "texture": "#0"},
				"south": {"uv": [11.25, 6.5, 11.5, 6.75], "texture": "#0"},
				"west": {"uv": [11.25, 4.75, 11.5, 6.75], "rotation": 270, "texture": "#0"},
				"up": {"uv": [11.25, 4.75, 11.5, 6.75], "texture": "#0"},
				"down": {"uv": [11.25, 6.75, 11.5, 4.75], "texture": "#0"}
			}
		},
		{
			"name": "minokasago_41",
			"from": [9.5, 0, 5],
			"to": [9.75, 0.25, 10],
			"faces": {
				"north": {"uv": [9.75, 5, 9.5, 5.25], "texture": "#0"},
				"east": {"uv": [9.5, 5, 9.75, 10], "rotation": 90, "texture": "#0"},
				"south": {"uv": [9.5, 9.75, 9.75, 10], "texture": "#0"},
				"west": {"uv": [9.5, 5, 9.75, 10], "rotation": 270, "texture": "#0"},
				"up": {"uv": [9.5, 5, 9.75, 10], "texture": "#0"},
				"down": {"uv": [9.5, 10, 9.75, 5], "texture": "#0"}
			}
		},
		{
			"name": "minokasago_42",
			"from": [11.5, 0, 5],
			"to": [11.75, 0.25, 6.5],
			"faces": {
				"north": {"uv": [11.75, 5, 11.5, 5.25], "texture": "#0"},
				"east": {"uv": [11.5, 5, 11.75, 6.5], "rotation": 90, "texture": "#0"},
				"south": {"uv": [11.5, 6.25, 11.75, 6.5], "texture": "#0"},
				"west": {"uv": [11.5, 5, 11.75, 6.5], "rotation": 270, "texture": "#0"},
				"up": {"uv": [11.5, 5, 11.75, 6.5], "texture": "#0"},
				"down": {"uv": [11.5, 6.5, 11.75, 5], "texture": "#0"}
			}
		},
		{
			"name": "minokasago_43",
			"from": [9.25, 0, 5.25],
			"to": [9.5, 0.25, 10],
			"faces": {
				"north": {"uv": [9.5, 5.25, 9.25, 5.5], "texture": "#0"},
				"east": {"uv": [9.25, 5.25, 9.5, 10], "rotation": 90, "texture": "#0"},
				"south": {"uv": [9.25, 9.75, 9.5, 10], "texture": "#0"},
				"west": {"uv": [9.25, 5.25, 9.5, 10], "rotation": 270, "texture": "#0"},
				"up": {"uv": [9.25, 5.25, 9.5, 10], "texture": "#0"},
				"down": {"uv": [9.25, 10, 9.5, 5.25], "texture": "#0"}
			}
		},
		{
			"name": "minokasago_44",
			"from": [9, 0, 5.5],
			"to": [9.25, 0.25, 9.75],
			"faces": {
				"north": {"uv": [9.25, 5.5, 9, 5.75], "texture": "#0"},
				"east": {"uv": [9, 5.5, 9.25, 9.75], "rotation": 90, "texture": "#0"},
				"south": {"uv": [9, 9.5, 9.25, 9.75], "texture": "#0"},
				"west": {"uv": [9, 5.5, 9.25, 9.75], "rotation": 270, "texture": "#0"},
				"up": {"uv": [9, 5.5, 9.25, 9.75], "texture": "#0"},
				"down": {"uv": [9, 9.75, 9.25, 5.5], "texture": "#0"}
			}
		},
		{
			"name": "minokasago_45",
			"from": [3.25, 0, 5.75],
			"to": [3.5, 0.25, 9.25],
			"faces": {
				"north": {"uv": [3.5, 5.75, 3.25, 6], "texture": "#0"},
				"east": {"uv": [3.25, 5.75, 3.5, 9.25], "rotation": 90, "texture": "#0"},
				"south": {"uv": [3.25, 9, 3.5, 9.25], "texture": "#0"},
				"west": {"uv": [3.25, 5.75, 3.5, 9.25], "rotation": 270, "texture": "#0"},
				"up": {"uv": [3.25, 5.75, 3.5, 9.25], "texture": "#0"},
				"down": {"uv": [3.25, 9.25, 3.5, 5.75], "texture": "#0"}
			}
		},
		{
			"name": "minokasago_46",
			"from": [3.75, 0, 5.75],
			"to": [4, 0.25, 10.5],
			"faces": {
				"north": {"uv": [4, 5.75, 3.75, 6], "texture": "#0"},
				"east": {"uv": [3.75, 5.75, 4, 10.5], "rotation": 90, "texture": "#0"},
				"south": {"uv": [3.75, 10.25, 4, 10.5], "texture": "#0"},
				"west": {"uv": [3.75, 5.75, 4, 10.5], "rotation": 270, "texture": "#0"},
				"up": {"uv": [3.75, 5.75, 4, 10.5], "texture": "#0"},
				"down": {"uv": [3.75, 10.5, 4, 5.75], "texture": "#0"}
			}
		},
		{
			"name": "minokasago_47",
			"from": [2, 0, 6],
			"to": [2.25, 0.25, 9],
			"faces": {
				"north": {"uv": [2.25, 6, 2, 6.25], "texture": "#0"},
				"east": {"uv": [2, 6, 2.25, 9], "rotation": 90, "texture": "#0"},
				"south": {"uv": [2, 8.75, 2.25, 9], "texture": "#0"},
				"west": {"uv": [2, 6, 2.25, 9], "rotation": 270, "texture": "#0"},
				"up": {"uv": [2, 6, 2.25, 9], "texture": "#0"},
				"down": {"uv": [2, 9, 2.25, 6], "texture": "#0"}
			}
		},
		{
			"name": "minokasago_48",
			"from": [3, 0, 6],
			"to": [3.25, 0.25, 9.25],
			"faces": {
				"north": {"uv": [3.25, 6, 3, 6.25], "texture": "#0"},
				"east": {"uv": [3, 6, 3.25, 9.25], "rotation": 90, "texture": "#0"},
				"south": {"uv": [3, 9, 3.25, 9.25], "texture": "#0"},
				"west": {"uv": [3, 6, 3.25, 9.25], "rotation": 270, "texture": "#0"},
				"up": {"uv": [3, 6, 3.25, 9.25], "texture": "#0"},
				"down": {"uv": [3, 9.25, 3.25, 6], "texture": "#0"}
			}
		},
		{
			"name": "minokasago_49",
			"from": [3.5, 0, 6],
			"to": [3.75, 0.25, 9.25],
			"faces": {
				"north": {"uv": [3.75, 6, 3.5, 6.25], "texture": "#0"},
				"east": {"uv": [3.5, 6, 3.75, 9.25], "rotation": 90, "texture": "#0"},
				"south": {"uv": [3.5, 9, 3.75, 9.25], "texture": "#0"},
				"west": {"uv": [3.5, 6, 3.75, 9.25], "rotation": 270, "texture": "#0"},
				"up": {"uv": [3.5, 6, 3.75, 9.25], "texture": "#0"},
				"down": {"uv": [3.5, 9.25, 3.75, 6], "texture": "#0"}
			}
		},
		{
			"name": "minokasago_50",
			"from": [13.5, 0, 6],
			"to": [14.5, 0.25, 8.5],
			"faces": {
				"north": {"uv": [14.5, 6, 13.5, 6.25], "texture": "#0"},
				"east": {"uv": [14.25, 6, 14.5, 8.5], "rotation": 90, "texture": "#0"},
				"south": {"uv": [13.5, 8.25, 14.5, 8.5], "texture": "#0"},
				"west": {"uv": [13.5, 6, 13.75, 8.5], "rotation": 270, "texture": "#0"},
				"up": {"uv": [13.5, 6, 14.5, 8.5], "texture": "#0"},
				"down": {"uv": [13.5, 8.5, 14.5, 6], "texture": "#0"}
			}
		},
		{
			"name": "minokasago_51",
			"from": [1.75, 0, 6.25],
			"to": [2, 0.25, 6.5],
			"faces": {
				"north": {"uv": [2, 6.25, 1.75, 6.5], "texture": "#0"},
				"east": {"uv": [1.75, 6.25, 2, 6.5], "rotation": 90, "texture": "#0"},
				"south": {"uv": [1.75, 6.25, 2, 6.5], "texture": "#0"},
				"west": {"uv": [1.75, 6.25, 2, 6.5], "rotation": 270, "texture": "#0"},
				"up": {"uv": [1.75, 6.25, 2, 6.5], "texture": "#0"},
				"down": {"uv": [1.75, 6.5, 2, 6.25], "texture": "#0"}
			}
		},
		{
			"name": "minokasago_52",
			"from": [2.25, 0, 6.25],
			"to": [3, 0.25, 9],
			"faces": {
				"north": {"uv": [3, 6.25, 2.25, 6.5], "texture": "#0"},
				"east": {"uv": [2.75, 6.25, 3, 9], "rotation": 90, "texture": "#0"},
				"south": {"uv": [2.25, 8.75, 3, 9], "texture": "#0"},
				"west": {"uv": [2.25, 6.25, 2.5, 9], "rotation": 270, "texture": "#0"},
				"up": {"uv": [2.25, 6.25, 3, 9], "texture": "#0"},
				"down": {"uv": [2.25, 9, 3, 6.25], "texture": "#0"}
			}
		},
		{
			"name": "minokasago_53",
			"from": [13, 0, 6.25],
			"to": [13.5, 0.25, 9],
			"faces": {
				"north": {"uv": [13.5, 6.25, 13, 6.5], "texture": "#0"},
				"east": {"uv": [13.25, 6.25, 13.5, 9], "rotation": 90, "texture": "#0"},
				"south": {"uv": [13, 8.75, 13.5, 9], "texture": "#0"},
				"west": {"uv": [13, 6.25, 13.25, 9], "rotation": 270, "texture": "#0"},
				"up": {"uv": [13, 6.25, 13.5, 9], "texture": "#0"},
				"down": {"uv": [13, 9, 13.5, 6.25], "texture": "#0"}
			}
		},
		{
			"name": "minokasago_54",
			"from": [14.5, 0, 6.25],
			"to": [14.75, 0.25, 8.25],
			"faces": {
				"north": {"uv": [14.75, 6.25, 14.5, 6.5], "texture": "#0"},
				"east": {"uv": [14.5, 6.25, 14.75, 8.25], "rotation": 90, "texture": "#0"},
				"south": {"uv": [14.5, 8, 14.75, 8.25], "texture": "#0"},
				"west": {"uv": [14.5, 6.25, 14.75, 8.25], "rotation": 270, "texture": "#0"},
				"up": {"uv": [14.5, 6.25, 14.75, 8.25], "texture": "#0"},
				"down": {"uv": [14.5, 8.25, 14.75, 6.25], "texture": "#0"}
			}
		},
		{
			"name": "minokasago_55",
			"from": [12.5, 0, 6.5],
			"to": [13, 0.25, 8.75],
			"faces": {
				"north": {"uv": [13, 6.5, 12.5, 6.75], "texture": "#0"},
				"east": {"uv": [12.75, 6.5, 13, 8.75], "rotation": 90, "texture": "#0"},
				"south": {"uv": [12.5, 8.5, 13, 8.75], "texture": "#0"},
				"west": {"uv": [12.5, 6.5, 12.75, 8.75], "rotation": 270, "texture": "#0"},
				"up": {"uv": [12.5, 6.5, 13, 8.75], "texture": "#0"},
				"down": {"uv": [12.5, 8.75, 13, 6.5], "texture": "#0"}
			}
		},
		{
			"name": "minokasago_56",
			"from": [14.75, 0, 6.5],
			"to": [15, 0.25, 8],
			"faces": {
				"north": {"uv": [15, 6.5, 14.75, 6.75], "texture": "#0"},
				"east": {"uv": [14.75, 6.5, 15, 8], "rotation": 90, "texture": "#0"},
				"south": {"uv": [14.75, 7.75, 15, 8], "texture": "#0"},
				"west": {"uv": [14.75, 6.5, 15, 8], "rotation": 270, "texture": "#0"},
				"up": {"uv": [14.75, 6.5, 15, 8], "texture": "#0"},
				"down": {"uv": [14.75, 8, 15, 6.5], "texture": "#0"}
			}
		},
		{
			"name": "minokasago_57",
			"from": [1.75, 0, 6.75],
			"to": [2, 0.25, 9],
			"faces": {
				"north": {"uv": [2, 6.75, 1.75, 7], "texture": "#0"},
				"east": {"uv": [1.75, 6.75, 2, 9], "rotation": 90, "texture": "#0"},
				"south": {"uv": [1.75, 8.75, 2, 9], "texture": "#0"},
				"west": {"uv": [1.75, 6.75, 2, 9], "rotation": 270, "texture": "#0"},
				"up": {"uv": [1.75, 6.75, 2, 9], "texture": "#0"},
				"down": {"uv": [1.75, 9, 2, 6.75], "texture": "#0"}
			}
		},
		{
			"name": "minokasago_58",
			"from": [12.25, 0, 6.75],
			"to": [12.5, 0.25, 8.5],
			"faces": {
				"north": {"uv": [12.5, 6.75, 12.25, 7], "texture": "#0"},
				"east": {"uv": [12.25, 6.75, 12.5, 8.5], "rotation": 90, "texture": "#0"},
				"south": {"uv": [12.25, 8.25, 12.5, 8.5], "texture": "#0"},
				"west": {"uv": [12.25, 6.75, 12.5, 8.5], "rotation": 270, "texture": "#0"},
				"up": {"uv": [12.25, 6.75, 12.5, 8.5], "texture": "#0"},
				"down": {"uv": [12.25, 8.5, 12.5, 6.75], "texture": "#0"}
			}
		},
		{
			"name": "minokasago_59",
			"from": [15, 0, 6.75],
			"to": [15.25, 0.25, 7.75],
			"faces": {
				"north": {"uv": [15.25, 6.75, 15, 7], "texture": "#0"},
				"east": {"uv": [15, 6.75, 15.25, 7.75], "rotation": 90, "texture": "#0"},
				"south": {"uv": [15, 7.5, 15.25, 7.75], "texture": "#0"},
				"west": {"uv": [15, 6.75, 15.25, 7.75], "rotation": 270, "texture": "#0"},
				"up": {"uv": [15, 6.75, 15.25, 7.75], "texture": "#0"},
				"down": {"uv": [15, 7.75, 15.25, 6.75], "texture": "#0"}
			}
		},
		{
			"name": "minokasago_60",
			"from": [1.5, 0, 7],
			"to": [1.75, 0.25, 9],
			"faces": {
				"north": {"uv": [1.75, 7, 1.5, 7.25], "texture": "#0"},
				"east": {"uv": [1.5, 7, 1.75, 9], "rotation": 90, "texture": "#0"},
				"south": {"uv": [1.5, 8.75, 1.75, 9], "texture": "#0"},
				"west": {"uv": [1.5, 7, 1.75, 9], "rotation": 270, "texture": "#0"},
				"up": {"uv": [1.5, 7, 1.75, 9], "texture": "#0"},
				"down": {"uv": [1.5, 9, 1.75, 7], "texture": "#0"}
			}
		},
		{
			"name": "minokasago_61",
			"from": [12, 0, 7],
			"to": [12.25, 0.25, 8.5],
			"faces": {
				"north": {"uv": [12.25, 7, 12, 7.25], "texture": "#0"},
				"east": {"uv": [12, 7, 12.25, 8.5], "rotation": 90, "texture": "#0"},
				"south": {"uv": [12, 8.25, 12.25, 8.5], "texture": "#0"},
				"west": {"uv": [12, 7, 12.25, 8.5], "rotation": 270, "texture": "#0"},
				"up": {"uv": [12, 7, 12.25, 8.5], "texture": "#0"},
				"down": {"uv": [12, 8.5, 12.25, 7], "texture": "#0"}
			}
		},
		{
			"name": "minokasago_62",
			"from": [1.25, 0, 7.25],
			"to": [1.5, 0.25, 8.75],
			"faces": {
				"north": {"uv": [1.5, 7.25, 1.25, 7.5], "texture": "#0"},
				"east": {"uv": [1.25, 7.25, 1.5, 8.75], "rotation": 90, "texture": "#0"},
				"south": {"uv": [1.25, 8.5, 1.5, 8.75], "texture": "#0"},
				"west": {"uv": [1.25, 7.25, 1.5, 8.75], "rotation": 270, "texture": "#0"},
				"up": {"uv": [1.25, 7.25, 1.5, 8.75], "texture": "#0"},
				"down": {"uv": [1.25, 8.75, 1.5, 7.25], "texture": "#0"}
			}
		},
		{
			"name": "minokasago_63",
			"from": [11, 0, 7.25],
			"to": [12, 0.25, 8.25],
			"faces": {
				"north": {"uv": [12, 7.25, 11, 7.5], "texture": "#0"},
				"east": {"uv": [11.75, 7.25, 12, 8.25], "rotation": 90, "texture": "#0"},
				"south": {"uv": [11, 8, 12, 8.25], "texture": "#0"},
				"west": {"uv": [11, 7.25, 11.25, 8.25], "rotation": 270, "texture": "#0"},
				"up": {"uv": [11, 7.25, 12, 8.25], "texture": "#0"},
				"down": {"uv": [11, 8.25, 12, 7.25], "texture": "#0"}
			}
		},
		{
			"name": "minokasago_64",
			"from": [1, 0, 7.5],
			"to": [1.25, 0.25, 8.75],
			"faces": {
				"north": {"uv": [1.25, 7.5, 1, 7.75], "texture": "#0"},
				"east": {"uv": [1, 7.5, 1.25, 8.75], "rotation": 90, "texture": "#0"},
				"south": {"uv": [1, 8.5, 1.25, 8.75], "texture": "#0"},
				"west": {"uv": [1, 7.5, 1.25, 8.75], "rotation": 270, "texture": "#0"},
				"up": {"uv": [1, 7.5, 1.25, 8.75], "texture": "#0"},
				"down": {"uv": [1, 8.75, 1.25, 7.5], "texture": "#0"}
			}
		},
		{
			"name": "minokasago_65",
			"from": [0.75, 0, 7.75],
			"to": [1, 0.25, 8],
			"faces": {
				"north": {"uv": [1, 7.75, 0.75, 8], "texture": "#0"},
				"east": {"uv": [0.75, 7.75, 1, 8], "rotation": 90, "texture": "#0"},
				"south": {"uv": [0.75, 7.75, 1, 8], "texture": "#0"},
				"west": {"uv": [0.75, 7.75, 1, 8], "rotation": 270, "texture": "#0"},
				"up": {"uv": [0.75, 7.75, 1, 8], "texture": "#0"},
				"down": {"uv": [0.75, 8, 1, 7.75], "texture": "#0"}
			}
		},
		{
			"name": "minokasago_66",
			"from": [0.75, 0, 8.25],
			"to": [1, 0.25, 8.5],
			"faces": {
				"north": {"uv": [1, 8.25, 0.75, 8.5], "texture": "#0"},
				"east": {"uv": [0.75, 8.25, 1, 8.5], "rotation": 90, "texture": "#0"},
				"south": {"uv": [0.75, 8.25, 1, 8.5], "texture": "#0"},
				"west": {"uv": [0.75, 8.25, 1, 8.5], "rotation": 270, "texture": "#0"},
				"up": {"uv": [0.75, 8.25, 1, 8.5], "texture": "#0"},
				"down": {"uv": [0.75, 8.5, 1, 8.25], "texture": "#0"}
			}
		},
		{
			"name": "minokasago_67",
			"from": [10.5, 0, 8.25],
			"to": [10.75, 0.25, 10.5],
			"faces": {
				"north": {"uv": [10.75, 8.25, 10.5, 8.5], "texture": "#0"},
				"east": {"uv": [10.5, 8.25, 10.75, 10.5], "rotation": 90, "texture": "#0"},
				"south": {"uv": [10.5, 10.25, 10.75, 10.5], "texture": "#0"},
				"west": {"uv": [10.5, 8.25, 10.75, 10.5], "rotation": 270, "texture": "#0"},
				"up": {"uv": [10.5, 8.25, 10.75, 10.5], "texture": "#0"},
				"down": {"uv": [10.5, 10.5, 10.75, 8.25], "texture": "#0"}
			}
		},
		{
			"name": "minokasago_68",
			"from": [10.75, 0, 8.5],
			"to": [12, 0.25, 10.75],
			"faces": {
				"north": {"uv": [12, 8.5, 10.75, 8.75], "texture": "#0"},
				"east": {"uv": [11.75, 8.5, 12, 10.75], "rotation": 90, "texture": "#0"},
				"south": {"uv": [10.75, 10.5, 12, 10.75], "texture": "#0"},
				"west": {"uv": [10.75, 8.5, 11, 10.75], "rotation": 270, "texture": "#0"},
				"up": {"uv": [10.75, 8.5, 12, 10.75], "texture": "#0"},
				"down": {"uv": [10.75, 10.75, 12, 8.5], "texture": "#0"}
			}
		},
		{
			"name": "minokasago_69",
			"from": [13.5, 0, 8.5],
			"to": [14.25, 0.25, 8.75],
			"faces": {
				"north": {"uv": [14.25, 8.5, 13.5, 8.75], "texture": "#0"},
				"east": {"uv": [14, 8.5, 14.25, 8.75], "rotation": 90, "texture": "#0"},
				"south": {"uv": [13.5, 8.5, 14.25, 8.75], "texture": "#0"},
				"west": {"uv": [13.5, 8.5, 13.75, 8.75], "rotation": 270, "texture": "#0"},
				"up": {"uv": [13.5, 8.5, 14.25, 8.75], "texture": "#0"},
				"down": {"uv": [13.5, 8.75, 14.25, 8.5], "texture": "#0"}
			}
		},
		{
			"name": "minokasago_70",
			"from": [12, 0, 8.75],
			"to": [12.25, 0.25, 10.5],
			"faces": {
				"north": {"uv": [12.25, 8.75, 12, 9], "texture": "#0"},
				"east": {"uv": [12, 8.75, 12.25, 10.5], "rotation": 90, "texture": "#0"},
				"south": {"uv": [12, 10.25, 12.25, 10.5], "texture": "#0"},
				"west": {"uv": [12, 8.75, 12.25, 10.5], "rotation": 270, "texture": "#0"},
				"up": {"uv": [12, 8.75, 12.25, 10.5], "texture": "#0"},
				"down": {"uv": [12, 10.5, 12.25, 8.75], "texture": "#0"}
			}
		},
		{
			"name": "minokasago_71",
			"from": [13.5, 0, 8.75],
			"to": [13.75, 0.25, 9],
			"faces": {
				"north": {"uv": [13.75, 8.75, 13.5, 9], "texture": "#0"},
				"east": {"uv": [13.5, 8.75, 13.75, 9], "rotation": 90, "texture": "#0"},
				"south": {"uv": [13.5, 8.75, 13.75, 9], "texture": "#0"},
				"west": {"uv": [13.5, 8.75, 13.75, 9], "rotation": 270, "texture": "#0"},
				"up": {"uv": [13.5, 8.75, 13.75, 9], "texture": "#0"},
				"down": {"uv": [13.5, 9, 13.75, 8.75], "texture": "#0"}
			}
		},
		{
			"name": "minokasago_72",
			"from": [2.5, 0, 9],
			"to": [3, 0.25, 9.25],
			"faces": {
				"north": {"uv": [3, 9, 2.5, 9.25], "texture": "#0"},
				"east": {"uv": [2.75, 9, 3, 9.25], "rotation": 90, "texture": "#0"},
				"south": {"uv": [2.5, 9, 3, 9.25], "texture": "#0"},
				"west": {"uv": [2.5, 9, 2.75, 9.25], "rotation": 270, "texture": "#0"},
				"up": {"uv": [2.5, 9, 3, 9.25], "texture": "#0"},
				"down": {"uv": [2.5, 9.25, 3, 9], "texture": "#0"}
			}
		},
		{
			"name": "minokasago_73",
			"from": [12.25, 0, 9],
			"to": [12.5, 0.25, 10.25],
			"faces": {
				"north": {"uv": [12.5, 9, 12.25, 9.25], "texture": "#0"},
				"east": {"uv": [12.25, 9, 12.5, 10.25], "rotation": 90, "texture": "#0"},
				"south": {"uv": [12.25, 10, 12.5, 10.25], "texture": "#0"},
				"west": {"uv": [12.25, 9, 12.5, 10.25], "rotation": 270, "texture": "#0"},
				"up": {"uv": [12.25, 9, 12.5, 10.25], "texture": "#0"},
				"down": {"uv": [12.25, 10.25, 12.5, 9], "texture": "#0"}
			}
		},
		{
			"name": "minokasago_74",
			"from": [12.5, 0, 9.25],
			"to": [12.75, 0.25, 10],
			"faces": {
				"north": {"uv": [12.75, 9.25, 12.5, 9.5], "texture": "#0"},
				"east": {"uv": [12.5, 9.25, 12.75, 10], "rotation": 90, "texture": "#0"},
				"south": {"uv": [12.5, 9.75, 12.75, 10], "texture": "#0"},
				"west": {"uv": [12.5, 9.25, 12.75, 10], "rotation": 270, "texture": "#0"},
				"up": {"uv": [12.5, 9.25, 12.75, 10], "texture": "#0"},
				"down": {"uv": [12.5, 10, 12.75, 9.25], "texture": "#0"}
			}
		},
		{
			"name": "minokasago_75",
			"from": [7, 0, 10],
			"to": [7.25, 0.25, 11.25],
			"faces": {
				"north": {"uv": [7.25, 10, 7, 10.25], "texture": "#0"},
				"east": {"uv": [7, 10, 7.25, 11.25], "rotation": 90, "texture": "#0"},
				"south": {"uv": [7, 11, 7.25, 11.25], "texture": "#0"},
				"west": {"uv": [7, 10, 7.25, 11.25], "rotation": 270, "texture": "#0"},
				"up": {"uv": [7, 10, 7.25, 11.25], "texture": "#0"},
				"down": {"uv": [7, 11.25, 7.25, 10], "texture": "#0"}
			}
		},
		{
			"name": "minokasago_76",
			"from": [7.25, 0, 10.25],
			"to": [7.5, 0.25, 11],
			"faces": {
				"north": {"uv": [7.5, 10.25, 7.25, 10.5], "texture": "#0"},
				"east": {"uv": [7.25, 10.25, 7.5, 11], "rotation": 90, "texture": "#0"},
				"south": {"uv": [7.25, 10.75, 7.5, 11], "texture": "#0"},
				"west": {"uv": [7.25, 10.25, 7.5, 11], "rotation": 270, "texture": "#0"},
				"up": {"uv": [7.25, 10.25, 7.5, 11], "texture": "#0"},
				"down": {"uv": [7.25, 11, 7.5, 10.25], "texture": "#0"}
			}
		},
		{
			"name": "minokasago_77",
			"from": [6.5, 0, 11.75],
			"to": [6.75, 0.25, 12],
			"faces": {
				"north": {"uv": [6.75, 11.75, 6.5, 12], "texture": "#0"},
				"east": {"uv": [6.5, 11.75, 6.75, 12], "rotation": 90, "texture": "#0"},
				"south": {"uv": [6.5, 11.75, 6.75, 12], "texture": "#0"},
				"west": {"uv": [6.5, 11.75, 6.75, 12], "rotation": 270, "texture": "#0"},
				"up": {"uv": [6.5, 11.75, 6.75, 12], "texture": "#0"},
				"down": {"uv": [6.5, 12, 6.75, 11.75], "texture": "#0"}
			}
		}
	],
	"display": {
		"thirdperson_righthand": {
			"rotation": [90, 0, 0],
			"translation": [0, 0.25, 4.75],
			"scale": [0.62, 0.62, 0.62]
		},
		"thirdperson_lefthand": {
			"rotation": [90, 0, 0],
			"translation": [0, 0.25, 4.75],
			"scale": [0.62, 0.62, 0.62]
		},
		"firstperson_righthand": {
			"rotation": [90, 0, 0],
			"translation": [0, 1.5, 4.75],
			"scale": [0.62, 0.62, 0.62]
		},
		"firstperson_lefthand": {
			"rotation": [90, 0, 0],
			"translation": [0, 1.5, 4.75],
			"scale": [0.62, 0.62, 0.62]
		},
		"ground": {
			"rotation": [90, 0, 0],
			"translation": [0, 8.75, 7],
			"scale": [0.75, 0.75, 0.75]
		},
		"gui": {
			"rotation": [90, 0, 0],
			"translation": [0, 0, 17.5],
			"scale": [1.06, 1.06, 1.06]
		},
		"head": {
			"rotation": [-10.5, -180, 0],
			"translation": [0.25, 0, -9.5],
			"scale": [0.82, 0.82, 0.82]
		},
		"fixed": {
			"rotation": [90, 0, 0],
			"translation": [-0.5, 0.25, 9.75],
			"scale": [1.28, 1.28, 1.28]
		}
	},
	"groups": [
		{
			"name": "minokasago",
			"origin": [8, 8, 8],
			"children": [0, 1, 2, 3, 4, 5, 6, 7, 8, 9, 10, 11, 12, 13, 14, 15, 16, 17, 18, 19, 20, 21, 22, 23, 24, 25, 26, 27, 28, 29, 30, 31, 32, 33, 34, 35, 36, 37, 38, 39, 40, 41, 42, 43, 44, 45, 46, 47, 48, 49, 50, 51, 52, 53, 54, 55, 56, 57, 58, 59, 60, 61, 62, 63, 64, 65, 66, 67, 68, 69, 70, 71, 72, 73, 74, 75, 76, 77]
		}
	]
}