{
	"credit": "Made with Blockbench",
	"textures": {
		"1": "fish/nokogirizame",
		"particle": "fish/nokogirizame"
	},
	"elements": [
		{
			"name": "nokogirizame_0",
			"from": [8.5, 0, 6.5],
			"to": [8.75, 0.25, 8.75],
			"faces": {
				"north": {"uv": [8.75, 6.5, 8.5, 6.75], "texture": "#1"},
				"east": {"uv": [8.5, 6.5, 8.75, 8.75], "rotation": 90, "texture": "#1"},
				"south": {"uv": [8.5, 8.5, 8.75, 8.75], "texture": "#1"},
				"west": {"uv": [8.5, 6.5, 8.75, 8.75], "rotation": 270, "texture": "#1"},
				"up": {"uv": [8.5, 6.5, 8.75, 8.75], "texture": "#1"},
				"down": {"uv": [8.5, 8.75, 8.75, 6.5], "texture": "#1"}
			}
		},
		{
			"name": "nokogirizame_1",
			"from": [6.5, 0, 6.75],
			"to": [7, 0.25, 9.75],
			"faces": {
				"north": {"uv": [7, 6.75, 6.5, 7], "texture": "#1"},
				"east": {"uv": [6.75, 6.75, 7, 9.75], "rotation": 90, "texture": "#1"},
				"south": {"uv": [6.5, 9.5, 7, 9.75], "texture": "#1"},
				"west": {"uv": [6.5, 6.75, 6.75, 9.75], "rotation": 270, "texture": "#1"},
				"up": {"uv": [6.5, 6.75, 7, 9.75], "texture": "#1"},
				"down": {"uv": [6.5, 9.75, 7, 6.75], "texture": "#1"}
			}
		},
		{
			"name": "nokogirizame_2",
			"from": [8.25, 0, 6.75],
			"to": [8.5, 0.25, 8.75],
			"faces": {
				"north": {"uv": [8.5, 6.75, 8.25, 7], "texture": "#1"},
				"east": {"uv": [8.25, 6.75, 8.5, 8.75], "rotation": 90, "texture": "#1"},
				"south": {"uv": [8.25, 8.5, 8.5, 8.75], "texture": "#1"},
				"west": {"uv": [8.25, 6.75, 8.5, 8.75], "rotation": 270, "texture": "#1"},
				"up": {"uv": [8.25, 6.75, 8.5, 8.75], "texture": "#1"},
				"down": {"uv": [8.25, 8.75, 8.5, 6.75], "texture": "#1"}
			}
		},
		{
			"name": "nokogirizame_3",
			"from": [8.75, 0, 6.75],
			"to": [9, 0.25, 8.5],
			"faces": {
				"north": {"uv": [9, 6.75, 8.75, 7], "texture": "#1"},
				"east": {"uv": [8.75, 6.75, 9, 8.5], "rotation": 90, "texture": "#1"},
				"south": {"uv": [8.75, 8.25, 9, 8.5], "texture": "#1"},
				"west": {"uv": [8.75, 6.75, 9, 8.5], "rotation": 270, "texture": "#1"},
				"up": {"uv": [8.75, 6.75, 9, 8.5], "texture": "#1"},
				"down": {"uv": [8.75, 8.5, 9, 6.75], "texture": "#1"}
			}
		},
		{
			"name": "nokogirizame_4",
			"from": [11.5, 0, 6.75],
			"to": [11.75, 0.25, 8.25],
			"faces": {
				"north": {"uv": [11.75, 6.75, 11.5, 7], "texture": "#1"},
				"east": {"uv": [11.5, 6.75, 11.75, 8.25], "rotation": 90, "texture": "#1"},
				"south": {"uv": [11.5, 8, 11.75, 8.25], "texture": "#1"},
				"west": {"uv": [11.5, 6.75, 11.75, 8.25], "rotation": 270, "texture": "#1"},
				"up": {"uv": [11.5, 6.75, 11.75, 8.25], "texture": "#1"},
				"down": {"uv": [11.5, 8.25, 11.75, 6.75], "texture": "#1"}
			}
		},
		{
			"name": "nokogirizame_5",
			"from": [5.25, 0, 7],
			"to": [6.5, 0.25, 8.5],
			"faces": {
				"north": {"uv": [6.5, 7, 5.25, 7.25], "texture": "#1"},
				"east": {"uv": [6.25, 7, 6.5, 8.5], "rotation": 90, "texture": "#1"},
				"south": {"uv": [5.25, 8.25, 6.5, 8.5], "texture": "#1"},
				"west": {"uv": [5.25, 7, 5.5, 8.5], "rotation": 270, "texture": "#1"},
				"up": {"uv": [5.25, 7, 6.5, 8.5], "texture": "#1"},
				"down": {"uv": [5.25, 8.5, 6.5, 7], "texture": "#1"}
			}
		},
		{
			"name": "nokogirizame_6",
			"from": [7, 0, 7],
			"to": [8.25, 0.25, 8.75],
			"faces": {
				"north": {"uv": [8.25, 7, 7, 7.25], "texture": "#1"},
				"east": {"uv": [8, 7, 8.25, 8.75], "rotation": 90, "texture": "#1"},
				"south": {"uv": [7, 8.5, 8.25, 8.75], "texture": "#1"},
				"west": {"uv": [7, 7, 7.25, 8.75], "rotation": 270, "texture": "#1"},
				"up": {"uv": [7, 7, 8.25, 8.75], "texture": "#1"},
				"down": {"uv": [7, 8.75, 8.25, 7], "texture": "#1"}
			}
		},
		{
			"name": "nokogirizame_7",
			"from": [11.25, 0, 7],
			"to": [11.5, 0.25, 8.25],
			"faces": {
				"north": {"uv": [11.5, 7, 11.25, 7.25], "texture": "#1"},
				"east": {"uv": [11.25, 7, 11.5, 8.25], "rotation": 90, "texture": "#1"},
				"south": {"uv": [11.25, 8, 11.5, 8.25], "texture": "#1"},
				"west": {"uv": [11.25, 7, 11.5, 8.25], "rotation": 270, "texture": "#1"},
				"up": {"uv": [11.25, 7, 11.5, 8.25], "texture": "#1"},
				"down": {"uv": [11.25, 8.25, 11.5, 7], "texture": "#1"}
			}
		},
		{
			"name": "nokogirizame_8",
			"from": [11.75, 0, 7],
			"to": [12, 0.25, 8.25],
			"faces": {
				"north": {"uv": [12, 7, 11.75, 7.25], "texture": "#1"},
				"east": {"uv": [11.75, 7, 12, 8.25], "rotation": 90, "texture": "#1"},
				"south": {"uv": [11.75, 8, 12, 8.25], "texture": "#1"},
				"west": {"uv": [11.75, 7, 12, 8.25], "rotation": 270, "texture": "#1"},
				"up": {"uv": [11.75, 7, 12, 8.25], "texture": "#1"},
				"down": {"uv": [11.75, 8.25, 12, 7], "texture": "#1"}
			}
		},
		{
			"name": "nokogirizame_9",
			"from": [14.25, 0, 7],
			"to": [15.25, 0.25, 7.75],
			"faces": {
				"north": {"uv": [15.25, 7, 14.25, 7.25], "texture": "#1"},
				"east": {"uv": [15, 7, 15.25, 7.75], "rotation": 90, "texture": "#1"},
				"south": {"uv": [14.25, 7.5, 15.25, 7.75], "texture": "#1"},
				"west": {"uv": [14.25, 7, 14.5, 7.75], "rotation": 270, "texture": "#1"},
				"up": {"uv": [14.25, 7, 15.25, 7.75], "texture": "#1"},
				"down": {"uv": [14.25, 7.75, 15.25, 7], "texture": "#1"}
			}
		},
		{
			"name": "nokogirizame_10",
			"from": [4, 0, 7.25],
			"to": [5.25, 0.25, 8.25],
			"faces": {
				"north": {"uv": [5.25, 7.25, 4, 7.5], "texture": "#1"},
				"east": {"uv": [5, 7.25, 5.25, 8.25], "rotation": 90, "texture": "#1"},
				"south": {"uv": [4, 8, 5.25, 8.25], "texture": "#1"},
				"west": {"uv": [4, 7.25, 4.25, 8.25], "rotation": 270, "texture": "#1"},
				"up": {"uv": [4, 7.25, 5.25, 8.25], "texture": "#1"},
				"down": {"uv": [4, 8.25, 5.25, 7.25], "texture": "#1"}
			}
		},
		{
			"name": "nokogirizame_11",
			"from": [9, 0, 7.25],
			"to": [11.25, 0.25, 8.25],
			"faces": {
				"north": {"uv": [11.25, 7.25, 9, 7.5], "texture": "#1"},
				"east": {"uv": [11, 7.25, 11.25, 8.25], "rotation": 90, "texture": "#1"},
				"south": {"uv": [9, 8, 11.25, 8.25], "texture": "#1"},
				"west": {"uv": [9, 7.25, 9.25, 8.25], "rotation": 270, "texture": "#1"},
				"up": {"uv": [9, 7.25, 11.25, 8.25], "texture": "#1"},
				"down": {"uv": [9, 8.25, 11.25, 7.25], "texture": "#1"}
			}
		},
		{
			"name": "nokogirizame_12",
			"from": [13.25, 0, 7.25],
			"to": [14.25, 0.25, 8],
			"faces": {
				"north": {"uv": [14.25, 7.25, 13.25, 7.5], "texture": "#1"},
				"east": {"uv": [14, 7.25, 14.25, 8], "rotation": 90, "texture": "#1"},
				"south": {"uv": [13.25, 7.75, 14.25, 8], "texture": "#1"},
				"west": {"uv": [13.25, 7.25, 13.5, 8], "rotation": 270, "texture": "#1"},
				"up": {"uv": [13.25, 7.25, 14.25, 8], "texture": "#1"},
				"down": {"uv": [13.25, 8, 14.25, 7.25], "texture": "#1"}
			}
		},
		{
			"name": "nokogirizame_13",
			"from": [15.25, 0, 7.25],
			"to": [15.5, 0.25, 7.5],
			"faces": {
				"north": {"uv": [15.5, 7.25, 15.25, 7.5], "texture": "#1"},
				"east": {"uv": [15.25, 7.25, 15.5, 7.5], "rotation": 90, "texture": "#1"},
				"south": {"uv": [15.25, 7.25, 15.5, 7.5], "texture": "#1"},
				"west": {"uv": [15.25, 7.25, 15.5, 7.5], "rotation": 270, "texture": "#1"},
				"up": {"uv": [15.25, 7.25, 15.5, 7.5], "texture": "#1"},
				"down": {"uv": [15.25, 7.5, 15.5, 7.25], "texture": "#1"}
			}
		},
		{
			"name": "nokogirizame_14",
			"from": [0.75, 0, 7.5],
			"to": [1, 0.25, 8],
			"faces": {
				"north": {"uv": [1, 7.5, 0.75, 7.75], "texture": "#1"},
				"east": {"uv": [0.75, 7.5, 1, 8], "rotation": 90, "texture": "#1"},
				"south": {"uv": [0.75, 7.75, 1, 8], "texture": "#1"},
				"west": {"uv": [0.75, 7.5, 1, 8], "rotation": 270, "texture": "#1"},
				"up": {"uv": [0.75, 7.5, 1, 8], "texture": "#1"},
				"down": {"uv": [0.75, 8, 1, 7.5], "texture": "#1"}
			}
		},
		{
			"name": "nokogirizame_15",
			"from": [1.25, 0, 7.5],
			"to": [1.5, 0.25, 8],
			"faces": {
				"north": {"uv": [1.5, 7.5, 1.25, 7.75], "texture": "#1"},
				"east": {"uv": [1.25, 7.5, 1.5, 8], "rotation": 90, "texture": "#1"},
				"south": {"uv": [1.25, 7.75, 1.5, 8], "texture": "#1"},
				"west": {"uv": [1.25, 7.5, 1.5, 8], "rotation": 270, "texture": "#1"},
				"up": {"uv": [1.25, 7.5, 1.5, 8], "texture": "#1"},
				"down": {"uv": [1.25, 8, 1.5, 7.5], "texture": "#1"}
			}
		},
		{
			"name": "nokogirizame_16",
			"from": [1.75, 0, 7.5],
			"to": [2, 0.25, 8],
			"faces": {
				"north": {"uv": [2, 7.5, 1.75, 7.75], "texture": "#1"},
				"east": {"uv": [1.75, 7.5, 2, 8], "rotation": 90, "texture": "#1"},
				"south": {"uv": [1.75, 7.75, 2, 8], "texture": "#1"},
				"west": {"uv": [1.75, 7.5, 2, 8], "rotation": 270, "texture": "#1"},
				"up": {"uv": [1.75, 7.5, 2, 8], "texture": "#1"},
				"down": {"uv": [1.75, 8, 2, 7.5], "texture": "#1"}
			}
		},
		{
			"name": "nokogirizame_17",
			"from": [2.25, 0, 7.5],
			"to": [2.5, 0.25, 8],
			"faces": {
				"north": {"uv": [2.5, 7.5, 2.25, 7.75], "texture": "#1"},
				"east": {"uv": [2.25, 7.5, 2.5, 8], "rotation": 90, "texture": "#1"},
				"south": {"uv": [2.25, 7.75, 2.5, 8], "texture": "#1"},
				"west": {"uv": [2.25, 7.5, 2.5, 8], "rotation": 270, "texture": "#1"},
				"up": {"uv": [2.25, 7.5, 2.5, 8], "texture": "#1"},
				"down": {"uv": [2.25, 8, 2.5, 7.5], "texture": "#1"}
			}
		},
		{
			"name": "nokogirizame_18",
			"from": [2.75, 0, 7.5],
			"to": [4, 0.25, 8.25],
			"faces": {
				"north": {"uv": [4, 7.5, 2.75, 7.75], "texture": "#1"},
				"east": {"uv": [3.75, 7.5, 4, 8.25], "rotation": 90, "texture": "#1"},
				"south": {"uv": [2.75, 8, 4, 8.25], "texture": "#1"},
				"west": {"uv": [2.75, 7.5, 3, 8.25], "rotation": 270, "texture": "#1"},
				"up": {"uv": [2.75, 7.5, 4, 8.25], "texture": "#1"},
				"down": {"uv": [2.75, 8.25, 4, 7.5], "texture": "#1"}
			}
		},
		{
			"name": "nokogirizame_19",
			"from": [12, 0, 7.5],
			"to": [13.25, 0.25, 8.25],
			"faces": {
				"north": {"uv": [13.25, 7.5, 12, 7.75], "texture": "#1"},
				"east": {"uv": [13, 7.5, 13.25, 8.25], "rotation": 90, "texture": "#1"},
				"south": {"uv": [12, 8, 13.25, 8.25], "texture": "#1"},
				"west": {"uv": [12, 7.5, 12.25, 8.25], "rotation": 270, "texture": "#1"},
				"up": {"uv": [12, 7.5, 13.25, 8.25], "texture": "#1"},
				"down": {"uv": [12, 8.25, 13.25, 7.5], "texture": "#1"}
			}
		},
		{
			"name": "nokogirizame_20",
			"from": [0.25, 0, 7.75],
			"to": [0.75, 0.25, 8],
			"faces": {
				"north": {"uv": [0.75, 7.75, 0.25, 8], "texture": "#1"},
				"east": {"uv": [0.5, 7.75, 0.75, 8], "rotation": 90, "texture": "#1"},
				"south": {"uv": [0.25, 7.75, 0.75, 8], "texture": "#1"},
				"west": {"uv": [0.25, 7.75, 0.5, 8], "rotation": 270, "texture": "#1"},
				"up": {"uv": [0.25, 7.75, 0.75, 8], "texture": "#1"},
				"down": {"uv": [0.25, 8, 0.75, 7.75], "texture": "#1"}
			}
		},
		{
			"name": "nokogirizame_21",
			"from": [1, 0, 7.75],
			"to": [1.25, 0.25, 8.25],
			"faces": {
				"north": {"uv": [1.25, 7.75, 1, 8], "texture": "#1"},
				"east": {"uv": [1, 7.75, 1.25, 8.25], "rotation": 90, "texture": "#1"},
				"south": {"uv": [1, 8, 1.25, 8.25], "texture": "#1"},
				"west": {"uv": [1, 7.75, 1.25, 8.25], "rotation": 270, "texture": "#1"},
				"up": {"uv": [1, 7.75, 1.25, 8.25], "texture": "#1"},
				"down": {"uv": [1, 8.25, 1.25, 7.75], "texture": "#1"}
			}
		},
		{
			"name": "nokogirizame_22",
			"from": [1.5, 0, 7.75],
			"to": [1.75, 0.25, 8.25],
			"faces": {
				"north": {"uv": [1.75, 7.75, 1.5, 8], "texture": "#1"},
				"east": {"uv": [1.5, 7.75, 1.75, 8.25], "rotation": 90, "texture": "#1"},
				"south": {"uv": [1.5, 8, 1.75, 8.25], "texture": "#1"},
				"west": {"uv": [1.5, 7.75, 1.75, 8.25], "rotation": 270, "texture": "#1"},
				"up": {"uv": [1.5, 7.75, 1.75, 8.25], "texture": "#1"},
				"down": {"uv": [1.5, 8.25, 1.75, 7.75], "texture": "#1"}
			}
		},
		{
			"name": "nokogirizame_23",
			"from": [2, 0, 7.75],
			"to": [2.25, 0.25, 8.25],
			"faces": {
				"north": {"uv": [2.25, 7.75, 2, 8], "texture": "#1"},
				"east": {"uv": [2, 7.75, 2.25, 8.25], "rotation": 90, "texture": "#1"},
				"south": {"uv": [2, 8, 2.25, 8.25], "texture": "#1"},
				"west": {"uv": [2, 7.75, 2.25, 8.25], "rotation": 270, "texture": "#1"},
				"up": {"uv": [2, 7.75, 2.25, 8.25], "texture": "#1"},
				"down": {"uv": [2, 8.25, 2.25, 7.75], "texture": "#1"}
			}
		},
		{
			"name": "nokogirizame_24",
			"from": [2.5, 0, 7.75],
			"to": [2.75, 0.25, 8.25],
			"faces": {
				"north": {"uv": [2.75, 7.75, 2.5, 8], "texture": "#1"},
				"east": {"uv": [2.5, 7.75, 2.75, 8.25], "rotation": 90, "texture": "#1"},
				"south": {"uv": [2.5, 8, 2.75, 8.25], "texture": "#1"},
				"west": {"uv": [2.5, 7.75, 2.75, 8.25], "rotation": 270, "texture": "#1"},
				"up": {"uv": [2.5, 7.75, 2.75, 8.25], "texture": "#1"},
				"down": {"uv": [2.5, 8.25, 2.75, 7.75], "texture": "#1"}
			}
		},
		{
			"name": "nokogirizame_25",
			"from": [14.25, 0, 7.75],
			"to": [14.75, 0.25, 8],
			"faces": {
				"north": {"uv": [14.75, 7.75, 14.25, 8], "texture": "#1"},
				"east": {"uv": [14.5, 7.75, 14.75, 8], "rotation": 90, "texture": "#1"},
				"south": {"uv": [14.25, 7.75, 14.75, 8], "texture": "#1"},
				"west": {"uv": [14.25, 7.75, 14.5, 8], "rotation": 270, "texture": "#1"},
				"up": {"uv": [14.25, 7.75, 14.75, 8], "texture": "#1"},
				"down": {"uv": [14.25, 8, 14.75, 7.75], "texture": "#1"}
			}
		},
		{
			"name": "nokogirizame_26",
			"from": [0.5, 0, 8],
			"to": [0.75, 0.25, 8.25],
			"faces": {
				"north": {"uv": [0.75, 8, 0.5, 8.25], "texture": "#1"},
				"east": {"uv": [0.5, 8, 0.75, 8.25], "rotation": 90, "texture": "#1"},
				"south": {"uv": [0.5, 8, 0.75, 8.25], "texture": "#1"},
				"west": {"uv": [0.5, 8, 0.75, 8.25], "rotation": 270, "texture": "#1"},
				"up": {"uv": [0.5, 8, 0.75, 8.25], "texture": "#1"},
				"down": {"uv": [0.5, 8.25, 0.75, 8], "texture": "#1"}
			}
		},
		{
			"name": "nokogirizame_27",
			"from": [13.25, 0, 8],
			"to": [14, 0.25, 8.25],
			"faces": {
				"north": {"uv": [14, 8, 13.25, 8.25], "texture": "#1"},
				"east": {"uv": [13.75, 8, 14, 8.25], "rotation": 90, "texture": "#1"},
				"south": {"uv": [13.25, 8, 14, 8.25], "texture": "#1"},
				"west": {"uv": [13.25, 8, 13.5, 8.25], "rotation": 270, "texture": "#1"},
				"up": {"uv": [13.25, 8, 14, 8.25], "texture": "#1"},
				"down": {"uv": [13.25, 8.25, 14, 8], "texture": "#1"}
			}
		},
		{
			"name": "nokogirizame_28",
			"from": [4.25, 0, 8.25],
			"to": [5.25, 0.25, 8.5],
			"faces": {
				"north": {"uv": [5.25, 8.25, 4.25, 8.5], "texture": "#1"},
				"east": {"uv": [5, 8.25, 5.25, 8.5], "rotation": 90, "texture": "#1"},
				"south": {"uv": [4.25, 8.25, 5.25, 8.5], "texture": "#1"},
				"west": {"uv": [4.25, 8.25, 4.5, 8.5], "rotation": 270, "texture": "#1"},
				"up": {"uv": [4.25, 8.25, 5.25, 8.5], "texture": "#1"},
				"down": {"uv": [4.25, 8.5, 5.25, 8.25], "texture": "#1"}
			}
		},
		{
			"name": "nokogirizame_29",
			"from": [9, 0, 8.25],
			"to": [10, 0.25, 9],
			"faces": {
				"north": {"uv": [10, 8.25, 9, 8.5], "texture": "#1"},
				"east": {"uv": [9.75, 8.25, 10, 9], "rotation": 90, "texture": "#1"},
				"south": {"uv": [9, 8.75, 10, 9], "texture": "#1"},
				"west": {"uv": [9, 8.25, 9.25, 9], "rotation": 270, "texture": "#1"},
				"up": {"uv": [9, 8.25, 10, 9], "texture": "#1"},
				"down": {"uv": [9, 9, 10, 8.25], "texture": "#1"}
			}
		},
		{
			"name": "nokogirizame_30",
			"from": [6, 0, 8.5],
			"to": [6.5, 0.25, 9],
			"faces": {
				"north": {"uv": [6.5, 8.5, 6, 8.75], "texture": "#1"},
				"east": {"uv": [6.25, 8.5, 6.5, 9], "rotation": 90, "texture": "#1"},
				"south": {"uv": [6, 8.75, 6.5, 9], "texture": "#1"},
				"west": {"uv": [6, 8.5, 6.25, 9], "rotation": 270, "texture": "#1"},
				"up": {"uv": [6, 8.5, 6.5, 9], "texture": "#1"},
				"down": {"uv": [6, 9, 6.5, 8.5], "texture": "#1"}
			}
		},
		{
			"name": "nokogirizame_31",
			"from": [7, 0, 8.75],
			"to": [7.25, 0.25, 9.75],
			"faces": {
				"north": {"uv": [7.25, 8.75, 7, 9], "texture": "#1"},
				"east": {"uv": [7, 8.75, 7.25, 9.75], "rotation": 90, "texture": "#1"},
				"south": {"uv": [7, 9.5, 7.25, 9.75], "texture": "#1"},
				"west": {"uv": [7, 8.75, 7.25, 9.75], "rotation": 270, "texture": "#1"},
				"up": {"uv": [7, 8.75, 7.25, 9.75], "texture": "#1"},
				"down": {"uv": [7, 9.75, 7.25, 8.75], "texture": "#1"}
			}
		},
		{
			"name": "nokogirizame_32",
			"from": [6.25, 0, 9],
			"to": [6.5, 0.25, 9.25],
			"faces": {
				"north": {"uv": [6.5, 9, 6.25, 9.25], "texture": "#1"},
				"east": {"uv": [6.25, 9, 6.5, 9.25], "rotation": 90, "texture": "#1"},
				"south": {"uv": [6.25, 9, 6.5, 9.25], "texture": "#1"},
				"west": {"uv": [6.25, 9, 6.5, 9.25], "rotation": 270, "texture": "#1"},
				"up": {"uv": [6.25, 9, 6.5, 9.25], "texture": "#1"},
				"down": {"uv": [6.25, 9.25, 6.5, 9], "texture": "#1"}
			}
		},
		{
			"name": "nokogirizame_33",
			"from": [9.25, 0, 9],
			"to": [10, 0.25, 9.25],
			"faces": {
				"north": {"uv": [10, 9, 9.25, 9.25], "texture": "#1"},
				"east": {"uv": [9.75, 9, 10, 9.25], "rotation": 90, "texture": "#1"},
				"south": {"uv": [9.25, 9, 10, 9.25], "texture": "#1"},
				"west": {"uv": [9.25, 9, 9.5, 9.25], "rotation": 270, "texture": "#1"},
				"up": {"uv": [9.25, 9, 10, 9.25], "texture": "#1"},
				"down": {"uv": [9.25, 9.25, 10, 9], "texture": "#1"}
			}
		},
		{
			"name": "nokogirizame_34",
			"from": [9.5, 0, 9.25],
			"to": [9.75, 0.25, 9.5],
			"faces": {
				"north": {"uv": [9.75, 9.25, 9.5, 9.5], "texture": "#1"},
				"east": {"uv": [9.5, 9.25, 9.75, 9.5], "rotation": 90, "texture": "#1"},
				"south": {"uv": [9.5, 9.25, 9.75, 9.5], "texture": "#1"},
				"west": {"uv": [9.5, 9.25, 9.75, 9.5], "rotation": 270, "texture": "#1"},
				"up": {"uv": [9.5, 9.25, 9.75, 9.5], "texture": "#1"},
				"down": {"uv": [9.5, 9.5, 9.75, 9.25], "texture": "#1"}
			}
		},
		{
			"name": "nokogirizame_35",
			"from": [6.75, 0, 9.75],
			"to": [7, 0.25, 10],
			"faces": {
				"north": {"uv": [7, 9.75, 6.75, 10], "texture": "#1"},
				"east": {"uv": [6.75, 9.75, 7, 10], "rotation": 90, "texture": "#1"},
				"south": {"uv": [6.75, 9.75, 7, 10], "texture": "#1"},
				"west": {"uv": [6.75, 9.75, 7, 10], "rotation": 270, "texture": "#1"},
				"up": {"uv": [6.75, 9.75, 7, 10], "texture": "#1"},
				"down": {"uv": [6.75, 10, 7, 9.75], "texture": "#1"}
			}
		}
	],
	"gui_light": "front",
	"display": {
		"thirdperson_righthand": {
			"rotation": [81, -18.75, 1.75],
			"translation": [-5.75, 6, 26.25],
			"scale": [3.26, 3.26, 3.26]
		},
		"thirdperson_lefthand": {
			"rotation": [81, -18.75, 1.75],
			"translation": [-5.75, 6, 26.25],
			"scale": [3.26, 3.26, 3.26]
		},
		"firstperson_righthand": {
			"rotation": [81, -18.75, 1.75],
			"translation": [-5.75, 6, 26.25],
			"scale": [3.26, 3.26, 3.26]
		},
		"firstperson_lefthand": {
			"rotation": [81, -18.75, 1.75],
			"translation": [-5.75, 6, 26.25],
			"scale": [3.26, 3.26, 3.26]
		},
		"ground": {
			"rotation": [81, -18.75, 1.75],
			"translation": [-5.75, 6, 26.25],
			"scale": [3.26, 3.26, 3.26]
		},
		"gui": {
			"rotation": [90, 0, 0],
			"translation": [0, 0, 17.5],
			"scale": [1.06, 1.06, 1.06]
		},
		"head": {
			"rotation": [81, -18.75, 1.75],
			"translation": [-5.75, 15, 26.25],
			"scale": [3.26, 3.26, 3.26]
		},
		"fixed": {
			"rotation": [90, 0, 0],
			"translation": [-0.5, 0.25, 9.75],
			"scale": [1.28, 1.28, 1.28]
		}
	},
	"groups": [
		{
			"name": "nokogirizame",
			"origin": [8, 8, 8],
			"children": [0, 1, 2, 3, 4, 5, 6, 7, 8, 9, 10, 11, 12, 13, 14, 15, 16, 17, 18, 19, 20, 21, 22, 23, 24, 25, 26, 27, 28, 29, 30, 31, 32, 33, 34, 35]
		}
	]
}