{
	"credit": "Made with Blockbench",
	"textures": {
		"0": "fish/oikawa",
		"particle": "fish/oikawa"
	},
	"elements": [
		{
			"name": "oikawa_0",
			"from": [8.25, 0, 4.75],
			"to": [9, 0.25, 9],
			"faces": {
				"north": {"uv": [9, 4.75, 8.25, 5], "texture": "#0"},
				"east": {"uv": [8.75, 4.75, 9, 9], "rotation": 90, "texture": "#0"},
				"south": {"uv": [8.25, 8.75, 9, 9], "texture": "#0"},
				"west": {"uv": [8.25, 4.75, 8.5, 9], "rotation": 270, "texture": "#0"},
				"up": {"uv": [8.25, 4.75, 9, 9], "texture": "#0"},
				"down": {"uv": [8.25, 9, 9, 4.75], "texture": "#0"}
			}
		},
		{
			"name": "oikawa_1",
			"from": [7.75, 0, 5],
			"to": [8.25, 0.25, 9.75],
			"faces": {
				"north": {"uv": [8.25, 5, 7.75, 5.25], "texture": "#0"},
				"east": {"uv": [8, 5, 8.25, 9.75], "rotation": 90, "texture": "#0"},
				"south": {"uv": [7.75, 9.5, 8.25, 9.75], "texture": "#0"},
				"west": {"uv": [7.75, 5, 8, 9.75], "rotation": 270, "texture": "#0"},
				"up": {"uv": [7.75, 5, 8.25, 9.75], "texture": "#0"},
				"down": {"uv": [7.75, 9.75, 8.25, 5], "texture": "#0"}
			}
		},
		{
			"name": "oikawa_2",
			"from": [9, 0, 5],
			"to": [9.25, 0.25, 9.25],
			"faces": {
				"north": {"uv": [9.25, 5, 9, 5.25], "texture": "#0"},
				"east": {"uv": [9, 5, 9.25, 9.25], "rotation": 90, "texture": "#0"},
				"south": {"uv": [9, 9, 9.25, 9.25], "texture": "#0"},
				"west": {"uv": [9, 5, 9.25, 9.25], "rotation": 270, "texture": "#0"},
				"up": {"uv": [9, 5, 9.25, 9.25], "texture": "#0"},
				"down": {"uv": [9, 9.25, 9.25, 5], "texture": "#0"}
			}
		},
		{
			"name": "oikawa_3",
			"from": [7.5, 0, 5.25],
			"to": [7.75, 0.25, 10],
			"faces": {
				"north": {"uv": [7.75, 5.25, 7.5, 5.5], "texture": "#0"},
				"east": {"uv": [7.5, 5.25, 7.75, 10], "rotation": 90, "texture": "#0"},
				"south": {"uv": [7.5, 9.75, 7.75, 10], "texture": "#0"},
				"west": {"uv": [7.5, 5.25, 7.75, 10], "rotation": 270, "texture": "#0"},
				"up": {"uv": [7.5, 5.25, 7.75, 10], "texture": "#0"},
				"down": {"uv": [7.5, 10, 7.75, 5.25], "texture": "#0"}
			}
		},
		{
			"name": "oikawa_4",
			"from": [6.75, 0, 5.5],
			"to": [7, 0.25, 9.75],
			"faces": {
				"north": {"uv": [7, 5.5, 6.75, 5.75], "texture": "#0"},
				"east": {"uv": [6.75, 5.5, 7, 9.75], "rotation": 90, "texture": "#0"},
				"south": {"uv": [6.75, 9.5, 7, 9.75], "texture": "#0"},
				"west": {"uv": [6.75, 5.5, 7, 9.75], "rotation": 270, "texture": "#0"},
				"up": {"uv": [6.75, 5.5, 7, 9.75], "texture": "#0"},
				"down": {"uv": [6.75, 9.75, 7, 5.5], "texture": "#0"}
			}
		},
		{
			"name": "oikawa_5",
			"from": [7.25, 0, 5.5],
			"to": [7.5, 0.25, 10],
			"faces": {
				"north": {"uv": [7.5, 5.5, 7.25, 5.75], "texture": "#0"},
				"east": {"uv": [7.25, 5.5, 7.5, 10], "rotation": 90, "texture": "#0"},
				"south": {"uv": [7.25, 9.75, 7.5, 10], "texture": "#0"},
				"west": {"uv": [7.25, 5.5, 7.5, 10], "rotation": 270, "texture": "#0"},
				"up": {"uv": [7.25, 5.5, 7.5, 10], "texture": "#0"},
				"down": {"uv": [7.25, 10, 7.5, 5.5], "texture": "#0"}
			}
		},
		{
			"name": "oikawa_6",
			"from": [9.25, 0, 5.5],
			"to": [9.5, 0.25, 9.5],
			"faces": {
				"north": {"uv": [9.5, 5.5, 9.25, 5.75], "texture": "#0"},
				"east": {"uv": [9.25, 5.5, 9.5, 9.5], "rotation": 90, "texture": "#0"},
				"south": {"uv": [9.25, 9.25, 9.5, 9.5], "texture": "#0"},
				"west": {"uv": [9.25, 5.5, 9.5, 9.5], "rotation": 270, "texture": "#0"},
				"up": {"uv": [9.25, 5.5, 9.5, 9.5], "texture": "#0"},
				"down": {"uv": [9.25, 9.5, 9.5, 5.5], "texture": "#0"}
			}
		},
		{
			"name": "oikawa_7",
			"from": [5.25, 0, 5.75],
			"to": [5.5, 0.25, 10.25],
			"faces": {
				"north": {"uv": [5.5, 5.75, 5.25, 6], "texture": "#0"},
				"east": {"uv": [5.25, 5.75, 5.5, 10.25], "rotation": 90, "texture": "#0"},
				"south": {"uv": [5.25, 10, 5.5, 10.25], "texture": "#0"},
				"west": {"uv": [5.25, 5.75, 5.5, 10.25], "rotation": 270, "texture": "#0"},
				"up": {"uv": [5.25, 5.75, 5.5, 10.25], "texture": "#0"},
				"down": {"uv": [5.25, 10.25, 5.5, 5.75], "texture": "#0"}
			}
		},
		{
			"name": "oikawa_8",
			"from": [6.5, 0, 5.75],
			"to": [6.75, 0.25, 9.75],
			"faces": {
				"north": {"uv": [6.75, 5.75, 6.5, 6], "texture": "#0"},
				"east": {"uv": [6.5, 5.75, 6.75, 9.75], "rotation": 90, "texture": "#0"},
				"south": {"uv": [6.5, 9.5, 6.75, 9.75], "texture": "#0"},
				"west": {"uv": [6.5, 5.75, 6.75, 9.75], "rotation": 270, "texture": "#0"},
				"up": {"uv": [6.5, 5.75, 6.75, 9.75], "texture": "#0"},
				"down": {"uv": [6.5, 9.75, 6.75, 5.75], "texture": "#0"}
			}
		},
		{
			"name": "oikawa_9",
			"from": [7, 0, 5.75],
			"to": [7.25, 0.25, 9.75],
			"faces": {
				"north": {"uv": [7.25, 5.75, 7, 6], "texture": "#0"},
				"east": {"uv": [7, 5.75, 7.25, 9.75], "rotation": 90, "texture": "#0"},
				"south": {"uv": [7, 9.5, 7.25, 9.75], "texture": "#0"},
				"west": {"uv": [7, 5.75, 7.25, 9.75], "rotation": 270, "texture": "#0"},
				"up": {"uv": [7, 5.75, 7.25, 9.75], "texture": "#0"},
				"down": {"uv": [7, 9.75, 7.25, 5.75], "texture": "#0"}
			}
		},
		{
			"name": "oikawa_10",
			"from": [13.25, 0, 5.75],
			"to": [13.75, 0.25, 7.25],
			"faces": {
				"north": {"uv": [13.75, 5.75, 13.25, 6], "texture": "#0"},
				"east": {"uv": [13.5, 5.75, 13.75, 7.25], "rotation": 90, "texture": "#0"},
				"south": {"uv": [13.25, 7, 13.75, 7.25], "texture": "#0"},
				"west": {"uv": [13.25, 5.75, 13.5, 7.25], "rotation": 270, "texture": "#0"},
				"up": {"uv": [13.25, 5.75, 13.75, 7.25], "texture": "#0"},
				"down": {"uv": [13.25, 7.25, 13.75, 5.75], "texture": "#0"}
			}
		},
		{
			"name": "oikawa_11",
			"from": [4.5, 0, 6],
			"to": [5.25, 0.25, 9.75],
			"faces": {
				"north": {"uv": [5.25, 6, 4.5, 6.25], "texture": "#0"},
				"east": {"uv": [5, 6, 5.25, 9.75], "rotation": 90, "texture": "#0"},
				"south": {"uv": [4.5, 9.5, 5.25, 9.75], "texture": "#0"},
				"west": {"uv": [4.5, 6, 4.75, 9.75], "rotation": 270, "texture": "#0"},
				"up": {"uv": [4.5, 6, 5.25, 9.75], "texture": "#0"},
				"down": {"uv": [4.5, 9.75, 5.25, 6], "texture": "#0"}
			}
		},
		{
			"name": "oikawa_12",
			"from": [5.5, 0, 6],
			"to": [6.5, 0.25, 10],
			"faces": {
				"north": {"uv": [6.5, 6, 5.5, 6.25], "texture": "#0"},
				"east": {"uv": [6.25, 6, 6.5, 10], "rotation": 90, "texture": "#0"},
				"south": {"uv": [5.5, 9.75, 6.5, 10], "texture": "#0"},
				"west": {"uv": [5.5, 6, 5.75, 10], "rotation": 270, "texture": "#0"},
				"up": {"uv": [5.5, 6, 6.5, 10], "texture": "#0"},
				"down": {"uv": [5.5, 10, 6.5, 6], "texture": "#0"}
			}
		},
		{
			"name": "oikawa_13",
			"from": [9.5, 0, 6],
			"to": [9.75, 0.25, 9.75],
			"faces": {
				"north": {"uv": [9.75, 6, 9.5, 6.25], "texture": "#0"},
				"east": {"uv": [9.5, 6, 9.75, 9.75], "rotation": 90, "texture": "#0"},
				"south": {"uv": [9.5, 9.5, 9.75, 9.75], "texture": "#0"},
				"west": {"uv": [9.5, 6, 9.75, 9.75], "rotation": 270, "texture": "#0"},
				"up": {"uv": [9.5, 6, 9.75, 9.75], "texture": "#0"},
				"down": {"uv": [9.5, 9.75, 9.75, 6], "texture": "#0"}
			}
		},
		{
			"name": "oikawa_14",
			"from": [12.5, 0, 6],
			"to": [13.25, 0.25, 8.75],
			"faces": {
				"north": {"uv": [13.25, 6, 12.5, 6.25], "texture": "#0"},
				"east": {"uv": [13, 6, 13.25, 8.75], "rotation": 90, "texture": "#0"},
				"south": {"uv": [12.5, 8.5, 13.25, 8.75], "texture": "#0"},
				"west": {"uv": [12.5, 6, 12.75, 8.75], "rotation": 270, "texture": "#0"},
				"up": {"uv": [12.5, 6, 13.25, 8.75], "texture": "#0"},
				"down": {"uv": [12.5, 8.75, 13.25, 6], "texture": "#0"}
			}
		},
		{
			"name": "oikawa_15",
			"from": [13.75, 0, 6],
			"to": [14, 0.25, 7],
			"faces": {
				"north": {"uv": [14, 6, 13.75, 6.25], "texture": "#0"},
				"east": {"uv": [13.75, 6, 14, 7], "rotation": 90, "texture": "#0"},
				"south": {"uv": [13.75, 6.75, 14, 7], "texture": "#0"},
				"west": {"uv": [13.75, 6, 14, 7], "rotation": 270, "texture": "#0"},
				"up": {"uv": [13.75, 6, 14, 7], "texture": "#0"},
				"down": {"uv": [13.75, 7, 14, 6], "texture": "#0"}
			}
		},
		{
			"name": "oikawa_16",
			"from": [3.75, 0, 6.25],
			"to": [4.5, 0.25, 9.5],
			"faces": {
				"north": {"uv": [4.5, 6.25, 3.75, 6.5], "texture": "#0"},
				"east": {"uv": [4.25, 6.25, 4.5, 9.5], "rotation": 90, "texture": "#0"},
				"south": {"uv": [3.75, 9.25, 4.5, 9.5], "texture": "#0"},
				"west": {"uv": [3.75, 6.25, 4, 9.5], "rotation": 270, "texture": "#0"},
				"up": {"uv": [3.75, 6.25, 4.5, 9.5], "texture": "#0"},
				"down": {"uv": [3.75, 9.5, 4.5, 6.25], "texture": "#0"}
			}
		},
		{
			"name": "oikawa_17",
			"from": [9.75, 0, 6.25],
			"to": [10, 0.25, 9.75],
			"faces": {
				"north": {"uv": [10, 6.25, 9.75, 6.5], "texture": "#0"},
				"east": {"uv": [9.75, 6.25, 10, 9.75], "rotation": 90, "texture": "#0"},
				"south": {"uv": [9.75, 9.5, 10, 9.75], "texture": "#0"},
				"west": {"uv": [9.75, 6.25, 10, 9.75], "rotation": 270, "texture": "#0"},
				"up": {"uv": [9.75, 6.25, 10, 9.75], "texture": "#0"},
				"down": {"uv": [9.75, 9.75, 10, 6.25], "texture": "#0"}
			}
		},
		{
			"name": "oikawa_18",
			"from": [12, 0, 6.25],
			"to": [12.5, 0.25, 8.5],
			"faces": {
				"north": {"uv": [12.5, 6.25, 12, 6.5], "texture": "#0"},
				"east": {"uv": [12.25, 6.25, 12.5, 8.5], "rotation": 90, "texture": "#0"},
				"south": {"uv": [12, 8.25, 12.5, 8.5], "texture": "#0"},
				"west": {"uv": [12, 6.25, 12.25, 8.5], "rotation": 270, "texture": "#0"},
				"up": {"uv": [12, 6.25, 12.5, 8.5], "texture": "#0"},
				"down": {"uv": [12, 8.5, 12.5, 6.25], "texture": "#0"}
			}
		},
		{
			"name": "oikawa_19",
			"from": [3.5, 0, 6.5],
			"to": [3.75, 0.25, 9.5],
			"faces": {
				"north": {"uv": [3.75, 6.5, 3.5, 6.75], "texture": "#0"},
				"east": {"uv": [3.5, 6.5, 3.75, 9.5], "rotation": 90, "texture": "#0"},
				"south": {"uv": [3.5, 9.25, 3.75, 9.5], "texture": "#0"},
				"west": {"uv": [3.5, 6.5, 3.75, 9.5], "rotation": 270, "texture": "#0"},
				"up": {"uv": [3.5, 6.5, 3.75, 9.5], "texture": "#0"},
				"down": {"uv": [3.5, 9.5, 3.75, 6.5], "texture": "#0"}
			}
		},
		{
			"name": "oikawa_20",
			"from": [10, 0, 6.5],
			"to": [11, 0.25, 8.25],
			"faces": {
				"north": {"uv": [11, 6.5, 10, 6.75], "texture": "#0"},
				"east": {"uv": [10.75, 6.5, 11, 8.25], "rotation": 90, "texture": "#0"},
				"south": {"uv": [10, 8, 11, 8.25], "texture": "#0"},
				"west": {"uv": [10, 6.5, 10.25, 8.25], "rotation": 270, "texture": "#0"},
				"up": {"uv": [10, 6.5, 11, 8.25], "texture": "#0"},
				"down": {"uv": [10, 8.25, 11, 6.5], "texture": "#0"}
			}
		},
		{
			"name": "oikawa_21",
			"from": [11.75, 0, 6.5],
			"to": [12, 0.25, 8.5],
			"faces": {
				"north": {"uv": [12, 6.5, 11.75, 6.75], "texture": "#0"},
				"east": {"uv": [11.75, 6.5, 12, 8.5], "rotation": 90, "texture": "#0"},
				"south": {"uv": [11.75, 8.25, 12, 8.5], "texture": "#0"},
				"west": {"uv": [11.75, 6.5, 12, 8.5], "rotation": 270, "texture": "#0"},
				"up": {"uv": [11.75, 6.5, 12, 8.5], "texture": "#0"},
				"down": {"uv": [11.75, 8.5, 12, 6.5], "texture": "#0"}
			}
		},
		{
			"name": "oikawa_22",
			"from": [3.25, 0, 6.75],
			"to": [3.5, 0.25, 9.25],
			"faces": {
				"north": {"uv": [3.5, 6.75, 3.25, 7], "texture": "#0"},
				"east": {"uv": [3.25, 6.75, 3.5, 9.25], "rotation": 90, "texture": "#0"},
				"south": {"uv": [3.25, 9, 3.5, 9.25], "texture": "#0"},
				"west": {"uv": [3.25, 6.75, 3.5, 9.25], "rotation": 270, "texture": "#0"},
				"up": {"uv": [3.25, 6.75, 3.5, 9.25], "texture": "#0"},
				"down": {"uv": [3.25, 9.25, 3.5, 6.75], "texture": "#0"}
			}
		},
		{
			"name": "oikawa_23",
			"from": [11, 0, 6.75],
			"to": [11.75, 0.25, 8],
			"faces": {
				"north": {"uv": [11.75, 6.75, 11, 7], "texture": "#0"},
				"east": {"uv": [11.5, 6.75, 11.75, 8], "rotation": 90, "texture": "#0"},
				"south": {"uv": [11, 7.75, 11.75, 8], "texture": "#0"},
				"west": {"uv": [11, 6.75, 11.25, 8], "rotation": 270, "texture": "#0"},
				"up": {"uv": [11, 6.75, 11.75, 8], "texture": "#0"},
				"down": {"uv": [11, 8, 11.75, 6.75], "texture": "#0"}
			}
		},
		{
			"name": "oikawa_24",
			"from": [2.75, 0, 7],
			"to": [3.25, 0.25, 9],
			"faces": {
				"north": {"uv": [3.25, 7, 2.75, 7.25], "texture": "#0"},
				"east": {"uv": [3, 7, 3.25, 9], "rotation": 90, "texture": "#0"},
				"south": {"uv": [2.75, 8.75, 3.25, 9], "texture": "#0"},
				"west": {"uv": [2.75, 7, 3, 9], "rotation": 270, "texture": "#0"},
				"up": {"uv": [2.75, 7, 3.25, 9], "texture": "#0"},
				"down": {"uv": [2.75, 9, 3.25, 7], "texture": "#0"}
			}
		},
		{
			"name": "oikawa_25",
			"from": [2.5, 0, 7.25],
			"to": [2.75, 0.25, 9],
			"faces": {
				"north": {"uv": [2.75, 7.25, 2.5, 7.5], "texture": "#0"},
				"east": {"uv": [2.5, 7.25, 2.75, 9], "rotation": 90, "texture": "#0"},
				"south": {"uv": [2.5, 8.75, 2.75, 9], "texture": "#0"},
				"west": {"uv": [2.5, 7.25, 2.75, 9], "rotation": 270, "texture": "#0"},
				"up": {"uv": [2.5, 7.25, 2.75, 9], "texture": "#0"},
				"down": {"uv": [2.5, 9, 2.75, 7.25], "texture": "#0"}
			}
		},
		{
			"name": "oikawa_26",
			"from": [13.25, 0, 7.25],
			"to": [13.5, 0.25, 7.5],
			"faces": {
				"north": {"uv": [13.5, 7.25, 13.25, 7.5], "texture": "#0"},
				"east": {"uv": [13.25, 7.25, 13.5, 7.5], "rotation": 90, "texture": "#0"},
				"south": {"uv": [13.25, 7.25, 13.5, 7.5], "texture": "#0"},
				"west": {"uv": [13.25, 7.25, 13.5, 7.5], "rotation": 270, "texture": "#0"},
				"up": {"uv": [13.25, 7.25, 13.5, 7.5], "texture": "#0"},
				"down": {"uv": [13.25, 7.5, 13.5, 7.25], "texture": "#0"}
			}
		},
		{
			"name": "oikawa_27",
			"from": [2.25, 0, 7.5],
			"to": [2.5, 0.25, 8],
			"faces": {
				"north": {"uv": [2.5, 7.5, 2.25, 7.75], "texture": "#0"},
				"east": {"uv": [2.25, 7.5, 2.5, 8], "rotation": 90, "texture": "#0"},
				"south": {"uv": [2.25, 7.75, 2.5, 8], "texture": "#0"},
				"west": {"uv": [2.25, 7.5, 2.5, 8], "rotation": 270, "texture": "#0"},
				"up": {"uv": [2.25, 7.5, 2.5, 8], "texture": "#0"},
				"down": {"uv": [2.25, 8, 2.5, 7.5], "texture": "#0"}
			}
		},
		{
			"name": "oikawa_28",
			"from": [13.25, 0, 7.75],
			"to": [13.5, 0.25, 9.25],
			"faces": {
				"north": {"uv": [13.5, 7.75, 13.25, 8], "texture": "#0"},
				"east": {"uv": [13.25, 7.75, 13.5, 9.25], "rotation": 90, "texture": "#0"},
				"south": {"uv": [13.25, 9, 13.5, 9.25], "texture": "#0"},
				"west": {"uv": [13.25, 7.75, 13.5, 9.25], "rotation": 270, "texture": "#0"},
				"up": {"uv": [13.25, 7.75, 13.5, 9.25], "texture": "#0"},
				"down": {"uv": [13.25, 9.25, 13.5, 7.75], "texture": "#0"}
			}
		},
		{
			"name": "oikawa_29",
			"from": [11.5, 0, 8],
			"to": [11.75, 0.25, 8.25],
			"faces": {
				"north": {"uv": [11.75, 8, 11.5, 8.25], "texture": "#0"},
				"east": {"uv": [11.5, 8, 11.75, 8.25], "rotation": 90, "texture": "#0"},
				"south": {"uv": [11.5, 8, 11.75, 8.25], "texture": "#0"},
				"west": {"uv": [11.5, 8, 11.75, 8.25], "rotation": 270, "texture": "#0"},
				"up": {"uv": [11.5, 8, 11.75, 8.25], "texture": "#0"},
				"down": {"uv": [11.5, 8.25, 11.75, 8], "texture": "#0"}
			}
		},
		{
			"name": "oikawa_30",
			"from": [13.5, 0, 8],
			"to": [13.75, 0.25, 9.25],
			"faces": {
				"north": {"uv": [13.75, 8, 13.5, 8.25], "texture": "#0"},
				"east": {"uv": [13.5, 8, 13.75, 9.25], "rotation": 90, "texture": "#0"},
				"south": {"uv": [13.5, 9, 13.75, 9.25], "texture": "#0"},
				"west": {"uv": [13.5, 8, 13.75, 9.25], "rotation": 270, "texture": "#0"},
				"up": {"uv": [13.5, 8, 13.75, 9.25], "texture": "#0"},
				"down": {"uv": [13.5, 9.25, 13.75, 8], "texture": "#0"}
			}
		},
		{
			"name": "oikawa_31",
			"from": [10, 0, 8.25],
			"to": [10.5, 0.25, 10],
			"faces": {
				"north": {"uv": [10.5, 8.25, 10, 8.5], "texture": "#0"},
				"east": {"uv": [10.25, 8.25, 10.5, 10], "rotation": 90, "texture": "#0"},
				"south": {"uv": [10, 9.75, 10.5, 10], "texture": "#0"},
				"west": {"uv": [10, 8.25, 10.25, 10], "rotation": 270, "texture": "#0"},
				"up": {"uv": [10, 8.25, 10.5, 10], "texture": "#0"},
				"down": {"uv": [10, 10, 10.5, 8.25], "texture": "#0"}
			}
		},
		{
			"name": "oikawa_32",
			"from": [13.75, 0, 8.25],
			"to": [14, 0.25, 9],
			"faces": {
				"north": {"uv": [14, 8.25, 13.75, 8.5], "texture": "#0"},
				"east": {"uv": [13.75, 8.25, 14, 9], "rotation": 90, "texture": "#0"},
				"south": {"uv": [13.75, 8.75, 14, 9], "texture": "#0"},
				"west": {"uv": [13.75, 8.25, 14, 9], "rotation": 270, "texture": "#0"},
				"up": {"uv": [13.75, 8.25, 14, 9], "texture": "#0"},
				"down": {"uv": [13.75, 9, 14, 8.25], "texture": "#0"}
			}
		},
		{
			"name": "oikawa_33",
			"from": [10.5, 0, 8.5],
			"to": [11, 0.25, 10.25],
			"faces": {
				"north": {"uv": [11, 8.5, 10.5, 8.75], "texture": "#0"},
				"east": {"uv": [10.75, 8.5, 11, 10.25], "rotation": 90, "texture": "#0"},
				"south": {"uv": [10.5, 10, 11, 10.25], "texture": "#0"},
				"west": {"uv": [10.5, 8.5, 10.75, 10.25], "rotation": 270, "texture": "#0"},
				"up": {"uv": [10.5, 8.5, 11, 10.25], "texture": "#0"},
				"down": {"uv": [10.5, 10.25, 11, 8.5], "texture": "#0"}
			}
		},
		{
			"name": "oikawa_34",
			"from": [11, 0, 8.75],
			"to": [11.25, 0.25, 10.5],
			"faces": {
				"north": {"uv": [11.25, 8.75, 11, 9], "texture": "#0"},
				"east": {"uv": [11, 8.75, 11.25, 10.5], "rotation": 90, "texture": "#0"},
				"south": {"uv": [11, 10.25, 11.25, 10.5], "texture": "#0"},
				"west": {"uv": [11, 8.75, 11.25, 10.5], "rotation": 270, "texture": "#0"},
				"up": {"uv": [11, 8.75, 11.25, 10.5], "texture": "#0"},
				"down": {"uv": [11, 10.5, 11.25, 8.75], "texture": "#0"}
			}
		},
		{
			"name": "oikawa_35",
			"from": [12.75, 0, 8.75],
			"to": [13.25, 0.25, 9],
			"faces": {
				"north": {"uv": [13.25, 8.75, 12.75, 9], "texture": "#0"},
				"east": {"uv": [13, 8.75, 13.25, 9], "rotation": 90, "texture": "#0"},
				"south": {"uv": [12.75, 8.75, 13.25, 9], "texture": "#0"},
				"west": {"uv": [12.75, 8.75, 13, 9], "rotation": 270, "texture": "#0"},
				"up": {"uv": [12.75, 8.75, 13.25, 9], "texture": "#0"},
				"down": {"uv": [12.75, 9, 13.25, 8.75], "texture": "#0"}
			}
		},
		{
			"name": "oikawa_36",
			"from": [3, 0, 9],
			"to": [3.25, 0.25, 9.25],
			"faces": {
				"north": {"uv": [3.25, 9, 3, 9.25], "texture": "#0"},
				"east": {"uv": [3, 9, 3.25, 9.25], "rotation": 90, "texture": "#0"},
				"south": {"uv": [3, 9, 3.25, 9.25], "texture": "#0"},
				"west": {"uv": [3, 9, 3.25, 9.25], "rotation": 270, "texture": "#0"},
				"up": {"uv": [3, 9, 3.25, 9.25], "texture": "#0"},
				"down": {"uv": [3, 9.25, 3.25, 9], "texture": "#0"}
			}
		},
		{
			"name": "oikawa_37",
			"from": [8.25, 0, 9],
			"to": [8.75, 0.25, 9.25],
			"faces": {
				"north": {"uv": [8.75, 9, 8.25, 9.25], "texture": "#0"},
				"east": {"uv": [8.5, 9, 8.75, 9.25], "rotation": 90, "texture": "#0"},
				"south": {"uv": [8.25, 9, 8.75, 9.25], "texture": "#0"},
				"west": {"uv": [8.25, 9, 8.5, 9.25], "rotation": 270, "texture": "#0"},
				"up": {"uv": [8.25, 9, 8.75, 9.25], "texture": "#0"},
				"down": {"uv": [8.25, 9.25, 8.75, 9], "texture": "#0"}
			}
		},
		{
			"name": "oikawa_38",
			"from": [11.25, 0, 9],
			"to": [11.5, 0.25, 10.5],
			"faces": {
				"north": {"uv": [11.5, 9, 11.25, 9.25], "texture": "#0"},
				"east": {"uv": [11.25, 9, 11.5, 10.5], "rotation": 90, "texture": "#0"},
				"south": {"uv": [11.25, 10.25, 11.5, 10.5], "texture": "#0"},
				"west": {"uv": [11.25, 9, 11.5, 10.5], "rotation": 270, "texture": "#0"},
				"up": {"uv": [11.25, 9, 11.5, 10.5], "texture": "#0"},
				"down": {"uv": [11.25, 10.5, 11.5, 9], "texture": "#0"}
			}
		},
		{
			"name": "oikawa_39",
			"from": [8.25, 0, 9.25],
			"to": [8.5, 0.25, 9.5],
			"faces": {
				"north": {"uv": [8.5, 9.25, 8.25, 9.5], "texture": "#0"},
				"east": {"uv": [8.25, 9.25, 8.5, 9.5], "rotation": 90, "texture": "#0"},
				"south": {"uv": [8.25, 9.25, 8.5, 9.5], "texture": "#0"},
				"west": {"uv": [8.25, 9.25, 8.5, 9.5], "rotation": 270, "texture": "#0"},
				"up": {"uv": [8.25, 9.25, 8.5, 9.5], "texture": "#0"},
				"down": {"uv": [8.25, 9.5, 8.5, 9.25], "texture": "#0"}
			}
		},
		{
			"name": "oikawa_40",
			"from": [11.5, 0, 9.25],
			"to": [11.75, 0.25, 10.25],
			"faces": {
				"north": {"uv": [11.75, 9.25, 11.5, 9.5], "texture": "#0"},
				"east": {"uv": [11.5, 9.25, 11.75, 10.25], "rotation": 90, "texture": "#0"},
				"south": {"uv": [11.5, 10, 11.75, 10.25], "texture": "#0"},
				"west": {"uv": [11.5, 9.25, 11.75, 10.25], "rotation": 270, "texture": "#0"},
				"up": {"uv": [11.5, 9.25, 11.75, 10.25], "texture": "#0"},
				"down": {"uv": [11.5, 10.25, 11.75, 9.25], "texture": "#0"}
			}
		},
		{
			"name": "oikawa_41",
			"from": [4.25, 0, 9.5],
			"to": [4.5, 0.25, 9.75],
			"faces": {
				"north": {"uv": [4.5, 9.5, 4.25, 9.75], "texture": "#0"},
				"east": {"uv": [4.25, 9.5, 4.5, 9.75], "rotation": 90, "texture": "#0"},
				"south": {"uv": [4.25, 9.5, 4.5, 9.75], "texture": "#0"},
				"west": {"uv": [4.25, 9.5, 4.5, 9.75], "rotation": 270, "texture": "#0"},
				"up": {"uv": [4.25, 9.5, 4.5, 9.75], "texture": "#0"},
				"down": {"uv": [4.25, 9.75, 4.5, 9.5], "texture": "#0"}
			}
		},
		{
			"name": "oikawa_42",
			"from": [11.75, 0, 9.5],
			"to": [12, 0.25, 10],
			"faces": {
				"north": {"uv": [12, 9.5, 11.75, 9.75], "texture": "#0"},
				"east": {"uv": [11.75, 9.5, 12, 10], "rotation": 90, "texture": "#0"},
				"south": {"uv": [11.75, 9.75, 12, 10], "texture": "#0"},
				"west": {"uv": [11.75, 9.5, 12, 10], "rotation": 270, "texture": "#0"},
				"up": {"uv": [11.75, 9.5, 12, 10], "texture": "#0"},
				"down": {"uv": [11.75, 10, 12, 9.5], "texture": "#0"}
			}
		},
		{
			"name": "oikawa_43",
			"from": [5, 0, 9.75],
			"to": [5.25, 0.25, 10],
			"faces": {
				"north": {"uv": [5.25, 9.75, 5, 10], "texture": "#0"},
				"east": {"uv": [5, 9.75, 5.25, 10], "rotation": 90, "texture": "#0"},
				"south": {"uv": [5, 9.75, 5.25, 10], "texture": "#0"},
				"west": {"uv": [5, 9.75, 5.25, 10], "rotation": 270, "texture": "#0"},
				"up": {"uv": [5, 9.75, 5.25, 10], "texture": "#0"},
				"down": {"uv": [5, 10, 5.25, 9.75], "texture": "#0"}
			}
		},
		{
			"name": "oikawa_44",
			"from": [7.75, 0, 9.75],
			"to": [8, 0.25, 10],
			"faces": {
				"north": {"uv": [8, 9.75, 7.75, 10], "texture": "#0"},
				"east": {"uv": [7.75, 9.75, 8, 10], "rotation": 90, "texture": "#0"},
				"south": {"uv": [7.75, 9.75, 8, 10], "texture": "#0"},
				"west": {"uv": [7.75, 9.75, 8, 10], "rotation": 270, "texture": "#0"},
				"up": {"uv": [7.75, 9.75, 8, 10], "texture": "#0"},
				"down": {"uv": [7.75, 10, 8, 9.75], "texture": "#0"}
			}
		},
		{
			"name": "oikawa_45",
			"from": [5.5, 0, 10],
			"to": [6, 0.25, 10.25],
			"faces": {
				"north": {"uv": [6, 10, 5.5, 10.25], "texture": "#0"},
				"east": {"uv": [5.75, 10, 6, 10.25], "rotation": 90, "texture": "#0"},
				"south": {"uv": [5.5, 10, 6, 10.25], "texture": "#0"},
				"west": {"uv": [5.5, 10, 5.75, 10.25], "rotation": 270, "texture": "#0"},
				"up": {"uv": [5.5, 10, 6, 10.25], "texture": "#0"},
				"down": {"uv": [5.5, 10.25, 6, 10], "texture": "#0"}
			}
		},
		{
			"name": "oikawa_46",
			"from": [10.25, 0, 10],
			"to": [10.5, 0.25, 10.25],
			"faces": {
				"north": {"uv": [10.5, 10, 10.25, 10.25], "texture": "#0"},
				"east": {"uv": [10.25, 10, 10.5, 10.25], "rotation": 90, "texture": "#0"},
				"south": {"uv": [10.25, 10, 10.5, 10.25], "texture": "#0"},
				"west": {"uv": [10.25, 10, 10.5, 10.25], "rotation": 270, "texture": "#0"},
				"up": {"uv": [10.25, 10, 10.5, 10.25], "texture": "#0"},
				"down": {"uv": [10.25, 10.25, 10.5, 10], "texture": "#0"}
			}
		}
	],
	"gui_light": "front",
	"display": {
		"thirdperson_righthand": {
			"rotation": [90, 0, 0],
			"translation": [-1.75, 0.25, 3.75],
			"scale": [0.4, 0.4, 0.4]
		},
		"thirdperson_lefthand": {
			"rotation": [90, 0, 0],
			"translation": [-1.75, 0.25, 3.75],
			"scale": [0.4, 0.4, 0.4]
		},
		"firstperson_righthand": {
			"rotation": [90, -33.75, 0],
			"translation": [0.75, 2.5, 5.25],
			"scale": [0.4, 0.4, 0.4]
		},
		"firstperson_lefthand": {
			"rotation": [90, -42, -180.5],
			"translation": [1, 2.75, 0],
			"scale": [0.4, 0.4, 0.4]
		},
		"ground": {
			"rotation": [90, 0, 0],
			"translation": [0, 3.75, 0]
		},
		"gui": {
			"rotation": [90, 0, 0],
			"translation": [0, 0, 9]
		},
		"head": {
			"rotation": [90, 0, 0],
			"translation": [0, 8.75, 13]
		},
		"fixed": {
			"rotation": [90, 0, 0],
			"translation": [0, 0, 3],
			"scale": [0.4, 0.4, 0.4]
		}
	},
	"groups": [
		{
			"name": "oikawa",
			"origin": [8, 8, 8],
			"children": [0, 1, 2, 3, 4, 5, 6, 7, 8, 9, 10, 11, 12, 13, 14, 15, 16, 17, 18, 19, 20, 21, 22, 23, 24, 25, 26, 27, 28, 29, 30, 31, 32, 33, 34, 35, 36, 37, 38, 39, 40, 41, 42, 43, 44, 45, 46]
		}
	]
}