{
	"credit": "Made with Blockbench",
	"textures": {
		"3": "fish/rouninaji",
		"particle": "fish/raigyo"
	},
	"elements": [
		{
			"name": "rouninaji_0",
			"from": [9.25, 0, 4.25],
			"to": [10, 0.25, 5],
			"faces": {
				"north": {"uv": [10, 4.25, 9.25, 4.5], "texture": "#3"},
				"east": {"uv": [9.75, 4.25, 10, 5], "rotation": 90, "texture": "#3"},
				"south": {"uv": [9.25, 4.75, 10, 5], "texture": "#3"},
				"west": {"uv": [9.25, 4.25, 9.5, 5], "rotation": 270, "texture": "#3"},
				"up": {"uv": [9.25, 4.25, 10, 5], "texture": "#3"},
				"down": {"uv": [9.25, 5, 10, 4.25], "texture": "#3"}
			}
		},
		{
			"name": "rouninaji_1",
			"from": [8.5, 0, 4.5],
			"to": [9.25, 0.25, 10.75],
			"faces": {
				"north": {"uv": [9.25, 4.5, 8.5, 4.75], "texture": "#3"},
				"east": {"uv": [9, 4.5, 9.25, 10.75], "rotation": 90, "texture": "#3"},
				"south": {"uv": [8.5, 10.5, 9.25, 10.75], "texture": "#3"},
				"west": {"uv": [8.5, 4.5, 8.75, 10.75], "rotation": 270, "texture": "#3"},
				"up": {"uv": [8.5, 4.5, 9.25, 10.75], "texture": "#3"},
				"down": {"uv": [8.5, 10.75, 9.25, 4.5], "texture": "#3"}
			}
		},
		{
			"name": "rouninaji_2",
			"from": [10, 0, 4.5],
			"to": [10.25, 0.25, 4.75],
			"faces": {
				"north": {"uv": [10.25, 4.5, 10, 4.75], "texture": "#3"},
				"east": {"uv": [10, 4.5, 10.25, 4.75], "rotation": 90, "texture": "#3"},
				"south": {"uv": [10, 4.5, 10.25, 4.75], "texture": "#3"},
				"west": {"uv": [10, 4.5, 10.25, 4.75], "rotation": 270, "texture": "#3"},
				"up": {"uv": [10, 4.5, 10.25, 4.75], "texture": "#3"},
				"down": {"uv": [10, 4.75, 10.25, 4.5], "texture": "#3"}
			}
		},
		{
			"name": "rouninaji_3",
			"from": [8.25, 0, 4.75],
			"to": [8.5, 0.25, 10.5],
			"faces": {
				"north": {"uv": [8.5, 4.75, 8.25, 5], "texture": "#3"},
				"east": {"uv": [8.25, 4.75, 8.5, 10.5], "rotation": 90, "texture": "#3"},
				"south": {"uv": [8.25, 10.25, 8.5, 10.5], "texture": "#3"},
				"west": {"uv": [8.25, 4.75, 8.5, 10.5], "rotation": 270, "texture": "#3"},
				"up": {"uv": [8.25, 4.75, 8.5, 10.5], "texture": "#3"},
				"down": {"uv": [8.25, 10.5, 8.5, 4.75], "texture": "#3"}
			}
		},
		{
			"name": "rouninaji_4",
			"from": [8, 0, 5],
			"to": [8.25, 0.25, 10.5],
			"faces": {
				"north": {"uv": [8.25, 5, 8, 5.25], "texture": "#3"},
				"east": {"uv": [8, 5, 8.25, 10.5], "rotation": 90, "texture": "#3"},
				"south": {"uv": [8, 10.25, 8.25, 10.5], "texture": "#3"},
				"west": {"uv": [8, 5, 8.25, 10.5], "rotation": 270, "texture": "#3"},
				"up": {"uv": [8, 5, 8.25, 10.5], "texture": "#3"},
				"down": {"uv": [8, 10.5, 8.25, 5], "texture": "#3"}
			}
		},
		{
			"name": "rouninaji_5",
			"from": [9.25, 0, 5],
			"to": [9.75, 0.25, 5.25],
			"faces": {
				"north": {"uv": [9.75, 5, 9.25, 5.25], "texture": "#3"},
				"east": {"uv": [9.5, 5, 9.75, 5.25], "rotation": 90, "texture": "#3"},
				"south": {"uv": [9.25, 5, 9.75, 5.25], "texture": "#3"},
				"west": {"uv": [9.25, 5, 9.5, 5.25], "rotation": 270, "texture": "#3"},
				"up": {"uv": [9.25, 5, 9.75, 5.25], "texture": "#3"},
				"down": {"uv": [9.25, 5.25, 9.75, 5], "texture": "#3"}
			}
		},
		{
			"name": "rouninaji_6",
			"from": [5.25, 0, 5.25],
			"to": [7, 0.25, 10.5],
			"faces": {
				"north": {"uv": [7, 5.25, 5.25, 5.5], "texture": "#3"},
				"east": {"uv": [6.75, 5.25, 7, 10.5], "rotation": 90, "texture": "#3"},
				"south": {"uv": [5.25, 10.25, 7, 10.5], "texture": "#3"},
				"west": {"uv": [5.25, 5.25, 5.5, 10.5], "rotation": 270, "texture": "#3"},
				"up": {"uv": [5.25, 5.25, 7, 10.5], "texture": "#3"},
				"down": {"uv": [5.25, 10.5, 7, 5.25], "texture": "#3"}
			}
		},
		{
			"name": "rouninaji_7",
			"from": [7.75, 0, 5.25],
			"to": [8, 0.25, 10.5],
			"faces": {
				"north": {"uv": [8, 5.25, 7.75, 5.5], "texture": "#3"},
				"east": {"uv": [7.75, 5.25, 8, 10.5], "rotation": 90, "texture": "#3"},
				"south": {"uv": [7.75, 10.25, 8, 10.5], "texture": "#3"},
				"west": {"uv": [7.75, 5.25, 8, 10.5], "rotation": 270, "texture": "#3"},
				"up": {"uv": [7.75, 5.25, 8, 10.5], "texture": "#3"},
				"down": {"uv": [7.75, 10.5, 8, 5.25], "texture": "#3"}
			}
		},
		{
			"name": "rouninaji_8",
			"from": [9.25, 0, 5.25],
			"to": [9.5, 0.25, 11],
			"faces": {
				"north": {"uv": [9.5, 5.25, 9.25, 5.5], "texture": "#3"},
				"east": {"uv": [9.25, 5.25, 9.5, 11], "rotation": 90, "texture": "#3"},
				"south": {"uv": [9.25, 10.75, 9.5, 11], "texture": "#3"},
				"west": {"uv": [9.25, 5.25, 9.5, 11], "rotation": 270, "texture": "#3"},
				"up": {"uv": [9.25, 5.25, 9.5, 11], "texture": "#3"},
				"down": {"uv": [9.25, 11, 9.5, 5.25], "texture": "#3"}
			}
		},
		{
			"name": "rouninaji_9",
			"from": [4, 0, 5.5],
			"to": [5.25, 0.25, 10.75],
			"faces": {
				"north": {"uv": [5.25, 5.5, 4, 5.75], "texture": "#3"},
				"east": {"uv": [5, 5.5, 5.25, 10.75], "rotation": 90, "texture": "#3"},
				"south": {"uv": [4, 10.5, 5.25, 10.75], "texture": "#3"},
				"west": {"uv": [4, 5.5, 4.25, 10.75], "rotation": 270, "texture": "#3"},
				"up": {"uv": [4, 5.5, 5.25, 10.75], "texture": "#3"},
				"down": {"uv": [4, 10.75, 5.25, 5.5], "texture": "#3"}
			}
		},
		{
			"name": "rouninaji_10",
			"from": [7, 0, 5.5],
			"to": [7.75, 0.25, 10.5],
			"faces": {
				"north": {"uv": [7.75, 5.5, 7, 5.75], "texture": "#3"},
				"east": {"uv": [7.5, 5.5, 7.75, 10.5], "rotation": 90, "texture": "#3"},
				"south": {"uv": [7, 10.25, 7.75, 10.5], "texture": "#3"},
				"west": {"uv": [7, 5.5, 7.25, 10.5], "rotation": 270, "texture": "#3"},
				"up": {"uv": [7, 5.5, 7.75, 10.5], "texture": "#3"},
				"down": {"uv": [7, 10.5, 7.75, 5.5], "texture": "#3"}
			}
		},
		{
			"name": "rouninaji_11",
			"from": [14.75, 0, 5.5],
			"to": [15.25, 0.25, 6.25],
			"faces": {
				"north": {"uv": [15.25, 5.5, 14.75, 5.75], "texture": "#3"},
				"east": {"uv": [15, 5.5, 15.25, 6.25], "rotation": 90, "texture": "#3"},
				"south": {"uv": [14.75, 6, 15.25, 6.25], "texture": "#3"},
				"west": {"uv": [14.75, 5.5, 15, 6.25], "rotation": 270, "texture": "#3"},
				"up": {"uv": [14.75, 5.5, 15.25, 6.25], "texture": "#3"},
				"down": {"uv": [14.75, 6.25, 15.25, 5.5], "texture": "#3"}
			}
		},
		{
			"name": "rouninaji_12",
			"from": [3.25, 0, 5.75],
			"to": [4, 0.25, 10.75],
			"faces": {
				"north": {"uv": [4, 5.75, 3.25, 6], "texture": "#3"},
				"east": {"uv": [3.75, 5.75, 4, 10.75], "rotation": 90, "texture": "#3"},
				"south": {"uv": [3.25, 10.5, 4, 10.75], "texture": "#3"},
				"west": {"uv": [3.25, 5.75, 3.5, 10.75], "rotation": 270, "texture": "#3"},
				"up": {"uv": [3.25, 5.75, 4, 10.75], "texture": "#3"},
				"down": {"uv": [3.25, 10.75, 4, 5.75], "texture": "#3"}
			}
		},
		{
			"name": "rouninaji_13",
			"from": [9.5, 0, 5.75],
			"to": [9.75, 0.25, 11.25],
			"faces": {
				"north": {"uv": [9.75, 5.75, 9.5, 6], "texture": "#3"},
				"east": {"uv": [9.5, 5.75, 9.75, 11.25], "rotation": 90, "texture": "#3"},
				"south": {"uv": [9.5, 11, 9.75, 11.25], "texture": "#3"},
				"west": {"uv": [9.5, 5.75, 9.75, 11.25], "rotation": 270, "texture": "#3"},
				"up": {"uv": [9.5, 5.75, 9.75, 11.25], "texture": "#3"},
				"down": {"uv": [9.5, 11.25, 9.75, 5.75], "texture": "#3"}
			}
		},
		{
			"name": "rouninaji_14",
			"from": [14.5, 0, 5.75],
			"to": [14.75, 0.25, 7.25],
			"faces": {
				"north": {"uv": [14.75, 5.75, 14.5, 6], "texture": "#3"},
				"east": {"uv": [14.5, 5.75, 14.75, 7.25], "rotation": 90, "texture": "#3"},
				"south": {"uv": [14.5, 7, 14.75, 7.25], "texture": "#3"},
				"west": {"uv": [14.5, 5.75, 14.75, 7.25], "rotation": 270, "texture": "#3"},
				"up": {"uv": [14.5, 5.75, 14.75, 7.25], "texture": "#3"},
				"down": {"uv": [14.5, 7.25, 14.75, 5.75], "texture": "#3"}
			}
		},
		{
			"name": "rouninaji_15",
			"from": [15.25, 0, 5.75],
			"to": [15.5, 0.25, 6],
			"faces": {
				"north": {"uv": [15.5, 5.75, 15.25, 6], "texture": "#3"},
				"east": {"uv": [15.25, 5.75, 15.5, 6], "rotation": 90, "texture": "#3"},
				"south": {"uv": [15.25, 5.75, 15.5, 6], "texture": "#3"},
				"west": {"uv": [15.25, 5.75, 15.5, 6], "rotation": 270, "texture": "#3"},
				"up": {"uv": [15.25, 5.75, 15.5, 6], "texture": "#3"},
				"down": {"uv": [15.25, 6, 15.5, 5.75], "texture": "#3"}
			}
		},
		{
			"name": "rouninaji_16",
			"from": [2.75, 0, 6],
			"to": [3.25, 0.25, 10.75],
			"faces": {
				"north": {"uv": [3.25, 6, 2.75, 6.25], "texture": "#3"},
				"east": {"uv": [3, 6, 3.25, 10.75], "rotation": 90, "texture": "#3"},
				"south": {"uv": [2.75, 10.5, 3.25, 10.75], "texture": "#3"},
				"west": {"uv": [2.75, 6, 3, 10.75], "rotation": 270, "texture": "#3"},
				"up": {"uv": [2.75, 6, 3.25, 10.75], "texture": "#3"},
				"down": {"uv": [2.75, 10.75, 3.25, 6], "texture": "#3"}
			}
		},
		{
			"name": "rouninaji_17",
			"from": [9.75, 0, 6],
			"to": [10, 0.25, 11.25],
			"faces": {
				"north": {"uv": [10, 6, 9.75, 6.25], "texture": "#3"},
				"east": {"uv": [9.75, 6, 10, 11.25], "rotation": 90, "texture": "#3"},
				"south": {"uv": [9.75, 11, 10, 11.25], "texture": "#3"},
				"west": {"uv": [9.75, 6, 10, 11.25], "rotation": 270, "texture": "#3"},
				"up": {"uv": [9.75, 6, 10, 11.25], "texture": "#3"},
				"down": {"uv": [9.75, 11.25, 10, 6], "texture": "#3"}
			}
		},
		{
			"name": "rouninaji_18",
			"from": [14.25, 0, 6],
			"to": [14.5, 0.25, 7.75],
			"faces": {
				"north": {"uv": [14.5, 6, 14.25, 6.25], "texture": "#3"},
				"east": {"uv": [14.25, 6, 14.5, 7.75], "rotation": 90, "texture": "#3"},
				"south": {"uv": [14.25, 7.5, 14.5, 7.75], "texture": "#3"},
				"west": {"uv": [14.25, 6, 14.5, 7.75], "rotation": 270, "texture": "#3"},
				"up": {"uv": [14.25, 6, 14.5, 7.75], "texture": "#3"},
				"down": {"uv": [14.25, 7.75, 14.5, 6], "texture": "#3"}
			}
		},
		{
			"name": "rouninaji_19",
			"from": [2.25, 0, 6.25],
			"to": [2.75, 0.25, 10.75],
			"faces": {
				"north": {"uv": [2.75, 6.25, 2.25, 6.5], "texture": "#3"},
				"east": {"uv": [2.5, 6.25, 2.75, 10.75], "rotation": 90, "texture": "#3"},
				"south": {"uv": [2.25, 10.5, 2.75, 10.75], "texture": "#3"},
				"west": {"uv": [2.25, 6.25, 2.5, 10.75], "rotation": 270, "texture": "#3"},
				"up": {"uv": [2.25, 6.25, 2.75, 10.75], "texture": "#3"},
				"down": {"uv": [2.25, 10.75, 2.75, 6.25], "texture": "#3"}
			}
		},
		{
			"name": "rouninaji_20",
			"from": [10, 0, 6.25],
			"to": [10.5, 0.25, 10],
			"faces": {
				"north": {"uv": [10.5, 6.25, 10, 6.5], "texture": "#3"},
				"east": {"uv": [10.25, 6.25, 10.5, 10], "rotation": 90, "texture": "#3"},
				"south": {"uv": [10, 9.75, 10.5, 10], "texture": "#3"},
				"west": {"uv": [10, 6.25, 10.25, 10], "rotation": 270, "texture": "#3"},
				"up": {"uv": [10, 6.25, 10.5, 10], "texture": "#3"},
				"down": {"uv": [10, 10, 10.5, 6.25], "texture": "#3"}
			}
		},
		{
			"name": "rouninaji_21",
			"from": [14, 0, 6.25],
			"to": [14.25, 0.25, 9.75],
			"faces": {
				"north": {"uv": [14.25, 6.25, 14, 6.5], "texture": "#3"},
				"east": {"uv": [14, 6.25, 14.25, 9.75], "rotation": 90, "texture": "#3"},
				"south": {"uv": [14, 9.5, 14.25, 9.75], "texture": "#3"},
				"west": {"uv": [14, 6.25, 14.25, 9.75], "rotation": 270, "texture": "#3"},
				"up": {"uv": [14, 6.25, 14.25, 9.75], "texture": "#3"},
				"down": {"uv": [14, 9.75, 14.25, 6.25], "texture": "#3"}
			}
		},
		{
			"name": "rouninaji_22",
			"from": [14.75, 0, 6.25],
			"to": [15, 0.25, 6.75],
			"faces": {
				"north": {"uv": [15, 6.25, 14.75, 6.5], "texture": "#3"},
				"east": {"uv": [14.75, 6.25, 15, 6.75], "rotation": 90, "texture": "#3"},
				"south": {"uv": [14.75, 6.5, 15, 6.75], "texture": "#3"},
				"west": {"uv": [14.75, 6.25, 15, 6.75], "rotation": 270, "texture": "#3"},
				"up": {"uv": [14.75, 6.25, 15, 6.75], "texture": "#3"},
				"down": {"uv": [14.75, 6.75, 15, 6.25], "texture": "#3"}
			}
		},
		{
			"name": "rouninaji_23",
			"from": [2, 0, 6.5],
			"to": [2.25, 0.25, 10.75],
			"faces": {
				"north": {"uv": [2.25, 6.5, 2, 6.75], "texture": "#3"},
				"east": {"uv": [2, 6.5, 2.25, 10.75], "rotation": 90, "texture": "#3"},
				"south": {"uv": [2, 10.5, 2.25, 10.75], "texture": "#3"},
				"west": {"uv": [2, 6.5, 2.25, 10.75], "rotation": 270, "texture": "#3"},
				"up": {"uv": [2, 6.5, 2.25, 10.75], "texture": "#3"},
				"down": {"uv": [2, 10.75, 2.25, 6.5], "texture": "#3"}
			}
		},
		{
			"name": "rouninaji_24",
			"from": [10.5, 0, 6.5],
			"to": [10.75, 0.25, 9.75],
			"faces": {
				"north": {"uv": [10.75, 6.5, 10.5, 6.75], "texture": "#3"},
				"east": {"uv": [10.5, 6.5, 10.75, 9.75], "rotation": 90, "texture": "#3"},
				"south": {"uv": [10.5, 9.5, 10.75, 9.75], "texture": "#3"},
				"west": {"uv": [10.5, 6.5, 10.75, 9.75], "rotation": 270, "texture": "#3"},
				"up": {"uv": [10.5, 6.5, 10.75, 9.75], "texture": "#3"},
				"down": {"uv": [10.5, 9.75, 10.75, 6.5], "texture": "#3"}
			}
		},
		{
			"name": "rouninaji_25",
			"from": [13.75, 0, 6.5],
			"to": [14, 0.25, 9.5],
			"faces": {
				"north": {"uv": [14, 6.5, 13.75, 6.75], "texture": "#3"},
				"east": {"uv": [13.75, 6.5, 14, 9.5], "rotation": 90, "texture": "#3"},
				"south": {"uv": [13.75, 9.25, 14, 9.5], "texture": "#3"},
				"west": {"uv": [13.75, 6.5, 14, 9.5], "rotation": 270, "texture": "#3"},
				"up": {"uv": [13.75, 6.5, 14, 9.5], "texture": "#3"},
				"down": {"uv": [13.75, 9.5, 14, 6.5], "texture": "#3"}
			}
		},
		{
			"name": "rouninaji_26",
			"from": [1.75, 0, 6.75],
			"to": [2, 0.25, 10.5],
			"faces": {
				"north": {"uv": [2, 6.75, 1.75, 7], "texture": "#3"},
				"east": {"uv": [1.75, 6.75, 2, 10.5], "rotation": 90, "texture": "#3"},
				"south": {"uv": [1.75, 10.25, 2, 10.5], "texture": "#3"},
				"west": {"uv": [1.75, 6.75, 2, 10.5], "rotation": 270, "texture": "#3"},
				"up": {"uv": [1.75, 6.75, 2, 10.5], "texture": "#3"},
				"down": {"uv": [1.75, 10.5, 2, 6.75], "texture": "#3"}
			}
		},
		{
			"name": "rouninaji_27",
			"from": [10.75, 0, 6.75],
			"to": [11.25, 0.25, 9.5],
			"faces": {
				"north": {"uv": [11.25, 6.75, 10.75, 7], "texture": "#3"},
				"east": {"uv": [11, 6.75, 11.25, 9.5], "rotation": 90, "texture": "#3"},
				"south": {"uv": [10.75, 9.25, 11.25, 9.5], "texture": "#3"},
				"west": {"uv": [10.75, 6.75, 11, 9.5], "rotation": 270, "texture": "#3"},
				"up": {"uv": [10.75, 6.75, 11.25, 9.5], "texture": "#3"},
				"down": {"uv": [10.75, 9.5, 11.25, 6.75], "texture": "#3"}
			}
		},
		{
			"name": "rouninaji_28",
			"from": [13.5, 0, 6.75],
			"to": [13.75, 0.25, 9.25],
			"faces": {
				"north": {"uv": [13.75, 6.75, 13.5, 7], "texture": "#3"},
				"east": {"uv": [13.5, 6.75, 13.75, 9.25], "rotation": 90, "texture": "#3"},
				"south": {"uv": [13.5, 9, 13.75, 9.25], "texture": "#3"},
				"west": {"uv": [13.5, 6.75, 13.75, 9.25], "rotation": 270, "texture": "#3"},
				"up": {"uv": [13.5, 6.75, 13.75, 9.25], "texture": "#3"},
				"down": {"uv": [13.5, 9.25, 13.75, 6.75], "texture": "#3"}
			}
		},
		{
			"name": "rouninaji_29",
			"from": [1.5, 0, 7],
			"to": [1.75, 0.25, 10.5],
			"faces": {
				"north": {"uv": [1.75, 7, 1.5, 7.25], "texture": "#3"},
				"east": {"uv": [1.5, 7, 1.75, 10.5], "rotation": 90, "texture": "#3"},
				"south": {"uv": [1.5, 10.25, 1.75, 10.5], "texture": "#3"},
				"west": {"uv": [1.5, 7, 1.75, 10.5], "rotation": 270, "texture": "#3"},
				"up": {"uv": [1.5, 7, 1.75, 10.5], "texture": "#3"},
				"down": {"uv": [1.5, 10.5, 1.75, 7], "texture": "#3"}
			}
		},
		{
			"name": "rouninaji_30",
			"from": [11.25, 0, 7],
			"to": [11.75, 0.25, 9.25],
			"faces": {
				"north": {"uv": [11.75, 7, 11.25, 7.25], "texture": "#3"},
				"east": {"uv": [11.5, 7, 11.75, 9.25], "rotation": 90, "texture": "#3"},
				"south": {"uv": [11.25, 9, 11.75, 9.25], "texture": "#3"},
				"west": {"uv": [11.25, 7, 11.5, 9.25], "rotation": 270, "texture": "#3"},
				"up": {"uv": [11.25, 7, 11.75, 9.25], "texture": "#3"},
				"down": {"uv": [11.25, 9.25, 11.75, 7], "texture": "#3"}
			}
		},
		{
			"name": "rouninaji_31",
			"from": [13.25, 0, 7],
			"to": [13.5, 0.25, 8.75],
			"faces": {
				"north": {"uv": [13.5, 7, 13.25, 7.25], "texture": "#3"},
				"east": {"uv": [13.25, 7, 13.5, 8.75], "rotation": 90, "texture": "#3"},
				"south": {"uv": [13.25, 8.5, 13.5, 8.75], "texture": "#3"},
				"west": {"uv": [13.25, 7, 13.5, 8.75], "rotation": 270, "texture": "#3"},
				"up": {"uv": [13.25, 7, 13.5, 8.75], "texture": "#3"},
				"down": {"uv": [13.25, 8.75, 13.5, 7], "texture": "#3"}
			}
		},
		{
			"name": "rouninaji_32",
			"from": [1.25, 0, 7.25],
			"to": [1.5, 0.25, 10.25],
			"faces": {
				"north": {"uv": [1.5, 7.25, 1.25, 7.5], "texture": "#3"},
				"east": {"uv": [1.25, 7.25, 1.5, 10.25], "rotation": 90, "texture": "#3"},
				"south": {"uv": [1.25, 10, 1.5, 10.25], "texture": "#3"},
				"west": {"uv": [1.25, 7.25, 1.5, 10.25], "rotation": 270, "texture": "#3"},
				"up": {"uv": [1.25, 7.25, 1.5, 10.25], "texture": "#3"},
				"down": {"uv": [1.25, 10.25, 1.5, 7.25], "texture": "#3"}
			}
		},
		{
			"name": "rouninaji_33",
			"from": [11.75, 0, 7.25],
			"to": [12.25, 0.25, 8.75],
			"faces": {
				"north": {"uv": [12.25, 7.25, 11.75, 7.5], "texture": "#3"},
				"east": {"uv": [12, 7.25, 12.25, 8.75], "rotation": 90, "texture": "#3"},
				"south": {"uv": [11.75, 8.5, 12.25, 8.75], "texture": "#3"},
				"west": {"uv": [11.75, 7.25, 12, 8.75], "rotation": 270, "texture": "#3"},
				"up": {"uv": [11.75, 7.25, 12.25, 8.75], "texture": "#3"},
				"down": {"uv": [11.75, 8.75, 12.25, 7.25], "texture": "#3"}
			}
		},
		{
			"name": "rouninaji_34",
			"from": [13, 0, 7.25],
			"to": [13.25, 0.25, 8.5],
			"faces": {
				"north": {"uv": [13.25, 7.25, 13, 7.5], "texture": "#3"},
				"east": {"uv": [13, 7.25, 13.25, 8.5], "rotation": 90, "texture": "#3"},
				"south": {"uv": [13, 8.25, 13.25, 8.5], "texture": "#3"},
				"west": {"uv": [13, 7.25, 13.25, 8.5], "rotation": 270, "texture": "#3"},
				"up": {"uv": [13, 7.25, 13.25, 8.5], "texture": "#3"},
				"down": {"uv": [13, 8.5, 13.25, 7.25], "texture": "#3"}
			}
		},
		{
			"name": "rouninaji_35",
			"from": [1, 0, 7.5],
			"to": [1.25, 0.25, 10.25],
			"faces": {
				"north": {"uv": [1.25, 7.5, 1, 7.75], "texture": "#3"},
				"east": {"uv": [1, 7.5, 1.25, 10.25], "rotation": 90, "texture": "#3"},
				"south": {"uv": [1, 10, 1.25, 10.25], "texture": "#3"},
				"west": {"uv": [1, 7.5, 1.25, 10.25], "rotation": 270, "texture": "#3"},
				"up": {"uv": [1, 7.5, 1.25, 10.25], "texture": "#3"},
				"down": {"uv": [1, 10.25, 1.25, 7.5], "texture": "#3"}
			}
		},
		{
			"name": "rouninaji_36",
			"from": [12.25, 0, 7.5],
			"to": [13, 0.25, 8.25],
			"faces": {
				"north": {"uv": [13, 7.5, 12.25, 7.75], "texture": "#3"},
				"east": {"uv": [12.75, 7.5, 13, 8.25], "rotation": 90, "texture": "#3"},
				"south": {"uv": [12.25, 8, 13, 8.25], "texture": "#3"},
				"west": {"uv": [12.25, 7.5, 12.5, 8.25], "rotation": 270, "texture": "#3"},
				"up": {"uv": [12.25, 7.5, 13, 8.25], "texture": "#3"},
				"down": {"uv": [12.25, 8.25, 13, 7.5], "texture": "#3"}
			}
		},
		{
			"name": "rouninaji_37",
			"from": [0.75, 0, 7.75],
			"to": [1, 0.25, 9.25],
			"faces": {
				"north": {"uv": [1, 7.75, 0.75, 8], "texture": "#3"},
				"east": {"uv": [0.75, 7.75, 1, 9.25], "rotation": 90, "texture": "#3"},
				"south": {"uv": [0.75, 9, 1, 9.25], "texture": "#3"},
				"west": {"uv": [0.75, 7.75, 1, 9.25], "rotation": 270, "texture": "#3"},
				"up": {"uv": [0.75, 7.75, 1, 9.25], "texture": "#3"},
				"down": {"uv": [0.75, 9.25, 1, 7.75], "texture": "#3"}
			}
		},
		{
			"name": "rouninaji_38",
			"from": [0.5, 0, 8.25],
			"to": [0.75, 0.25, 9.25],
			"faces": {
				"north": {"uv": [0.75, 8.25, 0.5, 8.5], "texture": "#3"},
				"east": {"uv": [0.5, 8.25, 0.75, 9.25], "rotation": 90, "texture": "#3"},
				"south": {"uv": [0.5, 9, 0.75, 9.25], "texture": "#3"},
				"west": {"uv": [0.5, 8.25, 0.75, 9.25], "rotation": 270, "texture": "#3"},
				"up": {"uv": [0.5, 8.25, 0.75, 9.25], "texture": "#3"},
				"down": {"uv": [0.5, 9.25, 0.75, 8.25], "texture": "#3"}
			}
		},
		{
			"name": "rouninaji_39",
			"from": [12.25, 0, 8.25],
			"to": [12.5, 0.25, 8.5],
			"faces": {
				"north": {"uv": [12.5, 8.25, 12.25, 8.5], "texture": "#3"},
				"east": {"uv": [12.25, 8.25, 12.5, 8.5], "rotation": 90, "texture": "#3"},
				"south": {"uv": [12.25, 8.25, 12.5, 8.5], "texture": "#3"},
				"west": {"uv": [12.25, 8.25, 12.5, 8.5], "rotation": 270, "texture": "#3"},
				"up": {"uv": [12.25, 8.25, 12.5, 8.5], "texture": "#3"},
				"down": {"uv": [12.25, 8.5, 12.5, 8.25], "texture": "#3"}
			}
		},
		{
			"name": "rouninaji_40",
			"from": [14.25, 0, 8.25],
			"to": [14.5, 0.25, 10],
			"faces": {
				"north": {"uv": [14.5, 8.25, 14.25, 8.5], "texture": "#3"},
				"east": {"uv": [14.25, 8.25, 14.5, 10], "rotation": 90, "texture": "#3"},
				"south": {"uv": [14.25, 9.75, 14.5, 10], "texture": "#3"},
				"west": {"uv": [14.25, 8.25, 14.5, 10], "rotation": 270, "texture": "#3"},
				"up": {"uv": [14.25, 8.25, 14.5, 10], "texture": "#3"},
				"down": {"uv": [14.25, 10, 14.5, 8.25], "texture": "#3"}
			}
		},
		{
			"name": "rouninaji_41",
			"from": [0.25, 0, 8.75],
			"to": [0.5, 0.25, 9],
			"faces": {
				"north": {"uv": [0.5, 8.75, 0.25, 9], "texture": "#3"},
				"east": {"uv": [0.25, 8.75, 0.5, 9], "rotation": 90, "texture": "#3"},
				"south": {"uv": [0.25, 8.75, 0.5, 9], "texture": "#3"},
				"west": {"uv": [0.25, 8.75, 0.5, 9], "rotation": 270, "texture": "#3"},
				"up": {"uv": [0.25, 8.75, 0.5, 9], "texture": "#3"},
				"down": {"uv": [0.25, 9, 0.5, 8.75], "texture": "#3"}
			}
		},
		{
			"name": "rouninaji_42",
			"from": [11.75, 0, 8.75],
			"to": [12, 0.25, 9],
			"faces": {
				"north": {"uv": [12, 8.75, 11.75, 9], "texture": "#3"},
				"east": {"uv": [11.75, 8.75, 12, 9], "rotation": 90, "texture": "#3"},
				"south": {"uv": [11.75, 8.75, 12, 9], "texture": "#3"},
				"west": {"uv": [11.75, 8.75, 12, 9], "rotation": 270, "texture": "#3"},
				"up": {"uv": [11.75, 8.75, 12, 9], "texture": "#3"},
				"down": {"uv": [11.75, 9, 12, 8.75], "texture": "#3"}
			}
		},
		{
			"name": "rouninaji_43",
			"from": [14.5, 0, 8.75],
			"to": [14.75, 0.25, 10.25],
			"faces": {
				"north": {"uv": [14.75, 8.75, 14.5, 9], "texture": "#3"},
				"east": {"uv": [14.5, 8.75, 14.75, 10.25], "rotation": 90, "texture": "#3"},
				"south": {"uv": [14.5, 10, 14.75, 10.25], "texture": "#3"},
				"west": {"uv": [14.5, 8.75, 14.75, 10.25], "rotation": 270, "texture": "#3"},
				"up": {"uv": [14.5, 8.75, 14.75, 10.25], "texture": "#3"},
				"down": {"uv": [14.5, 10.25, 14.75, 8.75], "texture": "#3"}
			}
		},
		{
			"name": "rouninaji_44",
			"from": [14.75, 0, 9],
			"to": [15, 0.25, 10.5],
			"faces": {
				"north": {"uv": [15, 9, 14.75, 9.25], "texture": "#3"},
				"east": {"uv": [14.75, 9, 15, 10.5], "rotation": 90, "texture": "#3"},
				"south": {"uv": [14.75, 10.25, 15, 10.5], "texture": "#3"},
				"west": {"uv": [14.75, 9, 15, 10.5], "rotation": 270, "texture": "#3"},
				"up": {"uv": [14.75, 9, 15, 10.5], "texture": "#3"},
				"down": {"uv": [14.75, 10.5, 15, 9], "texture": "#3"}
			}
		},
		{
			"name": "rouninaji_45",
			"from": [0.25, 0, 9.5],
			"to": [1, 0.25, 9.75],
			"faces": {
				"north": {"uv": [1, 9.5, 0.25, 9.75], "texture": "#3"},
				"east": {"uv": [0.75, 9.5, 1, 9.75], "rotation": 90, "texture": "#3"},
				"south": {"uv": [0.25, 9.5, 1, 9.75], "texture": "#3"},
				"west": {"uv": [0.25, 9.5, 0.5, 9.75], "rotation": 270, "texture": "#3"},
				"up": {"uv": [0.25, 9.5, 1, 9.75], "texture": "#3"},
				"down": {"uv": [0.25, 9.75, 1, 9.5], "texture": "#3"}
			}
		},
		{
			"name": "rouninaji_46",
			"from": [10.75, 0, 9.5],
			"to": [11, 0.25, 9.75],
			"faces": {
				"north": {"uv": [11, 9.5, 10.75, 9.75], "texture": "#3"},
				"east": {"uv": [10.75, 9.5, 11, 9.75], "rotation": 90, "texture": "#3"},
				"south": {"uv": [10.75, 9.5, 11, 9.75], "texture": "#3"},
				"west": {"uv": [10.75, 9.5, 11, 9.75], "rotation": 270, "texture": "#3"},
				"up": {"uv": [10.75, 9.5, 11, 9.75], "texture": "#3"},
				"down": {"uv": [10.75, 9.75, 11, 9.5], "texture": "#3"}
			}
		},
		{
			"name": "rouninaji_47",
			"from": [15, 0, 9.5],
			"to": [15.25, 0.25, 10.5],
			"faces": {
				"north": {"uv": [15.25, 9.5, 15, 9.75], "texture": "#3"},
				"east": {"uv": [15, 9.5, 15.25, 10.5], "rotation": 90, "texture": "#3"},
				"south": {"uv": [15, 10.25, 15.25, 10.5], "texture": "#3"},
				"west": {"uv": [15, 9.5, 15.25, 10.5], "rotation": 270, "texture": "#3"},
				"up": {"uv": [15, 9.5, 15.25, 10.5], "texture": "#3"},
				"down": {"uv": [15, 10.5, 15.25, 9.5], "texture": "#3"}
			}
		},
		{
			"name": "rouninaji_48",
			"from": [0.5, 0, 9.75],
			"to": [1, 0.25, 10],
			"faces": {
				"north": {"uv": [1, 9.75, 0.5, 10], "texture": "#3"},
				"east": {"uv": [0.75, 9.75, 1, 10], "rotation": 90, "texture": "#3"},
				"south": {"uv": [0.5, 9.75, 1, 10], "texture": "#3"},
				"west": {"uv": [0.5, 9.75, 0.75, 10], "rotation": 270, "texture": "#3"},
				"up": {"uv": [0.5, 9.75, 1, 10], "texture": "#3"},
				"down": {"uv": [0.5, 10, 1, 9.75], "texture": "#3"}
			}
		},
		{
			"name": "rouninaji_49",
			"from": [15.25, 0, 9.75],
			"to": [15.5, 0.25, 10.5],
			"faces": {
				"north": {"uv": [15.5, 9.75, 15.25, 10], "texture": "#3"},
				"east": {"uv": [15.25, 9.75, 15.5, 10.5], "rotation": 90, "texture": "#3"},
				"south": {"uv": [15.25, 10.25, 15.5, 10.5], "texture": "#3"},
				"west": {"uv": [15.25, 9.75, 15.5, 10.5], "rotation": 270, "texture": "#3"},
				"up": {"uv": [15.25, 9.75, 15.5, 10.5], "texture": "#3"},
				"down": {"uv": [15.25, 10.5, 15.5, 9.75], "texture": "#3"}
			}
		},
		{
			"name": "rouninaji_50",
			"from": [0.75, 0, 10],
			"to": [1, 0.25, 10.25],
			"faces": {
				"north": {"uv": [1, 10, 0.75, 10.25], "texture": "#3"},
				"east": {"uv": [0.75, 10, 1, 10.25], "rotation": 90, "texture": "#3"},
				"south": {"uv": [0.75, 10, 1, 10.25], "texture": "#3"},
				"west": {"uv": [0.75, 10, 1, 10.25], "rotation": 270, "texture": "#3"},
				"up": {"uv": [0.75, 10, 1, 10.25], "texture": "#3"},
				"down": {"uv": [0.75, 10.25, 1, 10], "texture": "#3"}
			}
		},
		{
			"name": "rouninaji_51",
			"from": [10, 0, 10],
			"to": [10.25, 0.25, 11.5],
			"faces": {
				"north": {"uv": [10.25, 10, 10, 10.25], "texture": "#3"},
				"east": {"uv": [10, 10, 10.25, 11.5], "rotation": 90, "texture": "#3"},
				"south": {"uv": [10, 11.25, 10.25, 11.5], "texture": "#3"},
				"west": {"uv": [10, 10, 10.25, 11.5], "rotation": 270, "texture": "#3"},
				"up": {"uv": [10, 10, 10.25, 11.5], "texture": "#3"},
				"down": {"uv": [10, 11.5, 10.25, 10], "texture": "#3"}
			}
		},
		{
			"name": "rouninaji_52",
			"from": [15.5, 0, 10],
			"to": [15.75, 0.25, 10.25],
			"faces": {
				"north": {"uv": [15.75, 10, 15.5, 10.25], "texture": "#3"},
				"east": {"uv": [15.5, 10, 15.75, 10.25], "rotation": 90, "texture": "#3"},
				"south": {"uv": [15.5, 10, 15.75, 10.25], "texture": "#3"},
				"west": {"uv": [15.5, 10, 15.75, 10.25], "rotation": 270, "texture": "#3"},
				"up": {"uv": [15.5, 10, 15.75, 10.25], "texture": "#3"},
				"down": {"uv": [15.5, 10.25, 15.75, 10], "texture": "#3"}
			}
		},
		{
			"name": "rouninaji_53",
			"from": [5.25, 0, 10.5],
			"to": [5.75, 0.25, 11.75],
			"faces": {
				"north": {"uv": [5.75, 10.5, 5.25, 10.75], "texture": "#3"},
				"east": {"uv": [5.5, 10.5, 5.75, 11.75], "rotation": 90, "texture": "#3"},
				"south": {"uv": [5.25, 11.5, 5.75, 11.75], "texture": "#3"},
				"west": {"uv": [5.25, 10.5, 5.5, 11.75], "rotation": 270, "texture": "#3"},
				"up": {"uv": [5.25, 10.5, 5.75, 11.75], "texture": "#3"},
				"down": {"uv": [5.25, 11.75, 5.75, 10.5], "texture": "#3"}
			}
		},
		{
			"name": "rouninaji_54",
			"from": [4.5, 0, 10.75],
			"to": [5.25, 0.25, 11],
			"faces": {
				"north": {"uv": [5.25, 10.75, 4.5, 11], "texture": "#3"},
				"east": {"uv": [5, 10.75, 5.25, 11], "rotation": 90, "texture": "#3"},
				"south": {"uv": [4.5, 10.75, 5.25, 11], "texture": "#3"},
				"west": {"uv": [4.5, 10.75, 4.75, 11], "rotation": 270, "texture": "#3"},
				"up": {"uv": [4.5, 10.75, 5.25, 11], "texture": "#3"},
				"down": {"uv": [4.5, 11, 5.25, 10.75], "texture": "#3"}
			}
		},
		{
			"name": "rouninaji_55",
			"from": [9, 0, 10.75],
			"to": [9.25, 0.25, 11],
			"faces": {
				"north": {"uv": [9.25, 10.75, 9, 11], "texture": "#3"},
				"east": {"uv": [9, 10.75, 9.25, 11], "rotation": 90, "texture": "#3"},
				"south": {"uv": [9, 10.75, 9.25, 11], "texture": "#3"},
				"west": {"uv": [9, 10.75, 9.25, 11], "rotation": 270, "texture": "#3"},
				"up": {"uv": [9, 10.75, 9.25, 11], "texture": "#3"},
				"down": {"uv": [9, 11, 9.25, 10.75], "texture": "#3"}
			}
		},
		{
			"name": "rouninaji_56",
			"from": [10.25, 0, 10.75],
			"to": [10.75, 0.25, 11.5],
			"faces": {
				"north": {"uv": [10.75, 10.75, 10.25, 11], "texture": "#3"},
				"east": {"uv": [10.5, 10.75, 10.75, 11.5], "rotation": 90, "texture": "#3"},
				"south": {"uv": [10.25, 11.25, 10.75, 11.5], "texture": "#3"},
				"west": {"uv": [10.25, 10.75, 10.5, 11.5], "rotation": 270, "texture": "#3"},
				"up": {"uv": [10.25, 10.75, 10.75, 11.5], "texture": "#3"},
				"down": {"uv": [10.25, 11.5, 10.75, 10.75], "texture": "#3"}
			}
		},
		{
			"name": "rouninaji_57",
			"from": [4.75, 0, 11],
			"to": [5.25, 0.25, 11.25],
			"faces": {
				"north": {"uv": [5.25, 11, 4.75, 11.25], "texture": "#3"},
				"east": {"uv": [5, 11, 5.25, 11.25], "rotation": 90, "texture": "#3"},
				"south": {"uv": [4.75, 11, 5.25, 11.25], "texture": "#3"},
				"west": {"uv": [4.75, 11, 5, 11.25], "rotation": 270, "texture": "#3"},
				"up": {"uv": [4.75, 11, 5.25, 11.25], "texture": "#3"},
				"down": {"uv": [4.75, 11.25, 5.25, 11], "texture": "#3"}
			}
		},
		{
			"name": "rouninaji_58",
			"from": [5.75, 0, 11],
			"to": [6.25, 0.25, 11.75],
			"faces": {
				"north": {"uv": [6.25, 11, 5.75, 11.25], "texture": "#3"},
				"east": {"uv": [6, 11, 6.25, 11.75], "rotation": 90, "texture": "#3"},
				"south": {"uv": [5.75, 11.5, 6.25, 11.75], "texture": "#3"},
				"west": {"uv": [5.75, 11, 6, 11.75], "rotation": 270, "texture": "#3"},
				"up": {"uv": [5.75, 11, 6.25, 11.75], "texture": "#3"},
				"down": {"uv": [5.75, 11.75, 6.25, 11], "texture": "#3"}
			}
		},
		{
			"name": "rouninaji_59",
			"from": [10.75, 0, 11],
			"to": [11, 0.25, 11.25],
			"faces": {
				"north": {"uv": [11, 11, 10.75, 11.25], "texture": "#3"},
				"east": {"uv": [10.75, 11, 11, 11.25], "rotation": 90, "texture": "#3"},
				"south": {"uv": [10.75, 11, 11, 11.25], "texture": "#3"},
				"west": {"uv": [10.75, 11, 11, 11.25], "rotation": 270, "texture": "#3"},
				"up": {"uv": [10.75, 11, 11, 11.25], "texture": "#3"},
				"down": {"uv": [10.75, 11.25, 11, 11], "texture": "#3"}
			}
		},
		{
			"name": "rouninaji_60",
			"from": [5, 0, 11.25],
			"to": [5.25, 0.25, 11.5],
			"faces": {
				"north": {"uv": [5.25, 11.25, 5, 11.5], "texture": "#3"},
				"east": {"uv": [5, 11.25, 5.25, 11.5], "rotation": 90, "texture": "#3"},
				"south": {"uv": [5, 11.25, 5.25, 11.5], "texture": "#3"},
				"west": {"uv": [5, 11.25, 5.25, 11.5], "rotation": 270, "texture": "#3"},
				"up": {"uv": [5, 11.25, 5.25, 11.5], "texture": "#3"},
				"down": {"uv": [5, 11.5, 5.25, 11.25], "texture": "#3"}
			}
		},
		{
			"name": "rouninaji_61",
			"from": [6.25, 0, 11.25],
			"to": [6.5, 0.25, 11.5],
			"faces": {
				"north": {"uv": [6.5, 11.25, 6.25, 11.5], "texture": "#3"},
				"east": {"uv": [6.25, 11.25, 6.5, 11.5], "rotation": 90, "texture": "#3"},
				"south": {"uv": [6.25, 11.25, 6.5, 11.5], "texture": "#3"},
				"west": {"uv": [6.25, 11.25, 6.5, 11.5], "rotation": 270, "texture": "#3"},
				"up": {"uv": [6.25, 11.25, 6.5, 11.5], "texture": "#3"},
				"down": {"uv": [6.25, 11.5, 6.5, 11.25], "texture": "#3"}
			}
		}
	],
	"gui_light": "front",
	"display": {
		"thirdperson_righthand": {
			"rotation": [81, -18.75, 1.75],
			"translation": [-0.75, 4.25, 9.5],
			"scale": [1.17, 1.17, 1.17]
		},
		"thirdperson_lefthand": {
			"rotation": [81, -18.75, 1.75],
			"translation": [-0.75, 4.25, 9.5],
			"scale": [1.17, 1.17, 1.17]
		},
		"firstperson_righthand": {
			"rotation": [81, -18.75, 1.75],
			"translation": [-0.75, 4.25, 9.5],
			"scale": [1.17, 1.17, 1.17]
		},
		"firstperson_lefthand": {
			"rotation": [81, -18.75, 1.75],
			"translation": [-0.75, 4.25, 9.5],
			"scale": [1.17, 1.17, 1.17]
		},
		"ground": {
			"rotation": [81, -18.75, 1.75],
			"translation": [-0.75, 4.25, 9.5],
			"scale": [1.17, 1.17, 1.17]
		},
		"gui": {
			"rotation": [90, 0, 0],
			"translation": [0, 0, 17.5],
			"scale": [1.06, 1.06, 1.06]
		},
		"head": {
			"rotation": [81, -18.75, 1.75],
			"translation": [-0.75, 11.25, 14],
			"scale": [1.17, 1.17, 1.17]
		},
		"fixed": {
			"rotation": [90, 0, 0],
			"translation": [-0.5, 0.25, 9.75],
			"scale": [1.28, 1.28, 1.28]
		}
	},
	"groups": [
		{
			"name": "rouninaji",
			"origin": [8, 8, 8],
			"children": [0, 1, 2, 3, 4, 5, 6, 7, 8, 9, 10, 11, 12, 13, 14, 15, 16, 17, 18, 19, 20, 21, 22, 23, 24, 25, 26, 27, 28, 29, 30, 31, 32, 33, 34, 35, 36, 37, 38, 39, 40, 41, 42, 43, 44, 45, 46, 47, 48, 49, 50, 51, 52, 53, 54, 55, 56, 57, 58, 59, 60, 61]
		}
	]
}