{
	"credit": "Made with Blockbench",
	"textures": {
		"5": "fish/saba",
		"particle": "fish/isidai"
	},
	"elements": [
		{
			"name": "saba_0",
			"from": [8.5, 0, 5.25],
			"to": [9, 0.25, 11],
			"faces": {
				"north": {"uv": [9, 5.25, 8.5, 5.5], "texture": "#5"},
				"east": {"uv": [8.75, 5.25, 9, 11], "rotation": 90, "texture": "#5"},
				"south": {"uv": [8.5, 10.75, 9, 11], "texture": "#5"},
				"west": {"uv": [8.5, 5.25, 8.75, 11], "rotation": 270, "texture": "#5"},
				"up": {"uv": [8.5, 5.25, 9, 11], "texture": "#5"},
				"down": {"uv": [8.5, 11, 9, 5.25], "texture": "#5"}
			}
		},
		{
			"name": "saba_1",
			"from": [8, 0, 5.5],
			"to": [8.5, 0.25, 10.5],
			"faces": {
				"north": {"uv": [8.5, 5.5, 8, 5.75], "texture": "#5"},
				"east": {"uv": [8.25, 5.5, 8.5, 10.5], "rotation": 90, "texture": "#5"},
				"south": {"uv": [8, 10.25, 8.5, 10.5], "texture": "#5"},
				"west": {"uv": [8, 5.5, 8.25, 10.5], "rotation": 270, "texture": "#5"},
				"up": {"uv": [8, 5.5, 8.5, 10.5], "texture": "#5"},
				"down": {"uv": [8, 10.5, 8.5, 5.5], "texture": "#5"}
			}
		},
		{
			"name": "saba_2",
			"from": [9, 0, 5.5],
			"to": [9.25, 0.25, 11],
			"faces": {
				"north": {"uv": [9.25, 5.5, 9, 5.75], "texture": "#5"},
				"east": {"uv": [9, 5.5, 9.25, 11], "rotation": 90, "texture": "#5"},
				"south": {"uv": [9, 10.75, 9.25, 11], "texture": "#5"},
				"west": {"uv": [9, 5.5, 9.25, 11], "rotation": 270, "texture": "#5"},
				"up": {"uv": [9, 5.5, 9.25, 11], "texture": "#5"},
				"down": {"uv": [9, 11, 9.25, 5.5], "texture": "#5"}
			}
		},
		{
			"name": "saba_3",
			"from": [5.75, 0, 5.75],
			"to": [6.25, 0.25, 10.25],
			"faces": {
				"north": {"uv": [6.25, 5.75, 5.75, 6], "texture": "#5"},
				"east": {"uv": [6, 5.75, 6.25, 10.25], "rotation": 90, "texture": "#5"},
				"south": {"uv": [5.75, 10, 6.25, 10.25], "texture": "#5"},
				"west": {"uv": [5.75, 5.75, 6, 10.25], "rotation": 270, "texture": "#5"},
				"up": {"uv": [5.75, 5.75, 6.25, 10.25], "texture": "#5"},
				"down": {"uv": [5.75, 10.25, 6.25, 5.75], "texture": "#5"}
			}
		},
		{
			"name": "saba_4",
			"from": [7.5, 0, 5.75],
			"to": [8, 0.25, 10.25],
			"faces": {
				"north": {"uv": [8, 5.75, 7.5, 6], "texture": "#5"},
				"east": {"uv": [7.75, 5.75, 8, 10.25], "rotation": 90, "texture": "#5"},
				"south": {"uv": [7.5, 10, 8, 10.25], "texture": "#5"},
				"west": {"uv": [7.5, 5.75, 7.75, 10.25], "rotation": 270, "texture": "#5"},
				"up": {"uv": [7.5, 5.75, 8, 10.25], "texture": "#5"},
				"down": {"uv": [7.5, 10.25, 8, 5.75], "texture": "#5"}
			}
		},
		{
			"name": "saba_5",
			"from": [5.25, 0, 6],
			"to": [5.75, 0.25, 10.25],
			"faces": {
				"north": {"uv": [5.75, 6, 5.25, 6.25], "texture": "#5"},
				"east": {"uv": [5.5, 6, 5.75, 10.25], "rotation": 90, "texture": "#5"},
				"south": {"uv": [5.25, 10, 5.75, 10.25], "texture": "#5"},
				"west": {"uv": [5.25, 6, 5.5, 10.25], "rotation": 270, "texture": "#5"},
				"up": {"uv": [5.25, 6, 5.75, 10.25], "texture": "#5"},
				"down": {"uv": [5.25, 10.25, 5.75, 6], "texture": "#5"}
			}
		},
		{
			"name": "saba_6",
			"from": [6.25, 0, 6],
			"to": [6.5, 0.25, 10.25],
			"faces": {
				"north": {"uv": [6.5, 6, 6.25, 6.25], "texture": "#5"},
				"east": {"uv": [6.25, 6, 6.5, 10.25], "rotation": 90, "texture": "#5"},
				"south": {"uv": [6.25, 10, 6.5, 10.25], "texture": "#5"},
				"west": {"uv": [6.25, 6, 6.5, 10.25], "rotation": 270, "texture": "#5"},
				"up": {"uv": [6.25, 6, 6.5, 10.25], "texture": "#5"},
				"down": {"uv": [6.25, 10.25, 6.5, 6], "texture": "#5"}
			}
		},
		{
			"name": "saba_7",
			"from": [7.25, 0, 6],
			"to": [7.5, 0.25, 10.25],
			"faces": {
				"north": {"uv": [7.5, 6, 7.25, 6.25], "texture": "#5"},
				"east": {"uv": [7.25, 6, 7.5, 10.25], "rotation": 90, "texture": "#5"},
				"south": {"uv": [7.25, 10, 7.5, 10.25], "texture": "#5"},
				"west": {"uv": [7.25, 6, 7.5, 10.25], "rotation": 270, "texture": "#5"},
				"up": {"uv": [7.25, 6, 7.5, 10.25], "texture": "#5"},
				"down": {"uv": [7.25, 10.25, 7.5, 6], "texture": "#5"}
			}
		},
		{
			"name": "saba_8",
			"from": [9.25, 0, 6],
			"to": [9.5, 0.25, 10.75],
			"faces": {
				"north": {"uv": [9.5, 6, 9.25, 6.25], "texture": "#5"},
				"east": {"uv": [9.25, 6, 9.5, 10.75], "rotation": 90, "texture": "#5"},
				"south": {"uv": [9.25, 10.5, 9.5, 10.75], "texture": "#5"},
				"west": {"uv": [9.25, 6, 9.5, 10.75], "rotation": 270, "texture": "#5"},
				"up": {"uv": [9.25, 6, 9.5, 10.75], "texture": "#5"},
				"down": {"uv": [9.25, 10.75, 9.5, 6], "texture": "#5"}
			}
		},
		{
			"name": "saba_9",
			"from": [15, 0, 6],
			"to": [15.25, 0.25, 7.5],
			"faces": {
				"north": {"uv": [15.25, 6, 15, 6.25], "texture": "#5"},
				"east": {"uv": [15, 6, 15.25, 7.5], "rotation": 90, "texture": "#5"},
				"south": {"uv": [15, 7.25, 15.25, 7.5], "texture": "#5"},
				"west": {"uv": [15, 6, 15.25, 7.5], "rotation": 270, "texture": "#5"},
				"up": {"uv": [15, 6, 15.25, 7.5], "texture": "#5"},
				"down": {"uv": [15, 7.5, 15.25, 6], "texture": "#5"}
			}
		},
		{
			"name": "saba_10",
			"from": [4.5, 0, 6.25],
			"to": [5.25, 0.25, 10.25],
			"faces": {
				"north": {"uv": [5.25, 6.25, 4.5, 6.5], "texture": "#5"},
				"east": {"uv": [5, 6.25, 5.25, 10.25], "rotation": 90, "texture": "#5"},
				"south": {"uv": [4.5, 10, 5.25, 10.25], "texture": "#5"},
				"west": {"uv": [4.5, 6.25, 4.75, 10.25], "rotation": 270, "texture": "#5"},
				"up": {"uv": [4.5, 6.25, 5.25, 10.25], "texture": "#5"},
				"down": {"uv": [4.5, 10.25, 5.25, 6.25], "texture": "#5"}
			}
		},
		{
			"name": "saba_11",
			"from": [6.5, 0, 6.25],
			"to": [7.25, 0.25, 10.25],
			"faces": {
				"north": {"uv": [7.25, 6.25, 6.5, 6.5], "texture": "#5"},
				"east": {"uv": [7, 6.25, 7.25, 10.25], "rotation": 90, "texture": "#5"},
				"south": {"uv": [6.5, 10, 7.25, 10.25], "texture": "#5"},
				"west": {"uv": [6.5, 6.25, 6.75, 10.25], "rotation": 270, "texture": "#5"},
				"up": {"uv": [6.5, 6.25, 7.25, 10.25], "texture": "#5"},
				"down": {"uv": [6.5, 10.25, 7.25, 6.25], "texture": "#5"}
			}
		},
		{
			"name": "saba_12",
			"from": [9.5, 0, 6.25],
			"to": [9.75, 0.25, 10.5],
			"faces": {
				"north": {"uv": [9.75, 6.25, 9.5, 6.5], "texture": "#5"},
				"east": {"uv": [9.5, 6.25, 9.75, 10.5], "rotation": 90, "texture": "#5"},
				"south": {"uv": [9.5, 10.25, 9.75, 10.5], "texture": "#5"},
				"west": {"uv": [9.5, 6.25, 9.75, 10.5], "rotation": 270, "texture": "#5"},
				"up": {"uv": [9.5, 6.25, 9.75, 10.5], "texture": "#5"},
				"down": {"uv": [9.5, 10.5, 9.75, 6.25], "texture": "#5"}
			}
		},
		{
			"name": "saba_13",
			"from": [14.75, 0, 6.25],
			"to": [15, 0.25, 7.75],
			"faces": {
				"north": {"uv": [15, 6.25, 14.75, 6.5], "texture": "#5"},
				"east": {"uv": [14.75, 6.25, 15, 7.75], "rotation": 90, "texture": "#5"},
				"south": {"uv": [14.75, 7.5, 15, 7.75], "texture": "#5"},
				"west": {"uv": [14.75, 6.25, 15, 7.75], "rotation": 270, "texture": "#5"},
				"up": {"uv": [14.75, 6.25, 15, 7.75], "texture": "#5"},
				"down": {"uv": [14.75, 7.75, 15, 6.25], "texture": "#5"}
			}
		},
		{
			"name": "saba_14",
			"from": [15.25, 0, 6.25],
			"to": [15.5, 0.25, 7.25],
			"faces": {
				"north": {"uv": [15.5, 6.25, 15.25, 6.5], "texture": "#5"},
				"east": {"uv": [15.25, 6.25, 15.5, 7.25], "rotation": 90, "texture": "#5"},
				"south": {"uv": [15.25, 7, 15.5, 7.25], "texture": "#5"},
				"west": {"uv": [15.25, 6.25, 15.5, 7.25], "rotation": 270, "texture": "#5"},
				"up": {"uv": [15.25, 6.25, 15.5, 7.25], "texture": "#5"},
				"down": {"uv": [15.25, 7.25, 15.5, 6.25], "texture": "#5"}
			}
		},
		{
			"name": "saba_15",
			"from": [3.75, 0, 6.5],
			"to": [4.5, 0.25, 10.25],
			"faces": {
				"north": {"uv": [4.5, 6.5, 3.75, 6.75], "texture": "#5"},
				"east": {"uv": [4.25, 6.5, 4.5, 10.25], "rotation": 90, "texture": "#5"},
				"south": {"uv": [3.75, 10, 4.5, 10.25], "texture": "#5"},
				"west": {"uv": [3.75, 6.5, 4, 10.25], "rotation": 270, "texture": "#5"},
				"up": {"uv": [3.75, 6.5, 4.5, 10.25], "texture": "#5"},
				"down": {"uv": [3.75, 10.25, 4.5, 6.5], "texture": "#5"}
			}
		},
		{
			"name": "saba_16",
			"from": [9.75, 0, 6.5],
			"to": [10, 0.25, 10.25],
			"faces": {
				"north": {"uv": [10, 6.5, 9.75, 6.75], "texture": "#5"},
				"east": {"uv": [9.75, 6.5, 10, 10.25], "rotation": 90, "texture": "#5"},
				"south": {"uv": [9.75, 10, 10, 10.25], "texture": "#5"},
				"west": {"uv": [9.75, 6.5, 10, 10.25], "rotation": 270, "texture": "#5"},
				"up": {"uv": [9.75, 6.5, 10, 10.25], "texture": "#5"},
				"down": {"uv": [9.75, 10.25, 10, 6.5], "texture": "#5"}
			}
		},
		{
			"name": "saba_17",
			"from": [14.5, 0, 6.5],
			"to": [14.75, 0.25, 8.25],
			"faces": {
				"north": {"uv": [14.75, 6.5, 14.5, 6.75], "texture": "#5"},
				"east": {"uv": [14.5, 6.5, 14.75, 8.25], "rotation": 90, "texture": "#5"},
				"south": {"uv": [14.5, 8, 14.75, 8.25], "texture": "#5"},
				"west": {"uv": [14.5, 6.5, 14.75, 8.25], "rotation": 270, "texture": "#5"},
				"up": {"uv": [14.5, 6.5, 14.75, 8.25], "texture": "#5"},
				"down": {"uv": [14.5, 8.25, 14.75, 6.5], "texture": "#5"}
			}
		},
		{
			"name": "saba_18",
			"from": [3, 0, 6.75],
			"to": [3.75, 0.25, 10],
			"faces": {
				"north": {"uv": [3.75, 6.75, 3, 7], "texture": "#5"},
				"east": {"uv": [3.5, 6.75, 3.75, 10], "rotation": 90, "texture": "#5"},
				"south": {"uv": [3, 9.75, 3.75, 10], "texture": "#5"},
				"west": {"uv": [3, 6.75, 3.25, 10], "rotation": 270, "texture": "#5"},
				"up": {"uv": [3, 6.75, 3.75, 10], "texture": "#5"},
				"down": {"uv": [3, 10, 3.75, 6.75], "texture": "#5"}
			}
		},
		{
			"name": "saba_19",
			"from": [10, 0, 6.75],
			"to": [10.5, 0.25, 9.75],
			"faces": {
				"north": {"uv": [10.5, 6.75, 10, 7], "texture": "#5"},
				"east": {"uv": [10.25, 6.75, 10.5, 9.75], "rotation": 90, "texture": "#5"},
				"south": {"uv": [10, 9.5, 10.5, 9.75], "texture": "#5"},
				"west": {"uv": [10, 6.75, 10.25, 9.75], "rotation": 270, "texture": "#5"},
				"up": {"uv": [10, 6.75, 10.5, 9.75], "texture": "#5"},
				"down": {"uv": [10, 9.75, 10.5, 6.75], "texture": "#5"}
			}
		},
		{
			"name": "saba_20",
			"from": [14.25, 0, 6.75],
			"to": [14.5, 0.25, 10.25],
			"faces": {
				"north": {"uv": [14.5, 6.75, 14.25, 7], "texture": "#5"},
				"east": {"uv": [14.25, 6.75, 14.5, 10.25], "rotation": 90, "texture": "#5"},
				"south": {"uv": [14.25, 10, 14.5, 10.25], "texture": "#5"},
				"west": {"uv": [14.25, 6.75, 14.5, 10.25], "rotation": 270, "texture": "#5"},
				"up": {"uv": [14.25, 6.75, 14.5, 10.25], "texture": "#5"},
				"down": {"uv": [14.25, 10.25, 14.5, 6.75], "texture": "#5"}
			}
		},
		{
			"name": "saba_21",
			"from": [2.25, 0, 7],
			"to": [3, 0.25, 9.75],
			"faces": {
				"north": {"uv": [3, 7, 2.25, 7.25], "texture": "#5"},
				"east": {"uv": [2.75, 7, 3, 9.75], "rotation": 90, "texture": "#5"},
				"south": {"uv": [2.25, 9.5, 3, 9.75], "texture": "#5"},
				"west": {"uv": [2.25, 7, 2.5, 9.75], "rotation": 270, "texture": "#5"},
				"up": {"uv": [2.25, 7, 3, 9.75], "texture": "#5"},
				"down": {"uv": [2.25, 9.75, 3, 7], "texture": "#5"}
			}
		},
		{
			"name": "saba_22",
			"from": [10.5, 0, 7],
			"to": [11.25, 0.25, 9.5],
			"faces": {
				"north": {"uv": [11.25, 7, 10.5, 7.25], "texture": "#5"},
				"east": {"uv": [11, 7, 11.25, 9.5], "rotation": 90, "texture": "#5"},
				"south": {"uv": [10.5, 9.25, 11.25, 9.5], "texture": "#5"},
				"west": {"uv": [10.5, 7, 10.75, 9.5], "rotation": 270, "texture": "#5"},
				"up": {"uv": [10.5, 7, 11.25, 9.5], "texture": "#5"},
				"down": {"uv": [10.5, 9.5, 11.25, 7], "texture": "#5"}
			}
		},
		{
			"name": "saba_23",
			"from": [14, 0, 7],
			"to": [14.25, 0.25, 10],
			"faces": {
				"north": {"uv": [14.25, 7, 14, 7.25], "texture": "#5"},
				"east": {"uv": [14, 7, 14.25, 10], "rotation": 90, "texture": "#5"},
				"south": {"uv": [14, 9.75, 14.25, 10], "texture": "#5"},
				"west": {"uv": [14, 7, 14.25, 10], "rotation": 270, "texture": "#5"},
				"up": {"uv": [14, 7, 14.25, 10], "texture": "#5"},
				"down": {"uv": [14, 10, 14.25, 7], "texture": "#5"}
			}
		},
		{
			"name": "saba_24",
			"from": [1.75, 0, 7.25],
			"to": [2.25, 0.25, 9.75],
			"faces": {
				"north": {"uv": [2.25, 7.25, 1.75, 7.5], "texture": "#5"},
				"east": {"uv": [2, 7.25, 2.25, 9.75], "rotation": 90, "texture": "#5"},
				"south": {"uv": [1.75, 9.5, 2.25, 9.75], "texture": "#5"},
				"west": {"uv": [1.75, 7.25, 2, 9.75], "rotation": 270, "texture": "#5"},
				"up": {"uv": [1.75, 7.25, 2.25, 9.75], "texture": "#5"},
				"down": {"uv": [1.75, 9.75, 2.25, 7.25], "texture": "#5"}
			}
		},
		{
			"name": "saba_25",
			"from": [11.25, 0, 7.25],
			"to": [11.75, 0.25, 9.25],
			"faces": {
				"north": {"uv": [11.75, 7.25, 11.25, 7.5], "texture": "#5"},
				"east": {"uv": [11.5, 7.25, 11.75, 9.25], "rotation": 90, "texture": "#5"},
				"south": {"uv": [11.25, 9, 11.75, 9.25], "texture": "#5"},
				"west": {"uv": [11.25, 7.25, 11.5, 9.25], "rotation": 270, "texture": "#5"},
				"up": {"uv": [11.25, 7.25, 11.75, 9.25], "texture": "#5"},
				"down": {"uv": [11.25, 9.25, 11.75, 7.25], "texture": "#5"}
			}
		},
		{
			"name": "saba_26",
			"from": [13.75, 0, 7.25],
			"to": [14, 0.25, 9.75],
			"faces": {
				"north": {"uv": [14, 7.25, 13.75, 7.5], "texture": "#5"},
				"east": {"uv": [13.75, 7.25, 14, 9.75], "rotation": 90, "texture": "#5"},
				"south": {"uv": [13.75, 9.5, 14, 9.75], "texture": "#5"},
				"west": {"uv": [13.75, 7.25, 14, 9.75], "rotation": 270, "texture": "#5"},
				"up": {"uv": [13.75, 7.25, 14, 9.75], "texture": "#5"},
				"down": {"uv": [13.75, 9.75, 14, 7.25], "texture": "#5"}
			}
		},
		{
			"name": "saba_27",
			"from": [1.25, 0, 7.5],
			"to": [1.75, 0.25, 9.5],
			"faces": {
				"north": {"uv": [1.75, 7.5, 1.25, 7.75], "texture": "#5"},
				"east": {"uv": [1.5, 7.5, 1.75, 9.5], "rotation": 90, "texture": "#5"},
				"south": {"uv": [1.25, 9.25, 1.75, 9.5], "texture": "#5"},
				"west": {"uv": [1.25, 7.5, 1.5, 9.5], "rotation": 270, "texture": "#5"},
				"up": {"uv": [1.25, 7.5, 1.75, 9.5], "texture": "#5"},
				"down": {"uv": [1.25, 9.5, 1.75, 7.5], "texture": "#5"}
			}
		},
		{
			"name": "saba_28",
			"from": [11.75, 0, 7.5],
			"to": [12, 0.25, 9],
			"faces": {
				"north": {"uv": [12, 7.5, 11.75, 7.75], "texture": "#5"},
				"east": {"uv": [11.75, 7.5, 12, 9], "rotation": 90, "texture": "#5"},
				"south": {"uv": [11.75, 8.75, 12, 9], "texture": "#5"},
				"west": {"uv": [11.75, 7.5, 12, 9], "rotation": 270, "texture": "#5"},
				"up": {"uv": [11.75, 7.5, 12, 9], "texture": "#5"},
				"down": {"uv": [11.75, 9, 12, 7.5], "texture": "#5"}
			}
		},
		{
			"name": "saba_29",
			"from": [13.5, 0, 7.5],
			"to": [13.75, 0.25, 9.5],
			"faces": {
				"north": {"uv": [13.75, 7.5, 13.5, 7.75], "texture": "#5"},
				"east": {"uv": [13.5, 7.5, 13.75, 9.5], "rotation": 90, "texture": "#5"},
				"south": {"uv": [13.5, 9.25, 13.75, 9.5], "texture": "#5"},
				"west": {"uv": [13.5, 7.5, 13.75, 9.5], "rotation": 270, "texture": "#5"},
				"up": {"uv": [13.5, 7.5, 13.75, 9.5], "texture": "#5"},
				"down": {"uv": [13.5, 9.5, 13.75, 7.5], "texture": "#5"}
			}
		},
		{
			"name": "saba_30",
			"from": [1, 0, 7.75],
			"to": [1.25, 0.25, 9.25],
			"faces": {
				"north": {"uv": [1.25, 7.75, 1, 8], "texture": "#5"},
				"east": {"uv": [1, 7.75, 1.25, 9.25], "rotation": 90, "texture": "#5"},
				"south": {"uv": [1, 9, 1.25, 9.25], "texture": "#5"},
				"west": {"uv": [1, 7.75, 1.25, 9.25], "rotation": 270, "texture": "#5"},
				"up": {"uv": [1, 7.75, 1.25, 9.25], "texture": "#5"},
				"down": {"uv": [1, 9.25, 1.25, 7.75], "texture": "#5"}
			}
		},
		{
			"name": "saba_31",
			"from": [12, 0, 7.75],
			"to": [13.5, 0.25, 9],
			"faces": {
				"north": {"uv": [13.5, 7.75, 12, 8], "texture": "#5"},
				"east": {"uv": [13.25, 7.75, 13.5, 9], "rotation": 90, "texture": "#5"},
				"south": {"uv": [12, 8.75, 13.5, 9], "texture": "#5"},
				"west": {"uv": [12, 7.75, 12.25, 9], "rotation": 270, "texture": "#5"},
				"up": {"uv": [12, 7.75, 13.5, 9], "texture": "#5"},
				"down": {"uv": [12, 9, 13.5, 7.75], "texture": "#5"}
			}
		},
		{
			"name": "saba_32",
			"from": [0.75, 0, 8],
			"to": [1, 0.25, 9.25],
			"faces": {
				"north": {"uv": [1, 8, 0.75, 8.25], "texture": "#5"},
				"east": {"uv": [0.75, 8, 1, 9.25], "rotation": 90, "texture": "#5"},
				"south": {"uv": [0.75, 9, 1, 9.25], "texture": "#5"},
				"west": {"uv": [0.75, 8, 1, 9.25], "rotation": 270, "texture": "#5"},
				"up": {"uv": [0.75, 8, 1, 9.25], "texture": "#5"},
				"down": {"uv": [0.75, 9.25, 1, 8], "texture": "#5"}
			}
		},
		{
			"name": "saba_33",
			"from": [0.5, 0, 8.25],
			"to": [0.75, 0.25, 9],
			"faces": {
				"north": {"uv": [0.75, 8.25, 0.5, 8.5], "texture": "#5"},
				"east": {"uv": [0.5, 8.25, 0.75, 9], "rotation": 90, "texture": "#5"},
				"south": {"uv": [0.5, 8.75, 0.75, 9], "texture": "#5"},
				"west": {"uv": [0.5, 8.25, 0.75, 9], "rotation": 270, "texture": "#5"},
				"up": {"uv": [0.5, 8.25, 0.75, 9], "texture": "#5"},
				"down": {"uv": [0.5, 9, 0.75, 8.25], "texture": "#5"}
			}
		},
		{
			"name": "saba_34",
			"from": [0.25, 0, 8.5],
			"to": [0.5, 0.25, 8.75],
			"faces": {
				"north": {"uv": [0.5, 8.5, 0.25, 8.75], "texture": "#5"},
				"east": {"uv": [0.25, 8.5, 0.5, 8.75], "rotation": 90, "texture": "#5"},
				"south": {"uv": [0.25, 8.5, 0.5, 8.75], "texture": "#5"},
				"west": {"uv": [0.25, 8.5, 0.5, 8.75], "rotation": 270, "texture": "#5"},
				"up": {"uv": [0.25, 8.5, 0.5, 8.75], "texture": "#5"},
				"down": {"uv": [0.25, 8.75, 0.5, 8.5], "texture": "#5"}
			}
		},
		{
			"name": "saba_35",
			"from": [14.5, 0, 8.75],
			"to": [14.75, 0.25, 10.5],
			"faces": {
				"north": {"uv": [14.75, 8.75, 14.5, 9], "texture": "#5"},
				"east": {"uv": [14.5, 8.75, 14.75, 10.5], "rotation": 90, "texture": "#5"},
				"south": {"uv": [14.5, 10.25, 14.75, 10.5], "texture": "#5"},
				"west": {"uv": [14.5, 8.75, 14.75, 10.5], "rotation": 270, "texture": "#5"},
				"up": {"uv": [14.5, 8.75, 14.75, 10.5], "texture": "#5"},
				"down": {"uv": [14.5, 10.5, 14.75, 8.75], "texture": "#5"}
			}
		},
		{
			"name": "saba_36",
			"from": [13.25, 0, 9],
			"to": [13.5, 0.25, 9.25],
			"faces": {
				"north": {"uv": [13.5, 9, 13.25, 9.25], "texture": "#5"},
				"east": {"uv": [13.25, 9, 13.5, 9.25], "rotation": 90, "texture": "#5"},
				"south": {"uv": [13.25, 9, 13.5, 9.25], "texture": "#5"},
				"west": {"uv": [13.25, 9, 13.5, 9.25], "rotation": 270, "texture": "#5"},
				"up": {"uv": [13.25, 9, 13.5, 9.25], "texture": "#5"},
				"down": {"uv": [13.25, 9.25, 13.5, 9], "texture": "#5"}
			}
		},
		{
			"name": "saba_37",
			"from": [14.75, 0, 9.25],
			"to": [15, 0.25, 10.75],
			"faces": {
				"north": {"uv": [15, 9.25, 14.75, 9.5], "texture": "#5"},
				"east": {"uv": [14.75, 9.25, 15, 10.75], "rotation": 90, "texture": "#5"},
				"south": {"uv": [14.75, 10.5, 15, 10.75], "texture": "#5"},
				"west": {"uv": [14.75, 9.25, 15, 10.75], "rotation": 270, "texture": "#5"},
				"up": {"uv": [14.75, 9.25, 15, 10.75], "texture": "#5"},
				"down": {"uv": [14.75, 10.75, 15, 9.25], "texture": "#5"}
			}
		},
		{
			"name": "saba_38",
			"from": [10.5, 0, 9.5],
			"to": [10.75, 0.25, 9.75],
			"faces": {
				"north": {"uv": [10.75, 9.5, 10.5, 9.75], "texture": "#5"},
				"east": {"uv": [10.5, 9.5, 10.75, 9.75], "rotation": 90, "texture": "#5"},
				"south": {"uv": [10.5, 9.5, 10.75, 9.75], "texture": "#5"},
				"west": {"uv": [10.5, 9.5, 10.75, 9.75], "rotation": 270, "texture": "#5"},
				"up": {"uv": [10.5, 9.5, 10.75, 9.75], "texture": "#5"},
				"down": {"uv": [10.5, 9.75, 10.75, 9.5], "texture": "#5"}
			}
		},
		{
			"name": "saba_39",
			"from": [15, 0, 9.5],
			"to": [15.25, 0.25, 10.75],
			"faces": {
				"north": {"uv": [15.25, 9.5, 15, 9.75], "texture": "#5"},
				"east": {"uv": [15, 9.5, 15.25, 10.75], "rotation": 90, "texture": "#5"},
				"south": {"uv": [15, 10.5, 15.25, 10.75], "texture": "#5"},
				"west": {"uv": [15, 9.5, 15.25, 10.75], "rotation": 270, "texture": "#5"},
				"up": {"uv": [15, 9.5, 15.25, 10.75], "texture": "#5"},
				"down": {"uv": [15, 10.75, 15.25, 9.5], "texture": "#5"}
			}
		},
		{
			"name": "saba_40",
			"from": [2.75, 0, 9.75],
			"to": [3, 0.25, 10],
			"faces": {
				"north": {"uv": [3, 9.75, 2.75, 10], "texture": "#5"},
				"east": {"uv": [2.75, 9.75, 3, 10], "rotation": 90, "texture": "#5"},
				"south": {"uv": [2.75, 9.75, 3, 10], "texture": "#5"},
				"west": {"uv": [2.75, 9.75, 3, 10], "rotation": 270, "texture": "#5"},
				"up": {"uv": [2.75, 9.75, 3, 10], "texture": "#5"},
				"down": {"uv": [2.75, 10, 3, 9.75], "texture": "#5"}
			}
		},
		{
			"name": "saba_41",
			"from": [10, 0, 9.75],
			"to": [10.25, 0.25, 10],
			"faces": {
				"north": {"uv": [10.25, 9.75, 10, 10], "texture": "#5"},
				"east": {"uv": [10, 9.75, 10.25, 10], "rotation": 90, "texture": "#5"},
				"south": {"uv": [10, 9.75, 10.25, 10], "texture": "#5"},
				"west": {"uv": [10, 9.75, 10.25, 10], "rotation": 270, "texture": "#5"},
				"up": {"uv": [10, 9.75, 10.25, 10], "texture": "#5"},
				"down": {"uv": [10, 10, 10.25, 9.75], "texture": "#5"}
			}
		},
		{
			"name": "saba_42",
			"from": [15.25, 0, 9.75],
			"to": [15.5, 0.25, 10.5],
			"faces": {
				"north": {"uv": [15.5, 9.75, 15.25, 10], "texture": "#5"},
				"east": {"uv": [15.25, 9.75, 15.5, 10.5], "rotation": 90, "texture": "#5"},
				"south": {"uv": [15.25, 10.25, 15.5, 10.5], "texture": "#5"},
				"west": {"uv": [15.25, 9.75, 15.5, 10.5], "rotation": 270, "texture": "#5"},
				"up": {"uv": [15.25, 9.75, 15.5, 10.5], "texture": "#5"},
				"down": {"uv": [15.25, 10.5, 15.5, 9.75], "texture": "#5"}
			}
		},
		{
			"name": "saba_43",
			"from": [3.5, 0, 10],
			"to": [3.75, 0.25, 10.25],
			"faces": {
				"north": {"uv": [3.75, 10, 3.5, 10.25], "texture": "#5"},
				"east": {"uv": [3.5, 10, 3.75, 10.25], "rotation": 90, "texture": "#5"},
				"south": {"uv": [3.5, 10, 3.75, 10.25], "texture": "#5"},
				"west": {"uv": [3.5, 10, 3.75, 10.25], "rotation": 270, "texture": "#5"},
				"up": {"uv": [3.5, 10, 3.75, 10.25], "texture": "#5"},
				"down": {"uv": [3.5, 10.25, 3.75, 10], "texture": "#5"}
			}
		},
		{
			"name": "saba_44",
			"from": [8.25, 0, 10.5],
			"to": [8.5, 0.25, 10.75],
			"faces": {
				"north": {"uv": [8.5, 10.5, 8.25, 10.75], "texture": "#5"},
				"east": {"uv": [8.25, 10.5, 8.5, 10.75], "rotation": 90, "texture": "#5"},
				"south": {"uv": [8.25, 10.5, 8.5, 10.75], "texture": "#5"},
				"west": {"uv": [8.25, 10.5, 8.5, 10.75], "rotation": 270, "texture": "#5"},
				"up": {"uv": [8.25, 10.5, 8.5, 10.75], "texture": "#5"},
				"down": {"uv": [8.25, 10.75, 8.5, 10.5], "texture": "#5"}
			}
		}
	],
	"gui_light": "front",
	"display": {
		"thirdperson_righthand": {
			"rotation": [81, -2.75, 1.75],
			"translation": [-1, 1.75, 4.75],
			"scale": [0.5, 0.5, 0.5]
		},
		"thirdperson_lefthand": {
			"rotation": [81, -2.75, 1.75],
			"translation": [-1, 1.75, 4.75],
			"scale": [0.5, 0.5, 0.5]
		},
		"firstperson_righthand": {
			"rotation": [81, -2.75, 1.75],
			"translation": [-1, 1.75, 4.75],
			"scale": [0.5, 0.5, 0.5]
		},
		"firstperson_lefthand": {
			"rotation": [81, -2.75, 1.75],
			"translation": [-1, 1.75, 4.75],
			"scale": [0.5, 0.5, 0.5]
		},
		"ground": {
			"rotation": [81, -2.75, 1.75],
			"translation": [-1, 1.75, 4.75],
			"scale": [0.5, 0.5, 0.5]
		},
		"gui": {
			"rotation": [90, 0, 0],
			"translation": [0, 0, 17.5],
			"scale": [1.06, 1.06, 1.06]
		},
		"head": {
			"rotation": [81, -2.75, 1.75],
			"translation": [-1, 8.25, 9.75],
			"scale": [0.5, 0.5, 0.5]
		},
		"fixed": {
			"rotation": [90, 0, 0],
			"translation": [-0.5, 0.25, 9.75],
			"scale": [1.28, 1.28, 1.28]
		}
	},
	"groups": [
		{
			"name": "saba",
			"origin": [8, 8, 8],
			"children": [0, 1, 2, 3, 4, 5, 6, 7, 8, 9, 10, 11, 12, 13, 14, 15, 16, 17, 18, 19, 20, 21, 22, 23, 24, 25, 26, 27, 28, 29, 30, 31, 32, 33, 34, 35, 36, 37, 38, 39, 40, 41, 42, 43, 44]
		}
	]
}