{
	"credit": "Made with Blockbench",
	"textures": {
		"0": "fish/sake",
		"particle": "fish/sake"
	},
	"elements": [
		{
			"name": "sake_0",
			"from": [8.75, 0, 5],
			"to": [9.25, 0.25, 10.5],
			"faces": {
				"north": {"uv": [9.25, 5, 8.75, 5.25], "texture": "#0"},
				"east": {"uv": [9, 5, 9.25, 10.5], "rotation": 90, "texture": "#0"},
				"south": {"uv": [8.75, 10.25, 9.25, 10.5], "texture": "#0"},
				"west": {"uv": [8.75, 5, 9, 10.5], "rotation": 270, "texture": "#0"},
				"up": {"uv": [8.75, 5, 9.25, 10.5], "texture": "#0"},
				"down": {"uv": [8.75, 10.5, 9.25, 5], "texture": "#0"}
			}
		},
		{
			"name": "sake_1",
			"from": [8.5, 0, 5.25],
			"to": [8.75, 0.25, 10.25],
			"faces": {
				"north": {"uv": [8.75, 5.25, 8.5, 5.5], "texture": "#0"},
				"east": {"uv": [8.5, 5.25, 8.75, 10.25], "rotation": 90, "texture": "#0"},
				"south": {"uv": [8.5, 10, 8.75, 10.25], "texture": "#0"},
				"west": {"uv": [8.5, 5.25, 8.75, 10.25], "rotation": 270, "texture": "#0"},
				"up": {"uv": [8.5, 5.25, 8.75, 10.25], "texture": "#0"},
				"down": {"uv": [8.5, 10.25, 8.75, 5.25], "texture": "#0"}
			}
		},
		{
			"name": "sake_2",
			"from": [9.25, 0, 5.25],
			"to": [9.5, 0.25, 10.5],
			"faces": {
				"north": {"uv": [9.5, 5.25, 9.25, 5.5], "texture": "#0"},
				"east": {"uv": [9.25, 5.25, 9.5, 10.5], "rotation": 90, "texture": "#0"},
				"south": {"uv": [9.25, 10.25, 9.5, 10.5], "texture": "#0"},
				"west": {"uv": [9.25, 5.25, 9.5, 10.5], "rotation": 270, "texture": "#0"},
				"up": {"uv": [9.25, 5.25, 9.5, 10.5], "texture": "#0"},
				"down": {"uv": [9.25, 10.5, 9.5, 5.25], "texture": "#0"}
			}
		},
		{
			"name": "sake_3",
			"from": [8, 0, 5.5],
			"to": [8.5, 0.25, 9.75],
			"faces": {
				"north": {"uv": [8.5, 5.5, 8, 5.75], "texture": "#0"},
				"east": {"uv": [8.25, 5.5, 8.5, 9.75], "rotation": 90, "texture": "#0"},
				"south": {"uv": [8, 9.5, 8.5, 9.75], "texture": "#0"},
				"west": {"uv": [8, 5.5, 8.25, 9.75], "rotation": 270, "texture": "#0"},
				"up": {"uv": [8, 5.5, 8.5, 9.75], "texture": "#0"},
				"down": {"uv": [8, 9.75, 8.5, 5.5], "texture": "#0"}
			}
		},
		{
			"name": "sake_4",
			"from": [7.5, 0, 5.75],
			"to": [8, 0.25, 10],
			"faces": {
				"north": {"uv": [8, 5.75, 7.5, 6], "texture": "#0"},
				"east": {"uv": [7.75, 5.75, 8, 10], "rotation": 90, "texture": "#0"},
				"south": {"uv": [7.5, 9.75, 8, 10], "texture": "#0"},
				"west": {"uv": [7.5, 5.75, 7.75, 10], "rotation": 270, "texture": "#0"},
				"up": {"uv": [7.5, 5.75, 8, 10], "texture": "#0"},
				"down": {"uv": [7.5, 10, 8, 5.75], "texture": "#0"}
			}
		},
		{
			"name": "sake_5",
			"from": [6, 0, 6],
			"to": [7.5, 0.25, 10],
			"faces": {
				"north": {"uv": [7.5, 6, 6, 6.25], "texture": "#0"},
				"east": {"uv": [7.25, 6, 7.5, 10], "rotation": 90, "texture": "#0"},
				"south": {"uv": [6, 9.75, 7.5, 10], "texture": "#0"},
				"west": {"uv": [6, 6, 6.25, 10], "rotation": 270, "texture": "#0"},
				"up": {"uv": [6, 6, 7.5, 10], "texture": "#0"},
				"down": {"uv": [6, 10, 7.5, 6], "texture": "#0"}
			}
		},
		{
			"name": "sake_6",
			"from": [14.5, 0, 6],
			"to": [15, 0.25, 7],
			"faces": {
				"north": {"uv": [15, 6, 14.5, 6.25], "texture": "#0"},
				"east": {"uv": [14.75, 6, 15, 7], "rotation": 90, "texture": "#0"},
				"south": {"uv": [14.5, 6.75, 15, 7], "texture": "#0"},
				"west": {"uv": [14.5, 6, 14.75, 7], "rotation": 270, "texture": "#0"},
				"up": {"uv": [14.5, 6, 15, 7], "texture": "#0"},
				"down": {"uv": [14.5, 7, 15, 6], "texture": "#0"}
			}
		},
		{
			"name": "sake_7",
			"from": [4.75, 0, 6.25],
			"to": [6, 0.25, 10],
			"faces": {
				"north": {"uv": [6, 6.25, 4.75, 6.5], "texture": "#0"},
				"east": {"uv": [5.75, 6.25, 6, 10], "rotation": 90, "texture": "#0"},
				"south": {"uv": [4.75, 9.75, 6, 10], "texture": "#0"},
				"west": {"uv": [4.75, 6.25, 5, 10], "rotation": 270, "texture": "#0"},
				"up": {"uv": [4.75, 6.25, 6, 10], "texture": "#0"},
				"down": {"uv": [4.75, 10, 6, 6.25], "texture": "#0"}
			}
		},
		{
			"name": "sake_8",
			"from": [14, 0, 6.25],
			"to": [14.5, 0.25, 7.5],
			"faces": {
				"north": {"uv": [14.5, 6.25, 14, 6.5], "texture": "#0"},
				"east": {"uv": [14.25, 6.25, 14.5, 7.5], "rotation": 90, "texture": "#0"},
				"south": {"uv": [14, 7.25, 14.5, 7.5], "texture": "#0"},
				"west": {"uv": [14, 6.25, 14.25, 7.5], "rotation": 270, "texture": "#0"},
				"up": {"uv": [14, 6.25, 14.5, 7.5], "texture": "#0"},
				"down": {"uv": [14, 7.5, 14.5, 6.25], "texture": "#0"}
			}
		},
		{
			"name": "sake_9",
			"from": [15, 0, 6.25],
			"to": [15.25, 0.25, 6.5],
			"faces": {
				"north": {"uv": [15.25, 6.25, 15, 6.5], "texture": "#0"},
				"east": {"uv": [15, 6.25, 15.25, 6.5], "rotation": 90, "texture": "#0"},
				"south": {"uv": [15, 6.25, 15.25, 6.5], "texture": "#0"},
				"west": {"uv": [15, 6.25, 15.25, 6.5], "rotation": 270, "texture": "#0"},
				"up": {"uv": [15, 6.25, 15.25, 6.5], "texture": "#0"},
				"down": {"uv": [15, 6.5, 15.25, 6.25], "texture": "#0"}
			}
		},
		{
			"name": "sake_10",
			"from": [3.5, 0, 6.5],
			"to": [4.75, 0.25, 9.75],
			"faces": {
				"north": {"uv": [4.75, 6.5, 3.5, 6.75], "texture": "#0"},
				"east": {"uv": [4.5, 6.5, 4.75, 9.75], "rotation": 90, "texture": "#0"},
				"south": {"uv": [3.5, 9.5, 4.75, 9.75], "texture": "#0"},
				"west": {"uv": [3.5, 6.5, 3.75, 9.75], "rotation": 270, "texture": "#0"},
				"up": {"uv": [3.5, 6.5, 4.75, 9.75], "texture": "#0"},
				"down": {"uv": [3.5, 9.75, 4.75, 6.5], "texture": "#0"}
			}
		},
		{
			"name": "sake_11",
			"from": [11.5, 0, 6.5],
			"to": [12, 0.25, 9],
			"faces": {
				"north": {"uv": [12, 6.5, 11.5, 6.75], "texture": "#0"},
				"east": {"uv": [11.75, 6.5, 12, 9], "rotation": 90, "texture": "#0"},
				"south": {"uv": [11.5, 8.75, 12, 9], "texture": "#0"},
				"west": {"uv": [11.5, 6.5, 11.75, 9], "rotation": 270, "texture": "#0"},
				"up": {"uv": [11.5, 6.5, 12, 9], "texture": "#0"},
				"down": {"uv": [11.5, 9, 12, 6.5], "texture": "#0"}
			}
		},
		{
			"name": "sake_12",
			"from": [13.5, 0, 6.5],
			"to": [14, 0.25, 9.25],
			"faces": {
				"north": {"uv": [14, 6.5, 13.5, 6.75], "texture": "#0"},
				"east": {"uv": [13.75, 6.5, 14, 9.25], "rotation": 90, "texture": "#0"},
				"south": {"uv": [13.5, 9, 14, 9.25], "texture": "#0"},
				"west": {"uv": [13.5, 6.5, 13.75, 9.25], "rotation": 270, "texture": "#0"},
				"up": {"uv": [13.5, 6.5, 14, 9.25], "texture": "#0"},
				"down": {"uv": [13.5, 9.25, 14, 6.5], "texture": "#0"}
			}
		},
		{
			"name": "sake_13",
			"from": [1.25, 0, 6.75],
			"to": [3.5, 0.25, 7.5],
			"faces": {
				"north": {"uv": [3.5, 6.75, 1.25, 7], "texture": "#0"},
				"east": {"uv": [3.25, 6.75, 3.5, 7.5], "rotation": 90, "texture": "#0"},
				"south": {"uv": [1.25, 7.25, 3.5, 7.5], "texture": "#0"},
				"west": {"uv": [1.25, 6.75, 1.5, 7.5], "rotation": 270, "texture": "#0"},
				"up": {"uv": [1.25, 6.75, 3.5, 7.5], "texture": "#0"},
				"down": {"uv": [1.25, 7.5, 3.5, 6.75], "texture": "#0"}
			}
		},
		{
			"name": "sake_14",
			"from": [9.5, 0, 6.75],
			"to": [10.5, 0.25, 9.25],
			"faces": {
				"north": {"uv": [10.5, 6.75, 9.5, 7], "texture": "#0"},
				"east": {"uv": [10.25, 6.75, 10.5, 9.25], "rotation": 90, "texture": "#0"},
				"south": {"uv": [9.5, 9, 10.5, 9.25], "texture": "#0"},
				"west": {"uv": [9.5, 6.75, 9.75, 9.25], "rotation": 270, "texture": "#0"},
				"up": {"uv": [9.5, 6.75, 10.5, 9.25], "texture": "#0"},
				"down": {"uv": [9.5, 9.25, 10.5, 6.75], "texture": "#0"}
			}
		},
		{
			"name": "sake_15",
			"from": [11.25, 0, 6.75],
			"to": [11.5, 0.25, 10.5],
			"faces": {
				"north": {"uv": [11.5, 6.75, 11.25, 7], "texture": "#0"},
				"east": {"uv": [11.25, 6.75, 11.5, 10.5], "rotation": 90, "texture": "#0"},
				"south": {"uv": [11.25, 10.25, 11.5, 10.5], "texture": "#0"},
				"west": {"uv": [11.25, 6.75, 11.5, 10.5], "rotation": 270, "texture": "#0"},
				"up": {"uv": [11.25, 6.75, 11.5, 10.5], "texture": "#0"},
				"down": {"uv": [11.25, 10.5, 11.5, 6.75], "texture": "#0"}
			}
		},
		{
			"name": "sake_16",
			"from": [13.25, 0, 6.75],
			"to": [13.5, 0.25, 9],
			"faces": {
				"north": {"uv": [13.5, 6.75, 13.25, 7], "texture": "#0"},
				"east": {"uv": [13.25, 6.75, 13.5, 9], "rotation": 90, "texture": "#0"},
				"south": {"uv": [13.25, 8.75, 13.5, 9], "texture": "#0"},
				"west": {"uv": [13.25, 6.75, 13.5, 9], "rotation": 270, "texture": "#0"},
				"up": {"uv": [13.25, 6.75, 13.5, 9], "texture": "#0"},
				"down": {"uv": [13.25, 9, 13.5, 6.75], "texture": "#0"}
			}
		},
		{
			"name": "sake_17",
			"from": [1, 0, 7],
			"to": [1.25, 0.25, 7.25],
			"faces": {
				"north": {"uv": [1.25, 7, 1, 7.25], "texture": "#0"},
				"east": {"uv": [1, 7, 1.25, 7.25], "rotation": 90, "texture": "#0"},
				"south": {"uv": [1, 7, 1.25, 7.25], "texture": "#0"},
				"west": {"uv": [1, 7, 1.25, 7.25], "rotation": 270, "texture": "#0"},
				"up": {"uv": [1, 7, 1.25, 7.25], "texture": "#0"},
				"down": {"uv": [1, 7.25, 1.25, 7], "texture": "#0"}
			}
		},
		{
			"name": "sake_18",
			"from": [10.5, 0, 7],
			"to": [11.25, 0.25, 9.75],
			"faces": {
				"north": {"uv": [11.25, 7, 10.5, 7.25], "texture": "#0"},
				"east": {"uv": [11, 7, 11.25, 9.75], "rotation": 90, "texture": "#0"},
				"south": {"uv": [10.5, 9.5, 11.25, 9.75], "texture": "#0"},
				"west": {"uv": [10.5, 7, 10.75, 9.75], "rotation": 270, "texture": "#0"},
				"up": {"uv": [10.5, 7, 11.25, 9.75], "texture": "#0"},
				"down": {"uv": [10.5, 9.75, 11.25, 7], "texture": "#0"}
			}
		},
		{
			"name": "sake_19",
			"from": [13, 0, 7],
			"to": [13.25, 0.25, 8.75],
			"faces": {
				"north": {"uv": [13.25, 7, 13, 7.25], "texture": "#0"},
				"east": {"uv": [13, 7, 13.25, 8.75], "rotation": 90, "texture": "#0"},
				"south": {"uv": [13, 8.5, 13.25, 8.75], "texture": "#0"},
				"west": {"uv": [13, 7, 13.25, 8.75], "rotation": 270, "texture": "#0"},
				"up": {"uv": [13, 7, 13.25, 8.75], "texture": "#0"},
				"down": {"uv": [13, 8.75, 13.25, 7], "texture": "#0"}
			}
		},
		{
			"name": "sake_20",
			"from": [14.5, 0, 7],
			"to": [14.75, 0.25, 7.25],
			"faces": {
				"north": {"uv": [14.75, 7, 14.5, 7.25], "texture": "#0"},
				"east": {"uv": [14.5, 7, 14.75, 7.25], "rotation": 90, "texture": "#0"},
				"south": {"uv": [14.5, 7, 14.75, 7.25], "texture": "#0"},
				"west": {"uv": [14.5, 7, 14.75, 7.25], "rotation": 270, "texture": "#0"},
				"up": {"uv": [14.5, 7, 14.75, 7.25], "texture": "#0"},
				"down": {"uv": [14.5, 7.25, 14.75, 7], "texture": "#0"}
			}
		},
		{
			"name": "sake_21",
			"from": [12, 0, 7.25],
			"to": [13, 0.25, 8.5],
			"faces": {
				"north": {"uv": [13, 7.25, 12, 7.5], "texture": "#0"},
				"east": {"uv": [12.75, 7.25, 13, 8.5], "rotation": 90, "texture": "#0"},
				"south": {"uv": [12, 8.25, 13, 8.5], "texture": "#0"},
				"west": {"uv": [12, 7.25, 12.25, 8.5], "rotation": 270, "texture": "#0"},
				"up": {"uv": [12, 7.25, 13, 8.5], "texture": "#0"},
				"down": {"uv": [12, 8.5, 13, 7.25], "texture": "#0"}
			}
		},
		{
			"name": "sake_22",
			"from": [1.5, 0, 7.5],
			"to": [3.5, 0.25, 7.75],
			"faces": {
				"north": {"uv": [3.5, 7.5, 1.5, 7.75], "texture": "#0"},
				"east": {"uv": [3.25, 7.5, 3.5, 7.75], "rotation": 90, "texture": "#0"},
				"south": {"uv": [1.5, 7.5, 3.5, 7.75], "texture": "#0"},
				"west": {"uv": [1.5, 7.5, 1.75, 7.75], "rotation": 270, "texture": "#0"},
				"up": {"uv": [1.5, 7.5, 3.5, 7.75], "texture": "#0"},
				"down": {"uv": [1.5, 7.75, 3.5, 7.5], "texture": "#0"}
			}
		},
		{
			"name": "sake_23",
			"from": [14, 0, 7.5],
			"to": [14.25, 0.25, 9.5],
			"faces": {
				"north": {"uv": [14.25, 7.5, 14, 7.75], "texture": "#0"},
				"east": {"uv": [14, 7.5, 14.25, 9.5], "rotation": 90, "texture": "#0"},
				"south": {"uv": [14, 9.25, 14.25, 9.5], "texture": "#0"},
				"west": {"uv": [14, 7.5, 14.25, 9.5], "rotation": 270, "texture": "#0"},
				"up": {"uv": [14, 7.5, 14.25, 9.5], "texture": "#0"},
				"down": {"uv": [14, 9.5, 14.25, 7.5], "texture": "#0"}
			}
		},
		{
			"name": "sake_24",
			"from": [1.75, 0, 7.75],
			"to": [3.5, 0.25, 8],
			"faces": {
				"north": {"uv": [3.5, 7.75, 1.75, 8], "texture": "#0"},
				"east": {"uv": [3.25, 7.75, 3.5, 8], "rotation": 90, "texture": "#0"},
				"south": {"uv": [1.75, 7.75, 3.5, 8], "texture": "#0"},
				"west": {"uv": [1.75, 7.75, 2, 8], "rotation": 270, "texture": "#0"},
				"up": {"uv": [1.75, 7.75, 3.5, 8], "texture": "#0"},
				"down": {"uv": [1.75, 8, 3.5, 7.75], "texture": "#0"}
			}
		},
		{
			"name": "sake_25",
			"from": [1, 0, 8],
			"to": [1.25, 0.25, 9],
			"faces": {
				"north": {"uv": [1.25, 8, 1, 8.25], "texture": "#0"},
				"east": {"uv": [1, 8, 1.25, 9], "rotation": 90, "texture": "#0"},
				"south": {"uv": [1, 8.75, 1.25, 9], "texture": "#0"},
				"west": {"uv": [1, 8, 1.25, 9], "rotation": 270, "texture": "#0"},
				"up": {"uv": [1, 8, 1.25, 9], "texture": "#0"},
				"down": {"uv": [1, 9, 1.25, 8], "texture": "#0"}
			}
		},
		{
			"name": "sake_26",
			"from": [2, 0, 8],
			"to": [3.5, 0.25, 8.25],
			"faces": {
				"north": {"uv": [3.5, 8, 2, 8.25], "texture": "#0"},
				"east": {"uv": [3.25, 8, 3.5, 8.25], "rotation": 90, "texture": "#0"},
				"south": {"uv": [2, 8, 3.5, 8.25], "texture": "#0"},
				"west": {"uv": [2, 8, 2.25, 8.25], "rotation": 270, "texture": "#0"},
				"up": {"uv": [2, 8, 3.5, 8.25], "texture": "#0"},
				"down": {"uv": [2, 8.25, 3.5, 8], "texture": "#0"}
			}
		},
		{
			"name": "sake_27",
			"from": [14.25, 0, 8],
			"to": [14.5, 0.25, 9.75],
			"faces": {
				"north": {"uv": [14.5, 8, 14.25, 8.25], "texture": "#0"},
				"east": {"uv": [14.25, 8, 14.5, 9.75], "rotation": 90, "texture": "#0"},
				"south": {"uv": [14.25, 9.5, 14.5, 9.75], "texture": "#0"},
				"west": {"uv": [14.25, 8, 14.5, 9.75], "rotation": 270, "texture": "#0"},
				"up": {"uv": [14.25, 8, 14.5, 9.75], "texture": "#0"},
				"down": {"uv": [14.25, 9.75, 14.5, 8], "texture": "#0"}
			}
		},
		{
			"name": "sake_28",
			"from": [0.75, 0, 8.25],
			"to": [1, 0.25, 8.75],
			"faces": {
				"north": {"uv": [1, 8.25, 0.75, 8.5], "texture": "#0"},
				"east": {"uv": [0.75, 8.25, 1, 8.75], "rotation": 90, "texture": "#0"},
				"south": {"uv": [0.75, 8.5, 1, 8.75], "texture": "#0"},
				"west": {"uv": [0.75, 8.25, 1, 8.75], "rotation": 270, "texture": "#0"},
				"up": {"uv": [0.75, 8.25, 1, 8.75], "texture": "#0"},
				"down": {"uv": [0.75, 8.75, 1, 8.25], "texture": "#0"}
			}
		},
		{
			"name": "sake_29",
			"from": [1.25, 0, 8.25],
			"to": [1.5, 0.25, 9.25],
			"faces": {
				"north": {"uv": [1.5, 8.25, 1.25, 8.5], "texture": "#0"},
				"east": {"uv": [1.25, 8.25, 1.5, 9.25], "rotation": 90, "texture": "#0"},
				"south": {"uv": [1.25, 9, 1.5, 9.25], "texture": "#0"},
				"west": {"uv": [1.25, 8.25, 1.5, 9.25], "rotation": 270, "texture": "#0"},
				"up": {"uv": [1.25, 8.25, 1.5, 9.25], "texture": "#0"},
				"down": {"uv": [1.25, 9.25, 1.5, 8.25], "texture": "#0"}
			}
		},
		{
			"name": "sake_30",
			"from": [2.25, 0, 8.25],
			"to": [3.5, 0.25, 9.5],
			"faces": {
				"north": {"uv": [3.5, 8.25, 2.25, 8.5], "texture": "#0"},
				"east": {"uv": [3.25, 8.25, 3.5, 9.5], "rotation": 90, "texture": "#0"},
				"south": {"uv": [2.25, 9.25, 3.5, 9.5], "texture": "#0"},
				"west": {"uv": [2.25, 8.25, 2.5, 9.5], "rotation": 270, "texture": "#0"},
				"up": {"uv": [2.25, 8.25, 3.5, 9.5], "texture": "#0"},
				"down": {"uv": [2.25, 9.5, 3.5, 8.25], "texture": "#0"}
			}
		},
		{
			"name": "sake_31",
			"from": [14.5, 0, 8.25],
			"to": [14.75, 0.25, 10],
			"faces": {
				"north": {"uv": [14.75, 8.25, 14.5, 8.5], "texture": "#0"},
				"east": {"uv": [14.5, 8.25, 14.75, 10], "rotation": 90, "texture": "#0"},
				"south": {"uv": [14.5, 9.75, 14.75, 10], "texture": "#0"},
				"west": {"uv": [14.5, 8.25, 14.75, 10], "rotation": 270, "texture": "#0"},
				"up": {"uv": [14.5, 8.25, 14.75, 10], "texture": "#0"},
				"down": {"uv": [14.5, 10, 14.75, 8.25], "texture": "#0"}
			}
		},
		{
			"name": "sake_32",
			"from": [1.5, 0, 8.5],
			"to": [2.25, 0.25, 9.25],
			"faces": {
				"north": {"uv": [2.25, 8.5, 1.5, 8.75], "texture": "#0"},
				"east": {"uv": [2, 8.5, 2.25, 9.25], "rotation": 90, "texture": "#0"},
				"south": {"uv": [1.5, 9, 2.25, 9.25], "texture": "#0"},
				"west": {"uv": [1.5, 8.5, 1.75, 9.25], "rotation": 270, "texture": "#0"},
				"up": {"uv": [1.5, 8.5, 2.25, 9.25], "texture": "#0"},
				"down": {"uv": [1.5, 9.25, 2.25, 8.5], "texture": "#0"}
			}
		},
		{
			"name": "sake_33",
			"from": [14.75, 0, 8.75],
			"to": [15, 0.25, 9.75],
			"faces": {
				"north": {"uv": [15, 8.75, 14.75, 9], "texture": "#0"},
				"east": {"uv": [14.75, 8.75, 15, 9.75], "rotation": 90, "texture": "#0"},
				"south": {"uv": [14.75, 9.5, 15, 9.75], "texture": "#0"},
				"west": {"uv": [14.75, 8.75, 15, 9.75], "rotation": 270, "texture": "#0"},
				"up": {"uv": [14.75, 8.75, 15, 9.75], "texture": "#0"},
				"down": {"uv": [14.75, 9.75, 15, 8.75], "texture": "#0"}
			}
		},
		{
			"name": "sake_34",
			"from": [11.5, 0, 9],
			"to": [11.75, 0.25, 10.25],
			"faces": {
				"north": {"uv": [11.75, 9, 11.5, 9.25], "texture": "#0"},
				"east": {"uv": [11.5, 9, 11.75, 10.25], "rotation": 90, "texture": "#0"},
				"south": {"uv": [11.5, 10, 11.75, 10.25], "texture": "#0"},
				"west": {"uv": [11.5, 9, 11.75, 10.25], "rotation": 270, "texture": "#0"},
				"up": {"uv": [11.5, 9, 11.75, 10.25], "texture": "#0"},
				"down": {"uv": [11.5, 10.25, 11.75, 9], "texture": "#0"}
			}
		},
		{
			"name": "sake_35",
			"from": [1.75, 0, 9.25],
			"to": [2.25, 0.25, 9.5],
			"faces": {
				"north": {"uv": [2.25, 9.25, 1.75, 9.5], "texture": "#0"},
				"east": {"uv": [2, 9.25, 2.25, 9.5], "rotation": 90, "texture": "#0"},
				"south": {"uv": [1.75, 9.25, 2.25, 9.5], "texture": "#0"},
				"west": {"uv": [1.75, 9.25, 2, 9.5], "rotation": 270, "texture": "#0"},
				"up": {"uv": [1.75, 9.25, 2.25, 9.5], "texture": "#0"},
				"down": {"uv": [1.75, 9.5, 2.25, 9.25], "texture": "#0"}
			}
		},
		{
			"name": "sake_36",
			"from": [9.5, 0, 9.25],
			"to": [9.75, 0.25, 9.5],
			"faces": {
				"north": {"uv": [9.75, 9.25, 9.5, 9.5], "texture": "#0"},
				"east": {"uv": [9.5, 9.25, 9.75, 9.5], "rotation": 90, "texture": "#0"},
				"south": {"uv": [9.5, 9.25, 9.75, 9.5], "texture": "#0"},
				"west": {"uv": [9.5, 9.25, 9.75, 9.5], "rotation": 270, "texture": "#0"},
				"up": {"uv": [9.5, 9.25, 9.75, 9.5], "texture": "#0"},
				"down": {"uv": [9.5, 9.5, 9.75, 9.25], "texture": "#0"}
			}
		},
		{
			"name": "sake_37",
			"from": [10.25, 0, 9.25],
			"to": [10.5, 0.25, 9.5],
			"faces": {
				"north": {"uv": [10.5, 9.25, 10.25, 9.5], "texture": "#0"},
				"east": {"uv": [10.25, 9.25, 10.5, 9.5], "rotation": 90, "texture": "#0"},
				"south": {"uv": [10.25, 9.25, 10.5, 9.5], "texture": "#0"},
				"west": {"uv": [10.25, 9.25, 10.5, 9.5], "rotation": 270, "texture": "#0"},
				"up": {"uv": [10.25, 9.25, 10.5, 9.5], "texture": "#0"},
				"down": {"uv": [10.25, 9.5, 10.5, 9.25], "texture": "#0"}
			}
		},
		{
			"name": "sake_38",
			"from": [13.75, 0, 9.25],
			"to": [14, 0.25, 9.5],
			"faces": {
				"north": {"uv": [14, 9.25, 13.75, 9.5], "texture": "#0"},
				"east": {"uv": [13.75, 9.25, 14, 9.5], "rotation": 90, "texture": "#0"},
				"south": {"uv": [13.75, 9.25, 14, 9.5], "texture": "#0"},
				"west": {"uv": [13.75, 9.25, 14, 9.5], "rotation": 270, "texture": "#0"},
				"up": {"uv": [13.75, 9.25, 14, 9.5], "texture": "#0"},
				"down": {"uv": [13.75, 9.5, 14, 9.25], "texture": "#0"}
			}
		},
		{
			"name": "sake_39",
			"from": [2.5, 0, 9.5],
			"to": [3.5, 0.25, 9.75],
			"faces": {
				"north": {"uv": [3.5, 9.5, 2.5, 9.75], "texture": "#0"},
				"east": {"uv": [3.25, 9.5, 3.5, 9.75], "rotation": 90, "texture": "#0"},
				"south": {"uv": [2.5, 9.5, 3.5, 9.75], "texture": "#0"},
				"west": {"uv": [2.5, 9.5, 2.75, 9.75], "rotation": 270, "texture": "#0"},
				"up": {"uv": [2.5, 9.5, 3.5, 9.75], "texture": "#0"},
				"down": {"uv": [2.5, 9.75, 3.5, 9.5], "texture": "#0"}
			}
		},
		{
			"name": "sake_40",
			"from": [4.25, 0, 9.75],
			"to": [4.75, 0.25, 10],
			"faces": {
				"north": {"uv": [4.75, 9.75, 4.25, 10], "texture": "#0"},
				"east": {"uv": [4.5, 9.75, 4.75, 10], "rotation": 90, "texture": "#0"},
				"south": {"uv": [4.25, 9.75, 4.75, 10], "texture": "#0"},
				"west": {"uv": [4.25, 9.75, 4.5, 10], "rotation": 270, "texture": "#0"},
				"up": {"uv": [4.25, 9.75, 4.75, 10], "texture": "#0"},
				"down": {"uv": [4.25, 10, 4.75, 9.75], "texture": "#0"}
			}
		},
		{
			"name": "sake_41",
			"from": [8.25, 0, 9.75],
			"to": [8.5, 0.25, 10],
			"faces": {
				"north": {"uv": [8.5, 9.75, 8.25, 10], "texture": "#0"},
				"east": {"uv": [8.25, 9.75, 8.5, 10], "rotation": 90, "texture": "#0"},
				"south": {"uv": [8.25, 9.75, 8.5, 10], "texture": "#0"},
				"west": {"uv": [8.25, 9.75, 8.5, 10], "rotation": 270, "texture": "#0"},
				"up": {"uv": [8.25, 9.75, 8.5, 10], "texture": "#0"},
				"down": {"uv": [8.25, 10, 8.5, 9.75], "texture": "#0"}
			}
		},
		{
			"name": "sake_42",
			"from": [10.75, 0, 9.75],
			"to": [11.25, 0.25, 10],
			"faces": {
				"north": {"uv": [11.25, 9.75, 10.75, 10], "texture": "#0"},
				"east": {"uv": [11, 9.75, 11.25, 10], "rotation": 90, "texture": "#0"},
				"south": {"uv": [10.75, 9.75, 11.25, 10], "texture": "#0"},
				"west": {"uv": [10.75, 9.75, 11, 10], "rotation": 270, "texture": "#0"},
				"up": {"uv": [10.75, 9.75, 11.25, 10], "texture": "#0"},
				"down": {"uv": [10.75, 10, 11.25, 9.75], "texture": "#0"}
			}
		},
		{
			"name": "sake_43",
			"from": [5.5, 0, 10],
			"to": [6, 0.25, 10.25],
			"faces": {
				"north": {"uv": [6, 10, 5.5, 10.25], "texture": "#0"},
				"east": {"uv": [5.75, 10, 6, 10.25], "rotation": 90, "texture": "#0"},
				"south": {"uv": [5.5, 10, 6, 10.25], "texture": "#0"},
				"west": {"uv": [5.5, 10, 5.75, 10.25], "rotation": 270, "texture": "#0"},
				"up": {"uv": [5.5, 10, 6, 10.25], "texture": "#0"},
				"down": {"uv": [5.5, 10.25, 6, 10], "texture": "#0"}
			}
		},
		{
			"name": "sake_44",
			"from": [11, 0, 10],
			"to": [11.25, 0.25, 10.25],
			"faces": {
				"north": {"uv": [11.25, 10, 11, 10.25], "texture": "#0"},
				"east": {"uv": [11, 10, 11.25, 10.25], "rotation": 90, "texture": "#0"},
				"south": {"uv": [11, 10, 11.25, 10.25], "texture": "#0"},
				"west": {"uv": [11, 10, 11.25, 10.25], "rotation": 270, "texture": "#0"},
				"up": {"uv": [11, 10, 11.25, 10.25], "texture": "#0"},
				"down": {"uv": [11, 10.25, 11.25, 10], "texture": "#0"}
			}
		},
		{
			"name": "sake_45",
			"from": [9, 0, 10.5],
			"to": [9.25, 0.25, 10.75],
			"faces": {
				"north": {"uv": [9.25, 10.5, 9, 10.75], "texture": "#0"},
				"east": {"uv": [9, 10.5, 9.25, 10.75], "rotation": 90, "texture": "#0"},
				"south": {"uv": [9, 10.5, 9.25, 10.75], "texture": "#0"},
				"west": {"uv": [9, 10.5, 9.25, 10.75], "rotation": 270, "texture": "#0"},
				"up": {"uv": [9, 10.5, 9.25, 10.75], "texture": "#0"},
				"down": {"uv": [9, 10.75, 9.25, 10.5], "texture": "#0"}
			}
		}
	],
	"gui_light": "front",
	"display": {
		"thirdperson_righthand": {
			"rotation": [81, -2.75, 1.75],
			"translation": [0.25, 3.75, 12],
			"scale": [1.44, 1.44, 1.44]
		},
		"thirdperson_lefthand": {
			"rotation": [81, -2.75, 1.75],
			"translation": [0.25, 3.75, 12],
			"scale": [1.44, 1.44, 1.44]
		},
		"firstperson_righthand": {
			"rotation": [81, -2.75, 1.75],
			"translation": [0.25, 3.75, 12],
			"scale": [1.44, 1.44, 1.44]
		},
		"firstperson_lefthand": {
			"rotation": [81, -2.75, 1.75],
			"translation": [0.25, 3.75, 12],
			"scale": [1.44, 1.44, 1.44]
		},
		"ground": {
			"rotation": [90, 0, 0],
			"translation": [0.25, 9.25, 17.5],
			"scale": [1.44, 1.44, 1.44]
		},
		"gui": {
			"rotation": [90, 0, 0],
			"translation": [0, 0, 17.5],
			"scale": [1.06, 1.06, 1.06]
		},
		"head": {
			"rotation": [90, 0, 0],
			"translation": [0.25, 9.25, 17.5],
			"scale": [1.44, 1.44, 1.44]
		},
		"fixed": {
			"rotation": [90, 0, 0],
			"translation": [-0.5, 0.25, 9.75],
			"scale": [1.28, 1.28, 1.28]
		}
	},
	"groups": [
		{
			"name": "sake",
			"origin": [8, 8, 8],
			"children": [0, 1, 2, 3, 4, 5, 6, 7, 8, 9, 10, 11, 12, 13, 14, 15, 16, 17, 18, 19, 20, 21, 22, 23, 24, 25, 26, 27, 28, 29, 30, 31, 32, 33, 34, 35, 36, 37, 38, 39, 40, 41, 42, 43, 44, 45]
		}
	]
}