{
	"credit": "Made with Blockbench",
	"textures": {
		"1": "fish/siirakansu",
		"particle": "fish/funa"
	},
	"elements": [
		{
			"name": "siirakansu_0",
			"from": [6.5, 0, 4.5],
			"to": [7.25, 0.25, 10.25],
			"faces": {
				"north": {"uv": [7.25, 4.5, 6.5, 4.75], "texture": "#1"},
				"east": {"uv": [7, 4.5, 7.25, 10.25], "rotation": 90, "texture": "#1"},
				"south": {"uv": [6.5, 10, 7.25, 10.25], "texture": "#1"},
				"west": {"uv": [6.5, 4.5, 6.75, 10.25], "rotation": 270, "texture": "#1"},
				"up": {"uv": [6.5, 4.5, 7.25, 10.25], "texture": "#1"},
				"down": {"uv": [6.5, 10.25, 7.25, 4.5], "texture": "#1"}
			}
		},
		{
			"name": "siirakansu_1",
			"from": [6.25, 0, 4.75],
			"to": [6.5, 0.25, 10.25],
			"faces": {
				"north": {"uv": [6.5, 4.75, 6.25, 5], "texture": "#1"},
				"east": {"uv": [6.25, 4.75, 6.5, 10.25], "rotation": 90, "texture": "#1"},
				"south": {"uv": [6.25, 10, 6.5, 10.25], "texture": "#1"},
				"west": {"uv": [6.25, 4.75, 6.5, 10.25], "rotation": 270, "texture": "#1"},
				"up": {"uv": [6.25, 4.75, 6.5, 10.25], "texture": "#1"},
				"down": {"uv": [6.25, 10.25, 6.5, 4.75], "texture": "#1"}
			}
		},
		{
			"name": "siirakansu_2",
			"from": [10.75, 0, 4.75],
			"to": [11.5, 0.25, 6.25],
			"faces": {
				"north": {"uv": [11.5, 4.75, 10.75, 5], "texture": "#1"},
				"east": {"uv": [11.25, 4.75, 11.5, 6.25], "rotation": 90, "texture": "#1"},
				"south": {"uv": [10.75, 6, 11.5, 6.25], "texture": "#1"},
				"west": {"uv": [10.75, 4.75, 11, 6.25], "rotation": 270, "texture": "#1"},
				"up": {"uv": [10.75, 4.75, 11.5, 6.25], "texture": "#1"},
				"down": {"uv": [10.75, 6.25, 11.5, 4.75], "texture": "#1"}
			}
		},
		{
			"name": "siirakansu_3",
			"from": [6, 0, 5],
			"to": [6.25, 0.25, 10.25],
			"faces": {
				"north": {"uv": [6.25, 5, 6, 5.25], "texture": "#1"},
				"east": {"uv": [6, 5, 6.25, 10.25], "rotation": 90, "texture": "#1"},
				"south": {"uv": [6, 10, 6.25, 10.25], "texture": "#1"},
				"west": {"uv": [6, 5, 6.25, 10.25], "rotation": 270, "texture": "#1"},
				"up": {"uv": [6, 5, 6.25, 10.25], "texture": "#1"},
				"down": {"uv": [6, 10.25, 6.25, 5], "texture": "#1"}
			}
		},
		{
			"name": "siirakansu_4",
			"from": [7.25, 0, 5],
			"to": [7.5, 0.25, 11],
			"faces": {
				"north": {"uv": [7.5, 5, 7.25, 5.25], "texture": "#1"},
				"east": {"uv": [7.25, 5, 7.5, 11], "rotation": 90, "texture": "#1"},
				"south": {"uv": [7.25, 10.75, 7.5, 11], "texture": "#1"},
				"west": {"uv": [7.25, 5, 7.5, 11], "rotation": 270, "texture": "#1"},
				"up": {"uv": [7.25, 5, 7.5, 11], "texture": "#1"},
				"down": {"uv": [7.25, 11, 7.5, 5], "texture": "#1"}
			}
		},
		{
			"name": "siirakansu_5",
			"from": [10.5, 0, 5],
			"to": [10.75, 0.25, 6.5],
			"faces": {
				"north": {"uv": [10.75, 5, 10.5, 5.25], "texture": "#1"},
				"east": {"uv": [10.5, 5, 10.75, 6.5], "rotation": 90, "texture": "#1"},
				"south": {"uv": [10.5, 6.25, 10.75, 6.5], "texture": "#1"},
				"west": {"uv": [10.5, 5, 10.75, 6.5], "rotation": 270, "texture": "#1"},
				"up": {"uv": [10.5, 5, 10.75, 6.5], "texture": "#1"},
				"down": {"uv": [10.5, 6.5, 10.75, 5], "texture": "#1"}
			}
		},
		{
			"name": "siirakansu_6",
			"from": [11.5, 0, 5],
			"to": [11.75, 0.25, 6],
			"faces": {
				"north": {"uv": [11.75, 5, 11.5, 5.25], "texture": "#1"},
				"east": {"uv": [11.5, 5, 11.75, 6], "rotation": 90, "texture": "#1"},
				"south": {"uv": [11.5, 5.75, 11.75, 6], "texture": "#1"},
				"west": {"uv": [11.5, 5, 11.75, 6], "rotation": 270, "texture": "#1"},
				"up": {"uv": [11.5, 5, 11.75, 6], "texture": "#1"},
				"down": {"uv": [11.5, 6, 11.75, 5], "texture": "#1"}
			}
		},
		{
			"name": "siirakansu_7",
			"from": [5.75, 0, 5.25],
			"to": [6, 0.25, 11.5],
			"faces": {
				"north": {"uv": [6, 5.25, 5.75, 5.5], "texture": "#1"},
				"east": {"uv": [5.75, 5.25, 6, 11.5], "rotation": 90, "texture": "#1"},
				"south": {"uv": [5.75, 11.25, 6, 11.5], "texture": "#1"},
				"west": {"uv": [5.75, 5.25, 6, 11.5], "rotation": 270, "texture": "#1"},
				"up": {"uv": [5.75, 5.25, 6, 11.5], "texture": "#1"},
				"down": {"uv": [5.75, 11.5, 6, 5.25], "texture": "#1"}
			}
		},
		{
			"name": "siirakansu_8",
			"from": [10.25, 0, 5.25],
			"to": [10.5, 0.25, 11],
			"faces": {
				"north": {"uv": [10.5, 5.25, 10.25, 5.5], "texture": "#1"},
				"east": {"uv": [10.25, 5.25, 10.5, 11], "rotation": 90, "texture": "#1"},
				"south": {"uv": [10.25, 10.75, 10.5, 11], "texture": "#1"},
				"west": {"uv": [10.25, 5.25, 10.5, 11], "rotation": 270, "texture": "#1"},
				"up": {"uv": [10.25, 5.25, 10.5, 11], "texture": "#1"},
				"down": {"uv": [10.25, 11, 10.5, 5.25], "texture": "#1"}
			}
		},
		{
			"name": "siirakansu_9",
			"from": [5.5, 0, 5.5],
			"to": [5.75, 0.25, 11.75],
			"faces": {
				"north": {"uv": [5.75, 5.5, 5.5, 5.75], "texture": "#1"},
				"east": {"uv": [5.5, 5.5, 5.75, 11.75], "rotation": 90, "texture": "#1"},
				"south": {"uv": [5.5, 11.5, 5.75, 11.75], "texture": "#1"},
				"west": {"uv": [5.5, 5.5, 5.75, 11.75], "rotation": 270, "texture": "#1"},
				"up": {"uv": [5.5, 5.5, 5.75, 11.75], "texture": "#1"},
				"down": {"uv": [5.5, 11.75, 5.75, 5.5], "texture": "#1"}
			}
		},
		{
			"name": "siirakansu_10",
			"from": [10, 0, 5.5],
			"to": [10.25, 0.25, 10.25],
			"faces": {
				"north": {"uv": [10.25, 5.5, 10, 5.75], "texture": "#1"},
				"east": {"uv": [10, 5.5, 10.25, 10.25], "rotation": 90, "texture": "#1"},
				"south": {"uv": [10, 10, 10.25, 10.25], "texture": "#1"},
				"west": {"uv": [10, 5.5, 10.25, 10.25], "rotation": 270, "texture": "#1"},
				"up": {"uv": [10, 5.5, 10.25, 10.25], "texture": "#1"},
				"down": {"uv": [10, 10.25, 10.25, 5.5], "texture": "#1"}
			}
		},
		{
			"name": "siirakansu_11",
			"from": [13.5, 0, 5.75],
			"to": [14.5, 0.25, 10.5],
			"faces": {
				"north": {"uv": [14.5, 5.75, 13.5, 6], "texture": "#1"},
				"east": {"uv": [14.25, 5.75, 14.5, 10.5], "rotation": 90, "texture": "#1"},
				"south": {"uv": [13.5, 10.25, 14.5, 10.5], "texture": "#1"},
				"west": {"uv": [13.5, 5.75, 13.75, 10.5], "rotation": 270, "texture": "#1"},
				"up": {"uv": [13.5, 5.75, 14.5, 10.5], "texture": "#1"},
				"down": {"uv": [13.5, 10.5, 14.5, 5.75], "texture": "#1"}
			}
		},
		{
			"name": "siirakansu_12",
			"from": [5.25, 0, 6],
			"to": [5.5, 0.25, 11.75],
			"faces": {
				"north": {"uv": [5.5, 6, 5.25, 6.25], "texture": "#1"},
				"east": {"uv": [5.25, 6, 5.5, 11.75], "rotation": 90, "texture": "#1"},
				"south": {"uv": [5.25, 11.5, 5.5, 11.75], "texture": "#1"},
				"west": {"uv": [5.25, 6, 5.5, 11.75], "rotation": 270, "texture": "#1"},
				"up": {"uv": [5.25, 6, 5.5, 11.75], "texture": "#1"},
				"down": {"uv": [5.25, 11.75, 5.5, 6], "texture": "#1"}
			}
		},
		{
			"name": "siirakansu_13",
			"from": [9.75, 0, 6],
			"to": [10, 0.25, 10],
			"faces": {
				"north": {"uv": [10, 6, 9.75, 6.25], "texture": "#1"},
				"east": {"uv": [9.75, 6, 10, 10], "rotation": 90, "texture": "#1"},
				"south": {"uv": [9.75, 9.75, 10, 10], "texture": "#1"},
				"west": {"uv": [9.75, 6, 10, 10], "rotation": 270, "texture": "#1"},
				"up": {"uv": [9.75, 6, 10, 10], "texture": "#1"},
				"down": {"uv": [9.75, 10, 10, 6], "texture": "#1"}
			}
		},
		{
			"name": "siirakansu_14",
			"from": [13.25, 0, 6],
			"to": [13.5, 0.25, 10.5],
			"faces": {
				"north": {"uv": [13.5, 6, 13.25, 6.25], "texture": "#1"},
				"east": {"uv": [13.25, 6, 13.5, 10.5], "rotation": 90, "texture": "#1"},
				"south": {"uv": [13.25, 10.25, 13.5, 10.5], "texture": "#1"},
				"west": {"uv": [13.25, 6, 13.5, 10.5], "rotation": 270, "texture": "#1"},
				"up": {"uv": [13.25, 6, 13.5, 10.5], "texture": "#1"},
				"down": {"uv": [13.25, 10.5, 13.5, 6], "texture": "#1"}
			}
		},
		{
			"name": "siirakansu_15",
			"from": [14.5, 0, 6],
			"to": [14.75, 0.25, 10.25],
			"faces": {
				"north": {"uv": [14.75, 6, 14.5, 6.25], "texture": "#1"},
				"east": {"uv": [14.5, 6, 14.75, 10.25], "rotation": 90, "texture": "#1"},
				"south": {"uv": [14.5, 10, 14.75, 10.25], "texture": "#1"},
				"west": {"uv": [14.5, 6, 14.75, 10.25], "rotation": 270, "texture": "#1"},
				"up": {"uv": [14.5, 6, 14.75, 10.25], "texture": "#1"},
				"down": {"uv": [14.5, 10.25, 14.75, 6], "texture": "#1"}
			}
		},
		{
			"name": "siirakansu_16",
			"from": [4.25, 0, 6.25],
			"to": [5.25, 0.25, 11.5],
			"faces": {
				"north": {"uv": [5.25, 6.25, 4.25, 6.5], "texture": "#1"},
				"east": {"uv": [5, 6.25, 5.25, 11.5], "rotation": 90, "texture": "#1"},
				"south": {"uv": [4.25, 11.25, 5.25, 11.5], "texture": "#1"},
				"west": {"uv": [4.25, 6.25, 4.5, 11.5], "rotation": 270, "texture": "#1"},
				"up": {"uv": [4.25, 6.25, 5.25, 11.5], "texture": "#1"},
				"down": {"uv": [4.25, 11.5, 5.25, 6.25], "texture": "#1"}
			}
		},
		{
			"name": "siirakansu_17",
			"from": [9.5, 0, 6.25],
			"to": [9.75, 0.25, 10],
			"faces": {
				"north": {"uv": [9.75, 6.25, 9.5, 6.5], "texture": "#1"},
				"east": {"uv": [9.5, 6.25, 9.75, 10], "rotation": 90, "texture": "#1"},
				"south": {"uv": [9.5, 9.75, 9.75, 10], "texture": "#1"},
				"west": {"uv": [9.5, 6.25, 9.75, 10], "rotation": 270, "texture": "#1"},
				"up": {"uv": [9.5, 6.25, 9.75, 10], "texture": "#1"},
				"down": {"uv": [9.5, 10, 9.75, 6.25], "texture": "#1"}
			}
		},
		{
			"name": "siirakansu_18",
			"from": [10.75, 0, 6.25],
			"to": [11.25, 0.25, 6.5],
			"faces": {
				"north": {"uv": [11.25, 6.25, 10.75, 6.5], "texture": "#1"},
				"east": {"uv": [11, 6.25, 11.25, 6.5], "rotation": 90, "texture": "#1"},
				"south": {"uv": [10.75, 6.25, 11.25, 6.5], "texture": "#1"},
				"west": {"uv": [10.75, 6.25, 11, 6.5], "rotation": 270, "texture": "#1"},
				"up": {"uv": [10.75, 6.25, 11.25, 6.5], "texture": "#1"},
				"down": {"uv": [10.75, 6.5, 11.25, 6.25], "texture": "#1"}
			}
		},
		{
			"name": "siirakansu_19",
			"from": [13, 0, 6.25],
			"to": [13.25, 0.25, 10.25],
			"faces": {
				"north": {"uv": [13.25, 6.25, 13, 6.5], "texture": "#1"},
				"east": {"uv": [13, 6.25, 13.25, 10.25], "rotation": 90, "texture": "#1"},
				"south": {"uv": [13, 10, 13.25, 10.25], "texture": "#1"},
				"west": {"uv": [13, 6.25, 13.25, 10.25], "rotation": 270, "texture": "#1"},
				"up": {"uv": [13, 6.25, 13.25, 10.25], "texture": "#1"},
				"down": {"uv": [13, 10.25, 13.25, 6.25], "texture": "#1"}
			}
		},
		{
			"name": "siirakansu_20",
			"from": [14.75, 0, 6.25],
			"to": [15, 0.25, 10],
			"faces": {
				"north": {"uv": [15, 6.25, 14.75, 6.5], "texture": "#1"},
				"east": {"uv": [14.75, 6.25, 15, 10], "rotation": 90, "texture": "#1"},
				"south": {"uv": [14.75, 9.75, 15, 10], "texture": "#1"},
				"west": {"uv": [14.75, 6.25, 15, 10], "rotation": 270, "texture": "#1"},
				"up": {"uv": [14.75, 6.25, 15, 10], "texture": "#1"},
				"down": {"uv": [14.75, 10, 15, 6.25], "texture": "#1"}
			}
		},
		{
			"name": "siirakansu_21",
			"from": [3.25, 0, 6.5],
			"to": [4.25, 0.25, 10],
			"faces": {
				"north": {"uv": [4.25, 6.5, 3.25, 6.75], "texture": "#1"},
				"east": {"uv": [4, 6.5, 4.25, 10], "rotation": 90, "texture": "#1"},
				"south": {"uv": [3.25, 9.75, 4.25, 10], "texture": "#1"},
				"west": {"uv": [3.25, 6.5, 3.5, 10], "rotation": 270, "texture": "#1"},
				"up": {"uv": [3.25, 6.5, 4.25, 10], "texture": "#1"},
				"down": {"uv": [3.25, 10, 4.25, 6.5], "texture": "#1"}
			}
		},
		{
			"name": "siirakansu_22",
			"from": [7.5, 0, 6.5],
			"to": [9.5, 0.25, 10],
			"faces": {
				"north": {"uv": [9.5, 6.5, 7.5, 6.75], "texture": "#1"},
				"east": {"uv": [9.25, 6.5, 9.5, 10], "rotation": 90, "texture": "#1"},
				"south": {"uv": [7.5, 9.75, 9.5, 10], "texture": "#1"},
				"west": {"uv": [7.5, 6.5, 7.75, 10], "rotation": 270, "texture": "#1"},
				"up": {"uv": [7.5, 6.5, 9.5, 10], "texture": "#1"},
				"down": {"uv": [7.5, 10, 9.5, 6.5], "texture": "#1"}
			}
		},
		{
			"name": "siirakansu_23",
			"from": [12.5, 0, 6.5],
			"to": [13, 0.25, 9.75],
			"faces": {
				"north": {"uv": [13, 6.5, 12.5, 6.75], "texture": "#1"},
				"east": {"uv": [12.75, 6.5, 13, 9.75], "rotation": 90, "texture": "#1"},
				"south": {"uv": [12.5, 9.5, 13, 9.75], "texture": "#1"},
				"west": {"uv": [12.5, 6.5, 12.75, 9.75], "rotation": 270, "texture": "#1"},
				"up": {"uv": [12.5, 6.5, 13, 9.75], "texture": "#1"},
				"down": {"uv": [12.5, 9.75, 13, 6.5], "texture": "#1"}
			}
		},
		{
			"name": "siirakansu_24",
			"from": [2, 0, 6.75],
			"to": [3.25, 0.25, 10],
			"faces": {
				"north": {"uv": [3.25, 6.75, 2, 7], "texture": "#1"},
				"east": {"uv": [3, 6.75, 3.25, 10], "rotation": 90, "texture": "#1"},
				"south": {"uv": [2, 9.75, 3.25, 10], "texture": "#1"},
				"west": {"uv": [2, 6.75, 2.25, 10], "rotation": 270, "texture": "#1"},
				"up": {"uv": [2, 6.75, 3.25, 10], "texture": "#1"},
				"down": {"uv": [2, 10, 3.25, 6.75], "texture": "#1"}
			}
		},
		{
			"name": "siirakansu_25",
			"from": [10.5, 0, 6.75],
			"to": [12.5, 0.25, 9.75],
			"faces": {
				"north": {"uv": [12.5, 6.75, 10.5, 7], "texture": "#1"},
				"east": {"uv": [12.25, 6.75, 12.5, 9.75], "rotation": 90, "texture": "#1"},
				"south": {"uv": [10.5, 9.5, 12.5, 9.75], "texture": "#1"},
				"west": {"uv": [10.5, 6.75, 10.75, 9.75], "rotation": 270, "texture": "#1"},
				"up": {"uv": [10.5, 6.75, 12.5, 9.75], "texture": "#1"},
				"down": {"uv": [10.5, 9.75, 12.5, 6.75], "texture": "#1"}
			}
		},
		{
			"name": "siirakansu_26",
			"from": [15, 0, 6.75],
			"to": [15.25, 0.25, 9.5],
			"faces": {
				"north": {"uv": [15.25, 6.75, 15, 7], "texture": "#1"},
				"east": {"uv": [15, 6.75, 15.25, 9.5], "rotation": 90, "texture": "#1"},
				"south": {"uv": [15, 9.25, 15.25, 9.5], "texture": "#1"},
				"west": {"uv": [15, 6.75, 15.25, 9.5], "rotation": 270, "texture": "#1"},
				"up": {"uv": [15, 6.75, 15.25, 9.5], "texture": "#1"},
				"down": {"uv": [15, 9.5, 15.25, 6.75], "texture": "#1"}
			}
		},
		{
			"name": "siirakansu_27",
			"from": [1.5, 0, 7],
			"to": [2, 0.25, 9.75],
			"faces": {
				"north": {"uv": [2, 7, 1.5, 7.25], "texture": "#1"},
				"east": {"uv": [1.75, 7, 2, 9.75], "rotation": 90, "texture": "#1"},
				"south": {"uv": [1.5, 9.5, 2, 9.75], "texture": "#1"},
				"west": {"uv": [1.5, 7, 1.75, 9.75], "rotation": 270, "texture": "#1"},
				"up": {"uv": [1.5, 7, 2, 9.75], "texture": "#1"},
				"down": {"uv": [1.5, 9.75, 2, 7], "texture": "#1"}
			}
		},
		{
			"name": "siirakansu_28",
			"from": [1, 0, 7.25],
			"to": [1.5, 0.25, 9.5],
			"faces": {
				"north": {"uv": [1.5, 7.25, 1, 7.5], "texture": "#1"},
				"east": {"uv": [1.25, 7.25, 1.5, 9.5], "rotation": 90, "texture": "#1"},
				"south": {"uv": [1, 9.25, 1.5, 9.5], "texture": "#1"},
				"west": {"uv": [1, 7.25, 1.25, 9.5], "rotation": 270, "texture": "#1"},
				"up": {"uv": [1, 7.25, 1.5, 9.5], "texture": "#1"},
				"down": {"uv": [1, 9.5, 1.5, 7.25], "texture": "#1"}
			}
		},
		{
			"name": "siirakansu_29",
			"from": [15.25, 0, 7.25],
			"to": [15.5, 0.25, 9.25],
			"faces": {
				"north": {"uv": [15.5, 7.25, 15.25, 7.5], "texture": "#1"},
				"east": {"uv": [15.25, 7.25, 15.5, 9.25], "rotation": 90, "texture": "#1"},
				"south": {"uv": [15.25, 9, 15.5, 9.25], "texture": "#1"},
				"west": {"uv": [15.25, 7.25, 15.5, 9.25], "rotation": 270, "texture": "#1"},
				"up": {"uv": [15.25, 7.25, 15.5, 9.25], "texture": "#1"},
				"down": {"uv": [15.25, 9.25, 15.5, 7.25], "texture": "#1"}
			}
		},
		{
			"name": "siirakansu_30",
			"from": [0.5, 0, 7.5],
			"to": [1, 0.25, 9.25],
			"faces": {
				"north": {"uv": [1, 7.5, 0.5, 7.75], "texture": "#1"},
				"east": {"uv": [0.75, 7.5, 1, 9.25], "rotation": 90, "texture": "#1"},
				"south": {"uv": [0.5, 9, 1, 9.25], "texture": "#1"},
				"west": {"uv": [0.5, 7.5, 0.75, 9.25], "rotation": 270, "texture": "#1"},
				"up": {"uv": [0.5, 7.5, 1, 9.25], "texture": "#1"},
				"down": {"uv": [0.5, 9.25, 1, 7.5], "texture": "#1"}
			}
		},
		{
			"name": "siirakansu_31",
			"from": [15.5, 0, 7.5],
			"to": [15.75, 0.25, 9],
			"faces": {
				"north": {"uv": [15.75, 7.5, 15.5, 7.75], "texture": "#1"},
				"east": {"uv": [15.5, 7.5, 15.75, 9], "rotation": 90, "texture": "#1"},
				"south": {"uv": [15.5, 8.75, 15.75, 9], "texture": "#1"},
				"west": {"uv": [15.5, 7.5, 15.75, 9], "rotation": 270, "texture": "#1"},
				"up": {"uv": [15.5, 7.5, 15.75, 9], "texture": "#1"},
				"down": {"uv": [15.5, 9, 15.75, 7.5], "texture": "#1"}
			}
		},
		{
			"name": "siirakansu_32",
			"from": [0, 0, 7.75],
			"to": [0.5, 0.25, 8.25],
			"faces": {
				"north": {"uv": [0.5, 7.75, 0, 8], "texture": "#1"},
				"east": {"uv": [0.25, 7.75, 0.5, 8.25], "rotation": 90, "texture": "#1"},
				"south": {"uv": [0, 8, 0.5, 8.25], "texture": "#1"},
				"west": {"uv": [0, 7.75, 0.25, 8.25], "rotation": 270, "texture": "#1"},
				"up": {"uv": [0, 7.75, 0.5, 8.25], "texture": "#1"},
				"down": {"uv": [0, 8.25, 0.5, 7.75], "texture": "#1"}
			}
		},
		{
			"name": "siirakansu_33",
			"from": [15.75, 0, 7.75],
			"to": [16, 0.25, 8.75],
			"faces": {
				"north": {"uv": [16, 7.75, 15.75, 8], "texture": "#1"},
				"east": {"uv": [15.75, 7.75, 16, 8.75], "rotation": 90, "texture": "#1"},
				"south": {"uv": [15.75, 8.5, 16, 8.75], "texture": "#1"},
				"west": {"uv": [15.75, 7.75, 16, 8.75], "rotation": 270, "texture": "#1"},
				"up": {"uv": [15.75, 7.75, 16, 8.75], "texture": "#1"},
				"down": {"uv": [15.75, 8.75, 16, 7.75], "texture": "#1"}
			}
		},
		{
			"name": "siirakansu_34",
			"from": [0, 0, 8.75],
			"to": [0.5, 0.25, 9],
			"faces": {
				"north": {"uv": [0.5, 8.75, 0, 9], "texture": "#1"},
				"east": {"uv": [0.25, 8.75, 0.5, 9], "rotation": 90, "texture": "#1"},
				"south": {"uv": [0, 8.75, 0.5, 9], "texture": "#1"},
				"west": {"uv": [0, 8.75, 0.25, 9], "rotation": 270, "texture": "#1"},
				"up": {"uv": [0, 8.75, 0.5, 9], "texture": "#1"},
				"down": {"uv": [0, 9, 0.5, 8.75], "texture": "#1"}
			}
		},
		{
			"name": "siirakansu_35",
			"from": [0.25, 0, 9],
			"to": [0.5, 0.25, 9.25],
			"faces": {
				"north": {"uv": [0.5, 9, 0.25, 9.25], "texture": "#1"},
				"east": {"uv": [0.25, 9, 0.5, 9.25], "rotation": 90, "texture": "#1"},
				"south": {"uv": [0.25, 9, 0.5, 9.25], "texture": "#1"},
				"west": {"uv": [0.25, 9, 0.5, 9.25], "rotation": 270, "texture": "#1"},
				"up": {"uv": [0.25, 9, 0.5, 9.25], "texture": "#1"},
				"down": {"uv": [0.25, 9.25, 0.5, 9], "texture": "#1"}
			}
		},
		{
			"name": "siirakansu_36",
			"from": [0.75, 0, 9.25],
			"to": [1, 0.25, 9.5],
			"faces": {
				"north": {"uv": [1, 9.25, 0.75, 9.5], "texture": "#1"},
				"east": {"uv": [0.75, 9.25, 1, 9.5], "rotation": 90, "texture": "#1"},
				"south": {"uv": [0.75, 9.25, 1, 9.5], "texture": "#1"},
				"west": {"uv": [0.75, 9.25, 1, 9.5], "rotation": 270, "texture": "#1"},
				"up": {"uv": [0.75, 9.25, 1, 9.5], "texture": "#1"},
				"down": {"uv": [0.75, 9.5, 1, 9.25], "texture": "#1"}
			}
		},
		{
			"name": "siirakansu_37",
			"from": [1.25, 0, 9.5],
			"to": [1.5, 0.25, 9.75],
			"faces": {
				"north": {"uv": [1.5, 9.5, 1.25, 9.75], "texture": "#1"},
				"east": {"uv": [1.25, 9.5, 1.5, 9.75], "rotation": 90, "texture": "#1"},
				"south": {"uv": [1.25, 9.5, 1.5, 9.75], "texture": "#1"},
				"west": {"uv": [1.25, 9.5, 1.5, 9.75], "rotation": 270, "texture": "#1"},
				"up": {"uv": [1.25, 9.5, 1.5, 9.75], "texture": "#1"},
				"down": {"uv": [1.25, 9.75, 1.5, 9.5], "texture": "#1"}
			}
		},
		{
			"name": "siirakansu_38",
			"from": [1.75, 0, 9.75],
			"to": [2, 0.25, 10],
			"faces": {
				"north": {"uv": [2, 9.75, 1.75, 10], "texture": "#1"},
				"east": {"uv": [1.75, 9.75, 2, 10], "rotation": 90, "texture": "#1"},
				"south": {"uv": [1.75, 9.75, 2, 10], "texture": "#1"},
				"west": {"uv": [1.75, 9.75, 2, 10], "rotation": 270, "texture": "#1"},
				"up": {"uv": [1.75, 9.75, 2, 10], "texture": "#1"},
				"down": {"uv": [1.75, 10, 2, 9.75], "texture": "#1"}
			}
		},
		{
			"name": "siirakansu_39",
			"from": [10.5, 0, 9.75],
			"to": [10.75, 0.25, 11.5],
			"faces": {
				"north": {"uv": [10.75, 9.75, 10.5, 10], "texture": "#1"},
				"east": {"uv": [10.5, 9.75, 10.75, 11.5], "rotation": 90, "texture": "#1"},
				"south": {"uv": [10.5, 11.25, 10.75, 11.5], "texture": "#1"},
				"west": {"uv": [10.5, 9.75, 10.75, 11.5], "rotation": 270, "texture": "#1"},
				"up": {"uv": [10.5, 9.75, 10.75, 11.5], "texture": "#1"},
				"down": {"uv": [10.5, 11.5, 10.75, 9.75], "texture": "#1"}
			}
		},
		{
			"name": "siirakansu_40",
			"from": [12.75, 0, 9.75],
			"to": [13, 0.25, 10],
			"faces": {
				"north": {"uv": [13, 9.75, 12.75, 10], "texture": "#1"},
				"east": {"uv": [12.75, 9.75, 13, 10], "rotation": 90, "texture": "#1"},
				"south": {"uv": [12.75, 9.75, 13, 10], "texture": "#1"},
				"west": {"uv": [12.75, 9.75, 13, 10], "rotation": 270, "texture": "#1"},
				"up": {"uv": [12.75, 9.75, 13, 10], "texture": "#1"},
				"down": {"uv": [12.75, 10, 13, 9.75], "texture": "#1"}
			}
		},
		{
			"name": "siirakansu_41",
			"from": [3.75, 0, 10],
			"to": [4.25, 0.25, 11],
			"faces": {
				"north": {"uv": [4.25, 10, 3.75, 10.25], "texture": "#1"},
				"east": {"uv": [4, 10, 4.25, 11], "rotation": 90, "texture": "#1"},
				"south": {"uv": [3.75, 10.75, 4.25, 11], "texture": "#1"},
				"west": {"uv": [3.75, 10, 4, 11], "rotation": 270, "texture": "#1"},
				"up": {"uv": [3.75, 10, 4.25, 11], "texture": "#1"},
				"down": {"uv": [3.75, 11, 4.25, 10], "texture": "#1"}
			}
		},
		{
			"name": "siirakansu_42",
			"from": [7.5, 0, 10],
			"to": [8.75, 0.25, 11.25],
			"faces": {
				"north": {"uv": [8.75, 10, 7.5, 10.25], "texture": "#1"},
				"east": {"uv": [8.5, 10, 8.75, 11.25], "rotation": 90, "texture": "#1"},
				"south": {"uv": [7.5, 11, 8.75, 11.25], "texture": "#1"},
				"west": {"uv": [7.5, 10, 7.75, 11.25], "rotation": 270, "texture": "#1"},
				"up": {"uv": [7.5, 10, 8.75, 11.25], "texture": "#1"},
				"down": {"uv": [7.5, 11.25, 8.75, 10], "texture": "#1"}
			}
		},
		{
			"name": "siirakansu_43",
			"from": [10.75, 0, 10],
			"to": [11.5, 0.25, 11.75],
			"faces": {
				"north": {"uv": [11.5, 10, 10.75, 10.25], "texture": "#1"},
				"east": {"uv": [11.25, 10, 11.5, 11.75], "rotation": 90, "texture": "#1"},
				"south": {"uv": [10.75, 11.5, 11.5, 11.75], "texture": "#1"},
				"west": {"uv": [10.75, 10, 11, 11.75], "rotation": 270, "texture": "#1"},
				"up": {"uv": [10.75, 10, 11.5, 11.75], "texture": "#1"},
				"down": {"uv": [10.75, 11.75, 11.5, 10], "texture": "#1"}
			}
		},
		{
			"name": "siirakansu_44",
			"from": [7, 0, 10.25],
			"to": [7.25, 0.25, 10.5],
			"faces": {
				"north": {"uv": [7.25, 10.25, 7, 10.5], "texture": "#1"},
				"east": {"uv": [7, 10.25, 7.25, 10.5], "rotation": 90, "texture": "#1"},
				"south": {"uv": [7, 10.25, 7.25, 10.5], "texture": "#1"},
				"west": {"uv": [7, 10.25, 7.25, 10.5], "rotation": 270, "texture": "#1"},
				"up": {"uv": [7, 10.25, 7.25, 10.5], "texture": "#1"},
				"down": {"uv": [7, 10.5, 7.25, 10.25], "texture": "#1"}
			}
		},
		{
			"name": "siirakansu_45",
			"from": [8.75, 0, 10.25],
			"to": [9, 0.25, 12],
			"faces": {
				"north": {"uv": [9, 10.25, 8.75, 10.5], "texture": "#1"},
				"east": {"uv": [8.75, 10.25, 9, 12], "rotation": 90, "texture": "#1"},
				"south": {"uv": [8.75, 11.75, 9, 12], "texture": "#1"},
				"west": {"uv": [8.75, 10.25, 9, 12], "rotation": 270, "texture": "#1"},
				"up": {"uv": [8.75, 10.25, 9, 12], "texture": "#1"},
				"down": {"uv": [8.75, 12, 9, 10.25], "texture": "#1"}
			}
		},
		{
			"name": "siirakansu_46",
			"from": [11.5, 0, 10.25],
			"to": [11.75, 0.25, 12.25],
			"faces": {
				"north": {"uv": [11.75, 10.25, 11.5, 10.5], "texture": "#1"},
				"east": {"uv": [11.5, 10.25, 11.75, 12.25], "rotation": 90, "texture": "#1"},
				"south": {"uv": [11.5, 12, 11.75, 12.25], "texture": "#1"},
				"west": {"uv": [11.5, 10.25, 11.75, 12.25], "rotation": 270, "texture": "#1"},
				"up": {"uv": [11.5, 10.25, 11.75, 12.25], "texture": "#1"},
				"down": {"uv": [11.5, 12.25, 11.75, 10.25], "texture": "#1"}
			}
		},
		{
			"name": "siirakansu_47",
			"from": [9, 0, 10.5],
			"to": [9.25, 0.25, 12],
			"faces": {
				"north": {"uv": [9.25, 10.5, 9, 10.75], "texture": "#1"},
				"east": {"uv": [9, 10.5, 9.25, 12], "rotation": 90, "texture": "#1"},
				"south": {"uv": [9, 11.75, 9.25, 12], "texture": "#1"},
				"west": {"uv": [9, 10.5, 9.25, 12], "rotation": 270, "texture": "#1"},
				"up": {"uv": [9, 10.5, 9.25, 12], "texture": "#1"},
				"down": {"uv": [9, 12, 9.25, 10.5], "texture": "#1"}
			}
		},
		{
			"name": "siirakansu_48",
			"from": [11.75, 0, 10.5],
			"to": [12, 0.25, 12.25],
			"faces": {
				"north": {"uv": [12, 10.5, 11.75, 10.75], "texture": "#1"},
				"east": {"uv": [11.75, 10.5, 12, 12.25], "rotation": 90, "texture": "#1"},
				"south": {"uv": [11.75, 12, 12, 12.25], "texture": "#1"},
				"west": {"uv": [11.75, 10.5, 12, 12.25], "rotation": 270, "texture": "#1"},
				"up": {"uv": [11.75, 10.5, 12, 12.25], "texture": "#1"},
				"down": {"uv": [11.75, 12.25, 12, 10.5], "texture": "#1"}
			}
		},
		{
			"name": "siirakansu_49",
			"from": [13.5, 0, 10.5],
			"to": [14.25, 0.25, 10.75],
			"faces": {
				"north": {"uv": [14.25, 10.5, 13.5, 10.75], "texture": "#1"},
				"east": {"uv": [14, 10.5, 14.25, 10.75], "rotation": 90, "texture": "#1"},
				"south": {"uv": [13.5, 10.5, 14.25, 10.75], "texture": "#1"},
				"west": {"uv": [13.5, 10.5, 13.75, 10.75], "rotation": 270, "texture": "#1"},
				"up": {"uv": [13.5, 10.5, 14.25, 10.75], "texture": "#1"},
				"down": {"uv": [13.5, 10.75, 14.25, 10.5], "texture": "#1"}
			}
		},
		{
			"name": "siirakansu_50",
			"from": [9.25, 0, 10.75],
			"to": [9.5, 0.25, 11.75],
			"faces": {
				"north": {"uv": [9.5, 10.75, 9.25, 11], "texture": "#1"},
				"east": {"uv": [9.25, 10.75, 9.5, 11.75], "rotation": 90, "texture": "#1"},
				"south": {"uv": [9.25, 11.5, 9.5, 11.75], "texture": "#1"},
				"west": {"uv": [9.25, 10.75, 9.5, 11.75], "rotation": 270, "texture": "#1"},
				"up": {"uv": [9.25, 10.75, 9.5, 11.75], "texture": "#1"},
				"down": {"uv": [9.25, 11.75, 9.5, 10.75], "texture": "#1"}
			}
		},
		{
			"name": "siirakansu_51",
			"from": [12, 0, 10.75],
			"to": [12.25, 0.25, 12.25],
			"faces": {
				"north": {"uv": [12.25, 10.75, 12, 11], "texture": "#1"},
				"east": {"uv": [12, 10.75, 12.25, 12.25], "rotation": 90, "texture": "#1"},
				"south": {"uv": [12, 12, 12.25, 12.25], "texture": "#1"},
				"west": {"uv": [12, 10.75, 12.25, 12.25], "rotation": 270, "texture": "#1"},
				"up": {"uv": [12, 10.75, 12.25, 12.25], "texture": "#1"},
				"down": {"uv": [12, 12.25, 12.25, 10.75], "texture": "#1"}
			}
		},
		{
			"name": "siirakansu_52",
			"from": [4, 0, 11],
			"to": [4.25, 0.25, 11.25],
			"faces": {
				"north": {"uv": [4.25, 11, 4, 11.25], "texture": "#1"},
				"east": {"uv": [4, 11, 4.25, 11.25], "rotation": 90, "texture": "#1"},
				"south": {"uv": [4, 11, 4.25, 11.25], "texture": "#1"},
				"west": {"uv": [4, 11, 4.25, 11.25], "rotation": 270, "texture": "#1"},
				"up": {"uv": [4, 11, 4.25, 11.25], "texture": "#1"},
				"down": {"uv": [4, 11.25, 4.25, 11], "texture": "#1"}
			}
		},
		{
			"name": "siirakansu_53",
			"from": [12.25, 0, 11],
			"to": [12.5, 0.25, 12],
			"faces": {
				"north": {"uv": [12.5, 11, 12.25, 11.25], "texture": "#1"},
				"east": {"uv": [12.25, 11, 12.5, 12], "rotation": 90, "texture": "#1"},
				"south": {"uv": [12.25, 11.75, 12.5, 12], "texture": "#1"},
				"west": {"uv": [12.25, 11, 12.5, 12], "rotation": 270, "texture": "#1"},
				"up": {"uv": [12.25, 11, 12.5, 12], "texture": "#1"},
				"down": {"uv": [12.25, 12, 12.5, 11], "texture": "#1"}
			}
		},
		{
			"name": "siirakansu_54",
			"from": [7.75, 0, 11.25],
			"to": [8.75, 0.25, 11.75],
			"faces": {
				"north": {"uv": [8.75, 11.25, 7.75, 11.5], "texture": "#1"},
				"east": {"uv": [8.5, 11.25, 8.75, 11.75], "rotation": 90, "texture": "#1"},
				"south": {"uv": [7.75, 11.5, 8.75, 11.75], "texture": "#1"},
				"west": {"uv": [7.75, 11.25, 8, 11.75], "rotation": 270, "texture": "#1"},
				"up": {"uv": [7.75, 11.25, 8.75, 11.75], "texture": "#1"},
				"down": {"uv": [7.75, 11.75, 8.75, 11.25], "texture": "#1"}
			}
		},
		{
			"name": "siirakansu_55",
			"from": [4.5, 0, 11.5],
			"to": [5.25, 0.25, 11.75],
			"faces": {
				"north": {"uv": [5.25, 11.5, 4.5, 11.75], "texture": "#1"},
				"east": {"uv": [5, 11.5, 5.25, 11.75], "rotation": 90, "texture": "#1"},
				"south": {"uv": [4.5, 11.5, 5.25, 11.75], "texture": "#1"},
				"west": {"uv": [4.5, 11.5, 4.75, 11.75], "rotation": 270, "texture": "#1"},
				"up": {"uv": [4.5, 11.5, 5.25, 11.75], "texture": "#1"},
				"down": {"uv": [4.5, 11.75, 5.25, 11.5], "texture": "#1"}
			}
		},
		{
			"name": "siirakansu_56",
			"from": [8, 0, 11.75],
			"to": [8.75, 0.25, 12],
			"faces": {
				"north": {"uv": [8.75, 11.75, 8, 12], "texture": "#1"},
				"east": {"uv": [8.5, 11.75, 8.75, 12], "rotation": 90, "texture": "#1"},
				"south": {"uv": [8, 11.75, 8.75, 12], "texture": "#1"},
				"west": {"uv": [8, 11.75, 8.25, 12], "rotation": 270, "texture": "#1"},
				"up": {"uv": [8, 11.75, 8.75, 12], "texture": "#1"},
				"down": {"uv": [8, 12, 8.75, 11.75], "texture": "#1"}
			}
		},
		{
			"name": "siirakansu_57",
			"from": [11, 0, 11.75],
			"to": [11.5, 0.25, 12],
			"faces": {
				"north": {"uv": [11.5, 11.75, 11, 12], "texture": "#1"},
				"east": {"uv": [11.25, 11.75, 11.5, 12], "rotation": 90, "texture": "#1"},
				"south": {"uv": [11, 11.75, 11.5, 12], "texture": "#1"},
				"west": {"uv": [11, 11.75, 11.25, 12], "rotation": 270, "texture": "#1"},
				"up": {"uv": [11, 11.75, 11.5, 12], "texture": "#1"},
				"down": {"uv": [11, 12, 11.5, 11.75], "texture": "#1"}
			}
		},
		{
			"name": "siirakansu_58",
			"from": [11.25, 0, 12],
			"to": [11.5, 0.25, 12.25],
			"faces": {
				"north": {"uv": [11.5, 12, 11.25, 12.25], "texture": "#1"},
				"east": {"uv": [11.25, 12, 11.5, 12.25], "rotation": 90, "texture": "#1"},
				"south": {"uv": [11.25, 12, 11.5, 12.25], "texture": "#1"},
				"west": {"uv": [11.25, 12, 11.5, 12.25], "rotation": 270, "texture": "#1"},
				"up": {"uv": [11.25, 12, 11.5, 12.25], "texture": "#1"},
				"down": {"uv": [11.25, 12.25, 11.5, 12], "texture": "#1"}
			}
		}
	],
	"gui_light": "front",
	"display": {
		"thirdperson_righthand": {
			"rotation": [90, -2.75, 1.75],
			"translation": [-1, 5, 19],
			"scale": [2.32812, 2.32813, 2.32813]
		},
		"thirdperson_lefthand": {
			"rotation": [90, -2.75, 1.75],
			"translation": [-1, 5, 19],
			"scale": [2.32812, 2.32813, 2.32813]
		},
		"firstperson_righthand": {
			"rotation": [90, -27, 8],
			"translation": [9.25, 2.75, 10],
			"scale": [2.32812, 2.32812, 2.32812]
		},
		"firstperson_lefthand": {
			"rotation": [90, -25, -180],
			"translation": [9.25, -1.75, -25],
			"scale": [2.32812, 2.32812, 2.32812]
		},
		"ground": {
			"rotation": [90, 0, 0],
			"translation": [0, 3.75, 0]
		},
		"gui": {
			"rotation": [90, 0, 0],
			"translation": [0, -0.5, 9]
		},
		"head": {
			"rotation": [90, 0, 0],
			"translation": [0, 14.25, 24.5],
			"scale": [2.32812, 2.32812, 2.32812]
		},
		"fixed": {
			"rotation": [90, 0, 0],
			"translation": [-0.5, 0, 8.25],
			"scale": [1.06055, 1.06055, 1.06055]
		}
	},
	"groups": [
		{
			"name": "siirakansu",
			"origin": [8, 8, 8],
			"children": [0, 1, 2, 3, 4, 5, 6, 7, 8, 9, 10, 11, 12, 13, 14, 15, 16, 17, 18, 19, 20, 21, 22, 23, 24, 25, 26, 27, 28, 29, 30, 31, 32, 33, 34, 35, 36, 37, 38, 39, 40, 41, 42, 43, 44, 45, 46, 47, 48, 49, 50, 51, 52, 53, 54, 55, 56, 57, 58]
		}
	]
}