{
	"credit": "Made with Blockbench",
	"textures": {
		"1": "fish/suppon",
		"particle": "fish/sake"
	},
	"elements": [
		{
			"name": "suppon_0",
			"from": [7.75, 0, 1.25],
			"to": [8.5, 0.25, 14.75],
			"faces": {
				"north": {"uv": [8.5, 1.25, 7.75, 1.5], "texture": "#1"},
				"east": {"uv": [8.25, 1.25, 8.5, 14.75], "rotation": 90, "texture": "#1"},
				"south": {"uv": [7.75, 14.5, 8.5, 14.75], "texture": "#1"},
				"west": {"uv": [7.75, 1.25, 8, 14.75], "rotation": 270, "texture": "#1"},
				"up": {"uv": [7.75, 1.25, 8.5, 14.75], "texture": "#1"},
				"down": {"uv": [7.75, 14.75, 8.5, 1.25], "texture": "#1"}
			}
		},
		{
			"name": "suppon_1",
			"from": [7.5, 0, 1.5],
			"to": [7.75, 0.25, 14],
			"faces": {
				"north": {"uv": [7.75, 1.5, 7.5, 1.75], "texture": "#1"},
				"east": {"uv": [7.5, 1.5, 7.75, 14], "rotation": 90, "texture": "#1"},
				"south": {"uv": [7.5, 13.75, 7.75, 14], "texture": "#1"},
				"west": {"uv": [7.5, 1.5, 7.75, 14], "rotation": 270, "texture": "#1"},
				"up": {"uv": [7.5, 1.5, 7.75, 14], "texture": "#1"},
				"down": {"uv": [7.5, 14, 7.75, 1.5], "texture": "#1"}
			}
		},
		{
			"name": "suppon_2",
			"from": [8.5, 0, 1.5],
			"to": [8.75, 0.25, 14],
			"faces": {
				"north": {"uv": [8.75, 1.5, 8.5, 1.75], "texture": "#1"},
				"east": {"uv": [8.5, 1.5, 8.75, 14], "rotation": 90, "texture": "#1"},
				"south": {"uv": [8.5, 13.75, 8.75, 14], "texture": "#1"},
				"west": {"uv": [8.5, 1.5, 8.75, 14], "rotation": 270, "texture": "#1"},
				"up": {"uv": [8.5, 1.5, 8.75, 14], "texture": "#1"},
				"down": {"uv": [8.5, 14, 8.75, 1.5], "texture": "#1"}
			}
		},
		{
			"name": "suppon_3",
			"from": [7.25, 0, 2],
			"to": [7.5, 0.25, 13.5],
			"faces": {
				"north": {"uv": [7.5, 2, 7.25, 2.25], "texture": "#1"},
				"east": {"uv": [7.25, 2, 7.5, 13.5], "rotation": 90, "texture": "#1"},
				"south": {"uv": [7.25, 13.25, 7.5, 13.5], "texture": "#1"},
				"west": {"uv": [7.25, 2, 7.5, 13.5], "rotation": 270, "texture": "#1"},
				"up": {"uv": [7.25, 2, 7.5, 13.5], "texture": "#1"},
				"down": {"uv": [7.25, 13.5, 7.5, 2], "texture": "#1"}
			}
		},
		{
			"name": "suppon_4",
			"from": [8.75, 0, 2],
			"to": [9, 0.25, 13.5],
			"faces": {
				"north": {"uv": [9, 2, 8.75, 2.25], "texture": "#1"},
				"east": {"uv": [8.75, 2, 9, 13.5], "rotation": 90, "texture": "#1"},
				"south": {"uv": [8.75, 13.25, 9, 13.5], "texture": "#1"},
				"west": {"uv": [8.75, 2, 9, 13.5], "rotation": 270, "texture": "#1"},
				"up": {"uv": [8.75, 2, 9, 13.5], "texture": "#1"},
				"down": {"uv": [8.75, 13.5, 9, 2], "texture": "#1"}
			}
		},
		{
			"name": "suppon_5",
			"from": [7, 0, 2.5],
			"to": [7.25, 0.25, 13],
			"faces": {
				"north": {"uv": [7.25, 2.5, 7, 2.75], "texture": "#1"},
				"east": {"uv": [7, 2.5, 7.25, 13], "rotation": 90, "texture": "#1"},
				"south": {"uv": [7, 12.75, 7.25, 13], "texture": "#1"},
				"west": {"uv": [7, 2.5, 7.25, 13], "rotation": 270, "texture": "#1"},
				"up": {"uv": [7, 2.5, 7.25, 13], "texture": "#1"},
				"down": {"uv": [7, 13, 7.25, 2.5], "texture": "#1"}
			}
		},
		{
			"name": "suppon_6",
			"from": [9, 0, 2.5],
			"to": [9.25, 0.25, 13],
			"faces": {
				"north": {"uv": [9.25, 2.5, 9, 2.75], "texture": "#1"},
				"east": {"uv": [9, 2.5, 9.25, 13], "rotation": 90, "texture": "#1"},
				"south": {"uv": [9, 12.75, 9.25, 13], "texture": "#1"},
				"west": {"uv": [9, 2.5, 9.25, 13], "rotation": 270, "texture": "#1"},
				"up": {"uv": [9, 2.5, 9.25, 13], "texture": "#1"},
				"down": {"uv": [9, 13, 9.25, 2.5], "texture": "#1"}
			}
		},
		{
			"name": "suppon_7",
			"from": [6.75, 0, 3.25],
			"to": [7, 0.25, 13],
			"faces": {
				"north": {"uv": [7, 3.25, 6.75, 3.5], "texture": "#1"},
				"east": {"uv": [6.75, 3.25, 7, 13], "rotation": 90, "texture": "#1"},
				"south": {"uv": [6.75, 12.75, 7, 13], "texture": "#1"},
				"west": {"uv": [6.75, 3.25, 7, 13], "rotation": 270, "texture": "#1"},
				"up": {"uv": [6.75, 3.25, 7, 13], "texture": "#1"},
				"down": {"uv": [6.75, 13, 7, 3.25], "texture": "#1"}
			}
		},
		{
			"name": "suppon_8",
			"from": [9.25, 0, 3.25],
			"to": [9.5, 0.25, 13],
			"faces": {
				"north": {"uv": [9.5, 3.25, 9.25, 3.5], "texture": "#1"},
				"east": {"uv": [9.25, 3.25, 9.5, 13], "rotation": 90, "texture": "#1"},
				"south": {"uv": [9.25, 12.75, 9.5, 13], "texture": "#1"},
				"west": {"uv": [9.25, 3.25, 9.5, 13], "rotation": 270, "texture": "#1"},
				"up": {"uv": [9.25, 3.25, 9.5, 13], "texture": "#1"},
				"down": {"uv": [9.25, 13, 9.5, 3.25], "texture": "#1"}
			}
		},
		{
			"name": "suppon_9",
			"from": [4.75, 0, 4.25],
			"to": [5.25, 0.25, 6.5],
			"faces": {
				"north": {"uv": [5.25, 4.25, 4.75, 4.5], "texture": "#1"},
				"east": {"uv": [5, 4.25, 5.25, 6.5], "rotation": 90, "texture": "#1"},
				"south": {"uv": [4.75, 6.25, 5.25, 6.5], "texture": "#1"},
				"west": {"uv": [4.75, 4.25, 5, 6.5], "rotation": 270, "texture": "#1"},
				"up": {"uv": [4.75, 4.25, 5.25, 6.5], "texture": "#1"},
				"down": {"uv": [4.75, 6.5, 5.25, 4.25], "texture": "#1"}
			}
		},
		{
			"name": "suppon_10",
			"from": [11, 0, 4.25],
			"to": [11.5, 0.25, 6.5],
			"faces": {
				"north": {"uv": [11.5, 4.25, 11, 4.5], "texture": "#1"},
				"east": {"uv": [11.25, 4.25, 11.5, 6.5], "rotation": 90, "texture": "#1"},
				"south": {"uv": [11, 6.25, 11.5, 6.5], "texture": "#1"},
				"west": {"uv": [11, 4.25, 11.25, 6.5], "rotation": 270, "texture": "#1"},
				"up": {"uv": [11, 4.25, 11.5, 6.5], "texture": "#1"},
				"down": {"uv": [11, 6.5, 11.5, 4.25], "texture": "#1"}
			}
		},
		{
			"name": "suppon_11",
			"from": [4.25, 0, 4.5],
			"to": [4.75, 0.25, 5.5],
			"faces": {
				"north": {"uv": [4.75, 4.5, 4.25, 4.75], "texture": "#1"},
				"east": {"uv": [4.5, 4.5, 4.75, 5.5], "rotation": 90, "texture": "#1"},
				"south": {"uv": [4.25, 5.25, 4.75, 5.5], "texture": "#1"},
				"west": {"uv": [4.25, 4.5, 4.5, 5.5], "rotation": 270, "texture": "#1"},
				"up": {"uv": [4.25, 4.5, 4.75, 5.5], "texture": "#1"},
				"down": {"uv": [4.25, 5.5, 4.75, 4.5], "texture": "#1"}
			}
		},
		{
			"name": "suppon_12",
			"from": [5.25, 0, 4.5],
			"to": [5.75, 0.25, 14],
			"faces": {
				"north": {"uv": [5.75, 4.5, 5.25, 4.75], "texture": "#1"},
				"east": {"uv": [5.5, 4.5, 5.75, 14], "rotation": 90, "texture": "#1"},
				"south": {"uv": [5.25, 13.75, 5.75, 14], "texture": "#1"},
				"west": {"uv": [5.25, 4.5, 5.5, 14], "rotation": 270, "texture": "#1"},
				"up": {"uv": [5.25, 4.5, 5.75, 14], "texture": "#1"},
				"down": {"uv": [5.25, 14, 5.75, 4.5], "texture": "#1"}
			}
		},
		{
			"name": "suppon_13",
			"from": [10.5, 0, 4.5],
			"to": [11, 0.25, 14],
			"faces": {
				"north": {"uv": [11, 4.5, 10.5, 4.75], "texture": "#1"},
				"east": {"uv": [10.75, 4.5, 11, 14], "rotation": 90, "texture": "#1"},
				"south": {"uv": [10.5, 13.75, 11, 14], "texture": "#1"},
				"west": {"uv": [10.5, 4.5, 10.75, 14], "rotation": 270, "texture": "#1"},
				"up": {"uv": [10.5, 4.5, 11, 14], "texture": "#1"},
				"down": {"uv": [10.5, 14, 11, 4.5], "texture": "#1"}
			}
		},
		{
			"name": "suppon_14",
			"from": [11.5, 0, 4.5],
			"to": [12, 0.25, 5.5],
			"faces": {
				"north": {"uv": [12, 4.5, 11.5, 4.75], "texture": "#1"},
				"east": {"uv": [11.75, 4.5, 12, 5.5], "rotation": 90, "texture": "#1"},
				"south": {"uv": [11.5, 5.25, 12, 5.5], "texture": "#1"},
				"west": {"uv": [11.5, 4.5, 11.75, 5.5], "rotation": 270, "texture": "#1"},
				"up": {"uv": [11.5, 4.5, 12, 5.5], "texture": "#1"},
				"down": {"uv": [11.5, 5.5, 12, 4.5], "texture": "#1"}
			}
		},
		{
			"name": "suppon_15",
			"from": [4, 0, 4.75],
			"to": [4.25, 0.25, 5.5],
			"faces": {
				"north": {"uv": [4.25, 4.75, 4, 5], "texture": "#1"},
				"east": {"uv": [4, 4.75, 4.25, 5.5], "rotation": 90, "texture": "#1"},
				"south": {"uv": [4, 5.25, 4.25, 5.5], "texture": "#1"},
				"west": {"uv": [4, 4.75, 4.25, 5.5], "rotation": 270, "texture": "#1"},
				"up": {"uv": [4, 4.75, 4.25, 5.5], "texture": "#1"},
				"down": {"uv": [4, 5.5, 4.25, 4.75], "texture": "#1"}
			}
		},
		{
			"name": "suppon_16",
			"from": [5.75, 0, 4.75],
			"to": [6, 0.25, 14.25],
			"faces": {
				"north": {"uv": [6, 4.75, 5.75, 5], "texture": "#1"},
				"east": {"uv": [5.75, 4.75, 6, 14.25], "rotation": 90, "texture": "#1"},
				"south": {"uv": [5.75, 14, 6, 14.25], "texture": "#1"},
				"west": {"uv": [5.75, 4.75, 6, 14.25], "rotation": 270, "texture": "#1"},
				"up": {"uv": [5.75, 4.75, 6, 14.25], "texture": "#1"},
				"down": {"uv": [5.75, 14.25, 6, 4.75], "texture": "#1"}
			}
		},
		{
			"name": "suppon_17",
			"from": [10.25, 0, 4.75],
			"to": [10.5, 0.25, 14.25],
			"faces": {
				"north": {"uv": [10.5, 4.75, 10.25, 5], "texture": "#1"},
				"east": {"uv": [10.25, 4.75, 10.5, 14.25], "rotation": 90, "texture": "#1"},
				"south": {"uv": [10.25, 14, 10.5, 14.25], "texture": "#1"},
				"west": {"uv": [10.25, 4.75, 10.5, 14.25], "rotation": 270, "texture": "#1"},
				"up": {"uv": [10.25, 4.75, 10.5, 14.25], "texture": "#1"},
				"down": {"uv": [10.25, 14.25, 10.5, 4.75], "texture": "#1"}
			}
		},
		{
			"name": "suppon_18",
			"from": [12, 0, 4.75],
			"to": [12.25, 0.25, 5.5],
			"faces": {
				"north": {"uv": [12.25, 4.75, 12, 5], "texture": "#1"},
				"east": {"uv": [12, 4.75, 12.25, 5.5], "rotation": 90, "texture": "#1"},
				"south": {"uv": [12, 5.25, 12.25, 5.5], "texture": "#1"},
				"west": {"uv": [12, 4.75, 12.25, 5.5], "rotation": 270, "texture": "#1"},
				"up": {"uv": [12, 4.75, 12.25, 5.5], "texture": "#1"},
				"down": {"uv": [12, 5.5, 12.25, 4.75], "texture": "#1"}
			}
		},
		{
			"name": "suppon_19",
			"from": [3.75, 0, 5],
			"to": [4, 0.25, 5.25],
			"faces": {
				"north": {"uv": [4, 5, 3.75, 5.25], "texture": "#1"},
				"east": {"uv": [3.75, 5, 4, 5.25], "rotation": 90, "texture": "#1"},
				"south": {"uv": [3.75, 5, 4, 5.25], "texture": "#1"},
				"west": {"uv": [3.75, 5, 4, 5.25], "rotation": 270, "texture": "#1"},
				"up": {"uv": [3.75, 5, 4, 5.25], "texture": "#1"},
				"down": {"uv": [3.75, 5.25, 4, 5], "texture": "#1"}
			}
		},
		{
			"name": "suppon_20",
			"from": [6, 0, 5],
			"to": [6.25, 0.25, 14],
			"faces": {
				"north": {"uv": [6.25, 5, 6, 5.25], "texture": "#1"},
				"east": {"uv": [6, 5, 6.25, 14], "rotation": 90, "texture": "#1"},
				"south": {"uv": [6, 13.75, 6.25, 14], "texture": "#1"},
				"west": {"uv": [6, 5, 6.25, 14], "rotation": 270, "texture": "#1"},
				"up": {"uv": [6, 5, 6.25, 14], "texture": "#1"},
				"down": {"uv": [6, 14, 6.25, 5], "texture": "#1"}
			}
		},
		{
			"name": "suppon_21",
			"from": [6.5, 0, 5],
			"to": [6.75, 0.25, 13],
			"faces": {
				"north": {"uv": [6.75, 5, 6.5, 5.25], "texture": "#1"},
				"east": {"uv": [6.5, 5, 6.75, 13], "rotation": 90, "texture": "#1"},
				"south": {"uv": [6.5, 12.75, 6.75, 13], "texture": "#1"},
				"west": {"uv": [6.5, 5, 6.75, 13], "rotation": 270, "texture": "#1"},
				"up": {"uv": [6.5, 5, 6.75, 13], "texture": "#1"},
				"down": {"uv": [6.5, 13, 6.75, 5], "texture": "#1"}
			}
		},
		{
			"name": "suppon_22",
			"from": [9.5, 0, 5],
			"to": [9.75, 0.25, 13],
			"faces": {
				"north": {"uv": [9.75, 5, 9.5, 5.25], "texture": "#1"},
				"east": {"uv": [9.5, 5, 9.75, 13], "rotation": 90, "texture": "#1"},
				"south": {"uv": [9.5, 12.75, 9.75, 13], "texture": "#1"},
				"west": {"uv": [9.5, 5, 9.75, 13], "rotation": 270, "texture": "#1"},
				"up": {"uv": [9.5, 5, 9.75, 13], "texture": "#1"},
				"down": {"uv": [9.5, 13, 9.75, 5], "texture": "#1"}
			}
		},
		{
			"name": "suppon_23",
			"from": [10, 0, 5],
			"to": [10.25, 0.25, 14],
			"faces": {
				"north": {"uv": [10.25, 5, 10, 5.25], "texture": "#1"},
				"east": {"uv": [10, 5, 10.25, 14], "rotation": 90, "texture": "#1"},
				"south": {"uv": [10, 13.75, 10.25, 14], "texture": "#1"},
				"west": {"uv": [10, 5, 10.25, 14], "rotation": 270, "texture": "#1"},
				"up": {"uv": [10, 5, 10.25, 14], "texture": "#1"},
				"down": {"uv": [10, 14, 10.25, 5], "texture": "#1"}
			}
		},
		{
			"name": "suppon_24",
			"from": [12.25, 0, 5],
			"to": [12.5, 0.25, 5.25],
			"faces": {
				"north": {"uv": [12.5, 5, 12.25, 5.25], "texture": "#1"},
				"east": {"uv": [12.25, 5, 12.5, 5.25], "rotation": 90, "texture": "#1"},
				"south": {"uv": [12.25, 5, 12.5, 5.25], "texture": "#1"},
				"west": {"uv": [12.25, 5, 12.5, 5.25], "rotation": 270, "texture": "#1"},
				"up": {"uv": [12.25, 5, 12.5, 5.25], "texture": "#1"},
				"down": {"uv": [12.25, 5.25, 12.5, 5], "texture": "#1"}
			}
		},
		{
			"name": "suppon_25",
			"from": [6.25, 0, 5.25],
			"to": [6.5, 0.25, 13.75],
			"faces": {
				"north": {"uv": [6.5, 5.25, 6.25, 5.5], "texture": "#1"},
				"east": {"uv": [6.25, 5.25, 6.5, 13.75], "rotation": 90, "texture": "#1"},
				"south": {"uv": [6.25, 13.5, 6.5, 13.75], "texture": "#1"},
				"west": {"uv": [6.25, 5.25, 6.5, 13.75], "rotation": 270, "texture": "#1"},
				"up": {"uv": [6.25, 5.25, 6.5, 13.75], "texture": "#1"},
				"down": {"uv": [6.25, 13.75, 6.5, 5.25], "texture": "#1"}
			}
		},
		{
			"name": "suppon_26",
			"from": [9.75, 0, 5.25],
			"to": [10, 0.25, 13.75],
			"faces": {
				"north": {"uv": [10, 5.25, 9.75, 5.5], "texture": "#1"},
				"east": {"uv": [9.75, 5.25, 10, 13.75], "rotation": 90, "texture": "#1"},
				"south": {"uv": [9.75, 13.5, 10, 13.75], "texture": "#1"},
				"west": {"uv": [9.75, 5.25, 10, 13.75], "rotation": 270, "texture": "#1"},
				"up": {"uv": [9.75, 5.25, 10, 13.75], "texture": "#1"},
				"down": {"uv": [9.75, 13.75, 10, 5.25], "texture": "#1"}
			}
		},
		{
			"name": "suppon_27",
			"from": [4.5, 0, 5.5],
			"to": [4.75, 0.25, 6.25],
			"faces": {
				"north": {"uv": [4.75, 5.5, 4.5, 5.75], "texture": "#1"},
				"east": {"uv": [4.5, 5.5, 4.75, 6.25], "rotation": 90, "texture": "#1"},
				"south": {"uv": [4.5, 6, 4.75, 6.25], "texture": "#1"},
				"west": {"uv": [4.5, 5.5, 4.75, 6.25], "rotation": 270, "texture": "#1"},
				"up": {"uv": [4.5, 5.5, 4.75, 6.25], "texture": "#1"},
				"down": {"uv": [4.5, 6.25, 4.75, 5.5], "texture": "#1"}
			}
		},
		{
			"name": "suppon_28",
			"from": [11.5, 0, 5.5],
			"to": [11.75, 0.25, 6.25],
			"faces": {
				"north": {"uv": [11.75, 5.5, 11.5, 5.75], "texture": "#1"},
				"east": {"uv": [11.5, 5.5, 11.75, 6.25], "rotation": 90, "texture": "#1"},
				"south": {"uv": [11.5, 6, 11.75, 6.25], "texture": "#1"},
				"west": {"uv": [11.5, 5.5, 11.75, 6.25], "rotation": 270, "texture": "#1"},
				"up": {"uv": [11.5, 5.5, 11.75, 6.25], "texture": "#1"},
				"down": {"uv": [11.5, 6.25, 11.75, 5.5], "texture": "#1"}
			}
		},
		{
			"name": "suppon_29",
			"from": [5, 0, 6.5],
			"to": [5.25, 0.25, 13.75],
			"faces": {
				"north": {"uv": [5.25, 6.5, 5, 6.75], "texture": "#1"},
				"east": {"uv": [5, 6.5, 5.25, 13.75], "rotation": 90, "texture": "#1"},
				"south": {"uv": [5, 13.5, 5.25, 13.75], "texture": "#1"},
				"west": {"uv": [5, 6.5, 5.25, 13.75], "rotation": 270, "texture": "#1"},
				"up": {"uv": [5, 6.5, 5.25, 13.75], "texture": "#1"},
				"down": {"uv": [5, 13.75, 5.25, 6.5], "texture": "#1"}
			}
		},
		{
			"name": "suppon_30",
			"from": [11, 0, 6.5],
			"to": [11.25, 0.25, 13.75],
			"faces": {
				"north": {"uv": [11.25, 6.5, 11, 6.75], "texture": "#1"},
				"east": {"uv": [11, 6.5, 11.25, 13.75], "rotation": 90, "texture": "#1"},
				"south": {"uv": [11, 13.5, 11.25, 13.75], "texture": "#1"},
				"west": {"uv": [11, 6.5, 11.25, 13.75], "rotation": 270, "texture": "#1"},
				"up": {"uv": [11, 6.5, 11.25, 13.75], "texture": "#1"},
				"down": {"uv": [11, 13.75, 11.25, 6.5], "texture": "#1"}
			}
		},
		{
			"name": "suppon_31",
			"from": [4.75, 0, 7],
			"to": [5, 0.25, 13.5],
			"faces": {
				"north": {"uv": [5, 7, 4.75, 7.25], "texture": "#1"},
				"east": {"uv": [4.75, 7, 5, 13.5], "rotation": 90, "texture": "#1"},
				"south": {"uv": [4.75, 13.25, 5, 13.5], "texture": "#1"},
				"west": {"uv": [4.75, 7, 5, 13.5], "rotation": 270, "texture": "#1"},
				"up": {"uv": [4.75, 7, 5, 13.5], "texture": "#1"},
				"down": {"uv": [4.75, 13.5, 5, 7], "texture": "#1"}
			}
		},
		{
			"name": "suppon_32",
			"from": [11.25, 0, 7],
			"to": [11.5, 0.25, 13.5],
			"faces": {
				"north": {"uv": [11.5, 7, 11.25, 7.25], "texture": "#1"},
				"east": {"uv": [11.25, 7, 11.5, 13.5], "rotation": 90, "texture": "#1"},
				"south": {"uv": [11.25, 13.25, 11.5, 13.5], "texture": "#1"},
				"west": {"uv": [11.25, 7, 11.5, 13.5], "rotation": 270, "texture": "#1"},
				"up": {"uv": [11.25, 7, 11.5, 13.5], "texture": "#1"},
				"down": {"uv": [11.25, 13.5, 11.5, 7], "texture": "#1"}
			}
		},
		{
			"name": "suppon_33",
			"from": [4.5, 0, 7.5],
			"to": [4.75, 0.25, 11],
			"faces": {
				"north": {"uv": [4.75, 7.5, 4.5, 7.75], "texture": "#1"},
				"east": {"uv": [4.5, 7.5, 4.75, 11], "rotation": 90, "texture": "#1"},
				"south": {"uv": [4.5, 10.75, 4.75, 11], "texture": "#1"},
				"west": {"uv": [4.5, 7.5, 4.75, 11], "rotation": 270, "texture": "#1"},
				"up": {"uv": [4.5, 7.5, 4.75, 11], "texture": "#1"},
				"down": {"uv": [4.5, 11, 4.75, 7.5], "texture": "#1"}
			}
		},
		{
			"name": "suppon_34",
			"from": [11.5, 0, 7.5],
			"to": [11.75, 0.25, 11],
			"faces": {
				"north": {"uv": [11.75, 7.5, 11.5, 7.75], "texture": "#1"},
				"east": {"uv": [11.5, 7.5, 11.75, 11], "rotation": 90, "texture": "#1"},
				"south": {"uv": [11.5, 10.75, 11.75, 11], "texture": "#1"},
				"west": {"uv": [11.5, 7.5, 11.75, 11], "rotation": 270, "texture": "#1"},
				"up": {"uv": [11.5, 7.5, 11.75, 11], "texture": "#1"},
				"down": {"uv": [11.5, 11, 11.75, 7.5], "texture": "#1"}
			}
		},
		{
			"name": "suppon_35",
			"from": [4.25, 0, 8.25],
			"to": [4.5, 0.25, 10.25],
			"faces": {
				"north": {"uv": [4.5, 8.25, 4.25, 8.5], "texture": "#1"},
				"east": {"uv": [4.25, 8.25, 4.5, 10.25], "rotation": 90, "texture": "#1"},
				"south": {"uv": [4.25, 10, 4.5, 10.25], "texture": "#1"},
				"west": {"uv": [4.25, 8.25, 4.5, 10.25], "rotation": 270, "texture": "#1"},
				"up": {"uv": [4.25, 8.25, 4.5, 10.25], "texture": "#1"},
				"down": {"uv": [4.25, 10.25, 4.5, 8.25], "texture": "#1"}
			}
		},
		{
			"name": "suppon_36",
			"from": [11.75, 0, 8.25],
			"to": [12, 0.25, 10.25],
			"faces": {
				"north": {"uv": [12, 8.25, 11.75, 8.5], "texture": "#1"},
				"east": {"uv": [11.75, 8.25, 12, 10.25], "rotation": 90, "texture": "#1"},
				"south": {"uv": [11.75, 10, 12, 10.25], "texture": "#1"},
				"west": {"uv": [11.75, 8.25, 12, 10.25], "rotation": 270, "texture": "#1"},
				"up": {"uv": [11.75, 8.25, 12, 10.25], "texture": "#1"},
				"down": {"uv": [11.75, 10.25, 12, 8.25], "texture": "#1"}
			}
		},
		{
			"name": "suppon_37",
			"from": [5.5, 0, 14],
			"to": [5.75, 0.25, 14.25],
			"faces": {
				"north": {"uv": [5.75, 14, 5.5, 14.25], "texture": "#1"},
				"east": {"uv": [5.5, 14, 5.75, 14.25], "rotation": 90, "texture": "#1"},
				"south": {"uv": [5.5, 14, 5.75, 14.25], "texture": "#1"},
				"west": {"uv": [5.5, 14, 5.75, 14.25], "rotation": 270, "texture": "#1"},
				"up": {"uv": [5.5, 14, 5.75, 14.25], "texture": "#1"},
				"down": {"uv": [5.5, 14.25, 5.75, 14], "texture": "#1"}
			}
		},
		{
			"name": "suppon_38",
			"from": [10.5, 0, 14],
			"to": [10.75, 0.25, 14.25],
			"faces": {
				"north": {"uv": [10.75, 14, 10.5, 14.25], "texture": "#1"},
				"east": {"uv": [10.5, 14, 10.75, 14.25], "rotation": 90, "texture": "#1"},
				"south": {"uv": [10.5, 14, 10.75, 14.25], "texture": "#1"},
				"west": {"uv": [10.5, 14, 10.75, 14.25], "rotation": 270, "texture": "#1"},
				"up": {"uv": [10.5, 14, 10.75, 14.25], "texture": "#1"},
				"down": {"uv": [10.5, 14.25, 10.75, 14], "texture": "#1"}
			}
		},
		{
			"name": "suppon_39",
			"from": [8, 0, 14.75],
			"to": [8.25, 0.25, 15],
			"faces": {
				"north": {"uv": [8.25, 14.75, 8, 15], "texture": "#1"},
				"east": {"uv": [8, 14.75, 8.25, 15], "rotation": 90, "texture": "#1"},
				"south": {"uv": [8, 14.75, 8.25, 15], "texture": "#1"},
				"west": {"uv": [8, 14.75, 8.25, 15], "rotation": 270, "texture": "#1"},
				"up": {"uv": [8, 14.75, 8.25, 15], "texture": "#1"},
				"down": {"uv": [8, 15, 8.25, 14.75], "texture": "#1"}
			}
		}
	],
	"gui_light": "front",
	"display": {
		"thirdperson_righthand": {
			"rotation": [81, -2.75, 1.75],
			"translation": [0.25, 3.75, 5.5],
			"scale": [0.66, 0.66, 0.66]
		},
		"thirdperson_lefthand": {
			"rotation": [81, -2.75, 1.75],
			"translation": [0.25, 3.75, 5.5],
			"scale": [0.66, 0.66, 0.66]
		},
		"firstperson_righthand": {
			"rotation": [81, -2.75, 1.75],
			"translation": [0.25, 3.75, 12],
			"scale": [1.44, 1.44, 1.44]
		},
		"firstperson_lefthand": {
			"rotation": [81, -2.75, 1.75],
			"translation": [0.25, 3.75, 12],
			"scale": [1.44, 1.44, 1.44]
		},
		"ground": {
			"translation": [0.25, 18, 1.25],
			"scale": [1.44, 1.44, 1.44]
		},
		"gui": {
			"rotation": [90, 0, 0],
			"translation": [0, 0, 17.5],
			"scale": [1.06, 1.06, 1.06]
		},
		"head": {
			"translation": [0.25, 18, 1.25],
			"scale": [1.44, 1.44, 1.44]
		},
		"fixed": {
			"rotation": [90, 0, 0],
			"translation": [-0.5, 0.25, 9.75],
			"scale": [1.28, 1.28, 1.28]
		}
	},
	"groups": [
		{
			"name": "suppon",
			"origin": [8, 8, 8],
			"children": [0, 1, 2, 3, 4, 5, 6, 7, 8, 9, 10, 11, 12, 13, 14, 15, 16, 17, 18, 19, 20, 21, 22, 23, 24, 25, 26, 27, 28, 29, 30, 31, 32, 33, 34, 35, 36, 37, 38, 39]
		}
	]
}