{
	"credit": "Made with Blockbench",
	"textures": {
		"6": "fish/shanhaigani",
		"particle": "fish/isidai"
	},
	"elements": [
		{
			"name": "shanhaigani_0",
			"from": [6.5, 0, 1.25],
			"to": [6.75, 0.25, 1.5],
			"faces": {
				"north": {"uv": [6.75, 1.25, 6.5, 1.5], "texture": "#6"},
				"east": {"uv": [6.5, 1.25, 6.75, 1.5], "rotation": 90, "texture": "#6"},
				"south": {"uv": [6.5, 1.25, 6.75, 1.5], "texture": "#6"},
				"west": {"uv": [6.5, 1.25, 6.75, 1.5], "rotation": 270, "texture": "#6"},
				"up": {"uv": [6.5, 1.25, 6.75, 1.5], "texture": "#6"},
				"down": {"uv": [6.5, 1.5, 6.75, 1.25], "texture": "#6"}
			}
		},
		{
			"name": "shanhaigani_1",
			"from": [6, 0, 1.5],
			"to": [6.25, 0.25, 1.75],
			"faces": {
				"north": {"uv": [6.25, 1.5, 6, 1.75], "texture": "#6"},
				"east": {"uv": [6, 1.5, 6.25, 1.75], "rotation": 90, "texture": "#6"},
				"south": {"uv": [6, 1.5, 6.25, 1.75], "texture": "#6"},
				"west": {"uv": [6, 1.5, 6.25, 1.75], "rotation": 270, "texture": "#6"},
				"up": {"uv": [6, 1.5, 6.25, 1.75], "texture": "#6"},
				"down": {"uv": [6, 1.75, 6.25, 1.5], "texture": "#6"}
			}
		},
		{
			"name": "shanhaigani_2",
			"from": [5.25, 0, 2],
			"to": [5.5, 0.25, 2.25],
			"faces": {
				"north": {"uv": [5.5, 2, 5.25, 2.25], "texture": "#6"},
				"east": {"uv": [5.25, 2, 5.5, 2.25], "rotation": 90, "texture": "#6"},
				"south": {"uv": [5.25, 2, 5.5, 2.25], "texture": "#6"},
				"west": {"uv": [5.25, 2, 5.5, 2.25], "rotation": 270, "texture": "#6"},
				"up": {"uv": [5.25, 2, 5.5, 2.25], "texture": "#6"},
				"down": {"uv": [5.25, 2.25, 5.5, 2], "texture": "#6"}
			}
		},
		{
			"name": "shanhaigani_3",
			"from": [7.75, 0, 2],
			"to": [8, 0.25, 2.25],
			"faces": {
				"north": {"uv": [8, 2, 7.75, 2.25], "texture": "#6"},
				"east": {"uv": [7.75, 2, 8, 2.25], "rotation": 90, "texture": "#6"},
				"south": {"uv": [7.75, 2, 8, 2.25], "texture": "#6"},
				"west": {"uv": [7.75, 2, 8, 2.25], "rotation": 270, "texture": "#6"},
				"up": {"uv": [7.75, 2, 8, 2.25], "texture": "#6"},
				"down": {"uv": [7.75, 2.25, 8, 2], "texture": "#6"}
			}
		},
		{
			"name": "shanhaigani_4",
			"from": [6.75, 0, 2.25],
			"to": [7.75, 0.25, 3.5],
			"faces": {
				"north": {"uv": [7.75, 2.25, 6.75, 2.5], "texture": "#6"},
				"east": {"uv": [7.5, 2.25, 7.75, 3.5], "rotation": 90, "texture": "#6"},
				"south": {"uv": [6.75, 3.25, 7.75, 3.5], "texture": "#6"},
				"west": {"uv": [6.75, 2.25, 7, 3.5], "rotation": 270, "texture": "#6"},
				"up": {"uv": [6.75, 2.25, 7.75, 3.5], "texture": "#6"},
				"down": {"uv": [6.75, 3.5, 7.75, 2.25], "texture": "#6"}
			}
		},
		{
			"name": "shanhaigani_5",
			"from": [8.75, 0, 2.25],
			"to": [9.75, 0.25, 3.5],
			"faces": {
				"north": {"uv": [9.75, 2.25, 8.75, 2.5], "texture": "#6"},
				"east": {"uv": [9.5, 2.25, 9.75, 3.5], "rotation": 90, "texture": "#6"},
				"south": {"uv": [8.75, 3.25, 9.75, 3.5], "texture": "#6"},
				"west": {"uv": [8.75, 2.25, 9, 3.5], "rotation": 270, "texture": "#6"},
				"up": {"uv": [8.75, 2.25, 9.75, 3.5], "texture": "#6"},
				"down": {"uv": [8.75, 3.5, 9.75, 2.25], "texture": "#6"}
			}
		},
		{
			"name": "shanhaigani_6",
			"from": [6, 0, 2.5],
			"to": [6.75, 0.25, 4.25],
			"faces": {
				"north": {"uv": [6.75, 2.5, 6, 2.75], "texture": "#6"},
				"east": {"uv": [6.5, 2.5, 6.75, 4.25], "rotation": 90, "texture": "#6"},
				"south": {"uv": [6, 4, 6.75, 4.25], "texture": "#6"},
				"west": {"uv": [6, 2.5, 6.25, 4.25], "rotation": 270, "texture": "#6"},
				"up": {"uv": [6, 2.5, 6.75, 4.25], "texture": "#6"},
				"down": {"uv": [6, 4.25, 6.75, 2.5], "texture": "#6"}
			}
		},
		{
			"name": "shanhaigani_7",
			"from": [7.75, 0, 2.5],
			"to": [8, 0.25, 2.75],
			"faces": {
				"north": {"uv": [8, 2.5, 7.75, 2.75], "texture": "#6"},
				"east": {"uv": [7.75, 2.5, 8, 2.75], "rotation": 90, "texture": "#6"},
				"south": {"uv": [7.75, 2.5, 8, 2.75], "texture": "#6"},
				"west": {"uv": [7.75, 2.5, 8, 2.75], "rotation": 270, "texture": "#6"},
				"up": {"uv": [7.75, 2.5, 8, 2.75], "texture": "#6"},
				"down": {"uv": [7.75, 2.75, 8, 2.5], "texture": "#6"}
			}
		},
		{
			"name": "shanhaigani_8",
			"from": [8.5, 0, 2.5],
			"to": [8.75, 0.25, 2.75],
			"faces": {
				"north": {"uv": [8.75, 2.5, 8.5, 2.75], "texture": "#6"},
				"east": {"uv": [8.5, 2.5, 8.75, 2.75], "rotation": 90, "texture": "#6"},
				"south": {"uv": [8.5, 2.5, 8.75, 2.75], "texture": "#6"},
				"west": {"uv": [8.5, 2.5, 8.75, 2.75], "rotation": 270, "texture": "#6"},
				"up": {"uv": [8.5, 2.5, 8.75, 2.75], "texture": "#6"},
				"down": {"uv": [8.5, 2.75, 8.75, 2.5], "texture": "#6"}
			}
		},
		{
			"name": "shanhaigani_9",
			"from": [9.75, 0, 2.5],
			"to": [10.25, 0.25, 4.5],
			"faces": {
				"north": {"uv": [10.25, 2.5, 9.75, 2.75], "texture": "#6"},
				"east": {"uv": [10, 2.5, 10.25, 4.5], "rotation": 90, "texture": "#6"},
				"south": {"uv": [9.75, 4.25, 10.25, 4.5], "texture": "#6"},
				"west": {"uv": [9.75, 2.5, 10, 4.5], "rotation": 270, "texture": "#6"},
				"up": {"uv": [9.75, 2.5, 10.25, 4.5], "texture": "#6"},
				"down": {"uv": [9.75, 4.5, 10.25, 2.5], "texture": "#6"}
			}
		},
		{
			"name": "shanhaigani_10",
			"from": [5.5, 0, 2.75],
			"to": [6, 0.25, 10.5],
			"faces": {
				"north": {"uv": [6, 2.75, 5.5, 3], "texture": "#6"},
				"east": {"uv": [5.75, 2.75, 6, 10.5], "rotation": 90, "texture": "#6"},
				"south": {"uv": [5.5, 10.25, 6, 10.5], "texture": "#6"},
				"west": {"uv": [5.5, 2.75, 5.75, 10.5], "rotation": 270, "texture": "#6"},
				"up": {"uv": [5.5, 2.75, 6, 10.5], "texture": "#6"},
				"down": {"uv": [5.5, 10.5, 6, 2.75], "texture": "#6"}
			}
		},
		{
			"name": "shanhaigani_11",
			"from": [10.25, 0, 2.75],
			"to": [11, 0.25, 4.75],
			"faces": {
				"north": {"uv": [11, 2.75, 10.25, 3], "texture": "#6"},
				"east": {"uv": [10.75, 2.75, 11, 4.75], "rotation": 90, "texture": "#6"},
				"south": {"uv": [10.25, 4.5, 11, 4.75], "texture": "#6"},
				"west": {"uv": [10.25, 2.75, 10.5, 4.75], "rotation": 270, "texture": "#6"},
				"up": {"uv": [10.25, 2.75, 11, 4.75], "texture": "#6"},
				"down": {"uv": [10.25, 4.75, 11, 2.75], "texture": "#6"}
			}
		},
		{
			"name": "shanhaigani_12",
			"from": [5.25, 0, 3],
			"to": [5.5, 0.25, 10.5],
			"faces": {
				"north": {"uv": [5.5, 3, 5.25, 3.25], "texture": "#6"},
				"east": {"uv": [5.25, 3, 5.5, 10.5], "rotation": 90, "texture": "#6"},
				"south": {"uv": [5.25, 10.25, 5.5, 10.5], "texture": "#6"},
				"west": {"uv": [5.25, 3, 5.5, 10.5], "rotation": 270, "texture": "#6"},
				"up": {"uv": [5.25, 3, 5.5, 10.5], "texture": "#6"},
				"down": {"uv": [5.25, 10.5, 5.5, 3], "texture": "#6"}
			}
		},
		{
			"name": "shanhaigani_13",
			"from": [7.75, 0, 3],
			"to": [8, 0.25, 3.25],
			"faces": {
				"north": {"uv": [8, 3, 7.75, 3.25], "texture": "#6"},
				"east": {"uv": [7.75, 3, 8, 3.25], "rotation": 90, "texture": "#6"},
				"south": {"uv": [7.75, 3, 8, 3.25], "texture": "#6"},
				"west": {"uv": [7.75, 3, 8, 3.25], "rotation": 270, "texture": "#6"},
				"up": {"uv": [7.75, 3, 8, 3.25], "texture": "#6"},
				"down": {"uv": [7.75, 3.25, 8, 3], "texture": "#6"}
			}
		},
		{
			"name": "shanhaigani_14",
			"from": [8.5, 0, 3],
			"to": [8.75, 0.25, 3.5],
			"faces": {
				"north": {"uv": [8.75, 3, 8.5, 3.25], "texture": "#6"},
				"east": {"uv": [8.5, 3, 8.75, 3.5], "rotation": 90, "texture": "#6"},
				"south": {"uv": [8.5, 3.25, 8.75, 3.5], "texture": "#6"},
				"west": {"uv": [8.5, 3, 8.75, 3.5], "rotation": 270, "texture": "#6"},
				"up": {"uv": [8.5, 3, 8.75, 3.5], "texture": "#6"},
				"down": {"uv": [8.5, 3.5, 8.75, 3], "texture": "#6"}
			}
		},
		{
			"name": "shanhaigani_15",
			"from": [11, 0, 3],
			"to": [11.25, 0.25, 10.5],
			"faces": {
				"north": {"uv": [11.25, 3, 11, 3.25], "texture": "#6"},
				"east": {"uv": [11, 3, 11.25, 10.5], "rotation": 90, "texture": "#6"},
				"south": {"uv": [11, 10.25, 11.25, 10.5], "texture": "#6"},
				"west": {"uv": [11, 3, 11.25, 10.5], "rotation": 270, "texture": "#6"},
				"up": {"uv": [11, 3, 11.25, 10.5], "texture": "#6"},
				"down": {"uv": [11, 10.5, 11.25, 3], "texture": "#6"}
			}
		},
		{
			"name": "shanhaigani_16",
			"from": [3.25, 0, 3.25],
			"to": [3.5, 0.25, 6.75],
			"faces": {
				"north": {"uv": [3.5, 3.25, 3.25, 3.5], "texture": "#6"},
				"east": {"uv": [3.25, 3.25, 3.5, 6.75], "rotation": 90, "texture": "#6"},
				"south": {"uv": [3.25, 6.5, 3.5, 6.75], "texture": "#6"},
				"west": {"uv": [3.25, 3.25, 3.5, 6.75], "rotation": 270, "texture": "#6"},
				"up": {"uv": [3.25, 3.25, 3.5, 6.75], "texture": "#6"},
				"down": {"uv": [3.25, 6.75, 3.5, 3.25], "texture": "#6"}
			}
		},
		{
			"name": "shanhaigani_17",
			"from": [5, 0, 3.25],
			"to": [5.25, 0.25, 10.5],
			"faces": {
				"north": {"uv": [5.25, 3.25, 5, 3.5], "texture": "#6"},
				"east": {"uv": [5, 3.25, 5.25, 10.5], "rotation": 90, "texture": "#6"},
				"south": {"uv": [5, 10.25, 5.25, 10.5], "texture": "#6"},
				"west": {"uv": [5, 3.25, 5.25, 10.5], "rotation": 270, "texture": "#6"},
				"up": {"uv": [5, 3.25, 5.25, 10.5], "texture": "#6"},
				"down": {"uv": [5, 10.5, 5.25, 3.25], "texture": "#6"}
			}
		},
		{
			"name": "shanhaigani_18",
			"from": [11.25, 0, 3.25],
			"to": [11.5, 0.25, 10.5],
			"faces": {
				"north": {"uv": [11.5, 3.25, 11.25, 3.5], "texture": "#6"},
				"east": {"uv": [11.25, 3.25, 11.5, 10.5], "rotation": 90, "texture": "#6"},
				"south": {"uv": [11.25, 10.25, 11.5, 10.5], "texture": "#6"},
				"west": {"uv": [11.25, 3.25, 11.5, 10.5], "rotation": 270, "texture": "#6"},
				"up": {"uv": [11.25, 3.25, 11.5, 10.5], "texture": "#6"},
				"down": {"uv": [11.25, 10.5, 11.5, 3.25], "texture": "#6"}
			}
		},
		{
			"name": "shanhaigani_19",
			"from": [3, 0, 3.5],
			"to": [3.25, 0.25, 6.25],
			"faces": {
				"north": {"uv": [3.25, 3.5, 3, 3.75], "texture": "#6"},
				"east": {"uv": [3, 3.5, 3.25, 6.25], "rotation": 90, "texture": "#6"},
				"south": {"uv": [3, 6, 3.25, 6.25], "texture": "#6"},
				"west": {"uv": [3, 3.5, 3.25, 6.25], "rotation": 270, "texture": "#6"},
				"up": {"uv": [3, 3.5, 3.25, 6.25], "texture": "#6"},
				"down": {"uv": [3, 6.25, 3.25, 3.5], "texture": "#6"}
			}
		},
		{
			"name": "shanhaigani_20",
			"from": [3.5, 0, 3.5],
			"to": [3.75, 0.25, 8],
			"faces": {
				"north": {"uv": [3.75, 3.5, 3.5, 3.75], "texture": "#6"},
				"east": {"uv": [3.5, 3.5, 3.75, 8], "rotation": 90, "texture": "#6"},
				"south": {"uv": [3.5, 7.75, 3.75, 8], "texture": "#6"},
				"west": {"uv": [3.5, 3.5, 3.75, 8], "rotation": 270, "texture": "#6"},
				"up": {"uv": [3.5, 3.5, 3.75, 8], "texture": "#6"},
				"down": {"uv": [3.5, 8, 3.75, 3.5], "texture": "#6"}
			}
		},
		{
			"name": "shanhaigani_21",
			"from": [6.75, 0, 3.5],
			"to": [7.25, 0.25, 4],
			"faces": {
				"north": {"uv": [7.25, 3.5, 6.75, 3.75], "texture": "#6"},
				"east": {"uv": [7, 3.5, 7.25, 4], "rotation": 90, "texture": "#6"},
				"south": {"uv": [6.75, 3.75, 7.25, 4], "texture": "#6"},
				"west": {"uv": [6.75, 3.5, 7, 4], "rotation": 270, "texture": "#6"},
				"up": {"uv": [6.75, 3.5, 7.25, 4], "texture": "#6"},
				"down": {"uv": [6.75, 4, 7.25, 3.5], "texture": "#6"}
			}
		},
		{
			"name": "shanhaigani_22",
			"from": [7.25, 0, 3.5],
			"to": [7.5, 0.25, 3.75],
			"faces": {
				"north": {"uv": [7.5, 3.5, 7.25, 3.75], "texture": "#6"},
				"east": {"uv": [7.25, 3.5, 7.5, 3.75], "rotation": 90, "texture": "#6"},
				"south": {"uv": [7.25, 3.5, 7.5, 3.75], "texture": "#6"},
				"west": {"uv": [7.25, 3.5, 7.5, 3.75], "rotation": 270, "texture": "#6"},
				"up": {"uv": [7.25, 3.5, 7.5, 3.75], "texture": "#6"},
				"down": {"uv": [7.25, 3.75, 7.5, 3.5], "texture": "#6"}
			}
		},
		{
			"name": "shanhaigani_23",
			"from": [9, 0, 3.5],
			"to": [9.75, 0.25, 3.75],
			"faces": {
				"north": {"uv": [9.75, 3.5, 9, 3.75], "texture": "#6"},
				"east": {"uv": [9.5, 3.5, 9.75, 3.75], "rotation": 90, "texture": "#6"},
				"south": {"uv": [9, 3.5, 9.75, 3.75], "texture": "#6"},
				"west": {"uv": [9, 3.5, 9.25, 3.75], "rotation": 270, "texture": "#6"},
				"up": {"uv": [9, 3.5, 9.75, 3.75], "texture": "#6"},
				"down": {"uv": [9, 3.75, 9.75, 3.5], "texture": "#6"}
			}
		},
		{
			"name": "shanhaigani_24",
			"from": [13, 0, 3.5],
			"to": [13.5, 0.25, 6.25],
			"faces": {
				"north": {"uv": [13.5, 3.5, 13, 3.75], "texture": "#6"},
				"east": {"uv": [13.25, 3.5, 13.5, 6.25], "rotation": 90, "texture": "#6"},
				"south": {"uv": [13, 6, 13.5, 6.25], "texture": "#6"},
				"west": {"uv": [13, 3.5, 13.25, 6.25], "rotation": 270, "texture": "#6"},
				"up": {"uv": [13, 3.5, 13.5, 6.25], "texture": "#6"},
				"down": {"uv": [13, 6.25, 13.5, 3.5], "texture": "#6"}
			}
		},
		{
			"name": "shanhaigani_25",
			"from": [13.75, 0, 3.5],
			"to": [14, 0.25, 3.75],
			"faces": {
				"north": {"uv": [14, 3.5, 13.75, 3.75], "texture": "#6"},
				"east": {"uv": [13.75, 3.5, 14, 3.75], "rotation": 90, "texture": "#6"},
				"south": {"uv": [13.75, 3.5, 14, 3.75], "texture": "#6"},
				"west": {"uv": [13.75, 3.5, 14, 3.75], "rotation": 270, "texture": "#6"},
				"up": {"uv": [13.75, 3.5, 14, 3.75], "texture": "#6"},
				"down": {"uv": [13.75, 3.75, 14, 3.5], "texture": "#6"}
			}
		},
		{
			"name": "shanhaigani_26",
			"from": [2.75, 0, 3.75],
			"to": [3, 0.25, 5.25],
			"faces": {
				"north": {"uv": [3, 3.75, 2.75, 4], "texture": "#6"},
				"east": {"uv": [2.75, 3.75, 3, 5.25], "rotation": 90, "texture": "#6"},
				"south": {"uv": [2.75, 5, 3, 5.25], "texture": "#6"},
				"west": {"uv": [2.75, 3.75, 3, 5.25], "rotation": 270, "texture": "#6"},
				"up": {"uv": [2.75, 3.75, 3, 5.25], "texture": "#6"},
				"down": {"uv": [2.75, 5.25, 3, 3.75], "texture": "#6"}
			}
		},
		{
			"name": "shanhaigani_27",
			"from": [4.75, 0, 3.75],
			"to": [5, 0.25, 11],
			"faces": {
				"north": {"uv": [5, 3.75, 4.75, 4], "texture": "#6"},
				"east": {"uv": [4.75, 3.75, 5, 11], "rotation": 90, "texture": "#6"},
				"south": {"uv": [4.75, 10.75, 5, 11], "texture": "#6"},
				"west": {"uv": [4.75, 3.75, 5, 11], "rotation": 270, "texture": "#6"},
				"up": {"uv": [4.75, 3.75, 5, 11], "texture": "#6"},
				"down": {"uv": [4.75, 11, 5, 3.75], "texture": "#6"}
			}
		},
		{
			"name": "shanhaigani_28",
			"from": [9.5, 0, 3.75],
			"to": [9.75, 0.25, 4.5],
			"faces": {
				"north": {"uv": [9.75, 3.75, 9.5, 4], "texture": "#6"},
				"east": {"uv": [9.5, 3.75, 9.75, 4.5], "rotation": 90, "texture": "#6"},
				"south": {"uv": [9.5, 4.25, 9.75, 4.5], "texture": "#6"},
				"west": {"uv": [9.5, 3.75, 9.75, 4.5], "rotation": 270, "texture": "#6"},
				"up": {"uv": [9.5, 3.75, 9.75, 4.5], "texture": "#6"},
				"down": {"uv": [9.5, 4.5, 9.75, 3.75], "texture": "#6"}
			}
		},
		{
			"name": "shanhaigani_29",
			"from": [11.5, 0, 3.75],
			"to": [11.75, 0.25, 10.5],
			"faces": {
				"north": {"uv": [11.75, 3.75, 11.5, 4], "texture": "#6"},
				"east": {"uv": [11.5, 3.75, 11.75, 10.5], "rotation": 90, "texture": "#6"},
				"south": {"uv": [11.5, 10.25, 11.75, 10.5], "texture": "#6"},
				"west": {"uv": [11.5, 3.75, 11.75, 10.5], "rotation": 270, "texture": "#6"},
				"up": {"uv": [11.5, 3.75, 11.75, 10.5], "texture": "#6"},
				"down": {"uv": [11.5, 10.5, 11.75, 3.75], "texture": "#6"}
			}
		},
		{
			"name": "shanhaigani_30",
			"from": [12.75, 0, 3.75],
			"to": [13, 0.25, 4],
			"faces": {
				"north": {"uv": [13, 3.75, 12.75, 4], "texture": "#6"},
				"east": {"uv": [12.75, 3.75, 13, 4], "rotation": 90, "texture": "#6"},
				"south": {"uv": [12.75, 3.75, 13, 4], "texture": "#6"},
				"west": {"uv": [12.75, 3.75, 13, 4], "rotation": 270, "texture": "#6"},
				"up": {"uv": [12.75, 3.75, 13, 4], "texture": "#6"},
				"down": {"uv": [12.75, 4, 13, 3.75], "texture": "#6"}
			}
		},
		{
			"name": "shanhaigani_31",
			"from": [6.75, 0, 4],
			"to": [7, 0.25, 4.25],
			"faces": {
				"north": {"uv": [7, 4, 6.75, 4.25], "texture": "#6"},
				"east": {"uv": [6.75, 4, 7, 4.25], "rotation": 90, "texture": "#6"},
				"south": {"uv": [6.75, 4, 7, 4.25], "texture": "#6"},
				"west": {"uv": [6.75, 4, 7, 4.25], "rotation": 270, "texture": "#6"},
				"up": {"uv": [6.75, 4, 7, 4.25], "texture": "#6"},
				"down": {"uv": [6.75, 4.25, 7, 4], "texture": "#6"}
			}
		},
		{
			"name": "shanhaigani_32",
			"from": [8.25, 0, 4],
			"to": [8.5, 0.25, 4.25],
			"faces": {
				"north": {"uv": [8.5, 4, 8.25, 4.25], "texture": "#6"},
				"east": {"uv": [8.25, 4, 8.5, 4.25], "rotation": 90, "texture": "#6"},
				"south": {"uv": [8.25, 4, 8.5, 4.25], "texture": "#6"},
				"west": {"uv": [8.25, 4, 8.5, 4.25], "rotation": 270, "texture": "#6"},
				"up": {"uv": [8.25, 4, 8.5, 4.25], "texture": "#6"},
				"down": {"uv": [8.25, 4.25, 8.5, 4], "texture": "#6"}
			}
		},
		{
			"name": "shanhaigani_33",
			"from": [4.5, 0, 4.25],
			"to": [4.75, 0.25, 5.75],
			"faces": {
				"north": {"uv": [4.75, 4.25, 4.5, 4.5], "texture": "#6"},
				"east": {"uv": [4.5, 4.25, 4.75, 5.75], "rotation": 90, "texture": "#6"},
				"south": {"uv": [4.5, 5.5, 4.75, 5.75], "texture": "#6"},
				"west": {"uv": [4.5, 4.25, 4.75, 5.75], "rotation": 270, "texture": "#6"},
				"up": {"uv": [4.5, 4.25, 4.75, 5.75], "texture": "#6"},
				"down": {"uv": [4.5, 5.75, 4.75, 4.25], "texture": "#6"}
			}
		},
		{
			"name": "shanhaigani_34",
			"from": [6, 0, 4.25],
			"to": [6.5, 0.25, 4.5],
			"faces": {
				"north": {"uv": [6.5, 4.25, 6, 4.5], "texture": "#6"},
				"east": {"uv": [6.25, 4.25, 6.5, 4.5], "rotation": 90, "texture": "#6"},
				"south": {"uv": [6, 4.25, 6.5, 4.5], "texture": "#6"},
				"west": {"uv": [6, 4.25, 6.25, 4.5], "rotation": 270, "texture": "#6"},
				"up": {"uv": [6, 4.25, 6.5, 4.5], "texture": "#6"},
				"down": {"uv": [6, 4.5, 6.5, 4.25], "texture": "#6"}
			}
		},
		{
			"name": "shanhaigani_35",
			"from": [11.75, 0, 4.25],
			"to": [12, 0.25, 5.5],
			"faces": {
				"north": {"uv": [12, 4.25, 11.75, 4.5], "texture": "#6"},
				"east": {"uv": [11.75, 4.25, 12, 5.5], "rotation": 90, "texture": "#6"},
				"south": {"uv": [11.75, 5.25, 12, 5.5], "texture": "#6"},
				"west": {"uv": [11.75, 4.25, 12, 5.5], "rotation": 270, "texture": "#6"},
				"up": {"uv": [11.75, 4.25, 12, 5.5], "texture": "#6"},
				"down": {"uv": [11.75, 5.5, 12, 4.25], "texture": "#6"}
			}
		},
		{
			"name": "shanhaigani_36",
			"from": [13.5, 0, 4.25],
			"to": [13.75, 0.25, 5],
			"faces": {
				"north": {"uv": [13.75, 4.25, 13.5, 4.5], "texture": "#6"},
				"east": {"uv": [13.5, 4.25, 13.75, 5], "rotation": 90, "texture": "#6"},
				"south": {"uv": [13.5, 4.75, 13.75, 5], "texture": "#6"},
				"west": {"uv": [13.5, 4.25, 13.75, 5], "rotation": 270, "texture": "#6"},
				"up": {"uv": [13.5, 4.25, 13.75, 5], "texture": "#6"},
				"down": {"uv": [13.5, 5, 13.75, 4.25], "texture": "#6"}
			}
		},
		{
			"name": "shanhaigani_37",
			"from": [6, 0, 4.5],
			"to": [6.25, 0.25, 5],
			"faces": {
				"north": {"uv": [6.25, 4.5, 6, 4.75], "texture": "#6"},
				"east": {"uv": [6, 4.5, 6.25, 5], "rotation": 90, "texture": "#6"},
				"south": {"uv": [6, 4.75, 6.25, 5], "texture": "#6"},
				"west": {"uv": [6, 4.5, 6.25, 5], "rotation": 270, "texture": "#6"},
				"up": {"uv": [6, 4.5, 6.25, 5], "texture": "#6"},
				"down": {"uv": [6, 5, 6.25, 4.5], "texture": "#6"}
			}
		},
		{
			"name": "shanhaigani_38",
			"from": [10, 0, 4.5],
			"to": [10.25, 0.25, 5],
			"faces": {
				"north": {"uv": [10.25, 4.5, 10, 4.75], "texture": "#6"},
				"east": {"uv": [10, 4.5, 10.25, 5], "rotation": 90, "texture": "#6"},
				"south": {"uv": [10, 4.75, 10.25, 5], "texture": "#6"},
				"west": {"uv": [10, 4.5, 10.25, 5], "rotation": 270, "texture": "#6"},
				"up": {"uv": [10, 4.5, 10.25, 5], "texture": "#6"},
				"down": {"uv": [10, 5, 10.25, 4.5], "texture": "#6"}
			}
		},
		{
			"name": "shanhaigani_39",
			"from": [12.75, 0, 4.5],
			"to": [13, 0.25, 6.75],
			"faces": {
				"north": {"uv": [13, 4.5, 12.75, 4.75], "texture": "#6"},
				"east": {"uv": [12.75, 4.5, 13, 6.75], "rotation": 90, "texture": "#6"},
				"south": {"uv": [12.75, 6.5, 13, 6.75], "texture": "#6"},
				"west": {"uv": [12.75, 4.5, 13, 6.75], "rotation": 270, "texture": "#6"},
				"up": {"uv": [12.75, 4.5, 13, 6.75], "texture": "#6"},
				"down": {"uv": [12.75, 6.75, 13, 4.5], "texture": "#6"}
			}
		},
		{
			"name": "shanhaigani_40",
			"from": [6.25, 0, 4.75],
			"to": [7.25, 0.25, 5],
			"faces": {
				"north": {"uv": [7.25, 4.75, 6.25, 5], "texture": "#6"},
				"east": {"uv": [7, 4.75, 7.25, 5], "rotation": 90, "texture": "#6"},
				"south": {"uv": [6.25, 4.75, 7.25, 5], "texture": "#6"},
				"west": {"uv": [6.25, 4.75, 6.5, 5], "rotation": 270, "texture": "#6"},
				"up": {"uv": [6.25, 4.75, 7.25, 5], "texture": "#6"},
				"down": {"uv": [6.25, 5, 7.25, 4.75], "texture": "#6"}
			}
		},
		{
			"name": "shanhaigani_41",
			"from": [9.25, 0, 4.75],
			"to": [10, 0.25, 10],
			"faces": {
				"north": {"uv": [10, 4.75, 9.25, 5], "texture": "#6"},
				"east": {"uv": [9.75, 4.75, 10, 10], "rotation": 90, "texture": "#6"},
				"south": {"uv": [9.25, 9.75, 10, 10], "texture": "#6"},
				"west": {"uv": [9.25, 4.75, 9.5, 10], "rotation": 270, "texture": "#6"},
				"up": {"uv": [9.25, 4.75, 10, 10], "texture": "#6"},
				"down": {"uv": [9.25, 10, 10, 4.75], "texture": "#6"}
			}
		},
		{
			"name": "shanhaigani_42",
			"from": [10.25, 0, 4.75],
			"to": [10.5, 0.25, 10],
			"faces": {
				"north": {"uv": [10.5, 4.75, 10.25, 5], "texture": "#6"},
				"east": {"uv": [10.25, 4.75, 10.5, 10], "rotation": 90, "texture": "#6"},
				"south": {"uv": [10.25, 9.75, 10.5, 10], "texture": "#6"},
				"west": {"uv": [10.25, 4.75, 10.5, 10], "rotation": 270, "texture": "#6"},
				"up": {"uv": [10.25, 4.75, 10.5, 10], "texture": "#6"},
				"down": {"uv": [10.25, 10, 10.5, 4.75], "texture": "#6"}
			}
		},
		{
			"name": "shanhaigani_43",
			"from": [10.75, 0, 4.75],
			"to": [11, 0.25, 10.25],
			"faces": {
				"north": {"uv": [11, 4.75, 10.75, 5], "texture": "#6"},
				"east": {"uv": [10.75, 4.75, 11, 10.25], "rotation": 90, "texture": "#6"},
				"south": {"uv": [10.75, 10, 11, 10.25], "texture": "#6"},
				"west": {"uv": [10.75, 4.75, 11, 10.25], "rotation": 270, "texture": "#6"},
				"up": {"uv": [10.75, 4.75, 11, 10.25], "texture": "#6"},
				"down": {"uv": [10.75, 10.25, 11, 4.75], "texture": "#6"}
			}
		},
		{
			"name": "shanhaigani_44",
			"from": [6.5, 0, 5],
			"to": [7.5, 0.25, 10],
			"faces": {
				"north": {"uv": [7.5, 5, 6.5, 5.25], "texture": "#6"},
				"east": {"uv": [7.25, 5, 7.5, 10], "rotation": 90, "texture": "#6"},
				"south": {"uv": [6.5, 9.75, 7.5, 10], "texture": "#6"},
				"west": {"uv": [6.5, 5, 6.75, 10], "rotation": 270, "texture": "#6"},
				"up": {"uv": [6.5, 5, 7.5, 10], "texture": "#6"},
				"down": {"uv": [6.5, 10, 7.5, 5], "texture": "#6"}
			}
		},
		{
			"name": "shanhaigani_45",
			"from": [10.5, 0, 5],
			"to": [10.75, 0.25, 10.25],
			"faces": {
				"north": {"uv": [10.75, 5, 10.5, 5.25], "texture": "#6"},
				"east": {"uv": [10.5, 5, 10.75, 10.25], "rotation": 90, "texture": "#6"},
				"south": {"uv": [10.5, 10, 10.75, 10.25], "texture": "#6"},
				"west": {"uv": [10.5, 5, 10.75, 10.25], "rotation": 270, "texture": "#6"},
				"up": {"uv": [10.5, 5, 10.75, 10.25], "texture": "#6"},
				"down": {"uv": [10.5, 10.25, 10.75, 5], "texture": "#6"}
			}
		},
		{
			"name": "shanhaigani_46",
			"from": [3.75, 0, 5.25],
			"to": [4, 0.25, 12.25],
			"faces": {
				"north": {"uv": [4, 5.25, 3.75, 5.5], "texture": "#6"},
				"east": {"uv": [3.75, 5.25, 4, 12.25], "rotation": 90, "texture": "#6"},
				"south": {"uv": [3.75, 12, 4, 12.25], "texture": "#6"},
				"west": {"uv": [3.75, 5.25, 4, 12.25], "rotation": 270, "texture": "#6"},
				"up": {"uv": [3.75, 5.25, 4, 12.25], "texture": "#6"},
				"down": {"uv": [3.75, 12.25, 4, 5.25], "texture": "#6"}
			}
		},
		{
			"name": "shanhaigani_47",
			"from": [4.25, 0, 5.25],
			"to": [4.5, 0.25, 5.5],
			"faces": {
				"north": {"uv": [4.5, 5.25, 4.25, 5.5], "texture": "#6"},
				"east": {"uv": [4.25, 5.25, 4.5, 5.5], "rotation": 90, "texture": "#6"},
				"south": {"uv": [4.25, 5.25, 4.5, 5.5], "texture": "#6"},
				"west": {"uv": [4.25, 5.25, 4.5, 5.5], "rotation": 270, "texture": "#6"},
				"up": {"uv": [4.25, 5.25, 4.5, 5.5], "texture": "#6"},
				"down": {"uv": [4.25, 5.5, 4.5, 5.25], "texture": "#6"}
			}
		},
		{
			"name": "shanhaigani_48",
			"from": [6, 0, 5.25],
			"to": [6.25, 0.25, 10.25],
			"faces": {
				"north": {"uv": [6.25, 5.25, 6, 5.5], "texture": "#6"},
				"east": {"uv": [6, 5.25, 6.25, 10.25], "rotation": 90, "texture": "#6"},
				"south": {"uv": [6, 10, 6.25, 10.25], "texture": "#6"},
				"west": {"uv": [6, 5.25, 6.25, 10.25], "rotation": 270, "texture": "#6"},
				"up": {"uv": [6, 5.25, 6.25, 10.25], "texture": "#6"},
				"down": {"uv": [6, 10.25, 6.25, 5.25], "texture": "#6"}
			}
		},
		{
			"name": "shanhaigani_49",
			"from": [7.5, 0, 5.25],
			"to": [9.25, 0.25, 10.25],
			"faces": {
				"north": {"uv": [9.25, 5.25, 7.5, 5.5], "texture": "#6"},
				"east": {"uv": [9, 5.25, 9.25, 10.25], "rotation": 90, "texture": "#6"},
				"south": {"uv": [7.5, 10, 9.25, 10.25], "texture": "#6"},
				"west": {"uv": [7.5, 5.25, 7.75, 10.25], "rotation": 270, "texture": "#6"},
				"up": {"uv": [7.5, 5.25, 9.25, 10.25], "texture": "#6"},
				"down": {"uv": [7.5, 10.25, 9.25, 5.25], "texture": "#6"}
			}
		},
		{
			"name": "shanhaigani_50",
			"from": [12.5, 0, 5.25],
			"to": [12.75, 0.25, 9.5],
			"faces": {
				"north": {"uv": [12.75, 5.25, 12.5, 5.5], "texture": "#6"},
				"east": {"uv": [12.5, 5.25, 12.75, 9.5], "rotation": 90, "texture": "#6"},
				"south": {"uv": [12.5, 9.25, 12.75, 9.5], "texture": "#6"},
				"west": {"uv": [12.5, 5.25, 12.75, 9.5], "rotation": 270, "texture": "#6"},
				"up": {"uv": [12.5, 5.25, 12.75, 9.5], "texture": "#6"},
				"down": {"uv": [12.5, 9.5, 12.75, 5.25], "texture": "#6"}
			}
		},
		{
			"name": "shanhaigani_51",
			"from": [6.25, 0, 5.5],
			"to": [6.5, 0.25, 10.25],
			"faces": {
				"north": {"uv": [6.5, 5.5, 6.25, 5.75], "texture": "#6"},
				"east": {"uv": [6.25, 5.5, 6.5, 10.25], "rotation": 90, "texture": "#6"},
				"south": {"uv": [6.25, 10, 6.5, 10.25], "texture": "#6"},
				"west": {"uv": [6.25, 5.5, 6.5, 10.25], "rotation": 270, "texture": "#6"},
				"up": {"uv": [6.25, 5.5, 6.5, 10.25], "texture": "#6"},
				"down": {"uv": [6.25, 10.25, 6.5, 5.5], "texture": "#6"}
			}
		},
		{
			"name": "shanhaigani_52",
			"from": [10, 0, 5.5],
			"to": [10.25, 0.25, 10],
			"faces": {
				"north": {"uv": [10.25, 5.5, 10, 5.75], "texture": "#6"},
				"east": {"uv": [10, 5.5, 10.25, 10], "rotation": 90, "texture": "#6"},
				"south": {"uv": [10, 9.75, 10.25, 10], "texture": "#6"},
				"west": {"uv": [10, 5.5, 10.25, 10], "rotation": 270, "texture": "#6"},
				"up": {"uv": [10, 5.5, 10.25, 10], "texture": "#6"},
				"down": {"uv": [10, 10, 10.25, 5.5], "texture": "#6"}
			}
		},
		{
			"name": "shanhaigani_53",
			"from": [4, 0, 5.75],
			"to": [4.5, 0.25, 11.25],
			"faces": {
				"north": {"uv": [4.5, 5.75, 4, 6], "texture": "#6"},
				"east": {"uv": [4.25, 5.75, 4.5, 11.25], "rotation": 90, "texture": "#6"},
				"south": {"uv": [4, 11, 4.5, 11.25], "texture": "#6"},
				"west": {"uv": [4, 5.75, 4.25, 11.25], "rotation": 270, "texture": "#6"},
				"up": {"uv": [4, 5.75, 4.5, 11.25], "texture": "#6"},
				"down": {"uv": [4, 11.25, 4.5, 5.75], "texture": "#6"}
			}
		},
		{
			"name": "shanhaigani_54",
			"from": [11.75, 0, 5.75],
			"to": [12.5, 0.25, 9.25],
			"faces": {
				"north": {"uv": [12.5, 5.75, 11.75, 6], "texture": "#6"},
				"east": {"uv": [12.25, 5.75, 12.5, 9.25], "rotation": 90, "texture": "#6"},
				"south": {"uv": [11.75, 9, 12.5, 9.25], "texture": "#6"},
				"west": {"uv": [11.75, 5.75, 12, 9.25], "rotation": 270, "texture": "#6"},
				"up": {"uv": [11.75, 5.75, 12.5, 9.25], "texture": "#6"},
				"down": {"uv": [11.75, 9.25, 12.5, 5.75], "texture": "#6"}
			}
		},
		{
			"name": "shanhaigani_55",
			"from": [4.5, 0, 6],
			"to": [4.75, 0.25, 11],
			"faces": {
				"north": {"uv": [4.75, 6, 4.5, 6.25], "texture": "#6"},
				"east": {"uv": [4.5, 6, 4.75, 11], "rotation": 90, "texture": "#6"},
				"south": {"uv": [4.5, 10.75, 4.75, 11], "texture": "#6"},
				"west": {"uv": [4.5, 6, 4.75, 11], "rotation": 270, "texture": "#6"},
				"up": {"uv": [4.5, 6, 4.75, 11], "texture": "#6"},
				"down": {"uv": [4.5, 11, 4.75, 6], "texture": "#6"}
			}
		},
		{
			"name": "shanhaigani_56",
			"from": [13, 0, 6.25],
			"to": [13.25, 0.25, 6.5],
			"faces": {
				"north": {"uv": [13.25, 6.25, 13, 6.5], "texture": "#6"},
				"east": {"uv": [13, 6.25, 13.25, 6.5], "rotation": 90, "texture": "#6"},
				"south": {"uv": [13, 6.25, 13.25, 6.5], "texture": "#6"},
				"west": {"uv": [13, 6.25, 13.25, 6.5], "rotation": 270, "texture": "#6"},
				"up": {"uv": [13, 6.25, 13.25, 6.5], "texture": "#6"},
				"down": {"uv": [13, 6.5, 13.25, 6.25], "texture": "#6"}
			}
		},
		{
			"name": "shanhaigani_57",
			"from": [1.75, 0, 6.75],
			"to": [3, 0.25, 8.25],
			"faces": {
				"north": {"uv": [3, 6.75, 1.75, 7], "texture": "#6"},
				"east": {"uv": [2.75, 6.75, 3, 8.25], "rotation": 90, "texture": "#6"},
				"south": {"uv": [1.75, 8, 3, 8.25], "texture": "#6"},
				"west": {"uv": [1.75, 6.75, 2, 8.25], "rotation": 270, "texture": "#6"},
				"up": {"uv": [1.75, 6.75, 3, 8.25], "texture": "#6"},
				"down": {"uv": [1.75, 8.25, 3, 6.75], "texture": "#6"}
			}
		},
		{
			"name": "shanhaigani_58",
			"from": [13.5, 0, 6.75],
			"to": [14.75, 0.25, 8],
			"faces": {
				"north": {"uv": [14.75, 6.75, 13.5, 7], "texture": "#6"},
				"east": {"uv": [14.5, 6.75, 14.75, 8], "rotation": 90, "texture": "#6"},
				"south": {"uv": [13.5, 7.75, 14.75, 8], "texture": "#6"},
				"west": {"uv": [13.5, 6.75, 13.75, 8], "rotation": 270, "texture": "#6"},
				"up": {"uv": [13.5, 6.75, 14.75, 8], "texture": "#6"},
				"down": {"uv": [13.5, 8, 14.75, 6.75], "texture": "#6"}
			}
		},
		{
			"name": "shanhaigani_59",
			"from": [1.25, 0, 7],
			"to": [1.75, 0.25, 7.75],
			"faces": {
				"north": {"uv": [1.75, 7, 1.25, 7.25], "texture": "#6"},
				"east": {"uv": [1.5, 7, 1.75, 7.75], "rotation": 90, "texture": "#6"},
				"south": {"uv": [1.25, 7.5, 1.75, 7.75], "texture": "#6"},
				"west": {"uv": [1.25, 7, 1.5, 7.75], "rotation": 270, "texture": "#6"},
				"up": {"uv": [1.25, 7, 1.75, 7.75], "texture": "#6"},
				"down": {"uv": [1.25, 7.75, 1.75, 7], "texture": "#6"}
			}
		},
		{
			"name": "shanhaigani_60",
			"from": [3, 0, 7],
			"to": [3.5, 0.25, 10],
			"faces": {
				"north": {"uv": [3.5, 7, 3, 7.25], "texture": "#6"},
				"east": {"uv": [3.25, 7, 3.5, 10], "rotation": 90, "texture": "#6"},
				"south": {"uv": [3, 9.75, 3.5, 10], "texture": "#6"},
				"west": {"uv": [3, 7, 3.25, 10], "rotation": 270, "texture": "#6"},
				"up": {"uv": [3, 7, 3.5, 10], "texture": "#6"},
				"down": {"uv": [3, 10, 3.5, 7], "texture": "#6"}
			}
		},
		{
			"name": "shanhaigani_61",
			"from": [12.75, 0, 7],
			"to": [13.5, 0.25, 8],
			"faces": {
				"north": {"uv": [13.5, 7, 12.75, 7.25], "texture": "#6"},
				"east": {"uv": [13.25, 7, 13.5, 8], "rotation": 90, "texture": "#6"},
				"south": {"uv": [12.75, 7.75, 13.5, 8], "texture": "#6"},
				"west": {"uv": [12.75, 7, 13, 8], "rotation": 270, "texture": "#6"},
				"up": {"uv": [12.75, 7, 13.5, 8], "texture": "#6"},
				"down": {"uv": [12.75, 8, 13.5, 7], "texture": "#6"}
			}
		},
		{
			"name": "shanhaigani_62",
			"from": [14.75, 0, 7],
			"to": [15.25, 0.25, 7.75],
			"faces": {
				"north": {"uv": [15.25, 7, 14.75, 7.25], "texture": "#6"},
				"east": {"uv": [15, 7, 15.25, 7.75], "rotation": 90, "texture": "#6"},
				"south": {"uv": [14.75, 7.5, 15.25, 7.75], "texture": "#6"},
				"west": {"uv": [14.75, 7, 15, 7.75], "rotation": 270, "texture": "#6"},
				"up": {"uv": [14.75, 7, 15.25, 7.75], "texture": "#6"},
				"down": {"uv": [14.75, 7.75, 15.25, 7], "texture": "#6"}
			}
		},
		{
			"name": "shanhaigani_63",
			"from": [1.5, 0, 7.75],
			"to": [1.75, 0.25, 8],
			"faces": {
				"north": {"uv": [1.75, 7.75, 1.5, 8], "texture": "#6"},
				"east": {"uv": [1.5, 7.75, 1.75, 8], "rotation": 90, "texture": "#6"},
				"south": {"uv": [1.5, 7.75, 1.75, 8], "texture": "#6"},
				"west": {"uv": [1.5, 7.75, 1.75, 8], "rotation": 270, "texture": "#6"},
				"up": {"uv": [1.5, 7.75, 1.75, 8], "texture": "#6"},
				"down": {"uv": [1.5, 8, 1.75, 7.75], "texture": "#6"}
			}
		},
		{
			"name": "shanhaigani_64",
			"from": [14.75, 0, 7.75],
			"to": [15, 0.25, 8],
			"faces": {
				"north": {"uv": [15, 7.75, 14.75, 8], "texture": "#6"},
				"east": {"uv": [14.75, 7.75, 15, 8], "rotation": 90, "texture": "#6"},
				"south": {"uv": [14.75, 7.75, 15, 8], "texture": "#6"},
				"west": {"uv": [14.75, 7.75, 15, 8], "rotation": 270, "texture": "#6"},
				"up": {"uv": [14.75, 7.75, 15, 8], "texture": "#6"},
				"down": {"uv": [14.75, 8, 15, 7.75], "texture": "#6"}
			}
		},
		{
			"name": "shanhaigani_65",
			"from": [14.25, 0, 8],
			"to": [14.75, 0.25, 8.25],
			"faces": {
				"north": {"uv": [14.75, 8, 14.25, 8.25], "texture": "#6"},
				"east": {"uv": [14.5, 8, 14.75, 8.25], "rotation": 90, "texture": "#6"},
				"south": {"uv": [14.25, 8, 14.75, 8.25], "texture": "#6"},
				"west": {"uv": [14.25, 8, 14.5, 8.25], "rotation": 270, "texture": "#6"},
				"up": {"uv": [14.25, 8, 14.75, 8.25], "texture": "#6"},
				"down": {"uv": [14.25, 8.25, 14.75, 8], "texture": "#6"}
			}
		},
		{
			"name": "shanhaigani_66",
			"from": [2.25, 0, 8.25],
			"to": [3, 0.25, 8.5],
			"faces": {
				"north": {"uv": [3, 8.25, 2.25, 8.5], "texture": "#6"},
				"east": {"uv": [2.75, 8.25, 3, 8.5], "rotation": 90, "texture": "#6"},
				"south": {"uv": [2.25, 8.25, 3, 8.5], "texture": "#6"},
				"west": {"uv": [2.25, 8.25, 2.5, 8.5], "rotation": 270, "texture": "#6"},
				"up": {"uv": [2.25, 8.25, 3, 8.5], "texture": "#6"},
				"down": {"uv": [2.25, 8.5, 3, 8.25], "texture": "#6"}
			}
		},
		{
			"name": "shanhaigani_67",
			"from": [3.5, 0, 8.25],
			"to": [3.75, 0.25, 12.25],
			"faces": {
				"north": {"uv": [3.75, 8.25, 3.5, 8.5], "texture": "#6"},
				"east": {"uv": [3.5, 8.25, 3.75, 12.25], "rotation": 90, "texture": "#6"},
				"south": {"uv": [3.5, 12, 3.75, 12.25], "texture": "#6"},
				"west": {"uv": [3.5, 8.25, 3.75, 12.25], "rotation": 270, "texture": "#6"},
				"up": {"uv": [3.5, 8.25, 3.75, 12.25], "texture": "#6"},
				"down": {"uv": [3.5, 12.25, 3.75, 8.25], "texture": "#6"}
			}
		},
		{
			"name": "shanhaigani_68",
			"from": [12.75, 0, 8.25],
			"to": [13.75, 0.25, 9.5],
			"faces": {
				"north": {"uv": [13.75, 8.25, 12.75, 8.5], "texture": "#6"},
				"east": {"uv": [13.5, 8.25, 13.75, 9.5], "rotation": 90, "texture": "#6"},
				"south": {"uv": [12.75, 9.25, 13.75, 9.5], "texture": "#6"},
				"west": {"uv": [12.75, 8.25, 13, 9.5], "rotation": 270, "texture": "#6"},
				"up": {"uv": [12.75, 8.25, 13.75, 9.5], "texture": "#6"},
				"down": {"uv": [12.75, 9.5, 13.75, 8.25], "texture": "#6"}
			}
		},
		{
			"name": "shanhaigani_69",
			"from": [14, 0, 8.25],
			"to": [14.25, 0.25, 8.5],
			"faces": {
				"north": {"uv": [14.25, 8.25, 14, 8.5], "texture": "#6"},
				"east": {"uv": [14, 8.25, 14.25, 8.5], "rotation": 90, "texture": "#6"},
				"south": {"uv": [14, 8.25, 14.25, 8.5], "texture": "#6"},
				"west": {"uv": [14, 8.25, 14.25, 8.5], "rotation": 270, "texture": "#6"},
				"up": {"uv": [14, 8.25, 14.25, 8.5], "texture": "#6"},
				"down": {"uv": [14, 8.5, 14.25, 8.25], "texture": "#6"}
			}
		},
		{
			"name": "shanhaigani_70",
			"from": [2.5, 0, 8.5],
			"to": [3, 0.25, 10],
			"faces": {
				"north": {"uv": [3, 8.5, 2.5, 8.75], "texture": "#6"},
				"east": {"uv": [2.75, 8.5, 3, 10], "rotation": 90, "texture": "#6"},
				"south": {"uv": [2.5, 9.75, 3, 10], "texture": "#6"},
				"west": {"uv": [2.5, 8.5, 2.75, 10], "rotation": 270, "texture": "#6"},
				"up": {"uv": [2.5, 8.5, 3, 10], "texture": "#6"},
				"down": {"uv": [2.5, 10, 3, 8.5], "texture": "#6"}
			}
		},
		{
			"name": "shanhaigani_71",
			"from": [13.75, 0, 8.5],
			"to": [14, 0.25, 9.75],
			"faces": {
				"north": {"uv": [14, 8.5, 13.75, 8.75], "texture": "#6"},
				"east": {"uv": [13.75, 8.5, 14, 9.75], "rotation": 90, "texture": "#6"},
				"south": {"uv": [13.75, 9.5, 14, 9.75], "texture": "#6"},
				"west": {"uv": [13.75, 8.5, 14, 9.75], "rotation": 270, "texture": "#6"},
				"up": {"uv": [13.75, 8.5, 14, 9.75], "texture": "#6"},
				"down": {"uv": [13.75, 9.75, 14, 8.5], "texture": "#6"}
			}
		},
		{
			"name": "shanhaigani_72",
			"from": [2, 0, 8.75],
			"to": [2.5, 0.25, 9.5],
			"faces": {
				"north": {"uv": [2.5, 8.75, 2, 9], "texture": "#6"},
				"east": {"uv": [2.25, 8.75, 2.5, 9.5], "rotation": 90, "texture": "#6"},
				"south": {"uv": [2, 9.25, 2.5, 9.5], "texture": "#6"},
				"west": {"uv": [2, 8.75, 2.25, 9.5], "rotation": 270, "texture": "#6"},
				"up": {"uv": [2, 8.75, 2.5, 9.5], "texture": "#6"},
				"down": {"uv": [2, 9.5, 2.5, 8.75], "texture": "#6"}
			}
		},
		{
			"name": "shanhaigani_73",
			"from": [14, 0, 8.75],
			"to": [14.25, 0.25, 9.75],
			"faces": {
				"north": {"uv": [14.25, 8.75, 14, 9], "texture": "#6"},
				"east": {"uv": [14, 8.75, 14.25, 9.75], "rotation": 90, "texture": "#6"},
				"south": {"uv": [14, 9.5, 14.25, 9.75], "texture": "#6"},
				"west": {"uv": [14, 8.75, 14.25, 9.75], "rotation": 270, "texture": "#6"},
				"up": {"uv": [14, 8.75, 14.25, 9.75], "texture": "#6"},
				"down": {"uv": [14, 9.75, 14.25, 8.75], "texture": "#6"}
			}
		},
		{
			"name": "shanhaigani_74",
			"from": [14.25, 0, 9],
			"to": [14.5, 0.25, 9.25],
			"faces": {
				"north": {"uv": [14.5, 9, 14.25, 9.25], "texture": "#6"},
				"east": {"uv": [14.25, 9, 14.5, 9.25], "rotation": 90, "texture": "#6"},
				"south": {"uv": [14.25, 9, 14.5, 9.25], "texture": "#6"},
				"west": {"uv": [14.25, 9, 14.5, 9.25], "rotation": 270, "texture": "#6"},
				"up": {"uv": [14.25, 9, 14.5, 9.25], "texture": "#6"},
				"down": {"uv": [14.25, 9.25, 14.5, 9], "texture": "#6"}
			}
		},
		{
			"name": "shanhaigani_75",
			"from": [12.25, 0, 9.25],
			"to": [12.5, 0.25, 9.5],
			"faces": {
				"north": {"uv": [12.5, 9.25, 12.25, 9.5], "texture": "#6"},
				"east": {"uv": [12.25, 9.25, 12.5, 9.5], "rotation": 90, "texture": "#6"},
				"south": {"uv": [12.25, 9.25, 12.5, 9.5], "texture": "#6"},
				"west": {"uv": [12.25, 9.25, 12.5, 9.5], "rotation": 270, "texture": "#6"},
				"up": {"uv": [12.25, 9.25, 12.5, 9.5], "texture": "#6"},
				"down": {"uv": [12.25, 9.5, 12.5, 9.25], "texture": "#6"}
			}
		},
		{
			"name": "shanhaigani_76",
			"from": [2.25, 0, 9.5],
			"to": [2.5, 0.25, 10],
			"faces": {
				"north": {"uv": [2.5, 9.5, 2.25, 9.75], "texture": "#6"},
				"east": {"uv": [2.25, 9.5, 2.5, 10], "rotation": 90, "texture": "#6"},
				"south": {"uv": [2.25, 9.75, 2.5, 10], "texture": "#6"},
				"west": {"uv": [2.25, 9.5, 2.5, 10], "rotation": 270, "texture": "#6"},
				"up": {"uv": [2.25, 9.5, 2.5, 10], "texture": "#6"},
				"down": {"uv": [2.25, 10, 2.5, 9.5], "texture": "#6"}
			}
		},
		{
			"name": "shanhaigani_77",
			"from": [11.75, 0, 9.5],
			"to": [12.25, 0.25, 11],
			"faces": {
				"north": {"uv": [12.25, 9.5, 11.75, 9.75], "texture": "#6"},
				"east": {"uv": [12, 9.5, 12.25, 11], "rotation": 90, "texture": "#6"},
				"south": {"uv": [11.75, 10.75, 12.25, 11], "texture": "#6"},
				"west": {"uv": [11.75, 9.5, 12, 11], "rotation": 270, "texture": "#6"},
				"up": {"uv": [11.75, 9.5, 12.25, 11], "texture": "#6"},
				"down": {"uv": [11.75, 11, 12.25, 9.5], "texture": "#6"}
			}
		},
		{
			"name": "shanhaigani_78",
			"from": [12.75, 0, 9.5],
			"to": [13.25, 0.25, 9.75],
			"faces": {
				"north": {"uv": [13.25, 9.5, 12.75, 9.75], "texture": "#6"},
				"east": {"uv": [13, 9.5, 13.25, 9.75], "rotation": 90, "texture": "#6"},
				"south": {"uv": [12.75, 9.5, 13.25, 9.75], "texture": "#6"},
				"west": {"uv": [12.75, 9.5, 13, 9.75], "rotation": 270, "texture": "#6"},
				"up": {"uv": [12.75, 9.5, 13.25, 9.75], "texture": "#6"},
				"down": {"uv": [12.75, 9.75, 13.25, 9.5], "texture": "#6"}
			}
		},
		{
			"name": "shanhaigani_79",
			"from": [13.5, 0, 9.5],
			"to": [13.75, 0.25, 9.75],
			"faces": {
				"north": {"uv": [13.75, 9.5, 13.5, 9.75], "texture": "#6"},
				"east": {"uv": [13.5, 9.5, 13.75, 9.75], "rotation": 90, "texture": "#6"},
				"south": {"uv": [13.5, 9.5, 13.75, 9.75], "texture": "#6"},
				"west": {"uv": [13.5, 9.5, 13.75, 9.75], "rotation": 270, "texture": "#6"},
				"up": {"uv": [13.5, 9.5, 13.75, 9.75], "texture": "#6"},
				"down": {"uv": [13.5, 9.75, 13.75, 9.5], "texture": "#6"}
			}
		},
		{
			"name": "shanhaigani_80",
			"from": [12.25, 0, 9.75],
			"to": [12.75, 0.25, 11.5],
			"faces": {
				"north": {"uv": [12.75, 9.75, 12.25, 10], "texture": "#6"},
				"east": {"uv": [12.5, 9.75, 12.75, 11.5], "rotation": 90, "texture": "#6"},
				"south": {"uv": [12.25, 11.25, 12.75, 11.5], "texture": "#6"},
				"west": {"uv": [12.25, 9.75, 12.5, 11.5], "rotation": 270, "texture": "#6"},
				"up": {"uv": [12.25, 9.75, 12.75, 11.5], "texture": "#6"},
				"down": {"uv": [12.25, 11.5, 12.75, 9.75], "texture": "#6"}
			}
		},
		{
			"name": "shanhaigani_81",
			"from": [2.5, 0, 10],
			"to": [2.75, 0.25, 10.25],
			"faces": {
				"north": {"uv": [2.75, 10, 2.5, 10.25], "texture": "#6"},
				"east": {"uv": [2.5, 10, 2.75, 10.25], "rotation": 90, "texture": "#6"},
				"south": {"uv": [2.5, 10, 2.75, 10.25], "texture": "#6"},
				"west": {"uv": [2.5, 10, 2.75, 10.25], "rotation": 270, "texture": "#6"},
				"up": {"uv": [2.5, 10, 2.75, 10.25], "texture": "#6"},
				"down": {"uv": [2.5, 10.25, 2.75, 10], "texture": "#6"}
			}
		},
		{
			"name": "shanhaigani_82",
			"from": [6.5, 0, 10],
			"to": [7, 0.25, 10.25],
			"faces": {
				"north": {"uv": [7, 10, 6.5, 10.25], "texture": "#6"},
				"east": {"uv": [6.75, 10, 7, 10.25], "rotation": 90, "texture": "#6"},
				"south": {"uv": [6.5, 10, 7, 10.25], "texture": "#6"},
				"west": {"uv": [6.5, 10, 6.75, 10.25], "rotation": 270, "texture": "#6"},
				"up": {"uv": [6.5, 10, 7, 10.25], "texture": "#6"},
				"down": {"uv": [6.5, 10.25, 7, 10], "texture": "#6"}
			}
		},
		{
			"name": "shanhaigani_83",
			"from": [7.25, 0, 10],
			"to": [7.5, 0.25, 10.5],
			"faces": {
				"north": {"uv": [7.5, 10, 7.25, 10.25], "texture": "#6"},
				"east": {"uv": [7.25, 10, 7.5, 10.5], "rotation": 90, "texture": "#6"},
				"south": {"uv": [7.25, 10.25, 7.5, 10.5], "texture": "#6"},
				"west": {"uv": [7.25, 10, 7.5, 10.5], "rotation": 270, "texture": "#6"},
				"up": {"uv": [7.25, 10, 7.5, 10.5], "texture": "#6"},
				"down": {"uv": [7.25, 10.5, 7.5, 10], "texture": "#6"}
			}
		},
		{
			"name": "shanhaigani_84",
			"from": [3.25, 0, 10.25],
			"to": [3.5, 0.25, 12],
			"faces": {
				"north": {"uv": [3.5, 10.25, 3.25, 10.5], "texture": "#6"},
				"east": {"uv": [3.25, 10.25, 3.5, 12], "rotation": 90, "texture": "#6"},
				"south": {"uv": [3.25, 11.75, 3.5, 12], "texture": "#6"},
				"west": {"uv": [3.25, 10.25, 3.5, 12], "rotation": 270, "texture": "#6"},
				"up": {"uv": [3.25, 10.25, 3.5, 12], "texture": "#6"},
				"down": {"uv": [3.25, 12, 3.5, 10.25], "texture": "#6"}
			}
		},
		{
			"name": "shanhaigani_85",
			"from": [8, 0, 10.25],
			"to": [8.5, 0.25, 10.5],
			"faces": {
				"north": {"uv": [8.5, 10.25, 8, 10.5], "texture": "#6"},
				"east": {"uv": [8.25, 10.25, 8.5, 10.5], "rotation": 90, "texture": "#6"},
				"south": {"uv": [8, 10.25, 8.5, 10.5], "texture": "#6"},
				"west": {"uv": [8, 10.25, 8.25, 10.5], "rotation": 270, "texture": "#6"},
				"up": {"uv": [8, 10.25, 8.5, 10.5], "texture": "#6"},
				"down": {"uv": [8, 10.5, 8.5, 10.25], "texture": "#6"}
			}
		},
		{
			"name": "shanhaigani_86",
			"from": [12.75, 0, 10.25],
			"to": [13, 0.25, 12.25],
			"faces": {
				"north": {"uv": [13, 10.25, 12.75, 10.5], "texture": "#6"},
				"east": {"uv": [12.75, 10.25, 13, 12.25], "rotation": 90, "texture": "#6"},
				"south": {"uv": [12.75, 12, 13, 12.25], "texture": "#6"},
				"west": {"uv": [12.75, 10.25, 13, 12.25], "rotation": 270, "texture": "#6"},
				"up": {"uv": [12.75, 10.25, 13, 12.25], "texture": "#6"},
				"down": {"uv": [12.75, 12.25, 13, 10.25], "texture": "#6"}
			}
		},
		{
			"name": "shanhaigani_87",
			"from": [3, 0, 10.5],
			"to": [3.25, 0.25, 11.5],
			"faces": {
				"north": {"uv": [3.25, 10.5, 3, 10.75], "texture": "#6"},
				"east": {"uv": [3, 10.5, 3.25, 11.5], "rotation": 90, "texture": "#6"},
				"south": {"uv": [3, 11.25, 3.25, 11.5], "texture": "#6"},
				"west": {"uv": [3, 10.5, 3.25, 11.5], "rotation": 270, "texture": "#6"},
				"up": {"uv": [3, 10.5, 3.25, 11.5], "texture": "#6"},
				"down": {"uv": [3, 11.5, 3.25, 10.5], "texture": "#6"}
			}
		},
		{
			"name": "shanhaigani_88",
			"from": [5.5, 0, 10.5],
			"to": [5.75, 0.25, 10.75],
			"faces": {
				"north": {"uv": [5.75, 10.5, 5.5, 10.75], "texture": "#6"},
				"east": {"uv": [5.5, 10.5, 5.75, 10.75], "rotation": 90, "texture": "#6"},
				"south": {"uv": [5.5, 10.5, 5.75, 10.75], "texture": "#6"},
				"west": {"uv": [5.5, 10.5, 5.75, 10.75], "rotation": 270, "texture": "#6"},
				"up": {"uv": [5.5, 10.5, 5.75, 10.75], "texture": "#6"},
				"down": {"uv": [5.5, 10.75, 5.75, 10.5], "texture": "#6"}
			}
		},
		{
			"name": "shanhaigani_89",
			"from": [13, 0, 10.5],
			"to": [13.25, 0.25, 12],
			"faces": {
				"north": {"uv": [13.25, 10.5, 13, 10.75], "texture": "#6"},
				"east": {"uv": [13, 10.5, 13.25, 12], "rotation": 90, "texture": "#6"},
				"south": {"uv": [13, 11.75, 13.25, 12], "texture": "#6"},
				"west": {"uv": [13, 10.5, 13.25, 12], "rotation": 270, "texture": "#6"},
				"up": {"uv": [13, 10.5, 13.25, 12], "texture": "#6"},
				"down": {"uv": [13, 12, 13.25, 10.5], "texture": "#6"}
			}
		},
		{
			"name": "shanhaigani_90",
			"from": [5, 0, 11],
			"to": [5.25, 0.25, 11.25],
			"faces": {
				"north": {"uv": [5.25, 11, 5, 11.25], "texture": "#6"},
				"east": {"uv": [5, 11, 5.25, 11.25], "rotation": 90, "texture": "#6"},
				"south": {"uv": [5, 11, 5.25, 11.25], "texture": "#6"},
				"west": {"uv": [5, 11, 5.25, 11.25], "rotation": 270, "texture": "#6"},
				"up": {"uv": [5, 11, 5.25, 11.25], "texture": "#6"},
				"down": {"uv": [5, 11.25, 5.25, 11], "texture": "#6"}
			}
		},
		{
			"name": "shanhaigani_91",
			"from": [6.25, 0, 11],
			"to": [6.75, 0.25, 11.5],
			"faces": {
				"north": {"uv": [6.75, 11, 6.25, 11.25], "texture": "#6"},
				"east": {"uv": [6.5, 11, 6.75, 11.5], "rotation": 90, "texture": "#6"},
				"south": {"uv": [6.25, 11.25, 6.75, 11.5], "texture": "#6"},
				"west": {"uv": [6.25, 11, 6.5, 11.5], "rotation": 270, "texture": "#6"},
				"up": {"uv": [6.25, 11, 6.75, 11.5], "texture": "#6"},
				"down": {"uv": [6.25, 11.5, 6.75, 11], "texture": "#6"}
			}
		},
		{
			"name": "shanhaigani_92",
			"from": [6.75, 0, 11],
			"to": [7.25, 0.25, 11.25],
			"faces": {
				"north": {"uv": [7.25, 11, 6.75, 11.25], "texture": "#6"},
				"east": {"uv": [7, 11, 7.25, 11.25], "rotation": 90, "texture": "#6"},
				"south": {"uv": [6.75, 11, 7.25, 11.25], "texture": "#6"},
				"west": {"uv": [6.75, 11, 7, 11.25], "rotation": 270, "texture": "#6"},
				"up": {"uv": [6.75, 11, 7.25, 11.25], "texture": "#6"},
				"down": {"uv": [6.75, 11.25, 7.25, 11], "texture": "#6"}
			}
		},
		{
			"name": "shanhaigani_93",
			"from": [9.25, 0, 11],
			"to": [9.5, 0.25, 11.25],
			"faces": {
				"north": {"uv": [9.5, 11, 9.25, 11.25], "texture": "#6"},
				"east": {"uv": [9.25, 11, 9.5, 11.25], "rotation": 90, "texture": "#6"},
				"south": {"uv": [9.25, 11, 9.5, 11.25], "texture": "#6"},
				"west": {"uv": [9.25, 11, 9.5, 11.25], "rotation": 270, "texture": "#6"},
				"up": {"uv": [9.25, 11, 9.5, 11.25], "texture": "#6"},
				"down": {"uv": [9.25, 11.25, 9.5, 11], "texture": "#6"}
			}
		},
		{
			"name": "shanhaigani_94",
			"from": [10.25, 0, 11],
			"to": [11, 0.25, 11.25],
			"faces": {
				"north": {"uv": [11, 11, 10.25, 11.25], "texture": "#6"},
				"east": {"uv": [10.75, 11, 11, 11.25], "rotation": 90, "texture": "#6"},
				"south": {"uv": [10.25, 11, 11, 11.25], "texture": "#6"},
				"west": {"uv": [10.25, 11, 10.5, 11.25], "rotation": 270, "texture": "#6"},
				"up": {"uv": [10.25, 11, 11, 11.25], "texture": "#6"},
				"down": {"uv": [10.25, 11.25, 11, 11], "texture": "#6"}
			}
		},
		{
			"name": "shanhaigani_95",
			"from": [11.5, 0, 11],
			"to": [11.75, 0.25, 11.25],
			"faces": {
				"north": {"uv": [11.75, 11, 11.5, 11.25], "texture": "#6"},
				"east": {"uv": [11.5, 11, 11.75, 11.25], "rotation": 90, "texture": "#6"},
				"south": {"uv": [11.5, 11, 11.75, 11.25], "texture": "#6"},
				"west": {"uv": [11.5, 11, 11.75, 11.25], "rotation": 270, "texture": "#6"},
				"up": {"uv": [11.5, 11, 11.75, 11.25], "texture": "#6"},
				"down": {"uv": [11.5, 11.25, 11.75, 11], "texture": "#6"}
			}
		},
		{
			"name": "shanhaigani_96",
			"from": [4, 0, 11.25],
			"to": [4.25, 0.25, 11.5],
			"faces": {
				"north": {"uv": [4.25, 11.25, 4, 11.5], "texture": "#6"},
				"east": {"uv": [4, 11.25, 4.25, 11.5], "rotation": 90, "texture": "#6"},
				"south": {"uv": [4, 11.25, 4.25, 11.5], "texture": "#6"},
				"west": {"uv": [4, 11.25, 4.25, 11.5], "rotation": 270, "texture": "#6"},
				"up": {"uv": [4, 11.25, 4.25, 11.5], "texture": "#6"},
				"down": {"uv": [4, 11.5, 4.25, 11.25], "texture": "#6"}
			}
		},
		{
			"name": "shanhaigani_97",
			"from": [6, 0, 11.25],
			"to": [6.25, 0.25, 11.5],
			"faces": {
				"north": {"uv": [6.25, 11.25, 6, 11.5], "texture": "#6"},
				"east": {"uv": [6, 11.25, 6.25, 11.5], "rotation": 90, "texture": "#6"},
				"south": {"uv": [6, 11.25, 6.25, 11.5], "texture": "#6"},
				"west": {"uv": [6, 11.25, 6.25, 11.5], "rotation": 270, "texture": "#6"},
				"up": {"uv": [6, 11.25, 6.25, 11.5], "texture": "#6"},
				"down": {"uv": [6, 11.5, 6.25, 11.25], "texture": "#6"}
			}
		},
		{
			"name": "shanhaigani_98",
			"from": [7.75, 0, 11.25],
			"to": [9, 0.25, 11.5],
			"faces": {
				"north": {"uv": [9, 11.25, 7.75, 11.5], "texture": "#6"},
				"east": {"uv": [8.75, 11.25, 9, 11.5], "rotation": 90, "texture": "#6"},
				"south": {"uv": [7.75, 11.25, 9, 11.5], "texture": "#6"},
				"west": {"uv": [7.75, 11.25, 8, 11.5], "rotation": 270, "texture": "#6"},
				"up": {"uv": [7.75, 11.25, 9, 11.5], "texture": "#6"},
				"down": {"uv": [7.75, 11.5, 9, 11.25], "texture": "#6"}
			}
		},
		{
			"name": "shanhaigani_99",
			"from": [5.25, 0, 11.5],
			"to": [5.5, 0.25, 11.75],
			"faces": {
				"north": {"uv": [5.5, 11.5, 5.25, 11.75], "texture": "#6"},
				"east": {"uv": [5.25, 11.5, 5.5, 11.75], "rotation": 90, "texture": "#6"},
				"south": {"uv": [5.25, 11.5, 5.5, 11.75], "texture": "#6"},
				"west": {"uv": [5.25, 11.5, 5.5, 11.75], "rotation": 270, "texture": "#6"},
				"up": {"uv": [5.25, 11.5, 5.5, 11.75], "texture": "#6"},
				"down": {"uv": [5.25, 11.75, 5.5, 11.5], "texture": "#6"}
			}
		},
		{
			"name": "shanhaigani_100",
			"from": [12.5, 0, 11.5],
			"to": [12.75, 0.25, 12.25],
			"faces": {
				"north": {"uv": [12.75, 11.5, 12.5, 11.75], "texture": "#6"},
				"east": {"uv": [12.5, 11.5, 12.75, 12.25], "rotation": 90, "texture": "#6"},
				"south": {"uv": [12.5, 12, 12.75, 12.25], "texture": "#6"},
				"west": {"uv": [12.5, 11.5, 12.75, 12.25], "rotation": 270, "texture": "#6"},
				"up": {"uv": [12.5, 11.5, 12.75, 12.25], "texture": "#6"},
				"down": {"uv": [12.5, 12.25, 12.75, 11.5], "texture": "#6"}
			}
		},
		{
			"name": "shanhaigani_101",
			"from": [4, 0, 11.75],
			"to": [4.25, 0.25, 12],
			"faces": {
				"north": {"uv": [4.25, 11.75, 4, 12], "texture": "#6"},
				"east": {"uv": [4, 11.75, 4.25, 12], "rotation": 90, "texture": "#6"},
				"south": {"uv": [4, 11.75, 4.25, 12], "texture": "#6"},
				"west": {"uv": [4, 11.75, 4.25, 12], "rotation": 270, "texture": "#6"},
				"up": {"uv": [4, 11.75, 4.25, 12], "texture": "#6"},
				"down": {"uv": [4, 12, 4.25, 11.75], "texture": "#6"}
			}
		},
		{
			"name": "shanhaigani_102",
			"from": [4.75, 0, 12.25],
			"to": [5, 0.25, 12.5],
			"faces": {
				"north": {"uv": [5, 12.25, 4.75, 12.5], "texture": "#6"},
				"east": {"uv": [4.75, 12.25, 5, 12.5], "rotation": 90, "texture": "#6"},
				"south": {"uv": [4.75, 12.25, 5, 12.5], "texture": "#6"},
				"west": {"uv": [4.75, 12.25, 5, 12.5], "rotation": 270, "texture": "#6"},
				"up": {"uv": [4.75, 12.25, 5, 12.5], "texture": "#6"},
				"down": {"uv": [4.75, 12.5, 5, 12.25], "texture": "#6"}
			}
		}
	],
	"gui_light": "front",
	"display": {
		"thirdperson_righthand": {
			"rotation": [81, -2.75, 1.75],
			"translation": [-1, 1.75, 4.75],
			"scale": [0.5, 0.5, 0.5]
		},
		"thirdperson_lefthand": {
			"rotation": [81, -2.75, 1.75],
			"translation": [-1, 1.75, 4.75],
			"scale": [0.5, 0.5, 0.5]
		},
		"firstperson_righthand": {
			"rotation": [81, -2.75, 1.75],
			"translation": [-1, 1.75, 4.75],
			"scale": [0.5, 0.5, 0.5]
		},
		"firstperson_lefthand": {
			"rotation": [81, -2.75, 1.75],
			"translation": [-1, 1.75, 4.75],
			"scale": [0.5, 0.5, 0.5]
		},
		"ground": {
			"rotation": [81, -2.75, 1.75],
			"translation": [-1, 1.75, 4.75],
			"scale": [0.5, 0.5, 0.5]
		},
		"gui": {
			"rotation": [90, 0, 0],
			"translation": [0, 0, 17.5],
			"scale": [1.06, 1.06, 1.06]
		},
		"head": {
			"rotation": [81, -2.75, 1.75],
			"translation": [-1, 8.25, 9.75],
			"scale": [0.5, 0.5, 0.5]
		},
		"fixed": {
			"rotation": [90, 0, 0],
			"translation": [-0.5, 0.25, 9.75],
			"scale": [1.28, 1.28, 1.28]
		}
	},
	"groups": [
		{
			"name": "shanhaigani",
			"origin": [8, 8, 8],
			"children": [0, 1, 2, 3, 4, 5, 6, 7, 8, 9, 10, 11, 12, 13, 14, 15, 16, 17, 18, 19, 20, 21, 22, 23, 24, 25, 26, 27, 28, 29, 30, 31, 32, 33, 34, 35, 36, 37, 38, 39, 40, 41, 42, 43, 44, 45, 46, 47, 48, 49, 50, 51, 52, 53, 54, 55, 56, 57, 58, 59, 60, 61, 62, 63, 64, 65, 66, 67, 68, 69, 70, 71, 72, 73, 74, 75, 76, 77, 78, 79, 80, 81, 82, 83, 84, 85, 86, 87, 88, 89, 90, 91, 92, 93, 94, 95, 96, 97, 98, 99, 100, 101, 102]
		}
	]
}