{
	"credit": "Made with Blockbench",
	"textures": {
		"7": "fish/syumokuzame",
		"particle": "fish/raigyo"
	},
	"elements": [
		{
			"name": "syumokuzame_0",
			"from": [7, 0, 5.5],
			"to": [7.25, 0.25, 9.75],
			"faces": {
				"north": {"uv": [7.25, 5.5, 7, 5.75], "texture": "#7"},
				"east": {"uv": [7, 5.5, 7.25, 9.75], "rotation": 90, "texture": "#7"},
				"south": {"uv": [7, 9.5, 7.25, 9.75], "texture": "#7"},
				"west": {"uv": [7, 5.5, 7.25, 9.75], "rotation": 270, "texture": "#7"},
				"up": {"uv": [7, 5.5, 7.25, 9.75], "texture": "#7"},
				"down": {"uv": [7, 9.75, 7.25, 5.5], "texture": "#7"}
			}
		},
		{
			"name": "syumokuzame_1",
			"from": [6.75, 0, 5.75],
			"to": [7, 0.25, 9.75],
			"faces": {
				"north": {"uv": [7, 5.75, 6.75, 6], "texture": "#7"},
				"east": {"uv": [6.75, 5.75, 7, 9.75], "rotation": 90, "texture": "#7"},
				"south": {"uv": [6.75, 9.5, 7, 9.75], "texture": "#7"},
				"west": {"uv": [6.75, 5.75, 7, 9.75], "rotation": 270, "texture": "#7"},
				"up": {"uv": [6.75, 5.75, 7, 9.75], "texture": "#7"},
				"down": {"uv": [6.75, 9.75, 7, 5.75], "texture": "#7"}
			}
		},
		{
			"name": "syumokuzame_2",
			"from": [7.25, 0, 5.75],
			"to": [7.5, 0.25, 6],
			"faces": {
				"north": {"uv": [7.5, 5.75, 7.25, 6], "texture": "#7"},
				"east": {"uv": [7.25, 5.75, 7.5, 6], "rotation": 90, "texture": "#7"},
				"south": {"uv": [7.25, 5.75, 7.5, 6], "texture": "#7"},
				"west": {"uv": [7.25, 5.75, 7.5, 6], "rotation": 270, "texture": "#7"},
				"up": {"uv": [7.25, 5.75, 7.5, 6], "texture": "#7"},
				"down": {"uv": [7.25, 6, 7.5, 5.75], "texture": "#7"}
			}
		},
		{
			"name": "syumokuzame_3",
			"from": [6.5, 0, 6],
			"to": [6.75, 0.25, 9.75],
			"faces": {
				"north": {"uv": [6.75, 6, 6.5, 6.25], "texture": "#7"},
				"east": {"uv": [6.5, 6, 6.75, 9.75], "rotation": 90, "texture": "#7"},
				"south": {"uv": [6.5, 9.5, 6.75, 9.75], "texture": "#7"},
				"west": {"uv": [6.5, 6, 6.75, 9.75], "rotation": 270, "texture": "#7"},
				"up": {"uv": [6.5, 6, 6.75, 9.75], "texture": "#7"},
				"down": {"uv": [6.5, 9.75, 6.75, 6], "texture": "#7"}
			}
		},
		{
			"name": "syumokuzame_4",
			"from": [6.25, 0, 6.25],
			"to": [6.5, 0.25, 9.75],
			"faces": {
				"north": {"uv": [6.5, 6.25, 6.25, 6.5], "texture": "#7"},
				"east": {"uv": [6.25, 6.25, 6.5, 9.75], "rotation": 90, "texture": "#7"},
				"south": {"uv": [6.25, 9.5, 6.5, 9.75], "texture": "#7"},
				"west": {"uv": [6.25, 6.25, 6.5, 9.75], "rotation": 270, "texture": "#7"},
				"up": {"uv": [6.25, 6.25, 6.5, 9.75], "texture": "#7"},
				"down": {"uv": [6.25, 9.75, 6.5, 6.25], "texture": "#7"}
			}
		},
		{
			"name": "syumokuzame_5",
			"from": [6, 0, 6.5],
			"to": [6.25, 0.25, 9.75],
			"faces": {
				"north": {"uv": [6.25, 6.5, 6, 6.75], "texture": "#7"},
				"east": {"uv": [6, 6.5, 6.25, 9.75], "rotation": 90, "texture": "#7"},
				"south": {"uv": [6, 9.5, 6.25, 9.75], "texture": "#7"},
				"west": {"uv": [6, 6.5, 6.25, 9.75], "rotation": 270, "texture": "#7"},
				"up": {"uv": [6, 6.5, 6.25, 9.75], "texture": "#7"},
				"down": {"uv": [6, 9.75, 6.25, 6.5], "texture": "#7"}
			}
		},
		{
			"name": "syumokuzame_6",
			"from": [5.75, 0, 6.75],
			"to": [6, 0.25, 9.75],
			"faces": {
				"north": {"uv": [6, 6.75, 5.75, 7], "texture": "#7"},
				"east": {"uv": [5.75, 6.75, 6, 9.75], "rotation": 90, "texture": "#7"},
				"south": {"uv": [5.75, 9.5, 6, 9.75], "texture": "#7"},
				"west": {"uv": [5.75, 6.75, 6, 9.75], "rotation": 270, "texture": "#7"},
				"up": {"uv": [5.75, 6.75, 6, 9.75], "texture": "#7"},
				"down": {"uv": [5.75, 9.75, 6, 6.75], "texture": "#7"}
			}
		},
		{
			"name": "syumokuzame_7",
			"from": [1, 0, 7],
			"to": [2.5, 0.25, 9.25],
			"faces": {
				"north": {"uv": [2.5, 7, 1, 7.25], "texture": "#7"},
				"east": {"uv": [2.25, 7, 2.5, 9.25], "rotation": 90, "texture": "#7"},
				"south": {"uv": [1, 9, 2.5, 9.25], "texture": "#7"},
				"west": {"uv": [1, 7, 1.25, 9.25], "rotation": 270, "texture": "#7"},
				"up": {"uv": [1, 7, 2.5, 9.25], "texture": "#7"},
				"down": {"uv": [1, 9.25, 2.5, 7], "texture": "#7"}
			}
		},
		{
			"name": "syumokuzame_8",
			"from": [5.5, 0, 7],
			"to": [5.75, 0.25, 9.75],
			"faces": {
				"north": {"uv": [5.75, 7, 5.5, 7.25], "texture": "#7"},
				"east": {"uv": [5.5, 7, 5.75, 9.75], "rotation": 90, "texture": "#7"},
				"south": {"uv": [5.5, 9.5, 5.75, 9.75], "texture": "#7"},
				"west": {"uv": [5.5, 7, 5.75, 9.75], "rotation": 270, "texture": "#7"},
				"up": {"uv": [5.5, 7, 5.75, 9.75], "texture": "#7"},
				"down": {"uv": [5.5, 9.75, 5.75, 7], "texture": "#7"}
			}
		},
		{
			"name": "syumokuzame_9",
			"from": [15, 0, 7],
			"to": [15.75, 0.25, 7.75],
			"faces": {
				"north": {"uv": [15.75, 7, 15, 7.25], "texture": "#7"},
				"east": {"uv": [15.5, 7, 15.75, 7.75], "rotation": 90, "texture": "#7"},
				"south": {"uv": [15, 7.5, 15.75, 7.75], "texture": "#7"},
				"west": {"uv": [15, 7, 15.25, 7.75], "rotation": 270, "texture": "#7"},
				"up": {"uv": [15, 7, 15.75, 7.75], "texture": "#7"},
				"down": {"uv": [15, 7.75, 15.75, 7], "texture": "#7"}
			}
		},
		{
			"name": "syumokuzame_10",
			"from": [0.75, 0, 7.25],
			"to": [1, 0.25, 10.25],
			"faces": {
				"north": {"uv": [1, 7.25, 0.75, 7.5], "texture": "#7"},
				"east": {"uv": [0.75, 7.25, 1, 10.25], "rotation": 90, "texture": "#7"},
				"south": {"uv": [0.75, 10, 1, 10.25], "texture": "#7"},
				"west": {"uv": [0.75, 7.25, 1, 10.25], "rotation": 270, "texture": "#7"},
				"up": {"uv": [0.75, 7.25, 1, 10.25], "texture": "#7"},
				"down": {"uv": [0.75, 10.25, 1, 7.25], "texture": "#7"}
			}
		},
		{
			"name": "syumokuzame_11",
			"from": [2.5, 0, 7.25],
			"to": [2.75, 0.25, 7.5],
			"faces": {
				"north": {"uv": [2.75, 7.25, 2.5, 7.5], "texture": "#7"},
				"east": {"uv": [2.5, 7.25, 2.75, 7.5], "rotation": 90, "texture": "#7"},
				"south": {"uv": [2.5, 7.25, 2.75, 7.5], "texture": "#7"},
				"west": {"uv": [2.5, 7.25, 2.75, 7.5], "rotation": 270, "texture": "#7"},
				"up": {"uv": [2.5, 7.25, 2.75, 7.5], "texture": "#7"},
				"down": {"uv": [2.5, 7.5, 2.75, 7.25], "texture": "#7"}
			}
		},
		{
			"name": "syumokuzame_12",
			"from": [4.25, 0, 7.25],
			"to": [5.5, 0.25, 9.75],
			"faces": {
				"north": {"uv": [5.5, 7.25, 4.25, 7.5], "texture": "#7"},
				"east": {"uv": [5.25, 7.25, 5.5, 9.75], "rotation": 90, "texture": "#7"},
				"south": {"uv": [4.25, 9.5, 5.5, 9.75], "texture": "#7"},
				"west": {"uv": [4.25, 7.25, 4.5, 9.75], "rotation": 270, "texture": "#7"},
				"up": {"uv": [4.25, 7.25, 5.5, 9.75], "texture": "#7"},
				"down": {"uv": [4.25, 9.75, 5.5, 7.25], "texture": "#7"}
			}
		},
		{
			"name": "syumokuzame_13",
			"from": [7.25, 0, 7.25],
			"to": [7.5, 0.25, 9.75],
			"faces": {
				"north": {"uv": [7.5, 7.25, 7.25, 7.5], "texture": "#7"},
				"east": {"uv": [7.25, 7.25, 7.5, 9.75], "rotation": 90, "texture": "#7"},
				"south": {"uv": [7.25, 9.5, 7.5, 9.75], "texture": "#7"},
				"west": {"uv": [7.25, 7.25, 7.5, 9.75], "rotation": 270, "texture": "#7"},
				"up": {"uv": [7.25, 7.25, 7.5, 9.75], "texture": "#7"},
				"down": {"uv": [7.25, 9.75, 7.5, 7.25], "texture": "#7"}
			}
		},
		{
			"name": "syumokuzame_14",
			"from": [14.5, 0, 7.25],
			"to": [15, 0.25, 8.25],
			"faces": {
				"north": {"uv": [15, 7.25, 14.5, 7.5], "texture": "#7"},
				"east": {"uv": [14.75, 7.25, 15, 8.25], "rotation": 90, "texture": "#7"},
				"south": {"uv": [14.5, 8, 15, 8.25], "texture": "#7"},
				"west": {"uv": [14.5, 7.25, 14.75, 8.25], "rotation": 270, "texture": "#7"},
				"up": {"uv": [14.5, 7.25, 15, 8.25], "texture": "#7"},
				"down": {"uv": [14.5, 8.25, 15, 7.25], "texture": "#7"}
			}
		},
		{
			"name": "syumokuzame_15",
			"from": [15.75, 0, 7.25],
			"to": [16, 0.25, 7.5],
			"faces": {
				"north": {"uv": [16, 7.25, 15.75, 7.5], "texture": "#7"},
				"east": {"uv": [15.75, 7.25, 16, 7.5], "rotation": 90, "texture": "#7"},
				"south": {"uv": [15.75, 7.25, 16, 7.5], "texture": "#7"},
				"west": {"uv": [15.75, 7.25, 16, 7.5], "rotation": 270, "texture": "#7"},
				"up": {"uv": [15.75, 7.25, 16, 7.5], "texture": "#7"},
				"down": {"uv": [15.75, 7.5, 16, 7.25], "texture": "#7"}
			}
		},
		{
			"name": "syumokuzame_16",
			"from": [3.25, 0, 7.5],
			"to": [4.25, 0.25, 9.75],
			"faces": {
				"north": {"uv": [4.25, 7.5, 3.25, 7.75], "texture": "#7"},
				"east": {"uv": [4, 7.5, 4.25, 9.75], "rotation": 90, "texture": "#7"},
				"south": {"uv": [3.25, 9.5, 4.25, 9.75], "texture": "#7"},
				"west": {"uv": [3.25, 7.5, 3.5, 9.75], "rotation": 270, "texture": "#7"},
				"up": {"uv": [3.25, 7.5, 4.25, 9.75], "texture": "#7"},
				"down": {"uv": [3.25, 9.75, 4.25, 7.5], "texture": "#7"}
			}
		},
		{
			"name": "syumokuzame_17",
			"from": [7.5, 0, 7.5],
			"to": [8.5, 0.25, 9.75],
			"faces": {
				"north": {"uv": [8.5, 7.5, 7.5, 7.75], "texture": "#7"},
				"east": {"uv": [8.25, 7.5, 8.5, 9.75], "rotation": 90, "texture": "#7"},
				"south": {"uv": [7.5, 9.5, 8.5, 9.75], "texture": "#7"},
				"west": {"uv": [7.5, 7.5, 7.75, 9.75], "rotation": 270, "texture": "#7"},
				"up": {"uv": [7.5, 7.5, 8.5, 9.75], "texture": "#7"},
				"down": {"uv": [7.5, 9.75, 8.5, 7.5], "texture": "#7"}
			}
		},
		{
			"name": "syumokuzame_18",
			"from": [11.25, 0, 7.5],
			"to": [11.5, 0.25, 9.5],
			"faces": {
				"north": {"uv": [11.5, 7.5, 11.25, 7.75], "texture": "#7"},
				"east": {"uv": [11.25, 7.5, 11.5, 9.5], "rotation": 90, "texture": "#7"},
				"south": {"uv": [11.25, 9.25, 11.5, 9.5], "texture": "#7"},
				"west": {"uv": [11.25, 7.5, 11.5, 9.5], "rotation": 270, "texture": "#7"},
				"up": {"uv": [11.25, 7.5, 11.5, 9.5], "texture": "#7"},
				"down": {"uv": [11.25, 9.5, 11.5, 7.5], "texture": "#7"}
			}
		},
		{
			"name": "syumokuzame_19",
			"from": [14, 0, 7.5],
			"to": [14.5, 0.25, 8.75],
			"faces": {
				"north": {"uv": [14.5, 7.5, 14, 7.75], "texture": "#7"},
				"east": {"uv": [14.25, 7.5, 14.5, 8.75], "rotation": 90, "texture": "#7"},
				"south": {"uv": [14, 8.5, 14.5, 8.75], "texture": "#7"},
				"west": {"uv": [14, 7.5, 14.25, 8.75], "rotation": 270, "texture": "#7"},
				"up": {"uv": [14, 7.5, 14.5, 8.75], "texture": "#7"},
				"down": {"uv": [14, 8.75, 14.5, 7.5], "texture": "#7"}
			}
		},
		{
			"name": "syumokuzame_20",
			"from": [0.5, 0, 7.75],
			"to": [0.75, 0.25, 10],
			"faces": {
				"north": {"uv": [0.75, 7.75, 0.5, 8], "texture": "#7"},
				"east": {"uv": [0.5, 7.75, 0.75, 10], "rotation": 90, "texture": "#7"},
				"south": {"uv": [0.5, 9.75, 0.75, 10], "texture": "#7"},
				"west": {"uv": [0.5, 7.75, 0.75, 10], "rotation": 270, "texture": "#7"},
				"up": {"uv": [0.5, 7.75, 0.75, 10], "texture": "#7"},
				"down": {"uv": [0.5, 10, 0.75, 7.75], "texture": "#7"}
			}
		},
		{
			"name": "syumokuzame_21",
			"from": [2.5, 0, 7.75],
			"to": [3.25, 0.25, 9.5],
			"faces": {
				"north": {"uv": [3.25, 7.75, 2.5, 8], "texture": "#7"},
				"east": {"uv": [3, 7.75, 3.25, 9.5], "rotation": 90, "texture": "#7"},
				"south": {"uv": [2.5, 9.25, 3.25, 9.5], "texture": "#7"},
				"west": {"uv": [2.5, 7.75, 2.75, 9.5], "rotation": 270, "texture": "#7"},
				"up": {"uv": [2.5, 7.75, 3.25, 9.5], "texture": "#7"},
				"down": {"uv": [2.5, 9.5, 3.25, 7.75], "texture": "#7"}
			}
		},
		{
			"name": "syumokuzame_22",
			"from": [8.5, 0, 7.75],
			"to": [9.5, 0.25, 9.25],
			"faces": {
				"north": {"uv": [9.5, 7.75, 8.5, 8], "texture": "#7"},
				"east": {"uv": [9.25, 7.75, 9.5, 9.25], "rotation": 90, "texture": "#7"},
				"south": {"uv": [8.5, 9, 9.5, 9.25], "texture": "#7"},
				"west": {"uv": [8.5, 7.75, 8.75, 9.25], "rotation": 270, "texture": "#7"},
				"up": {"uv": [8.5, 7.75, 9.5, 9.25], "texture": "#7"},
				"down": {"uv": [8.5, 9.25, 9.5, 7.75], "texture": "#7"}
			}
		},
		{
			"name": "syumokuzame_23",
			"from": [10.75, 0, 7.75],
			"to": [11.25, 0.25, 9.5],
			"faces": {
				"north": {"uv": [11.25, 7.75, 10.75, 8], "texture": "#7"},
				"east": {"uv": [11, 7.75, 11.25, 9.5], "rotation": 90, "texture": "#7"},
				"south": {"uv": [10.75, 9.25, 11.25, 9.5], "texture": "#7"},
				"west": {"uv": [10.75, 7.75, 11, 9.5], "rotation": 270, "texture": "#7"},
				"up": {"uv": [10.75, 7.75, 11.25, 9.5], "texture": "#7"},
				"down": {"uv": [10.75, 9.5, 11.25, 7.75], "texture": "#7"}
			}
		},
		{
			"name": "syumokuzame_24",
			"from": [11.5, 0, 7.75],
			"to": [11.75, 0.25, 9.25],
			"faces": {
				"north": {"uv": [11.75, 7.75, 11.5, 8], "texture": "#7"},
				"east": {"uv": [11.5, 7.75, 11.75, 9.25], "rotation": 90, "texture": "#7"},
				"south": {"uv": [11.5, 9, 11.75, 9.25], "texture": "#7"},
				"west": {"uv": [11.5, 7.75, 11.75, 9.25], "rotation": 270, "texture": "#7"},
				"up": {"uv": [11.5, 7.75, 11.75, 9.25], "texture": "#7"},
				"down": {"uv": [11.5, 9.25, 11.75, 7.75], "texture": "#7"}
			}
		},
		{
			"name": "syumokuzame_25",
			"from": [13.5, 0, 7.75],
			"to": [14, 0.25, 9.75],
			"faces": {
				"north": {"uv": [14, 7.75, 13.5, 8], "texture": "#7"},
				"east": {"uv": [13.75, 7.75, 14, 9.75], "rotation": 90, "texture": "#7"},
				"south": {"uv": [13.5, 9.5, 14, 9.75], "texture": "#7"},
				"west": {"uv": [13.5, 7.75, 13.75, 9.75], "rotation": 270, "texture": "#7"},
				"up": {"uv": [13.5, 7.75, 14, 9.75], "texture": "#7"},
				"down": {"uv": [13.5, 9.75, 14, 7.75], "texture": "#7"}
			}
		},
		{
			"name": "syumokuzame_26",
			"from": [15, 0, 7.75],
			"to": [15.5, 0.25, 8],
			"faces": {
				"north": {"uv": [15.5, 7.75, 15, 8], "texture": "#7"},
				"east": {"uv": [15.25, 7.75, 15.5, 8], "rotation": 90, "texture": "#7"},
				"south": {"uv": [15, 7.75, 15.5, 8], "texture": "#7"},
				"west": {"uv": [15, 7.75, 15.25, 8], "rotation": 270, "texture": "#7"},
				"up": {"uv": [15, 7.75, 15.5, 8], "texture": "#7"},
				"down": {"uv": [15, 8, 15.5, 7.75], "texture": "#7"}
			}
		},
		{
			"name": "syumokuzame_27",
			"from": [0.25, 0, 8],
			"to": [0.5, 0.25, 9.75],
			"faces": {
				"north": {"uv": [0.5, 8, 0.25, 8.25], "texture": "#7"},
				"east": {"uv": [0.25, 8, 0.5, 9.75], "rotation": 90, "texture": "#7"},
				"south": {"uv": [0.25, 9.5, 0.5, 9.75], "texture": "#7"},
				"west": {"uv": [0.25, 8, 0.5, 9.75], "rotation": 270, "texture": "#7"},
				"up": {"uv": [0.25, 8, 0.5, 9.75], "texture": "#7"},
				"down": {"uv": [0.25, 9.75, 0.5, 8], "texture": "#7"}
			}
		},
		{
			"name": "syumokuzame_28",
			"from": [9.5, 0, 8],
			"to": [10.75, 0.25, 9.25],
			"faces": {
				"north": {"uv": [10.75, 8, 9.5, 8.25], "texture": "#7"},
				"east": {"uv": [10.5, 8, 10.75, 9.25], "rotation": 90, "texture": "#7"},
				"south": {"uv": [9.5, 9, 10.75, 9.25], "texture": "#7"},
				"west": {"uv": [9.5, 8, 9.75, 9.25], "rotation": 270, "texture": "#7"},
				"up": {"uv": [9.5, 8, 10.75, 9.25], "texture": "#7"},
				"down": {"uv": [9.5, 9.25, 10.75, 8], "texture": "#7"}
			}
		},
		{
			"name": "syumokuzame_29",
			"from": [11.75, 0, 8],
			"to": [13.5, 0.25, 9.25],
			"faces": {
				"north": {"uv": [13.5, 8, 11.75, 8.25], "texture": "#7"},
				"east": {"uv": [13.25, 8, 13.5, 9.25], "rotation": 90, "texture": "#7"},
				"south": {"uv": [11.75, 9, 13.5, 9.25], "texture": "#7"},
				"west": {"uv": [11.75, 8, 12, 9.25], "rotation": 270, "texture": "#7"},
				"up": {"uv": [11.75, 8, 13.5, 9.25], "texture": "#7"},
				"down": {"uv": [11.75, 9.25, 13.5, 8], "texture": "#7"}
			}
		},
		{
			"name": "syumokuzame_30",
			"from": [14.5, 0, 8.25],
			"to": [14.75, 0.25, 8.5],
			"faces": {
				"north": {"uv": [14.75, 8.25, 14.5, 8.5], "texture": "#7"},
				"east": {"uv": [14.5, 8.25, 14.75, 8.5], "rotation": 90, "texture": "#7"},
				"south": {"uv": [14.5, 8.25, 14.75, 8.5], "texture": "#7"},
				"west": {"uv": [14.5, 8.25, 14.75, 8.5], "rotation": 270, "texture": "#7"},
				"up": {"uv": [14.5, 8.25, 14.75, 8.5], "texture": "#7"},
				"down": {"uv": [14.5, 8.5, 14.75, 8.25], "texture": "#7"}
			}
		},
		{
			"name": "syumokuzame_31",
			"from": [14, 0, 8.75],
			"to": [14.25, 0.25, 9.75],
			"faces": {
				"north": {"uv": [14.25, 8.75, 14, 9], "texture": "#7"},
				"east": {"uv": [14, 8.75, 14.25, 9.75], "rotation": 90, "texture": "#7"},
				"south": {"uv": [14, 9.5, 14.25, 9.75], "texture": "#7"},
				"west": {"uv": [14, 8.75, 14.25, 9.75], "rotation": 270, "texture": "#7"},
				"up": {"uv": [14, 8.75, 14.25, 9.75], "texture": "#7"},
				"down": {"uv": [14, 9.75, 14.25, 8.75], "texture": "#7"}
			}
		},
		{
			"name": "syumokuzame_32",
			"from": [1, 0, 9.25],
			"to": [2, 0.25, 10.25],
			"faces": {
				"north": {"uv": [2, 9.25, 1, 9.5], "texture": "#7"},
				"east": {"uv": [1.75, 9.25, 2, 10.25], "rotation": 90, "texture": "#7"},
				"south": {"uv": [1, 10, 2, 10.25], "texture": "#7"},
				"west": {"uv": [1, 9.25, 1.25, 10.25], "rotation": 270, "texture": "#7"},
				"up": {"uv": [1, 9.25, 2, 10.25], "texture": "#7"},
				"down": {"uv": [1, 10.25, 2, 9.25], "texture": "#7"}
			}
		},
		{
			"name": "syumokuzame_33",
			"from": [2, 0, 9.25],
			"to": [2.25, 0.25, 10],
			"faces": {
				"north": {"uv": [2.25, 9.25, 2, 9.5], "texture": "#7"},
				"east": {"uv": [2, 9.25, 2.25, 10], "rotation": 90, "texture": "#7"},
				"south": {"uv": [2, 9.75, 2.25, 10], "texture": "#7"},
				"west": {"uv": [2, 9.25, 2.25, 10], "rotation": 270, "texture": "#7"},
				"up": {"uv": [2, 9.25, 2.25, 10], "texture": "#7"},
				"down": {"uv": [2, 10, 2.25, 9.25], "texture": "#7"}
			}
		},
		{
			"name": "syumokuzame_34",
			"from": [8.5, 0, 9.25],
			"to": [9.25, 0.25, 10],
			"faces": {
				"north": {"uv": [9.25, 9.25, 8.5, 9.5], "texture": "#7"},
				"east": {"uv": [9, 9.25, 9.25, 10], "rotation": 90, "texture": "#7"},
				"south": {"uv": [8.5, 9.75, 9.25, 10], "texture": "#7"},
				"west": {"uv": [8.5, 9.25, 8.75, 10], "rotation": 270, "texture": "#7"},
				"up": {"uv": [8.5, 9.25, 9.25, 10], "texture": "#7"},
				"down": {"uv": [8.5, 10, 9.25, 9.25], "texture": "#7"}
			}
		},
		{
			"name": "syumokuzame_35",
			"from": [13.25, 0, 9.25],
			"to": [13.5, 0.25, 9.5],
			"faces": {
				"north": {"uv": [13.5, 9.25, 13.25, 9.5], "texture": "#7"},
				"east": {"uv": [13.25, 9.25, 13.5, 9.5], "rotation": 90, "texture": "#7"},
				"south": {"uv": [13.25, 9.25, 13.5, 9.5], "texture": "#7"},
				"west": {"uv": [13.25, 9.25, 13.5, 9.5], "rotation": 270, "texture": "#7"},
				"up": {"uv": [13.25, 9.25, 13.5, 9.5], "texture": "#7"},
				"down": {"uv": [13.25, 9.5, 13.5, 9.25], "texture": "#7"}
			}
		},
		{
			"name": "syumokuzame_36",
			"from": [2.75, 0, 9.5],
			"to": [3.25, 0.25, 9.75],
			"faces": {
				"north": {"uv": [3.25, 9.5, 2.75, 9.75], "texture": "#7"},
				"east": {"uv": [3, 9.5, 3.25, 9.75], "rotation": 90, "texture": "#7"},
				"south": {"uv": [2.75, 9.5, 3.25, 9.75], "texture": "#7"},
				"west": {"uv": [2.75, 9.5, 3, 9.75], "rotation": 270, "texture": "#7"},
				"up": {"uv": [2.75, 9.5, 3.25, 9.75], "texture": "#7"},
				"down": {"uv": [2.75, 9.75, 3.25, 9.5], "texture": "#7"}
			}
		},
		{
			"name": "syumokuzame_37",
			"from": [9.25, 0, 9.5],
			"to": [9.5, 0.25, 10.25],
			"faces": {
				"north": {"uv": [9.5, 9.5, 9.25, 9.75], "texture": "#7"},
				"east": {"uv": [9.25, 9.5, 9.5, 10.25], "rotation": 90, "texture": "#7"},
				"south": {"uv": [9.25, 10, 9.5, 10.25], "texture": "#7"},
				"west": {"uv": [9.25, 9.5, 9.5, 10.25], "rotation": 270, "texture": "#7"},
				"up": {"uv": [9.25, 9.5, 9.5, 10.25], "texture": "#7"},
				"down": {"uv": [9.25, 10.25, 9.5, 9.5], "texture": "#7"}
			}
		},
		{
			"name": "syumokuzame_38",
			"from": [11, 0, 9.5],
			"to": [11.25, 0.25, 9.75],
			"faces": {
				"north": {"uv": [11.25, 9.5, 11, 9.75], "texture": "#7"},
				"east": {"uv": [11, 9.5, 11.25, 9.75], "rotation": 90, "texture": "#7"},
				"south": {"uv": [11, 9.5, 11.25, 9.75], "texture": "#7"},
				"west": {"uv": [11, 9.5, 11.25, 9.75], "rotation": 270, "texture": "#7"},
				"up": {"uv": [11, 9.5, 11.25, 9.75], "texture": "#7"},
				"down": {"uv": [11, 9.75, 11.25, 9.5], "texture": "#7"}
			}
		},
		{
			"name": "syumokuzame_39",
			"from": [3.5, 0, 9.75],
			"to": [5, 0.25, 10],
			"faces": {
				"north": {"uv": [5, 9.75, 3.5, 10], "texture": "#7"},
				"east": {"uv": [4.75, 9.75, 5, 10], "rotation": 90, "texture": "#7"},
				"south": {"uv": [3.5, 9.75, 5, 10], "texture": "#7"},
				"west": {"uv": [3.5, 9.75, 3.75, 10], "rotation": 270, "texture": "#7"},
				"up": {"uv": [3.5, 9.75, 5, 10], "texture": "#7"},
				"down": {"uv": [3.5, 10, 5, 9.75], "texture": "#7"}
			}
		},
		{
			"name": "syumokuzame_40",
			"from": [13.75, 0, 9.75],
			"to": [14, 0.25, 10],
			"faces": {
				"north": {"uv": [14, 9.75, 13.75, 10], "texture": "#7"},
				"east": {"uv": [13.75, 9.75, 14, 10], "rotation": 90, "texture": "#7"},
				"south": {"uv": [13.75, 9.75, 14, 10], "texture": "#7"},
				"west": {"uv": [13.75, 9.75, 14, 10], "rotation": 270, "texture": "#7"},
				"up": {"uv": [13.75, 9.75, 14, 10], "texture": "#7"},
				"down": {"uv": [13.75, 10, 14, 9.75], "texture": "#7"}
			}
		},
		{
			"name": "syumokuzame_41",
			"from": [3.75, 0, 10],
			"to": [5, 0.25, 10.5],
			"faces": {
				"north": {"uv": [5, 10, 3.75, 10.25], "texture": "#7"},
				"east": {"uv": [4.75, 10, 5, 10.5], "rotation": 90, "texture": "#7"},
				"south": {"uv": [3.75, 10.25, 5, 10.5], "texture": "#7"},
				"west": {"uv": [3.75, 10, 4, 10.5], "rotation": 270, "texture": "#7"},
				"up": {"uv": [3.75, 10, 5, 10.5], "texture": "#7"},
				"down": {"uv": [3.75, 10.5, 5, 10], "texture": "#7"}
			}
		},
		{
			"name": "syumokuzame_42",
			"from": [8.75, 0, 10],
			"to": [9.25, 0.25, 10.25],
			"faces": {
				"north": {"uv": [9.25, 10, 8.75, 10.25], "texture": "#7"},
				"east": {"uv": [9, 10, 9.25, 10.25], "rotation": 90, "texture": "#7"},
				"south": {"uv": [8.75, 10, 9.25, 10.25], "texture": "#7"},
				"west": {"uv": [8.75, 10, 9, 10.25], "rotation": 270, "texture": "#7"},
				"up": {"uv": [8.75, 10, 9.25, 10.25], "texture": "#7"},
				"down": {"uv": [8.75, 10.25, 9.25, 10], "texture": "#7"}
			}
		},
		{
			"name": "syumokuzame_43",
			"from": [9, 0, 10.25],
			"to": [9.25, 0.25, 10.5],
			"faces": {
				"north": {"uv": [9.25, 10.25, 9, 10.5], "texture": "#7"},
				"east": {"uv": [9, 10.25, 9.25, 10.5], "rotation": 90, "texture": "#7"},
				"south": {"uv": [9, 10.25, 9.25, 10.5], "texture": "#7"},
				"west": {"uv": [9, 10.25, 9.25, 10.5], "rotation": 270, "texture": "#7"},
				"up": {"uv": [9, 10.25, 9.25, 10.5], "texture": "#7"},
				"down": {"uv": [9, 10.5, 9.25, 10.25], "texture": "#7"}
			}
		},
		{
			"name": "syumokuzame_44",
			"from": [4, 0, 10.5],
			"to": [5, 0.25, 11],
			"faces": {
				"north": {"uv": [5, 10.5, 4, 10.75], "texture": "#7"},
				"east": {"uv": [4.75, 10.5, 5, 11], "rotation": 90, "texture": "#7"},
				"south": {"uv": [4, 10.75, 5, 11], "texture": "#7"},
				"west": {"uv": [4, 10.5, 4.25, 11], "rotation": 270, "texture": "#7"},
				"up": {"uv": [4, 10.5, 5, 11], "texture": "#7"},
				"down": {"uv": [4, 11, 5, 10.5], "texture": "#7"}
			}
		},
		{
			"name": "syumokuzame_45",
			"from": [4.25, 0, 11],
			"to": [5, 0.25, 11.25],
			"faces": {
				"north": {"uv": [5, 11, 4.25, 11.25], "texture": "#7"},
				"east": {"uv": [4.75, 11, 5, 11.25], "rotation": 90, "texture": "#7"},
				"south": {"uv": [4.25, 11, 5, 11.25], "texture": "#7"},
				"west": {"uv": [4.25, 11, 4.5, 11.25], "rotation": 270, "texture": "#7"},
				"up": {"uv": [4.25, 11, 5, 11.25], "texture": "#7"},
				"down": {"uv": [4.25, 11.25, 5, 11], "texture": "#7"}
			}
		},
		{
			"name": "syumokuzame_46",
			"from": [4.5, 0, 11.25],
			"to": [4.75, 0.25, 11.5],
			"faces": {
				"north": {"uv": [4.75, 11.25, 4.5, 11.5], "texture": "#7"},
				"east": {"uv": [4.5, 11.25, 4.75, 11.5], "rotation": 90, "texture": "#7"},
				"south": {"uv": [4.5, 11.25, 4.75, 11.5], "texture": "#7"},
				"west": {"uv": [4.5, 11.25, 4.75, 11.5], "rotation": 270, "texture": "#7"},
				"up": {"uv": [4.5, 11.25, 4.75, 11.5], "texture": "#7"},
				"down": {"uv": [4.5, 11.5, 4.75, 11.25], "texture": "#7"}
			}
		}
	],
	"gui_light": "front",
	"display": {
		"thirdperson_righthand": {
			"rotation": [81, -18.75, 1.75],
			"translation": [-1.5, 9.75, 30.75],
			"scale": [4, 4, 4]
		},
		"thirdperson_lefthand": {
			"rotation": [81, -18.75, 1.75],
			"translation": [-1.5, 9.75, 30.75],
			"scale": [4, 4, 4]
		},
		"firstperson_righthand": {
			"rotation": [81, -18.75, 1.75],
			"translation": [-1.5, 9.75, 30.75],
			"scale": [4, 4, 4]
		},
		"firstperson_lefthand": {
			"rotation": [81, -18.75, 1.75],
			"translation": [-1.5, 9.75, 30.75],
			"scale": [4, 4, 4]
		},
		"ground": {
			"rotation": [81, -18.75, 1.75],
			"translation": [-1.5, 19.5, 30.75],
			"scale": [4, 4, 4]
		},
		"gui": {
			"rotation": [90, 0, 0],
			"translation": [0, 0, 17.5],
			"scale": [1.06, 1.06, 1.06]
		},
		"head": {
			"rotation": [81, -18.75, 1.75],
			"translation": [-1.5, 19.5, 30.75],
			"scale": [4, 4, 4]
		},
		"fixed": {
			"rotation": [90, 0, 0],
			"translation": [-0.5, 0.25, 9.75],
			"scale": [1.28, 1.28, 1.28]
		}
	},
	"groups": [
		{
			"name": "syumokuzame",
			"origin": [8, 8, 8],
			"children": [0, 1, 2, 3, 4, 5, 6, 7, 8, 9, 10, 11, 12, 13, 14, 15, 16, 17, 18, 19, 20, 21, 22, 23, 24, 25, 26, 27, 28, 29, 30, 31, 32, 33, 34, 35, 36, 37, 38, 39, 40, 41, 42, 43, 44, 45, 46]
		}
	]
}