{
	"credit": "Made with Blockbench",
	"textures": {
		"8": "fish/tai",
		"particle": "fish/isidai"
	},
	"elements": [
		{
			"name": "tai_0",
			"from": [6.5, 0, 4],
			"to": [7.75, 0.25, 11],
			"faces": {
				"north": {"uv": [7.75, 4, 6.5, 4.25], "texture": "#8"},
				"east": {"uv": [7.5, 4, 7.75, 11], "rotation": 90, "texture": "#8"},
				"south": {"uv": [6.5, 10.75, 7.75, 11], "texture": "#8"},
				"west": {"uv": [6.5, 4, 6.75, 11], "rotation": 270, "texture": "#8"},
				"up": {"uv": [6.5, 4, 7.75, 11], "texture": "#8"},
				"down": {"uv": [6.5, 11, 7.75, 4], "texture": "#8"}
			}
		},
		{
			"name": "tai_1",
			"from": [5.75, 0, 4.25],
			"to": [6.5, 0.25, 11.5],
			"faces": {
				"north": {"uv": [6.5, 4.25, 5.75, 4.5], "texture": "#8"},
				"east": {"uv": [6.25, 4.25, 6.5, 11.5], "rotation": 90, "texture": "#8"},
				"south": {"uv": [5.75, 11.25, 6.5, 11.5], "texture": "#8"},
				"west": {"uv": [5.75, 4.25, 6, 11.5], "rotation": 270, "texture": "#8"},
				"up": {"uv": [5.75, 4.25, 6.5, 11.5], "texture": "#8"},
				"down": {"uv": [5.75, 11.5, 6.5, 4.25], "texture": "#8"}
			}
		},
		{
			"name": "tai_2",
			"from": [7.75, 0, 4.25],
			"to": [8.25, 0.25, 11],
			"faces": {
				"north": {"uv": [8.25, 4.25, 7.75, 4.5], "texture": "#8"},
				"east": {"uv": [8, 4.25, 8.25, 11], "rotation": 90, "texture": "#8"},
				"south": {"uv": [7.75, 10.75, 8.25, 11], "texture": "#8"},
				"west": {"uv": [7.75, 4.25, 8, 11], "rotation": 270, "texture": "#8"},
				"up": {"uv": [7.75, 4.25, 8.25, 11], "texture": "#8"},
				"down": {"uv": [7.75, 11, 8.25, 4.25], "texture": "#8"}
			}
		},
		{
			"name": "tai_3",
			"from": [5.25, 0, 4.5],
			"to": [5.75, 0.25, 11.25],
			"faces": {
				"north": {"uv": [5.75, 4.5, 5.25, 4.75], "texture": "#8"},
				"east": {"uv": [5.5, 4.5, 5.75, 11.25], "rotation": 90, "texture": "#8"},
				"south": {"uv": [5.25, 11, 5.75, 11.25], "texture": "#8"},
				"west": {"uv": [5.25, 4.5, 5.5, 11.25], "rotation": 270, "texture": "#8"},
				"up": {"uv": [5.25, 4.5, 5.75, 11.25], "texture": "#8"},
				"down": {"uv": [5.25, 11.25, 5.75, 4.5], "texture": "#8"}
			}
		},
		{
			"name": "tai_4",
			"from": [8.25, 0, 4.5],
			"to": [8.5, 0.25, 11],
			"faces": {
				"north": {"uv": [8.5, 4.5, 8.25, 4.75], "texture": "#8"},
				"east": {"uv": [8.25, 4.5, 8.5, 11], "rotation": 90, "texture": "#8"},
				"south": {"uv": [8.25, 10.75, 8.5, 11], "texture": "#8"},
				"west": {"uv": [8.25, 4.5, 8.5, 11], "rotation": 270, "texture": "#8"},
				"up": {"uv": [8.25, 4.5, 8.5, 11], "texture": "#8"},
				"down": {"uv": [8.25, 11, 8.5, 4.5], "texture": "#8"}
			}
		},
		{
			"name": "tai_5",
			"from": [4.25, 0, 4.75],
			"to": [5.25, 0.25, 11.25],
			"faces": {
				"north": {"uv": [5.25, 4.75, 4.25, 5], "texture": "#8"},
				"east": {"uv": [5, 4.75, 5.25, 11.25], "rotation": 90, "texture": "#8"},
				"south": {"uv": [4.25, 11, 5.25, 11.25], "texture": "#8"},
				"west": {"uv": [4.25, 4.75, 4.5, 11.25], "rotation": 270, "texture": "#8"},
				"up": {"uv": [4.25, 4.75, 5.25, 11.25], "texture": "#8"},
				"down": {"uv": [4.25, 11.25, 5.25, 4.75], "texture": "#8"}
			}
		},
		{
			"name": "tai_6",
			"from": [8.5, 0, 4.75],
			"to": [9, 0.25, 11],
			"faces": {
				"north": {"uv": [9, 4.75, 8.5, 5], "texture": "#8"},
				"east": {"uv": [8.75, 4.75, 9, 11], "rotation": 90, "texture": "#8"},
				"south": {"uv": [8.5, 10.75, 9, 11], "texture": "#8"},
				"west": {"uv": [8.5, 4.75, 8.75, 11], "rotation": 270, "texture": "#8"},
				"up": {"uv": [8.5, 4.75, 9, 11], "texture": "#8"},
				"down": {"uv": [8.5, 11, 9, 4.75], "texture": "#8"}
			}
		},
		{
			"name": "tai_7",
			"from": [3.75, 0, 5],
			"to": [4.25, 0.25, 11.25],
			"faces": {
				"north": {"uv": [4.25, 5, 3.75, 5.25], "texture": "#8"},
				"east": {"uv": [4, 5, 4.25, 11.25], "rotation": 90, "texture": "#8"},
				"south": {"uv": [3.75, 11, 4.25, 11.25], "texture": "#8"},
				"west": {"uv": [3.75, 5, 4, 11.25], "rotation": 270, "texture": "#8"},
				"up": {"uv": [3.75, 5, 4.25, 11.25], "texture": "#8"},
				"down": {"uv": [3.75, 11.25, 4.25, 5], "texture": "#8"}
			}
		},
		{
			"name": "tai_8",
			"from": [9, 0, 5],
			"to": [9.25, 0.25, 11.25],
			"faces": {
				"north": {"uv": [9.25, 5, 9, 5.25], "texture": "#8"},
				"east": {"uv": [9, 5, 9.25, 11.25], "rotation": 90, "texture": "#8"},
				"south": {"uv": [9, 11, 9.25, 11.25], "texture": "#8"},
				"west": {"uv": [9, 5, 9.25, 11.25], "rotation": 270, "texture": "#8"},
				"up": {"uv": [9, 5, 9.25, 11.25], "texture": "#8"},
				"down": {"uv": [9, 11.25, 9.25, 5], "texture": "#8"}
			}
		},
		{
			"name": "tai_9",
			"from": [3.25, 0, 5.25],
			"to": [3.75, 0.25, 11],
			"faces": {
				"north": {"uv": [3.75, 5.25, 3.25, 5.5], "texture": "#8"},
				"east": {"uv": [3.5, 5.25, 3.75, 11], "rotation": 90, "texture": "#8"},
				"south": {"uv": [3.25, 10.75, 3.75, 11], "texture": "#8"},
				"west": {"uv": [3.25, 5.25, 3.5, 11], "rotation": 270, "texture": "#8"},
				"up": {"uv": [3.25, 5.25, 3.75, 11], "texture": "#8"},
				"down": {"uv": [3.25, 11, 3.75, 5.25], "texture": "#8"}
			}
		},
		{
			"name": "tai_10",
			"from": [9.25, 0, 5.25],
			"to": [9.75, 0.25, 11.25],
			"faces": {
				"north": {"uv": [9.75, 5.25, 9.25, 5.5], "texture": "#8"},
				"east": {"uv": [9.5, 5.25, 9.75, 11.25], "rotation": 90, "texture": "#8"},
				"south": {"uv": [9.25, 11, 9.75, 11.25], "texture": "#8"},
				"west": {"uv": [9.25, 5.25, 9.5, 11.25], "rotation": 270, "texture": "#8"},
				"up": {"uv": [9.25, 5.25, 9.75, 11.25], "texture": "#8"},
				"down": {"uv": [9.25, 11.25, 9.75, 5.25], "texture": "#8"}
			}
		},
		{
			"name": "tai_11",
			"from": [2.75, 0, 5.5],
			"to": [3.25, 0.25, 10.75],
			"faces": {
				"north": {"uv": [3.25, 5.5, 2.75, 5.75], "texture": "#8"},
				"east": {"uv": [3, 5.5, 3.25, 10.75], "rotation": 90, "texture": "#8"},
				"south": {"uv": [2.75, 10.5, 3.25, 10.75], "texture": "#8"},
				"west": {"uv": [2.75, 5.5, 3, 10.75], "rotation": 270, "texture": "#8"},
				"up": {"uv": [2.75, 5.5, 3.25, 10.75], "texture": "#8"},
				"down": {"uv": [2.75, 10.75, 3.25, 5.5], "texture": "#8"}
			}
		},
		{
			"name": "tai_12",
			"from": [9.75, 0, 5.5],
			"to": [10.75, 0.25, 10.75],
			"faces": {
				"north": {"uv": [10.75, 5.5, 9.75, 5.75], "texture": "#8"},
				"east": {"uv": [10.5, 5.5, 10.75, 10.75], "rotation": 90, "texture": "#8"},
				"south": {"uv": [9.75, 10.5, 10.75, 10.75], "texture": "#8"},
				"west": {"uv": [9.75, 5.5, 10, 10.75], "rotation": 270, "texture": "#8"},
				"up": {"uv": [9.75, 5.5, 10.75, 10.75], "texture": "#8"},
				"down": {"uv": [9.75, 10.75, 10.75, 5.5], "texture": "#8"}
			}
		},
		{
			"name": "tai_13",
			"from": [2.25, 0, 5.75],
			"to": [2.75, 0.25, 10.75],
			"faces": {
				"north": {"uv": [2.75, 5.75, 2.25, 6], "texture": "#8"},
				"east": {"uv": [2.5, 5.75, 2.75, 10.75], "rotation": 90, "texture": "#8"},
				"south": {"uv": [2.25, 10.5, 2.75, 10.75], "texture": "#8"},
				"west": {"uv": [2.25, 5.75, 2.5, 10.75], "rotation": 270, "texture": "#8"},
				"up": {"uv": [2.25, 5.75, 2.75, 10.75], "texture": "#8"},
				"down": {"uv": [2.25, 10.75, 2.75, 5.75], "texture": "#8"}
			}
		},
		{
			"name": "tai_14",
			"from": [10.75, 0, 5.75],
			"to": [11.5, 0.25, 10.25],
			"faces": {
				"north": {"uv": [11.5, 5.75, 10.75, 6], "texture": "#8"},
				"east": {"uv": [11.25, 5.75, 11.5, 10.25], "rotation": 90, "texture": "#8"},
				"south": {"uv": [10.75, 10, 11.5, 10.25], "texture": "#8"},
				"west": {"uv": [10.75, 5.75, 11, 10.25], "rotation": 270, "texture": "#8"},
				"up": {"uv": [10.75, 5.75, 11.5, 10.25], "texture": "#8"},
				"down": {"uv": [10.75, 10.25, 11.5, 5.75], "texture": "#8"}
			}
		},
		{
			"name": "tai_15",
			"from": [15.25, 0, 5.75],
			"to": [15.75, 0.25, 6.5],
			"faces": {
				"north": {"uv": [15.75, 5.75, 15.25, 6], "texture": "#8"},
				"east": {"uv": [15.5, 5.75, 15.75, 6.5], "rotation": 90, "texture": "#8"},
				"south": {"uv": [15.25, 6.25, 15.75, 6.5], "texture": "#8"},
				"west": {"uv": [15.25, 5.75, 15.5, 6.5], "rotation": 270, "texture": "#8"},
				"up": {"uv": [15.25, 5.75, 15.75, 6.5], "texture": "#8"},
				"down": {"uv": [15.25, 6.5, 15.75, 5.75], "texture": "#8"}
			}
		},
		{
			"name": "tai_16",
			"from": [2, 0, 6],
			"to": [2.25, 0.25, 10.5],
			"faces": {
				"north": {"uv": [2.25, 6, 2, 6.25], "texture": "#8"},
				"east": {"uv": [2, 6, 2.25, 10.5], "rotation": 90, "texture": "#8"},
				"south": {"uv": [2, 10.25, 2.25, 10.5], "texture": "#8"},
				"west": {"uv": [2, 6, 2.25, 10.5], "rotation": 270, "texture": "#8"},
				"up": {"uv": [2, 6, 2.25, 10.5], "texture": "#8"},
				"down": {"uv": [2, 10.5, 2.25, 6], "texture": "#8"}
			}
		},
		{
			"name": "tai_17",
			"from": [11.5, 0, 6],
			"to": [12, 0.25, 9.75],
			"faces": {
				"north": {"uv": [12, 6, 11.5, 6.25], "texture": "#8"},
				"east": {"uv": [11.75, 6, 12, 9.75], "rotation": 90, "texture": "#8"},
				"south": {"uv": [11.5, 9.5, 12, 9.75], "texture": "#8"},
				"west": {"uv": [11.5, 6, 11.75, 9.75], "rotation": 270, "texture": "#8"},
				"up": {"uv": [11.5, 6, 12, 9.75], "texture": "#8"},
				"down": {"uv": [11.5, 9.75, 12, 6], "texture": "#8"}
			}
		},
		{
			"name": "tai_18",
			"from": [14.75, 0, 6],
			"to": [15.25, 0.25, 7.25],
			"faces": {
				"north": {"uv": [15.25, 6, 14.75, 6.25], "texture": "#8"},
				"east": {"uv": [15, 6, 15.25, 7.25], "rotation": 90, "texture": "#8"},
				"south": {"uv": [14.75, 7, 15.25, 7.25], "texture": "#8"},
				"west": {"uv": [14.75, 6, 15, 7.25], "rotation": 270, "texture": "#8"},
				"up": {"uv": [14.75, 6, 15.25, 7.25], "texture": "#8"},
				"down": {"uv": [14.75, 7.25, 15.25, 6], "texture": "#8"}
			}
		},
		{
			"name": "tai_19",
			"from": [15.75, 0, 6],
			"to": [16, 0.25, 6.25],
			"faces": {
				"north": {"uv": [16, 6, 15.75, 6.25], "texture": "#8"},
				"east": {"uv": [15.75, 6, 16, 6.25], "rotation": 90, "texture": "#8"},
				"south": {"uv": [15.75, 6, 16, 6.25], "texture": "#8"},
				"west": {"uv": [15.75, 6, 16, 6.25], "rotation": 270, "texture": "#8"},
				"up": {"uv": [15.75, 6, 16, 6.25], "texture": "#8"},
				"down": {"uv": [15.75, 6.25, 16, 6], "texture": "#8"}
			}
		},
		{
			"name": "tai_20",
			"from": [1.75, 0, 6.25],
			"to": [2, 0.25, 10.5],
			"faces": {
				"north": {"uv": [2, 6.25, 1.75, 6.5], "texture": "#8"},
				"east": {"uv": [1.75, 6.25, 2, 10.5], "rotation": 90, "texture": "#8"},
				"south": {"uv": [1.75, 10.25, 2, 10.5], "texture": "#8"},
				"west": {"uv": [1.75, 6.25, 2, 10.5], "rotation": 270, "texture": "#8"},
				"up": {"uv": [1.75, 6.25, 2, 10.5], "texture": "#8"},
				"down": {"uv": [1.75, 10.5, 2, 6.25], "texture": "#8"}
			}
		},
		{
			"name": "tai_21",
			"from": [12, 0, 6.25],
			"to": [12.5, 0.25, 7],
			"faces": {
				"north": {"uv": [12.5, 6.25, 12, 6.5], "texture": "#8"},
				"east": {"uv": [12.25, 6.25, 12.5, 7], "rotation": 90, "texture": "#8"},
				"south": {"uv": [12, 6.75, 12.5, 7], "texture": "#8"},
				"west": {"uv": [12, 6.25, 12.25, 7], "rotation": 270, "texture": "#8"},
				"up": {"uv": [12, 6.25, 12.5, 7], "texture": "#8"},
				"down": {"uv": [12, 7, 12.5, 6.25], "texture": "#8"}
			}
		},
		{
			"name": "tai_22",
			"from": [14.25, 0, 6.25],
			"to": [14.75, 0.25, 9.75],
			"faces": {
				"north": {"uv": [14.75, 6.25, 14.25, 6.5], "texture": "#8"},
				"east": {"uv": [14.5, 6.25, 14.75, 9.75], "rotation": 90, "texture": "#8"},
				"south": {"uv": [14.25, 9.5, 14.75, 9.75], "texture": "#8"},
				"west": {"uv": [14.25, 6.25, 14.5, 9.75], "rotation": 270, "texture": "#8"},
				"up": {"uv": [14.25, 6.25, 14.75, 9.75], "texture": "#8"},
				"down": {"uv": [14.25, 9.75, 14.75, 6.25], "texture": "#8"}
			}
		},
		{
			"name": "tai_23",
			"from": [1.5, 0, 6.5],
			"to": [1.75, 0.25, 10.5],
			"faces": {
				"north": {"uv": [1.75, 6.5, 1.5, 6.75], "texture": "#8"},
				"east": {"uv": [1.5, 6.5, 1.75, 10.5], "rotation": 90, "texture": "#8"},
				"south": {"uv": [1.5, 10.25, 1.75, 10.5], "texture": "#8"},
				"west": {"uv": [1.5, 6.5, 1.75, 10.5], "rotation": 270, "texture": "#8"},
				"up": {"uv": [1.5, 6.5, 1.75, 10.5], "texture": "#8"},
				"down": {"uv": [1.5, 10.5, 1.75, 6.5], "texture": "#8"}
			}
		},
		{
			"name": "tai_24",
			"from": [14, 0, 6.5],
			"to": [14.25, 0.25, 9.75],
			"faces": {
				"north": {"uv": [14.25, 6.5, 14, 6.75], "texture": "#8"},
				"east": {"uv": [14, 6.5, 14.25, 9.75], "rotation": 90, "texture": "#8"},
				"south": {"uv": [14, 9.5, 14.25, 9.75], "texture": "#8"},
				"west": {"uv": [14, 6.5, 14.25, 9.75], "rotation": 270, "texture": "#8"},
				"up": {"uv": [14, 6.5, 14.25, 9.75], "texture": "#8"},
				"down": {"uv": [14, 9.75, 14.25, 6.5], "texture": "#8"}
			}
		},
		{
			"name": "tai_25",
			"from": [15.25, 0, 6.5],
			"to": [15.5, 0.25, 6.75],
			"faces": {
				"north": {"uv": [15.5, 6.5, 15.25, 6.75], "texture": "#8"},
				"east": {"uv": [15.25, 6.5, 15.5, 6.75], "rotation": 90, "texture": "#8"},
				"south": {"uv": [15.25, 6.5, 15.5, 6.75], "texture": "#8"},
				"west": {"uv": [15.25, 6.5, 15.5, 6.75], "rotation": 270, "texture": "#8"},
				"up": {"uv": [15.25, 6.5, 15.5, 6.75], "texture": "#8"},
				"down": {"uv": [15.25, 6.75, 15.5, 6.5], "texture": "#8"}
			}
		},
		{
			"name": "tai_26",
			"from": [1.25, 0, 6.75],
			"to": [1.5, 0.25, 10.5],
			"faces": {
				"north": {"uv": [1.5, 6.75, 1.25, 7], "texture": "#8"},
				"east": {"uv": [1.25, 6.75, 1.5, 10.5], "rotation": 90, "texture": "#8"},
				"south": {"uv": [1.25, 10.25, 1.5, 10.5], "texture": "#8"},
				"west": {"uv": [1.25, 6.75, 1.5, 10.5], "rotation": 270, "texture": "#8"},
				"up": {"uv": [1.25, 6.75, 1.5, 10.5], "texture": "#8"},
				"down": {"uv": [1.25, 10.5, 1.5, 6.75], "texture": "#8"}
			}
		},
		{
			"name": "tai_27",
			"from": [13.75, 0, 6.75],
			"to": [14, 0.25, 9.5],
			"faces": {
				"north": {"uv": [14, 6.75, 13.75, 7], "texture": "#8"},
				"east": {"uv": [13.75, 6.75, 14, 9.5], "rotation": 90, "texture": "#8"},
				"south": {"uv": [13.75, 9.25, 14, 9.5], "texture": "#8"},
				"west": {"uv": [13.75, 6.75, 14, 9.5], "rotation": 270, "texture": "#8"},
				"up": {"uv": [13.75, 6.75, 14, 9.5], "texture": "#8"},
				"down": {"uv": [13.75, 9.5, 14, 6.75], "texture": "#8"}
			}
		},
		{
			"name": "tai_28",
			"from": [1, 0, 7],
			"to": [1.25, 0.25, 10.25],
			"faces": {
				"north": {"uv": [1.25, 7, 1, 7.25], "texture": "#8"},
				"east": {"uv": [1, 7, 1.25, 10.25], "rotation": 90, "texture": "#8"},
				"south": {"uv": [1, 10, 1.25, 10.25], "texture": "#8"},
				"west": {"uv": [1, 7, 1.25, 10.25], "rotation": 270, "texture": "#8"},
				"up": {"uv": [1, 7, 1.25, 10.25], "texture": "#8"},
				"down": {"uv": [1, 10.25, 1.25, 7], "texture": "#8"}
			}
		},
		{
			"name": "tai_29",
			"from": [12, 0, 7],
			"to": [12.25, 0.25, 9.5],
			"faces": {
				"north": {"uv": [12.25, 7, 12, 7.25], "texture": "#8"},
				"east": {"uv": [12, 7, 12.25, 9.5], "rotation": 90, "texture": "#8"},
				"south": {"uv": [12, 9.25, 12.25, 9.5], "texture": "#8"},
				"west": {"uv": [12, 7, 12.25, 9.5], "rotation": 270, "texture": "#8"},
				"up": {"uv": [12, 7, 12.25, 9.5], "texture": "#8"},
				"down": {"uv": [12, 9.5, 12.25, 7], "texture": "#8"}
			}
		},
		{
			"name": "tai_30",
			"from": [13.5, 0, 7],
			"to": [13.75, 0.25, 9.25],
			"faces": {
				"north": {"uv": [13.75, 7, 13.5, 7.25], "texture": "#8"},
				"east": {"uv": [13.5, 7, 13.75, 9.25], "rotation": 90, "texture": "#8"},
				"south": {"uv": [13.5, 9, 13.75, 9.25], "texture": "#8"},
				"west": {"uv": [13.5, 7, 13.75, 9.25], "rotation": 270, "texture": "#8"},
				"up": {"uv": [13.5, 7, 13.75, 9.25], "texture": "#8"},
				"down": {"uv": [13.5, 9.25, 13.75, 7], "texture": "#8"}
			}
		},
		{
			"name": "tai_31",
			"from": [12.25, 0, 7.25],
			"to": [13.5, 0.25, 9],
			"faces": {
				"north": {"uv": [13.5, 7.25, 12.25, 7.5], "texture": "#8"},
				"east": {"uv": [13.25, 7.25, 13.5, 9], "rotation": 90, "texture": "#8"},
				"south": {"uv": [12.25, 8.75, 13.5, 9], "texture": "#8"},
				"west": {"uv": [12.25, 7.25, 12.5, 9], "rotation": 270, "texture": "#8"},
				"up": {"uv": [12.25, 7.25, 13.5, 9], "texture": "#8"},
				"down": {"uv": [12.25, 9, 13.5, 7.25], "texture": "#8"}
			}
		},
		{
			"name": "tai_32",
			"from": [14.75, 0, 7.25],
			"to": [15, 0.25, 7.75],
			"faces": {
				"north": {"uv": [15, 7.25, 14.75, 7.5], "texture": "#8"},
				"east": {"uv": [14.75, 7.25, 15, 7.75], "rotation": 90, "texture": "#8"},
				"south": {"uv": [14.75, 7.5, 15, 7.75], "texture": "#8"},
				"west": {"uv": [14.75, 7.25, 15, 7.75], "rotation": 270, "texture": "#8"},
				"up": {"uv": [14.75, 7.25, 15, 7.75], "texture": "#8"},
				"down": {"uv": [14.75, 7.75, 15, 7.25], "texture": "#8"}
			}
		},
		{
			"name": "tai_33",
			"from": [0.75, 0, 7.5],
			"to": [1, 0.25, 10.25],
			"faces": {
				"north": {"uv": [1, 7.5, 0.75, 7.75], "texture": "#8"},
				"east": {"uv": [0.75, 7.5, 1, 10.25], "rotation": 90, "texture": "#8"},
				"south": {"uv": [0.75, 10, 1, 10.25], "texture": "#8"},
				"west": {"uv": [0.75, 7.5, 1, 10.25], "rotation": 270, "texture": "#8"},
				"up": {"uv": [0.75, 7.5, 1, 10.25], "texture": "#8"},
				"down": {"uv": [0.75, 10.25, 1, 7.5], "texture": "#8"}
			}
		},
		{
			"name": "tai_34",
			"from": [0.5, 0, 7.75],
			"to": [0.75, 0.25, 10],
			"faces": {
				"north": {"uv": [0.75, 7.75, 0.5, 8], "texture": "#8"},
				"east": {"uv": [0.5, 7.75, 0.75, 10], "rotation": 90, "texture": "#8"},
				"south": {"uv": [0.5, 9.75, 0.75, 10], "texture": "#8"},
				"west": {"uv": [0.5, 7.75, 0.75, 10], "rotation": 270, "texture": "#8"},
				"up": {"uv": [0.5, 7.75, 0.75, 10], "texture": "#8"},
				"down": {"uv": [0.5, 10, 0.75, 7.75], "texture": "#8"}
			}
		},
		{
			"name": "tai_35",
			"from": [0.25, 0, 8.25],
			"to": [0.5, 0.25, 9.75],
			"faces": {
				"north": {"uv": [0.5, 8.25, 0.25, 8.5], "texture": "#8"},
				"east": {"uv": [0.25, 8.25, 0.5, 9.75], "rotation": 90, "texture": "#8"},
				"south": {"uv": [0.25, 9.5, 0.5, 9.75], "texture": "#8"},
				"west": {"uv": [0.25, 8.25, 0.5, 9.75], "rotation": 270, "texture": "#8"},
				"up": {"uv": [0.25, 8.25, 0.5, 9.75], "texture": "#8"},
				"down": {"uv": [0.25, 9.75, 0.5, 8.25], "texture": "#8"}
			}
		},
		{
			"name": "tai_36",
			"from": [14.75, 0, 8.25],
			"to": [15, 0.25, 10.25],
			"faces": {
				"north": {"uv": [15, 8.25, 14.75, 8.5], "texture": "#8"},
				"east": {"uv": [14.75, 8.25, 15, 10.25], "rotation": 90, "texture": "#8"},
				"south": {"uv": [14.75, 10, 15, 10.25], "texture": "#8"},
				"west": {"uv": [14.75, 8.25, 15, 10.25], "rotation": 270, "texture": "#8"},
				"up": {"uv": [14.75, 8.25, 15, 10.25], "texture": "#8"},
				"down": {"uv": [14.75, 10.25, 15, 8.25], "texture": "#8"}
			}
		},
		{
			"name": "tai_37",
			"from": [0, 0, 8.5],
			"to": [0.25, 0.25, 9.25],
			"faces": {
				"north": {"uv": [0.25, 8.5, 0, 8.75], "texture": "#8"},
				"east": {"uv": [0, 8.5, 0.25, 9.25], "rotation": 90, "texture": "#8"},
				"south": {"uv": [0, 9, 0.25, 9.25], "texture": "#8"},
				"west": {"uv": [0, 8.5, 0.25, 9.25], "rotation": 270, "texture": "#8"},
				"up": {"uv": [0, 8.5, 0.25, 9.25], "texture": "#8"},
				"down": {"uv": [0, 9.25, 0.25, 8.5], "texture": "#8"}
			}
		},
		{
			"name": "tai_38",
			"from": [15, 0, 8.75],
			"to": [15.25, 0.25, 10.5],
			"faces": {
				"north": {"uv": [15.25, 8.75, 15, 9], "texture": "#8"},
				"east": {"uv": [15, 8.75, 15.25, 10.5], "rotation": 90, "texture": "#8"},
				"south": {"uv": [15, 10.25, 15.25, 10.5], "texture": "#8"},
				"west": {"uv": [15, 8.75, 15.25, 10.5], "rotation": 270, "texture": "#8"},
				"up": {"uv": [15, 8.75, 15.25, 10.5], "texture": "#8"},
				"down": {"uv": [15, 10.5, 15.25, 8.75], "texture": "#8"}
			}
		},
		{
			"name": "tai_39",
			"from": [15.25, 0, 9.25],
			"to": [15.5, 0.25, 10.5],
			"faces": {
				"north": {"uv": [15.5, 9.25, 15.25, 9.5], "texture": "#8"},
				"east": {"uv": [15.25, 9.25, 15.5, 10.5], "rotation": 90, "texture": "#8"},
				"south": {"uv": [15.25, 10.25, 15.5, 10.5], "texture": "#8"},
				"west": {"uv": [15.25, 9.25, 15.5, 10.5], "rotation": 270, "texture": "#8"},
				"up": {"uv": [15.25, 9.25, 15.5, 10.5], "texture": "#8"},
				"down": {"uv": [15.25, 10.5, 15.5, 9.25], "texture": "#8"}
			}
		},
		{
			"name": "tai_40",
			"from": [11.5, 0, 9.75],
			"to": [11.75, 0.25, 10],
			"faces": {
				"north": {"uv": [11.75, 9.75, 11.5, 10], "texture": "#8"},
				"east": {"uv": [11.5, 9.75, 11.75, 10], "rotation": 90, "texture": "#8"},
				"south": {"uv": [11.5, 9.75, 11.75, 10], "texture": "#8"},
				"west": {"uv": [11.5, 9.75, 11.75, 10], "rotation": 270, "texture": "#8"},
				"up": {"uv": [11.5, 9.75, 11.75, 10], "texture": "#8"},
				"down": {"uv": [11.5, 10, 11.75, 9.75], "texture": "#8"}
			}
		},
		{
			"name": "tai_41",
			"from": [14.5, 0, 9.75],
			"to": [14.75, 0.25, 10],
			"faces": {
				"north": {"uv": [14.75, 9.75, 14.5, 10], "texture": "#8"},
				"east": {"uv": [14.5, 9.75, 14.75, 10], "rotation": 90, "texture": "#8"},
				"south": {"uv": [14.5, 9.75, 14.75, 10], "texture": "#8"},
				"west": {"uv": [14.5, 9.75, 14.75, 10], "rotation": 270, "texture": "#8"},
				"up": {"uv": [14.5, 9.75, 14.75, 10], "texture": "#8"},
				"down": {"uv": [14.5, 10, 14.75, 9.75], "texture": "#8"}
			}
		},
		{
			"name": "tai_42",
			"from": [15.5, 0, 9.75],
			"to": [15.75, 0.25, 10.5],
			"faces": {
				"north": {"uv": [15.75, 9.75, 15.5, 10], "texture": "#8"},
				"east": {"uv": [15.5, 9.75, 15.75, 10.5], "rotation": 90, "texture": "#8"},
				"south": {"uv": [15.5, 10.25, 15.75, 10.5], "texture": "#8"},
				"west": {"uv": [15.5, 9.75, 15.75, 10.5], "rotation": 270, "texture": "#8"},
				"up": {"uv": [15.5, 9.75, 15.75, 10.5], "texture": "#8"},
				"down": {"uv": [15.5, 10.5, 15.75, 9.75], "texture": "#8"}
			}
		},
		{
			"name": "tai_43",
			"from": [15.75, 0, 10],
			"to": [16, 0.25, 10.25],
			"faces": {
				"north": {"uv": [16, 10, 15.75, 10.25], "texture": "#8"},
				"east": {"uv": [15.75, 10, 16, 10.25], "rotation": 90, "texture": "#8"},
				"south": {"uv": [15.75, 10, 16, 10.25], "texture": "#8"},
				"west": {"uv": [15.75, 10, 16, 10.25], "rotation": 270, "texture": "#8"},
				"up": {"uv": [15.75, 10, 16, 10.25], "texture": "#8"},
				"down": {"uv": [15.75, 10.25, 16, 10], "texture": "#8"}
			}
		},
		{
			"name": "tai_44",
			"from": [10.75, 0, 10.25],
			"to": [11.25, 0.25, 10.5],
			"faces": {
				"north": {"uv": [11.25, 10.25, 10.75, 10.5], "texture": "#8"},
				"east": {"uv": [11, 10.25, 11.25, 10.5], "rotation": 90, "texture": "#8"},
				"south": {"uv": [10.75, 10.25, 11.25, 10.5], "texture": "#8"},
				"west": {"uv": [10.75, 10.25, 11, 10.5], "rotation": 270, "texture": "#8"},
				"up": {"uv": [10.75, 10.25, 11.25, 10.5], "texture": "#8"},
				"down": {"uv": [10.75, 10.5, 11.25, 10.25], "texture": "#8"}
			}
		},
		{
			"name": "tai_45",
			"from": [3, 0, 10.75],
			"to": [3.25, 0.25, 11],
			"faces": {
				"north": {"uv": [3.25, 10.75, 3, 11], "texture": "#8"},
				"east": {"uv": [3, 10.75, 3.25, 11], "rotation": 90, "texture": "#8"},
				"south": {"uv": [3, 10.75, 3.25, 11], "texture": "#8"},
				"west": {"uv": [3, 10.75, 3.25, 11], "rotation": 270, "texture": "#8"},
				"up": {"uv": [3, 10.75, 3.25, 11], "texture": "#8"},
				"down": {"uv": [3, 11, 3.25, 10.75], "texture": "#8"}
			}
		},
		{
			"name": "tai_46",
			"from": [9.75, 0, 10.75],
			"to": [10.25, 0.25, 11],
			"faces": {
				"north": {"uv": [10.25, 10.75, 9.75, 11], "texture": "#8"},
				"east": {"uv": [10, 10.75, 10.25, 11], "rotation": 90, "texture": "#8"},
				"south": {"uv": [9.75, 10.75, 10.25, 11], "texture": "#8"},
				"west": {"uv": [9.75, 10.75, 10, 11], "rotation": 270, "texture": "#8"},
				"up": {"uv": [9.75, 10.75, 10.25, 11], "texture": "#8"},
				"down": {"uv": [9.75, 11, 10.25, 10.75], "texture": "#8"}
			}
		},
		{
			"name": "tai_47",
			"from": [3.5, 0, 11],
			"to": [3.75, 0.25, 11.25],
			"faces": {
				"north": {"uv": [3.75, 11, 3.5, 11.25], "texture": "#8"},
				"east": {"uv": [3.5, 11, 3.75, 11.25], "rotation": 90, "texture": "#8"},
				"south": {"uv": [3.5, 11, 3.75, 11.25], "texture": "#8"},
				"west": {"uv": [3.5, 11, 3.75, 11.25], "rotation": 270, "texture": "#8"},
				"up": {"uv": [3.5, 11, 3.75, 11.25], "texture": "#8"},
				"down": {"uv": [3.5, 11.25, 3.75, 11], "texture": "#8"}
			}
		},
		{
			"name": "tai_48",
			"from": [6.5, 0, 11],
			"to": [7, 0.25, 11.75],
			"faces": {
				"north": {"uv": [7, 11, 6.5, 11.25], "texture": "#8"},
				"east": {"uv": [6.75, 11, 7, 11.75], "rotation": 90, "texture": "#8"},
				"south": {"uv": [6.5, 11.5, 7, 11.75], "texture": "#8"},
				"west": {"uv": [6.5, 11, 6.75, 11.75], "rotation": 270, "texture": "#8"},
				"up": {"uv": [6.5, 11, 7, 11.75], "texture": "#8"},
				"down": {"uv": [6.5, 11.75, 7, 11], "texture": "#8"}
			}
		},
		{
			"name": "tai_49",
			"from": [8.75, 0, 11],
			"to": [9, 0.25, 11.25],
			"faces": {
				"north": {"uv": [9, 11, 8.75, 11.25], "texture": "#8"},
				"east": {"uv": [8.75, 11, 9, 11.25], "rotation": 90, "texture": "#8"},
				"south": {"uv": [8.75, 11, 9, 11.25], "texture": "#8"},
				"west": {"uv": [8.75, 11, 9, 11.25], "rotation": 270, "texture": "#8"},
				"up": {"uv": [8.75, 11, 9, 11.25], "texture": "#8"},
				"down": {"uv": [8.75, 11.25, 9, 11], "texture": "#8"}
			}
		},
		{
			"name": "tai_50",
			"from": [5.5, 0, 11.25],
			"to": [5.75, 0.25, 11.5],
			"faces": {
				"north": {"uv": [5.75, 11.25, 5.5, 11.5], "texture": "#8"},
				"east": {"uv": [5.5, 11.25, 5.75, 11.5], "rotation": 90, "texture": "#8"},
				"south": {"uv": [5.5, 11.25, 5.75, 11.5], "texture": "#8"},
				"west": {"uv": [5.5, 11.25, 5.75, 11.5], "rotation": 270, "texture": "#8"},
				"up": {"uv": [5.5, 11.25, 5.75, 11.5], "texture": "#8"},
				"down": {"uv": [5.5, 11.5, 5.75, 11.25], "texture": "#8"}
			}
		},
		{
			"name": "tai_51",
			"from": [7, 0, 11.25],
			"to": [7.25, 0.25, 11.75],
			"faces": {
				"north": {"uv": [7.25, 11.25, 7, 11.5], "texture": "#8"},
				"east": {"uv": [7, 11.25, 7.25, 11.75], "rotation": 90, "texture": "#8"},
				"south": {"uv": [7, 11.5, 7.25, 11.75], "texture": "#8"},
				"west": {"uv": [7, 11.25, 7.25, 11.75], "rotation": 270, "texture": "#8"},
				"up": {"uv": [7, 11.25, 7.25, 11.75], "texture": "#8"},
				"down": {"uv": [7, 11.75, 7.25, 11.25], "texture": "#8"}
			}
		},
		{
			"name": "tai_52",
			"from": [6, 0, 11.5],
			"to": [6.5, 0.25, 11.75],
			"faces": {
				"north": {"uv": [6.5, 11.5, 6, 11.75], "texture": "#8"},
				"east": {"uv": [6.25, 11.5, 6.5, 11.75], "rotation": 90, "texture": "#8"},
				"south": {"uv": [6, 11.5, 6.5, 11.75], "texture": "#8"},
				"west": {"uv": [6, 11.5, 6.25, 11.75], "rotation": 270, "texture": "#8"},
				"up": {"uv": [6, 11.5, 6.5, 11.75], "texture": "#8"},
				"down": {"uv": [6, 11.75, 6.5, 11.5], "texture": "#8"}
			}
		},
		{
			"name": "tai_53",
			"from": [6.75, 0, 11.75],
			"to": [7, 0.25, 12],
			"faces": {
				"north": {"uv": [7, 11.75, 6.75, 12], "texture": "#8"},
				"east": {"uv": [6.75, 11.75, 7, 12], "rotation": 90, "texture": "#8"},
				"south": {"uv": [6.75, 11.75, 7, 12], "texture": "#8"},
				"west": {"uv": [6.75, 11.75, 7, 12], "rotation": 270, "texture": "#8"},
				"up": {"uv": [6.75, 11.75, 7, 12], "texture": "#8"},
				"down": {"uv": [6.75, 12, 7, 11.75], "texture": "#8"}
			}
		}
	],
	"gui_light": "front",
	"display": {
		"thirdperson_righthand": {
			"rotation": [81, -2.75, 1.75],
			"translation": [-1, 3.5, 11],
			"scale": [1.33, 1.33, 1.33]
		},
		"thirdperson_lefthand": {
			"rotation": [81, -2.75, 1.75],
			"translation": [-1, 3.5, 11],
			"scale": [1.33, 1.33, 1.33]
		},
		"firstperson_righthand": {
			"rotation": [81, -2.75, 1.75],
			"translation": [-1, 3.5, 11],
			"scale": [1.33, 1.33, 1.33]
		},
		"firstperson_lefthand": {
			"rotation": [81, -2.75, 1.75],
			"translation": [-1, 3.5, 11],
			"scale": [1.33, 1.33, 1.33]
		},
		"ground": {
			"rotation": [81, -2.75, 1.75],
			"translation": [-1, 3.5, 11],
			"scale": [1.33, 1.33, 1.33]
		},
		"gui": {
			"rotation": [90, 0, 0],
			"translation": [0, 0, 17.5],
			"scale": [1.06, 1.06, 1.06]
		},
		"head": {
			"rotation": [81, -2.75, 1.75],
			"translation": [-1, 10, 15],
			"scale": [1.33, 1.33, 1.33]
		},
		"fixed": {
			"rotation": [90, 0, 0],
			"translation": [-0.5, 0.25, 9.75],
			"scale": [1.28, 1.28, 1.28]
		}
	},
	"groups": [
		{
			"name": "tai",
			"origin": [8, 8, 8],
			"children": [0, 1, 2, 3, 4, 5, 6, 7, 8, 9, 10, 11, 12, 13, 14, 15, 16, 17, 18, 19, 20, 21, 22, 23, 24, 25, 26, 27, 28, 29, 30, 31, 32, 33, 34, 35, 36, 37, 38, 39, 40, 41, 42, 43, 44, 45, 46, 47, 48, 49, 50, 51, 52, 53]
		}
	]
}