{
	"credit": "Made with Blockbench",
	"textures": {
		"0": "fish/tanago",
		"particle": "fish/tanago"
	},
	"elements": [
		{
			"name": "tanago_0",
			"from": [7.75, 0, 1.25],
			"to": [8.75, 0.25, 1.5],
			"faces": {
				"north": {"uv": [8.75, 1.25, 7.75, 1.5], "texture": "#0"},
				"east": {"uv": [8.5, 1.25, 8.75, 1.5], "rotation": 90, "texture": "#0"},
				"south": {"uv": [7.75, 1.25, 8.75, 1.5], "texture": "#0"},
				"west": {"uv": [7.75, 1.25, 8, 1.5], "rotation": 270, "texture": "#0"},
				"up": {"uv": [7.75, 1.25, 8.75, 1.5], "texture": "#0"},
				"down": {"uv": [7.75, 1.5, 8.75, 1.25], "texture": "#0"}
			}
		},
		{
			"name": "tanago_1",
			"from": [7, 0, 1.5],
			"to": [9.25, 0.25, 1.75],
			"faces": {
				"north": {"uv": [9.25, 1.5, 7, 1.75], "texture": "#0"},
				"east": {"uv": [9, 1.5, 9.25, 1.75], "rotation": 90, "texture": "#0"},
				"south": {"uv": [7, 1.5, 9.25, 1.75], "texture": "#0"},
				"west": {"uv": [7, 1.5, 7.25, 1.75], "rotation": 270, "texture": "#0"},
				"up": {"uv": [7, 1.5, 9.25, 1.75], "texture": "#0"},
				"down": {"uv": [7, 1.75, 9.25, 1.5], "texture": "#0"}
			}
		},
		{
			"name": "tanago_2",
			"from": [6.75, 0, 1.75],
			"to": [9.75, 0.25, 2],
			"faces": {
				"north": {"uv": [9.75, 1.75, 6.75, 2], "texture": "#0"},
				"east": {"uv": [9.5, 1.75, 9.75, 2], "rotation": 90, "texture": "#0"},
				"south": {"uv": [6.75, 1.75, 9.75, 2], "texture": "#0"},
				"west": {"uv": [6.75, 1.75, 7, 2], "rotation": 270, "texture": "#0"},
				"up": {"uv": [6.75, 1.75, 9.75, 2], "texture": "#0"},
				"down": {"uv": [6.75, 2, 9.75, 1.75], "texture": "#0"}
			}
		},
		{
			"name": "tanago_3",
			"from": [6.75, 0, 2],
			"to": [10, 0.25, 2.25],
			"faces": {
				"north": {"uv": [10, 2, 6.75, 2.25], "texture": "#0"},
				"east": {"uv": [9.75, 2, 10, 2.25], "rotation": 90, "texture": "#0"},
				"south": {"uv": [6.75, 2, 10, 2.25], "texture": "#0"},
				"west": {"uv": [6.75, 2, 7, 2.25], "rotation": 270, "texture": "#0"},
				"up": {"uv": [6.75, 2, 10, 2.25], "texture": "#0"},
				"down": {"uv": [6.75, 2.25, 10, 2], "texture": "#0"}
			}
		},
		{
			"name": "tanago_4",
			"from": [6.5, 0, 2.25],
			"to": [10.25, 0.25, 2.5],
			"faces": {
				"north": {"uv": [10.25, 2.25, 6.5, 2.5], "texture": "#0"},
				"east": {"uv": [10, 2.25, 10.25, 2.5], "rotation": 90, "texture": "#0"},
				"south": {"uv": [6.5, 2.25, 10.25, 2.5], "texture": "#0"},
				"west": {"uv": [6.5, 2.25, 6.75, 2.5], "rotation": 270, "texture": "#0"},
				"up": {"uv": [6.5, 2.25, 10.25, 2.5], "texture": "#0"},
				"down": {"uv": [6.5, 2.5, 10.25, 2.25], "texture": "#0"}
			}
		},
		{
			"name": "tanago_5",
			"from": [6.5, 0, 2.5],
			"to": [10.5, 0.25, 2.75],
			"faces": {
				"north": {"uv": [10.5, 2.5, 6.5, 2.75], "texture": "#0"},
				"east": {"uv": [10.25, 2.5, 10.5, 2.75], "rotation": 90, "texture": "#0"},
				"south": {"uv": [6.5, 2.5, 10.5, 2.75], "texture": "#0"},
				"west": {"uv": [6.5, 2.5, 6.75, 2.75], "rotation": 270, "texture": "#0"},
				"up": {"uv": [6.5, 2.5, 10.5, 2.75], "texture": "#0"},
				"down": {"uv": [6.5, 2.75, 10.5, 2.5], "texture": "#0"}
			}
		},
		{
			"name": "tanago_6",
			"from": [6.25, 0, 2.75],
			"to": [10.75, 0.25, 3],
			"faces": {
				"north": {"uv": [10.75, 2.75, 6.25, 3], "texture": "#0"},
				"east": {"uv": [10.5, 2.75, 10.75, 3], "rotation": 90, "texture": "#0"},
				"south": {"uv": [6.25, 2.75, 10.75, 3], "texture": "#0"},
				"west": {"uv": [6.25, 2.75, 6.5, 3], "rotation": 270, "texture": "#0"},
				"up": {"uv": [6.25, 2.75, 10.75, 3], "texture": "#0"},
				"down": {"uv": [6.25, 3, 10.75, 2.75], "texture": "#0"}
			}
		},
		{
			"name": "tanago_7",
			"from": [6.25, 0, 3],
			"to": [11, 0.25, 3.25],
			"faces": {
				"north": {"uv": [11, 3, 6.25, 3.25], "texture": "#0"},
				"east": {"uv": [10.75, 3, 11, 3.25], "rotation": 90, "texture": "#0"},
				"south": {"uv": [6.25, 3, 11, 3.25], "texture": "#0"},
				"west": {"uv": [6.25, 3, 6.5, 3.25], "rotation": 270, "texture": "#0"},
				"up": {"uv": [6.25, 3, 11, 3.25], "texture": "#0"},
				"down": {"uv": [6.25, 3.25, 11, 3], "texture": "#0"}
			}
		},
		{
			"name": "tanago_8",
			"from": [6.25, 0, 3.25],
			"to": [11, 0.25, 3.5],
			"faces": {
				"north": {"uv": [11, 3.25, 6.25, 3.5], "texture": "#0"},
				"east": {"uv": [10.75, 3.25, 11, 3.5], "rotation": 90, "texture": "#0"},
				"south": {"uv": [6.25, 3.25, 11, 3.5], "texture": "#0"},
				"west": {"uv": [6.25, 3.25, 6.5, 3.5], "rotation": 270, "texture": "#0"},
				"up": {"uv": [6.25, 3.25, 11, 3.5], "texture": "#0"},
				"down": {"uv": [6.25, 3.5, 11, 3.25], "texture": "#0"}
			}
		},
		{
			"name": "tanago_9",
			"from": [6, 0, 3.5],
			"to": [11.25, 0.25, 3.75],
			"faces": {
				"north": {"uv": [11.25, 3.5, 6, 3.75], "texture": "#0"},
				"east": {"uv": [11, 3.5, 11.25, 3.75], "rotation": 90, "texture": "#0"},
				"south": {"uv": [6, 3.5, 11.25, 3.75], "texture": "#0"},
				"west": {"uv": [6, 3.5, 6.25, 3.75], "rotation": 270, "texture": "#0"},
				"up": {"uv": [6, 3.5, 11.25, 3.75], "texture": "#0"},
				"down": {"uv": [6, 3.75, 11.25, 3.5], "texture": "#0"}
			}
		},
		{
			"name": "tanago_10",
			"from": [4.5, 0, 3.75],
			"to": [11.25, 0.25, 4],
			"faces": {
				"north": {"uv": [11.25, 3.75, 4.5, 4], "texture": "#0"},
				"east": {"uv": [11, 3.75, 11.25, 4], "rotation": 90, "texture": "#0"},
				"south": {"uv": [4.5, 3.75, 11.25, 4], "texture": "#0"},
				"west": {"uv": [4.5, 3.75, 4.75, 4], "rotation": 270, "texture": "#0"},
				"up": {"uv": [4.5, 3.75, 11.25, 4], "texture": "#0"},
				"down": {"uv": [4.5, 4, 11.25, 3.75], "texture": "#0"}
			}
		},
		{
			"name": "tanago_11",
			"from": [4, 0, 4],
			"to": [11.5, 0.25, 4.25],
			"faces": {
				"north": {"uv": [11.5, 4, 4, 4.25], "texture": "#0"},
				"east": {"uv": [11.25, 4, 11.5, 4.25], "rotation": 90, "texture": "#0"},
				"south": {"uv": [4, 4, 11.5, 4.25], "texture": "#0"},
				"west": {"uv": [4, 4, 4.25, 4.25], "rotation": 270, "texture": "#0"},
				"up": {"uv": [4, 4, 11.5, 4.25], "texture": "#0"},
				"down": {"uv": [4, 4.25, 11.5, 4], "texture": "#0"}
			}
		},
		{
			"name": "tanago_12",
			"from": [3.75, 0, 4.25],
			"to": [11.5, 0.25, 4.5],
			"faces": {
				"north": {"uv": [11.5, 4.25, 3.75, 4.5], "texture": "#0"},
				"east": {"uv": [11.25, 4.25, 11.5, 4.5], "rotation": 90, "texture": "#0"},
				"south": {"uv": [3.75, 4.25, 11.5, 4.5], "texture": "#0"},
				"west": {"uv": [3.75, 4.25, 4, 4.5], "rotation": 270, "texture": "#0"},
				"up": {"uv": [3.75, 4.25, 11.5, 4.5], "texture": "#0"},
				"down": {"uv": [3.75, 4.5, 11.5, 4.25], "texture": "#0"}
			}
		},
		{
			"name": "tanago_13",
			"from": [3.25, 0, 4.5],
			"to": [11.75, 0.25, 4.75],
			"faces": {
				"north": {"uv": [11.75, 4.5, 3.25, 4.75], "texture": "#0"},
				"east": {"uv": [11.5, 4.5, 11.75, 4.75], "rotation": 90, "texture": "#0"},
				"south": {"uv": [3.25, 4.5, 11.75, 4.75], "texture": "#0"},
				"west": {"uv": [3.25, 4.5, 3.5, 4.75], "rotation": 270, "texture": "#0"},
				"up": {"uv": [3.25, 4.5, 11.75, 4.75], "texture": "#0"},
				"down": {"uv": [3.25, 4.75, 11.75, 4.5], "texture": "#0"}
			}
		},
		{
			"name": "tanago_14",
			"from": [15.25, 0, 4.5],
			"to": [15.75, 0.25, 4.75],
			"faces": {
				"north": {"uv": [15.75, 4.5, 15.25, 4.75], "texture": "#0"},
				"east": {"uv": [15.5, 4.5, 15.75, 4.75], "rotation": 90, "texture": "#0"},
				"south": {"uv": [15.25, 4.5, 15.75, 4.75], "texture": "#0"},
				"west": {"uv": [15.25, 4.5, 15.5, 4.75], "rotation": 270, "texture": "#0"},
				"up": {"uv": [15.25, 4.5, 15.75, 4.75], "texture": "#0"},
				"down": {"uv": [15.25, 4.75, 15.75, 4.5], "texture": "#0"}
			}
		},
		{
			"name": "tanago_15",
			"from": [3, 0, 4.75],
			"to": [11.75, 0.25, 5],
			"faces": {
				"north": {"uv": [11.75, 4.75, 3, 5], "texture": "#0"},
				"east": {"uv": [11.5, 4.75, 11.75, 5], "rotation": 90, "texture": "#0"},
				"south": {"uv": [3, 4.75, 11.75, 5], "texture": "#0"},
				"west": {"uv": [3, 4.75, 3.25, 5], "rotation": 270, "texture": "#0"},
				"up": {"uv": [3, 4.75, 11.75, 5], "texture": "#0"},
				"down": {"uv": [3, 5, 11.75, 4.75], "texture": "#0"}
			}
		},
		{
			"name": "tanago_16",
			"from": [14.75, 0, 4.75],
			"to": [15.75, 0.25, 5],
			"faces": {
				"north": {"uv": [15.75, 4.75, 14.75, 5], "texture": "#0"},
				"east": {"uv": [15.5, 4.75, 15.75, 5], "rotation": 90, "texture": "#0"},
				"south": {"uv": [14.75, 4.75, 15.75, 5], "texture": "#0"},
				"west": {"uv": [14.75, 4.75, 15, 5], "rotation": 270, "texture": "#0"},
				"up": {"uv": [14.75, 4.75, 15.75, 5], "texture": "#0"},
				"down": {"uv": [14.75, 5, 15.75, 4.75], "texture": "#0"}
			}
		},
		{
			"name": "tanago_17",
			"from": [2.75, 0, 5],
			"to": [12, 0.25, 5.25],
			"faces": {
				"north": {"uv": [12, 5, 2.75, 5.25], "texture": "#0"},
				"east": {"uv": [11.75, 5, 12, 5.25], "rotation": 90, "texture": "#0"},
				"south": {"uv": [2.75, 5, 12, 5.25], "texture": "#0"},
				"west": {"uv": [2.75, 5, 3, 5.25], "rotation": 270, "texture": "#0"},
				"up": {"uv": [2.75, 5, 12, 5.25], "texture": "#0"},
				"down": {"uv": [2.75, 5.25, 12, 5], "texture": "#0"}
			}
		},
		{
			"name": "tanago_18",
			"from": [14.25, 0, 5],
			"to": [15.75, 0.25, 5.25],
			"faces": {
				"north": {"uv": [15.75, 5, 14.25, 5.25], "texture": "#0"},
				"east": {"uv": [15.5, 5, 15.75, 5.25], "rotation": 90, "texture": "#0"},
				"south": {"uv": [14.25, 5, 15.75, 5.25], "texture": "#0"},
				"west": {"uv": [14.25, 5, 14.5, 5.25], "rotation": 270, "texture": "#0"},
				"up": {"uv": [14.25, 5, 15.75, 5.25], "texture": "#0"},
				"down": {"uv": [14.25, 5.25, 15.75, 5], "texture": "#0"}
			}
		},
		{
			"name": "tanago_19",
			"from": [2.5, 0, 5.25],
			"to": [12, 0.25, 5.5],
			"faces": {
				"north": {"uv": [12, 5.25, 2.5, 5.5], "texture": "#0"},
				"east": {"uv": [11.75, 5.25, 12, 5.5], "rotation": 90, "texture": "#0"},
				"south": {"uv": [2.5, 5.25, 12, 5.5], "texture": "#0"},
				"west": {"uv": [2.5, 5.25, 2.75, 5.5], "rotation": 270, "texture": "#0"},
				"up": {"uv": [2.5, 5.25, 12, 5.5], "texture": "#0"},
				"down": {"uv": [2.5, 5.5, 12, 5.25], "texture": "#0"}
			}
		},
		{
			"name": "tanago_20",
			"from": [14, 0, 5.25],
			"to": [15.75, 0.25, 5.5],
			"faces": {
				"north": {"uv": [15.75, 5.25, 14, 5.5], "texture": "#0"},
				"east": {"uv": [15.5, 5.25, 15.75, 5.5], "rotation": 90, "texture": "#0"},
				"south": {"uv": [14, 5.25, 15.75, 5.5], "texture": "#0"},
				"west": {"uv": [14, 5.25, 14.25, 5.5], "rotation": 270, "texture": "#0"},
				"up": {"uv": [14, 5.25, 15.75, 5.5], "texture": "#0"},
				"down": {"uv": [14, 5.5, 15.75, 5.25], "texture": "#0"}
			}
		},
		{
			"name": "tanago_21",
			"from": [2.25, 0, 5.5],
			"to": [12, 0.25, 5.75],
			"faces": {
				"north": {"uv": [12, 5.5, 2.25, 5.75], "texture": "#0"},
				"east": {"uv": [11.75, 5.5, 12, 5.75], "rotation": 90, "texture": "#0"},
				"south": {"uv": [2.25, 5.5, 12, 5.75], "texture": "#0"},
				"west": {"uv": [2.25, 5.5, 2.5, 5.75], "rotation": 270, "texture": "#0"},
				"up": {"uv": [2.25, 5.5, 12, 5.75], "texture": "#0"},
				"down": {"uv": [2.25, 5.75, 12, 5.5], "texture": "#0"}
			}
		},
		{
			"name": "tanago_22",
			"from": [13.75, 0, 5.5],
			"to": [15.5, 0.25, 5.75],
			"faces": {
				"north": {"uv": [15.5, 5.5, 13.75, 5.75], "texture": "#0"},
				"east": {"uv": [15.25, 5.5, 15.5, 5.75], "rotation": 90, "texture": "#0"},
				"south": {"uv": [13.75, 5.5, 15.5, 5.75], "texture": "#0"},
				"west": {"uv": [13.75, 5.5, 14, 5.75], "rotation": 270, "texture": "#0"},
				"up": {"uv": [13.75, 5.5, 15.5, 5.75], "texture": "#0"},
				"down": {"uv": [13.75, 5.75, 15.5, 5.5], "texture": "#0"}
			}
		},
		{
			"name": "tanago_23",
			"from": [2, 0, 5.75],
			"to": [12, 0.25, 6],
			"faces": {
				"north": {"uv": [12, 5.75, 2, 6], "texture": "#0"},
				"east": {"uv": [11.75, 5.75, 12, 6], "rotation": 90, "texture": "#0"},
				"south": {"uv": [2, 5.75, 12, 6], "texture": "#0"},
				"west": {"uv": [2, 5.75, 2.25, 6], "rotation": 270, "texture": "#0"},
				"up": {"uv": [2, 5.75, 12, 6], "texture": "#0"},
				"down": {"uv": [2, 6, 12, 5.75], "texture": "#0"}
			}
		},
		{
			"name": "tanago_24",
			"from": [13.5, 0, 5.75],
			"to": [15.5, 0.25, 6],
			"faces": {
				"north": {"uv": [15.5, 5.75, 13.5, 6], "texture": "#0"},
				"east": {"uv": [15.25, 5.75, 15.5, 6], "rotation": 90, "texture": "#0"},
				"south": {"uv": [13.5, 5.75, 15.5, 6], "texture": "#0"},
				"west": {"uv": [13.5, 5.75, 13.75, 6], "rotation": 270, "texture": "#0"},
				"up": {"uv": [13.5, 5.75, 15.5, 6], "texture": "#0"},
				"down": {"uv": [13.5, 6, 15.5, 5.75], "texture": "#0"}
			}
		},
		{
			"name": "tanago_25",
			"from": [1.5, 0, 6],
			"to": [11.75, 0.25, 6.25],
			"faces": {
				"north": {"uv": [11.75, 6, 1.5, 6.25], "texture": "#0"},
				"east": {"uv": [11.5, 6, 11.75, 6.25], "rotation": 90, "texture": "#0"},
				"south": {"uv": [1.5, 6, 11.75, 6.25], "texture": "#0"},
				"west": {"uv": [1.5, 6, 1.75, 6.25], "rotation": 270, "texture": "#0"},
				"up": {"uv": [1.5, 6, 11.75, 6.25], "texture": "#0"},
				"down": {"uv": [1.5, 6.25, 11.75, 6], "texture": "#0"}
			}
		},
		{
			"name": "tanago_26",
			"from": [13.25, 0, 6],
			"to": [15.25, 0.25, 6.25],
			"faces": {
				"north": {"uv": [15.25, 6, 13.25, 6.25], "texture": "#0"},
				"east": {"uv": [15, 6, 15.25, 6.25], "rotation": 90, "texture": "#0"},
				"south": {"uv": [13.25, 6, 15.25, 6.25], "texture": "#0"},
				"west": {"uv": [13.25, 6, 13.5, 6.25], "rotation": 270, "texture": "#0"},
				"up": {"uv": [13.25, 6, 15.25, 6.25], "texture": "#0"},
				"down": {"uv": [13.25, 6.25, 15.25, 6], "texture": "#0"}
			}
		},
		{
			"name": "tanago_27",
			"from": [1.25, 0, 6.25],
			"to": [11, 0.25, 6.5],
			"faces": {
				"north": {"uv": [11, 6.25, 1.25, 6.5], "texture": "#0"},
				"east": {"uv": [10.75, 6.25, 11, 6.5], "rotation": 90, "texture": "#0"},
				"south": {"uv": [1.25, 6.25, 11, 6.5], "texture": "#0"},
				"west": {"uv": [1.25, 6.25, 1.5, 6.5], "rotation": 270, "texture": "#0"},
				"up": {"uv": [1.25, 6.25, 11, 6.5], "texture": "#0"},
				"down": {"uv": [1.25, 6.5, 11, 6.25], "texture": "#0"}
			}
		},
		{
			"name": "tanago_28",
			"from": [13, 0, 6.25],
			"to": [15.25, 0.25, 6.5],
			"faces": {
				"north": {"uv": [15.25, 6.25, 13, 6.5], "texture": "#0"},
				"east": {"uv": [15, 6.25, 15.25, 6.5], "rotation": 90, "texture": "#0"},
				"south": {"uv": [13, 6.25, 15.25, 6.5], "texture": "#0"},
				"west": {"uv": [13, 6.25, 13.25, 6.5], "rotation": 270, "texture": "#0"},
				"up": {"uv": [13, 6.25, 15.25, 6.5], "texture": "#0"},
				"down": {"uv": [13, 6.5, 15.25, 6.25], "texture": "#0"}
			}
		},
		{
			"name": "tanago_29",
			"from": [0.75, 0, 6.5],
			"to": [12, 0.25, 6.75],
			"faces": {
				"north": {"uv": [12, 6.5, 0.75, 6.75], "texture": "#0"},
				"east": {"uv": [11.75, 6.5, 12, 6.75], "rotation": 90, "texture": "#0"},
				"south": {"uv": [0.75, 6.5, 12, 6.75], "texture": "#0"},
				"west": {"uv": [0.75, 6.5, 1, 6.75], "rotation": 270, "texture": "#0"},
				"up": {"uv": [0.75, 6.5, 12, 6.75], "texture": "#0"},
				"down": {"uv": [0.75, 6.75, 12, 6.5], "texture": "#0"}
			}
		},
		{
			"name": "tanago_30",
			"from": [12.75, 0, 6.5],
			"to": [14.75, 0.25, 6.75],
			"faces": {
				"north": {"uv": [14.75, 6.5, 12.75, 6.75], "texture": "#0"},
				"east": {"uv": [14.5, 6.5, 14.75, 6.75], "rotation": 90, "texture": "#0"},
				"south": {"uv": [12.75, 6.5, 14.75, 6.75], "texture": "#0"},
				"west": {"uv": [12.75, 6.5, 13, 6.75], "rotation": 270, "texture": "#0"},
				"up": {"uv": [12.75, 6.5, 14.75, 6.75], "texture": "#0"},
				"down": {"uv": [12.75, 6.75, 14.75, 6.5], "texture": "#0"}
			}
		},
		{
			"name": "tanago_31",
			"from": [0.5, 0, 6.75],
			"to": [14.5, 0.25, 7],
			"faces": {
				"north": {"uv": [14.5, 6.75, 0.5, 7], "texture": "#0"},
				"east": {"uv": [14.25, 6.75, 14.5, 7], "rotation": 90, "texture": "#0"},
				"south": {"uv": [0.5, 6.75, 14.5, 7], "texture": "#0"},
				"west": {"uv": [0.5, 6.75, 0.75, 7], "rotation": 270, "texture": "#0"},
				"up": {"uv": [0.5, 6.75, 14.5, 7], "texture": "#0"},
				"down": {"uv": [0.5, 7, 14.5, 6.75], "texture": "#0"}
			}
		},
		{
			"name": "tanago_32",
			"from": [0.25, 0, 7],
			"to": [14.5, 0.25, 7.25],
			"faces": {
				"north": {"uv": [14.5, 7, 0.25, 7.25], "texture": "#0"},
				"east": {"uv": [14.25, 7, 14.5, 7.25], "rotation": 90, "texture": "#0"},
				"south": {"uv": [0.25, 7, 14.5, 7.25], "texture": "#0"},
				"west": {"uv": [0.25, 7, 0.5, 7.25], "rotation": 270, "texture": "#0"},
				"up": {"uv": [0.25, 7, 14.5, 7.25], "texture": "#0"},
				"down": {"uv": [0.25, 7.25, 14.5, 7], "texture": "#0"}
			}
		},
		{
			"name": "tanago_33",
			"from": [0.25, 0, 7.25],
			"to": [14.25, 0.25, 7.5],
			"faces": {
				"north": {"uv": [14.25, 7.25, 0.25, 7.5], "texture": "#0"},
				"east": {"uv": [14, 7.25, 14.25, 7.5], "rotation": 90, "texture": "#0"},
				"south": {"uv": [0.25, 7.25, 14.25, 7.5], "texture": "#0"},
				"west": {"uv": [0.25, 7.25, 0.5, 7.5], "rotation": 270, "texture": "#0"},
				"up": {"uv": [0.25, 7.25, 14.25, 7.5], "texture": "#0"},
				"down": {"uv": [0.25, 7.5, 14.25, 7.25], "texture": "#0"}
			}
		},
		{
			"name": "tanago_34",
			"from": [0.25, 0, 7.5],
			"to": [14.5, 0.25, 7.75],
			"faces": {
				"north": {"uv": [14.5, 7.5, 0.25, 7.75], "texture": "#0"},
				"east": {"uv": [14.25, 7.5, 14.5, 7.75], "rotation": 90, "texture": "#0"},
				"south": {"uv": [0.25, 7.5, 14.5, 7.75], "texture": "#0"},
				"west": {"uv": [0.25, 7.5, 0.5, 7.75], "rotation": 270, "texture": "#0"},
				"up": {"uv": [0.25, 7.5, 14.5, 7.75], "texture": "#0"},
				"down": {"uv": [0.25, 7.75, 14.5, 7.5], "texture": "#0"}
			}
		},
		{
			"name": "tanago_34",
			"from": [0.25, 0, 7.5],
			"to": [14.5, 0.25, 7.75],
			"color": 1,
			"faces": {
				"north": {"uv": [14.5, 7.5, 0.25, 7.75], "texture": "#missing"},
				"east": {"uv": [14.25, 7.5, 14.5, 7.75], "rotation": 90, "texture": "#missing"},
				"south": {"uv": [0.25, 7.5, 14.5, 7.75], "texture": "#missing"},
				"west": {"uv": [0.25, 7.5, 0.5, 7.75], "rotation": 270, "texture": "#missing"},
				"up": {"uv": [0.25, 7.5, 14.5, 7.75], "texture": "#missing"},
				"down": {"uv": [0.25, 7.75, 14.5, 7.5], "texture": "#missing"}
			}
		},
		{
			"name": "tanago_35",
			"from": [0.25, 0, 7.75],
			"to": [14.5, 0.25, 8],
			"faces": {
				"north": {"uv": [14.5, 7.75, 0.25, 8], "texture": "#0"},
				"east": {"uv": [14.25, 7.75, 14.5, 8], "rotation": 90, "texture": "#0"},
				"south": {"uv": [0.25, 7.75, 14.5, 8], "texture": "#0"},
				"west": {"uv": [0.25, 7.75, 0.5, 8], "rotation": 270, "texture": "#0"},
				"up": {"uv": [0.25, 7.75, 14.5, 8], "texture": "#0"},
				"down": {"uv": [0.25, 8, 14.5, 7.75], "texture": "#0"}
			}
		},
		{
			"name": "tanago_36",
			"from": [0.5, 0, 8],
			"to": [14.75, 0.25, 8.25],
			"faces": {
				"north": {"uv": [14.75, 8, 0.5, 8.25], "texture": "#0"},
				"east": {"uv": [14.5, 8, 14.75, 8.25], "rotation": 90, "texture": "#0"},
				"south": {"uv": [0.5, 8, 14.75, 8.25], "texture": "#0"},
				"west": {"uv": [0.5, 8, 0.75, 8.25], "rotation": 270, "texture": "#0"},
				"up": {"uv": [0.5, 8, 14.75, 8.25], "texture": "#0"},
				"down": {"uv": [0.5, 8.25, 14.75, 8], "texture": "#0"}
			}
		},
		{
			"name": "tanago_37",
			"from": [0.75, 0, 8.25],
			"to": [14.75, 0.25, 8.5],
			"faces": {
				"north": {"uv": [14.75, 8.25, 0.75, 8.5], "texture": "#0"},
				"east": {"uv": [14.5, 8.25, 14.75, 8.5], "rotation": 90, "texture": "#0"},
				"south": {"uv": [0.75, 8.25, 14.75, 8.5], "texture": "#0"},
				"west": {"uv": [0.75, 8.25, 1, 8.5], "rotation": 270, "texture": "#0"},
				"up": {"uv": [0.75, 8.25, 14.75, 8.5], "texture": "#0"},
				"down": {"uv": [0.75, 8.5, 14.75, 8.25], "texture": "#0"}
			}
		},
		{
			"name": "tanago_38",
			"from": [1, 0, 8.5],
			"to": [12.25, 0.25, 8.75],
			"faces": {
				"north": {"uv": [12.25, 8.5, 1, 8.75], "texture": "#0"},
				"east": {"uv": [12, 8.5, 12.25, 8.75], "rotation": 90, "texture": "#0"},
				"south": {"uv": [1, 8.5, 12.25, 8.75], "texture": "#0"},
				"west": {"uv": [1, 8.5, 1.25, 8.75], "rotation": 270, "texture": "#0"},
				"up": {"uv": [1, 8.5, 12.25, 8.75], "texture": "#0"},
				"down": {"uv": [1, 8.75, 12.25, 8.5], "texture": "#0"}
			}
		},
		{
			"name": "tanago_39",
			"from": [12.5, 0, 8.5],
			"to": [15, 0.25, 8.75],
			"faces": {
				"north": {"uv": [15, 8.5, 12.5, 8.75], "texture": "#0"},
				"east": {"uv": [14.75, 8.5, 15, 8.75], "rotation": 90, "texture": "#0"},
				"south": {"uv": [12.5, 8.5, 15, 8.75], "texture": "#0"},
				"west": {"uv": [12.5, 8.5, 12.75, 8.75], "rotation": 270, "texture": "#0"},
				"up": {"uv": [12.5, 8.5, 15, 8.75], "texture": "#0"},
				"down": {"uv": [12.5, 8.75, 15, 8.5], "texture": "#0"}
			}
		},
		{
			"name": "tanago_40",
			"from": [1.25, 0, 8.75],
			"to": [11.75, 0.25, 9],
			"faces": {
				"north": {"uv": [11.75, 8.75, 1.25, 9], "texture": "#0"},
				"east": {"uv": [11.5, 8.75, 11.75, 9], "rotation": 90, "texture": "#0"},
				"south": {"uv": [1.25, 8.75, 11.75, 9], "texture": "#0"},
				"west": {"uv": [1.25, 8.75, 1.5, 9], "rotation": 270, "texture": "#0"},
				"up": {"uv": [1.25, 8.75, 11.75, 9], "texture": "#0"},
				"down": {"uv": [1.25, 9, 11.75, 8.75], "texture": "#0"}
			}
		},
		{
			"name": "tanago_41",
			"from": [13.25, 0, 8.75],
			"to": [15, 0.25, 9],
			"faces": {
				"north": {"uv": [15, 8.75, 13.25, 9], "texture": "#0"},
				"east": {"uv": [14.75, 8.75, 15, 9], "rotation": 90, "texture": "#0"},
				"south": {"uv": [13.25, 8.75, 15, 9], "texture": "#0"},
				"west": {"uv": [13.25, 8.75, 13.5, 9], "rotation": 270, "texture": "#0"},
				"up": {"uv": [13.25, 8.75, 15, 9], "texture": "#0"},
				"down": {"uv": [13.25, 9, 15, 8.75], "texture": "#0"}
			}
		},
		{
			"name": "tanago_42",
			"from": [1.5, 0, 9],
			"to": [12.25, 0.25, 9.25],
			"faces": {
				"north": {"uv": [12.25, 9, 1.5, 9.25], "texture": "#0"},
				"east": {"uv": [12, 9, 12.25, 9.25], "rotation": 90, "texture": "#0"},
				"south": {"uv": [1.5, 9, 12.25, 9.25], "texture": "#0"},
				"west": {"uv": [1.5, 9, 1.75, 9.25], "rotation": 270, "texture": "#0"},
				"up": {"uv": [1.5, 9, 12.25, 9.25], "texture": "#0"},
				"down": {"uv": [1.5, 9.25, 12.25, 9], "texture": "#0"}
			}
		},
		{
			"name": "tanago_43",
			"from": [13.5, 0, 9],
			"to": [15.25, 0.25, 9.25],
			"faces": {
				"north": {"uv": [15.25, 9, 13.5, 9.25], "texture": "#0"},
				"east": {"uv": [15, 9, 15.25, 9.25], "rotation": 90, "texture": "#0"},
				"south": {"uv": [13.5, 9, 15.25, 9.25], "texture": "#0"},
				"west": {"uv": [13.5, 9, 13.75, 9.25], "rotation": 270, "texture": "#0"},
				"up": {"uv": [13.5, 9, 15.25, 9.25], "texture": "#0"},
				"down": {"uv": [13.5, 9.25, 15.25, 9], "texture": "#0"}
			}
		},
		{
			"name": "tanago_44",
			"from": [1.75, 0, 9.25],
			"to": [12.25, 0.25, 9.5],
			"faces": {
				"north": {"uv": [12.25, 9.25, 1.75, 9.5], "texture": "#0"},
				"east": {"uv": [12, 9.25, 12.25, 9.5], "rotation": 90, "texture": "#0"},
				"south": {"uv": [1.75, 9.25, 12.25, 9.5], "texture": "#0"},
				"west": {"uv": [1.75, 9.25, 2, 9.5], "rotation": 270, "texture": "#0"},
				"up": {"uv": [1.75, 9.25, 12.25, 9.5], "texture": "#0"},
				"down": {"uv": [1.75, 9.5, 12.25, 9.25], "texture": "#0"}
			}
		},
		{
			"name": "tanago_45",
			"from": [13.75, 0, 9.25],
			"to": [15.5, 0.25, 9.5],
			"faces": {
				"north": {"uv": [15.5, 9.25, 13.75, 9.5], "texture": "#0"},
				"east": {"uv": [15.25, 9.25, 15.5, 9.5], "rotation": 90, "texture": "#0"},
				"south": {"uv": [13.75, 9.25, 15.5, 9.5], "texture": "#0"},
				"west": {"uv": [13.75, 9.25, 14, 9.5], "rotation": 270, "texture": "#0"},
				"up": {"uv": [13.75, 9.25, 15.5, 9.5], "texture": "#0"},
				"down": {"uv": [13.75, 9.5, 15.5, 9.25], "texture": "#0"}
			}
		},
		{
			"name": "tanago_46",
			"from": [2, 0, 9.5],
			"to": [12.25, 0.25, 9.75],
			"faces": {
				"north": {"uv": [12.25, 9.5, 2, 9.75], "texture": "#0"},
				"east": {"uv": [12, 9.5, 12.25, 9.75], "rotation": 90, "texture": "#0"},
				"south": {"uv": [2, 9.5, 12.25, 9.75], "texture": "#0"},
				"west": {"uv": [2, 9.5, 2.25, 9.75], "rotation": 270, "texture": "#0"},
				"up": {"uv": [2, 9.5, 12.25, 9.75], "texture": "#0"},
				"down": {"uv": [2, 9.75, 12.25, 9.5], "texture": "#0"}
			}
		},
		{
			"name": "tanago_47",
			"from": [14, 0, 9.5],
			"to": [15.5, 0.25, 9.75],
			"faces": {
				"north": {"uv": [15.5, 9.5, 14, 9.75], "texture": "#0"},
				"east": {"uv": [15.25, 9.5, 15.5, 9.75], "rotation": 90, "texture": "#0"},
				"south": {"uv": [14, 9.5, 15.5, 9.75], "texture": "#0"},
				"west": {"uv": [14, 9.5, 14.25, 9.75], "rotation": 270, "texture": "#0"},
				"up": {"uv": [14, 9.5, 15.5, 9.75], "texture": "#0"},
				"down": {"uv": [14, 9.75, 15.5, 9.5], "texture": "#0"}
			}
		},
		{
			"name": "tanago_48",
			"from": [2.25, 0, 9.75],
			"to": [12.25, 0.25, 10],
			"faces": {
				"north": {"uv": [12.25, 9.75, 2.25, 10], "texture": "#0"},
				"east": {"uv": [12, 9.75, 12.25, 10], "rotation": 90, "texture": "#0"},
				"south": {"uv": [2.25, 9.75, 12.25, 10], "texture": "#0"},
				"west": {"uv": [2.25, 9.75, 2.5, 10], "rotation": 270, "texture": "#0"},
				"up": {"uv": [2.25, 9.75, 12.25, 10], "texture": "#0"},
				"down": {"uv": [2.25, 10, 12.25, 9.75], "texture": "#0"}
			}
		},
		{
			"name": "tanago_49",
			"from": [14.25, 0, 9.75],
			"to": [15.75, 0.25, 10],
			"faces": {
				"north": {"uv": [15.75, 9.75, 14.25, 10], "texture": "#0"},
				"east": {"uv": [15.5, 9.75, 15.75, 10], "rotation": 90, "texture": "#0"},
				"south": {"uv": [14.25, 9.75, 15.75, 10], "texture": "#0"},
				"west": {"uv": [14.25, 9.75, 14.5, 10], "rotation": 270, "texture": "#0"},
				"up": {"uv": [14.25, 9.75, 15.75, 10], "texture": "#0"},
				"down": {"uv": [14.25, 10, 15.75, 9.75], "texture": "#0"}
			}
		},
		{
			"name": "tanago_50",
			"from": [2.75, 0, 10],
			"to": [12.25, 0.25, 10.25],
			"faces": {
				"north": {"uv": [12.25, 10, 2.75, 10.25], "texture": "#0"},
				"east": {"uv": [12, 10, 12.25, 10.25], "rotation": 90, "texture": "#0"},
				"south": {"uv": [2.75, 10, 12.25, 10.25], "texture": "#0"},
				"west": {"uv": [2.75, 10, 3, 10.25], "rotation": 270, "texture": "#0"},
				"up": {"uv": [2.75, 10, 12.25, 10.25], "texture": "#0"},
				"down": {"uv": [2.75, 10.25, 12.25, 10], "texture": "#0"}
			}
		},
		{
			"name": "tanago_51",
			"from": [14.5, 0, 10],
			"to": [15.75, 0.25, 10.25],
			"faces": {
				"north": {"uv": [15.75, 10, 14.5, 10.25], "texture": "#0"},
				"east": {"uv": [15.5, 10, 15.75, 10.25], "rotation": 90, "texture": "#0"},
				"south": {"uv": [14.5, 10, 15.75, 10.25], "texture": "#0"},
				"west": {"uv": [14.5, 10, 14.75, 10.25], "rotation": 270, "texture": "#0"},
				"up": {"uv": [14.5, 10, 15.75, 10.25], "texture": "#0"},
				"down": {"uv": [14.5, 10.25, 15.75, 10], "texture": "#0"}
			}
		},
		{
			"name": "tanago_52",
			"from": [3.25, 0, 10.25],
			"to": [12, 0.25, 10.5],
			"faces": {
				"north": {"uv": [12, 10.25, 3.25, 10.5], "texture": "#0"},
				"east": {"uv": [11.75, 10.25, 12, 10.5], "rotation": 90, "texture": "#0"},
				"south": {"uv": [3.25, 10.25, 12, 10.5], "texture": "#0"},
				"west": {"uv": [3.25, 10.25, 3.5, 10.5], "rotation": 270, "texture": "#0"},
				"up": {"uv": [3.25, 10.25, 12, 10.5], "texture": "#0"},
				"down": {"uv": [3.25, 10.5, 12, 10.25], "texture": "#0"}
			}
		},
		{
			"name": "tanago_53",
			"from": [3.75, 0, 10.5],
			"to": [11.75, 0.25, 10.75],
			"faces": {
				"north": {"uv": [11.75, 10.5, 3.75, 10.75], "texture": "#0"},
				"east": {"uv": [11.5, 10.5, 11.75, 10.75], "rotation": 90, "texture": "#0"},
				"south": {"uv": [3.75, 10.5, 11.75, 10.75], "texture": "#0"},
				"west": {"uv": [3.75, 10.5, 4, 10.75], "rotation": 270, "texture": "#0"},
				"up": {"uv": [3.75, 10.5, 11.75, 10.75], "texture": "#0"},
				"down": {"uv": [3.75, 10.75, 11.75, 10.5], "texture": "#0"}
			}
		},
		{
			"name": "tanago_54",
			"from": [4.25, 0, 10.75],
			"to": [11.75, 0.25, 11],
			"faces": {
				"north": {"uv": [11.75, 10.75, 4.25, 11], "texture": "#0"},
				"east": {"uv": [11.5, 10.75, 11.75, 11], "rotation": 90, "texture": "#0"},
				"south": {"uv": [4.25, 10.75, 11.75, 11], "texture": "#0"},
				"west": {"uv": [4.25, 10.75, 4.5, 11], "rotation": 270, "texture": "#0"},
				"up": {"uv": [4.25, 10.75, 11.75, 11], "texture": "#0"},
				"down": {"uv": [4.25, 11, 11.75, 10.75], "texture": "#0"}
			}
		},
		{
			"name": "tanago_55",
			"from": [5, 0, 11],
			"to": [6.75, 0.25, 11.25],
			"faces": {
				"north": {"uv": [6.75, 11, 5, 11.25], "texture": "#0"},
				"east": {"uv": [6.5, 11, 6.75, 11.25], "rotation": 90, "texture": "#0"},
				"south": {"uv": [5, 11, 6.75, 11.25], "texture": "#0"},
				"west": {"uv": [5, 11, 5.25, 11.25], "rotation": 270, "texture": "#0"},
				"up": {"uv": [5, 11, 6.75, 11.25], "texture": "#0"},
				"down": {"uv": [5, 11.25, 6.75, 11], "texture": "#0"}
			}
		},
		{
			"name": "tanago_56",
			"from": [7, 0, 11],
			"to": [11.5, 0.25, 11.25],
			"faces": {
				"north": {"uv": [11.5, 11, 7, 11.25], "texture": "#0"},
				"east": {"uv": [11.25, 11, 11.5, 11.25], "rotation": 90, "texture": "#0"},
				"south": {"uv": [7, 11, 11.5, 11.25], "texture": "#0"},
				"west": {"uv": [7, 11, 7.25, 11.25], "rotation": 270, "texture": "#0"},
				"up": {"uv": [7, 11, 11.5, 11.25], "texture": "#0"},
				"down": {"uv": [7, 11.25, 11.5, 11], "texture": "#0"}
			}
		},
		{
			"name": "tanago_57",
			"from": [5.25, 0, 11.25],
			"to": [7, 0.25, 11.5],
			"faces": {
				"north": {"uv": [7, 11.25, 5.25, 11.5], "texture": "#0"},
				"east": {"uv": [6.75, 11.25, 7, 11.5], "rotation": 90, "texture": "#0"},
				"south": {"uv": [5.25, 11.25, 7, 11.5], "texture": "#0"},
				"west": {"uv": [5.25, 11.25, 5.5, 11.5], "rotation": 270, "texture": "#0"},
				"up": {"uv": [5.25, 11.25, 7, 11.5], "texture": "#0"},
				"down": {"uv": [5.25, 11.5, 7, 11.25], "texture": "#0"}
			}
		},
		{
			"name": "tanago_58",
			"from": [7.5, 0, 11.25],
			"to": [11, 0.25, 11.5],
			"faces": {
				"north": {"uv": [11, 11.25, 7.5, 11.5], "texture": "#0"},
				"east": {"uv": [10.75, 11.25, 11, 11.5], "rotation": 90, "texture": "#0"},
				"south": {"uv": [7.5, 11.25, 11, 11.5], "texture": "#0"},
				"west": {"uv": [7.5, 11.25, 7.75, 11.5], "rotation": 270, "texture": "#0"},
				"up": {"uv": [7.5, 11.25, 11, 11.5], "texture": "#0"},
				"down": {"uv": [7.5, 11.5, 11, 11.25], "texture": "#0"}
			}
		},
		{
			"name": "tanago_59",
			"from": [5.75, 0, 11.5],
			"to": [7.25, 0.25, 11.75],
			"faces": {
				"north": {"uv": [7.25, 11.5, 5.75, 11.75], "texture": "#0"},
				"east": {"uv": [7, 11.5, 7.25, 11.75], "rotation": 90, "texture": "#0"},
				"south": {"uv": [5.75, 11.5, 7.25, 11.75], "texture": "#0"},
				"west": {"uv": [5.75, 11.5, 6, 11.75], "rotation": 270, "texture": "#0"},
				"up": {"uv": [5.75, 11.5, 7.25, 11.75], "texture": "#0"},
				"down": {"uv": [5.75, 11.75, 7.25, 11.5], "texture": "#0"}
			}
		},
		{
			"name": "tanago_60",
			"from": [7.75, 0, 11.5],
			"to": [10.75, 0.25, 11.75],
			"faces": {
				"north": {"uv": [10.75, 11.5, 7.75, 11.75], "texture": "#0"},
				"east": {"uv": [10.5, 11.5, 10.75, 11.75], "rotation": 90, "texture": "#0"},
				"south": {"uv": [7.75, 11.5, 10.75, 11.75], "texture": "#0"},
				"west": {"uv": [7.75, 11.5, 8, 11.75], "rotation": 270, "texture": "#0"},
				"up": {"uv": [7.75, 11.5, 10.75, 11.75], "texture": "#0"},
				"down": {"uv": [7.75, 11.75, 10.75, 11.5], "texture": "#0"}
			}
		},
		{
			"name": "tanago_61",
			"from": [6.25, 0, 11.75],
			"to": [7.25, 0.25, 12],
			"faces": {
				"north": {"uv": [7.25, 11.75, 6.25, 12], "texture": "#0"},
				"east": {"uv": [7, 11.75, 7.25, 12], "rotation": 90, "texture": "#0"},
				"south": {"uv": [6.25, 11.75, 7.25, 12], "texture": "#0"},
				"west": {"uv": [6.25, 11.75, 6.5, 12], "rotation": 270, "texture": "#0"},
				"up": {"uv": [6.25, 11.75, 7.25, 12], "texture": "#0"},
				"down": {"uv": [6.25, 12, 7.25, 11.75], "texture": "#0"}
			}
		},
		{
			"name": "tanago_62",
			"from": [8, 0, 11.75],
			"to": [10.5, 0.25, 12],
			"faces": {
				"north": {"uv": [10.5, 11.75, 8, 12], "texture": "#0"},
				"east": {"uv": [10.25, 11.75, 10.5, 12], "rotation": 90, "texture": "#0"},
				"south": {"uv": [8, 11.75, 10.5, 12], "texture": "#0"},
				"west": {"uv": [8, 11.75, 8.25, 12], "rotation": 270, "texture": "#0"},
				"up": {"uv": [8, 11.75, 10.5, 12], "texture": "#0"},
				"down": {"uv": [8, 12, 10.5, 11.75], "texture": "#0"}
			}
		},
		{
			"name": "tanago_63",
			"from": [8, 0, 12],
			"to": [10.25, 0.25, 12.25],
			"faces": {
				"north": {"uv": [10.25, 12, 8, 12.25], "texture": "#0"},
				"east": {"uv": [10, 12, 10.25, 12.25], "rotation": 90, "texture": "#0"},
				"south": {"uv": [8, 12, 10.25, 12.25], "texture": "#0"},
				"west": {"uv": [8, 12, 8.25, 12.25], "rotation": 270, "texture": "#0"},
				"up": {"uv": [8, 12, 10.25, 12.25], "texture": "#0"},
				"down": {"uv": [8, 12.25, 10.25, 12], "texture": "#0"}
			}
		},
		{
			"name": "tanago_64",
			"from": [8.25, 0, 12.25],
			"to": [10, 0.25, 12.5],
			"faces": {
				"north": {"uv": [10, 12.25, 8.25, 12.5], "texture": "#0"},
				"east": {"uv": [9.75, 12.25, 10, 12.5], "rotation": 90, "texture": "#0"},
				"south": {"uv": [8.25, 12.25, 10, 12.5], "texture": "#0"},
				"west": {"uv": [8.25, 12.25, 8.5, 12.5], "rotation": 270, "texture": "#0"},
				"up": {"uv": [8.25, 12.25, 10, 12.5], "texture": "#0"},
				"down": {"uv": [8.25, 12.5, 10, 12.25], "texture": "#0"}
			}
		},
		{
			"name": "tanago_65",
			"from": [8.5, 0, 12.5],
			"to": [9.75, 0.25, 12.75],
			"faces": {
				"north": {"uv": [9.75, 12.5, 8.5, 12.75], "texture": "#0"},
				"east": {"uv": [9.5, 12.5, 9.75, 12.75], "rotation": 90, "texture": "#0"},
				"south": {"uv": [8.5, 12.5, 9.75, 12.75], "texture": "#0"},
				"west": {"uv": [8.5, 12.5, 8.75, 12.75], "rotation": 270, "texture": "#0"},
				"up": {"uv": [8.5, 12.5, 9.75, 12.75], "texture": "#0"},
				"down": {"uv": [8.5, 12.75, 9.75, 12.5], "texture": "#0"}
			}
		}
	],
	"gui_light": "front",
	"display": {
		"thirdperson_righthand": {
			"rotation": [90, 0, 0],
			"translation": [-1.75, 0.25, 1.75],
			"scale": [0.2, 0.2, 0.2]
		},
		"thirdperson_lefthand": {
			"rotation": [90, 0, 0],
			"translation": [-1.75, 0.25, 1.75],
			"scale": [0.2, 0.2, 0.2]
		},
		"firstperson_righthand": {
			"rotation": [90, -33.75, 0],
			"translation": [2.75, 0.25, 1.75],
			"scale": [0.2, 0.2, 0.2]
		},
		"firstperson_lefthand": {
			"rotation": [90, -42, -180.5],
			"translation": [3.25, 0.75, -0.5],
			"scale": [0.2, 0.2, 0.2]
		},
		"ground": {
			"rotation": [90, 0, 0],
			"translation": [0, 3.75, 0],
			"scale": [0.5, 0.5, 0.5]
		},
		"gui": {
			"rotation": [90, 0, 0],
			"translation": [0, -0.25, 7.5]
		},
		"head": {
			"rotation": [90, 0, 0],
			"translation": [0, 10.75, 13]
		},
		"fixed": {
			"rotation": [90, 0, 0],
			"translation": [0, 0, 7.5]
		}
	},
	"groups": [
		{
			"name": "tanago",
			"origin": [8, 8, 8],
			"children": [0, 1, 2, 3, 4, 5, 6, 7, 8, 9, 10, 11, 12, 13, 14, 15, 16, 17, 18, 19, 20, 21, 22, 23, 24, 25, 26, 27, 28, 29, 30, 31, 32, 33, 34, 35, 36, 37, 38, 39, 40, 41, 42, 43, 44, 45, 46, 47, 48, 49, 50, 51, 52, 53, 54, 55, 56, 57, 58, 59, 60, 61, 62, 63, 64, 65, 66]
		}
	]
}