{
	"credit": "Made with Blockbench",
	"textures": {
		"0": "fish/tatunootosigo",
		"particle": "fish/tatunootosigo"
	},
	"elements": [
		{
			"name": "tatunootosigo_0",
			"from": [6.75, 0, 1],
			"to": [7.25, 0.25, 4.75],
			"faces": {
				"north": {"uv": [7.25, 1, 6.75, 1.25], "texture": "#0"},
				"east": {"uv": [7, 1, 7.25, 4.75], "rotation": 90, "texture": "#0"},
				"south": {"uv": [6.75, 4.5, 7.25, 4.75], "texture": "#0"},
				"west": {"uv": [6.75, 1, 7, 4.75], "rotation": 270, "texture": "#0"},
				"up": {"uv": [6.75, 1, 7.25, 4.75], "texture": "#0"},
				"down": {"uv": [6.75, 4.75, 7.25, 1], "texture": "#0"}
			}
		},
		{
			"name": "tatunootosigo_1",
			"from": [6.5, 0, 1.25],
			"to": [6.75, 0.25, 5],
			"faces": {
				"north": {"uv": [6.75, 1.25, 6.5, 1.5], "texture": "#0"},
				"east": {"uv": [6.5, 1.25, 6.75, 5], "rotation": 90, "texture": "#0"},
				"south": {"uv": [6.5, 4.75, 6.75, 5], "texture": "#0"},
				"west": {"uv": [6.5, 1.25, 6.75, 5], "rotation": 270, "texture": "#0"},
				"up": {"uv": [6.5, 1.25, 6.75, 5], "texture": "#0"},
				"down": {"uv": [6.5, 5, 6.75, 1.25], "texture": "#0"}
			}
		},
		{
			"name": "tatunootosigo_2",
			"from": [7.25, 0, 1.25],
			"to": [7.5, 0.25, 4.75],
			"faces": {
				"north": {"uv": [7.5, 1.25, 7.25, 1.5], "texture": "#0"},
				"east": {"uv": [7.25, 1.25, 7.5, 4.75], "rotation": 90, "texture": "#0"},
				"south": {"uv": [7.25, 4.5, 7.5, 4.75], "texture": "#0"},
				"west": {"uv": [7.25, 1.25, 7.5, 4.75], "rotation": 270, "texture": "#0"},
				"up": {"uv": [7.25, 1.25, 7.5, 4.75], "texture": "#0"},
				"down": {"uv": [7.25, 4.75, 7.5, 1.25], "texture": "#0"}
			}
		},
		{
			"name": "tatunootosigo_3",
			"from": [6.25, 0, 2],
			"to": [6.5, 0.25, 5],
			"faces": {
				"north": {"uv": [6.5, 2, 6.25, 2.25], "texture": "#0"},
				"east": {"uv": [6.25, 2, 6.5, 5], "rotation": 90, "texture": "#0"},
				"south": {"uv": [6.25, 4.75, 6.5, 5], "texture": "#0"},
				"west": {"uv": [6.25, 2, 6.5, 5], "rotation": 270, "texture": "#0"},
				"up": {"uv": [6.25, 2, 6.5, 5], "texture": "#0"},
				"down": {"uv": [6.25, 5, 6.5, 2], "texture": "#0"}
			}
		},
		{
			"name": "tatunootosigo_4",
			"from": [8, 0, 2],
			"to": [8.5, 0.25, 10.75],
			"faces": {
				"north": {"uv": [8.5, 2, 8, 2.25], "texture": "#0"},
				"east": {"uv": [8.25, 2, 8.5, 10.75], "rotation": 90, "texture": "#0"},
				"south": {"uv": [8, 10.5, 8.5, 10.75], "texture": "#0"},
				"west": {"uv": [8, 2, 8.25, 10.75], "rotation": 270, "texture": "#0"},
				"up": {"uv": [8, 2, 8.5, 10.75], "texture": "#0"},
				"down": {"uv": [8, 10.75, 8.5, 2], "texture": "#0"}
			}
		},
		{
			"name": "tatunootosigo_5",
			"from": [7.5, 0, 2.25],
			"to": [8, 0.25, 4.5],
			"faces": {
				"north": {"uv": [8, 2.25, 7.5, 2.5], "texture": "#0"},
				"east": {"uv": [7.75, 2.25, 8, 4.5], "rotation": 90, "texture": "#0"},
				"south": {"uv": [7.5, 4.25, 8, 4.5], "texture": "#0"},
				"west": {"uv": [7.5, 2.25, 7.75, 4.5], "rotation": 270, "texture": "#0"},
				"up": {"uv": [7.5, 2.25, 8, 4.5], "texture": "#0"},
				"down": {"uv": [7.5, 4.5, 8, 2.25], "texture": "#0"}
			}
		},
		{
			"name": "tatunootosigo_6",
			"from": [8.5, 0, 2.25],
			"to": [8.75, 0.25, 2.5],
			"faces": {
				"north": {"uv": [8.75, 2.25, 8.5, 2.5], "texture": "#0"},
				"east": {"uv": [8.5, 2.25, 8.75, 2.5], "rotation": 90, "texture": "#0"},
				"south": {"uv": [8.5, 2.25, 8.75, 2.5], "texture": "#0"},
				"west": {"uv": [8.5, 2.25, 8.75, 2.5], "rotation": 270, "texture": "#0"},
				"up": {"uv": [8.5, 2.25, 8.75, 2.5], "texture": "#0"},
				"down": {"uv": [8.5, 2.5, 8.75, 2.25], "texture": "#0"}
			}
		},
		{
			"name": "tatunootosigo_7",
			"from": [6, 0, 2.5],
			"to": [6.25, 0.25, 5.25],
			"faces": {
				"north": {"uv": [6.25, 2.5, 6, 2.75], "texture": "#0"},
				"east": {"uv": [6, 2.5, 6.25, 5.25], "rotation": 90, "texture": "#0"},
				"south": {"uv": [6, 5, 6.25, 5.25], "texture": "#0"},
				"west": {"uv": [6, 2.5, 6.25, 5.25], "rotation": 270, "texture": "#0"},
				"up": {"uv": [6, 2.5, 6.25, 5.25], "texture": "#0"},
				"down": {"uv": [6, 5.25, 6.25, 2.5], "texture": "#0"}
			}
		},
		{
			"name": "tatunootosigo_8",
			"from": [5.75, 0, 2.75],
			"to": [6, 0.25, 5.25],
			"faces": {
				"north": {"uv": [6, 2.75, 5.75, 3], "texture": "#0"},
				"east": {"uv": [5.75, 2.75, 6, 5.25], "rotation": 90, "texture": "#0"},
				"south": {"uv": [5.75, 5, 6, 5.25], "texture": "#0"},
				"west": {"uv": [5.75, 2.75, 6, 5.25], "rotation": 270, "texture": "#0"},
				"up": {"uv": [5.75, 2.75, 6, 5.25], "texture": "#0"},
				"down": {"uv": [5.75, 5.25, 6, 2.75], "texture": "#0"}
			}
		},
		{
			"name": "tatunootosigo_9",
			"from": [5.5, 0, 3],
			"to": [5.75, 0.25, 5.5],
			"faces": {
				"north": {"uv": [5.75, 3, 5.5, 3.25], "texture": "#0"},
				"east": {"uv": [5.5, 3, 5.75, 5.5], "rotation": 90, "texture": "#0"},
				"south": {"uv": [5.5, 5.25, 5.75, 5.5], "texture": "#0"},
				"west": {"uv": [5.5, 3, 5.75, 5.5], "rotation": 270, "texture": "#0"},
				"up": {"uv": [5.5, 3, 5.75, 5.5], "texture": "#0"},
				"down": {"uv": [5.5, 5.5, 5.75, 3], "texture": "#0"}
			}
		},
		{
			"name": "tatunootosigo_10",
			"from": [8.5, 0, 3],
			"to": [9.75, 0.25, 4],
			"faces": {
				"north": {"uv": [9.75, 3, 8.5, 3.25], "texture": "#0"},
				"east": {"uv": [9.5, 3, 9.75, 4], "rotation": 90, "texture": "#0"},
				"south": {"uv": [8.5, 3.75, 9.75, 4], "texture": "#0"},
				"west": {"uv": [8.5, 3, 8.75, 4], "rotation": 270, "texture": "#0"},
				"up": {"uv": [8.5, 3, 9.75, 4], "texture": "#0"},
				"down": {"uv": [8.5, 4, 9.75, 3], "texture": "#0"}
			}
		},
		{
			"name": "tatunootosigo_11",
			"from": [5.25, 0, 3.25],
			"to": [5.5, 0.25, 5.5],
			"faces": {
				"north": {"uv": [5.5, 3.25, 5.25, 3.5], "texture": "#0"},
				"east": {"uv": [5.25, 3.25, 5.5, 5.5], "rotation": 90, "texture": "#0"},
				"south": {"uv": [5.25, 5.25, 5.5, 5.5], "texture": "#0"},
				"west": {"uv": [5.25, 3.25, 5.5, 5.5], "rotation": 270, "texture": "#0"},
				"up": {"uv": [5.25, 3.25, 5.5, 5.5], "texture": "#0"},
				"down": {"uv": [5.25, 5.5, 5.5, 3.25], "texture": "#0"}
			}
		},
		{
			"name": "tatunootosigo_12",
			"from": [9.75, 0, 3.25],
			"to": [10, 0.25, 3.5],
			"faces": {
				"north": {"uv": [10, 3.25, 9.75, 3.5], "texture": "#0"},
				"east": {"uv": [9.75, 3.25, 10, 3.5], "rotation": 90, "texture": "#0"},
				"south": {"uv": [9.75, 3.25, 10, 3.5], "texture": "#0"},
				"west": {"uv": [9.75, 3.25, 10, 3.5], "rotation": 270, "texture": "#0"},
				"up": {"uv": [9.75, 3.25, 10, 3.5], "texture": "#0"},
				"down": {"uv": [9.75, 3.5, 10, 3.25], "texture": "#0"}
			}
		},
		{
			"name": "tatunootosigo_13",
			"from": [5, 0, 3.75],
			"to": [5.25, 0.25, 5.75],
			"faces": {
				"north": {"uv": [5.25, 3.75, 5, 4], "texture": "#0"},
				"east": {"uv": [5, 3.75, 5.25, 5.75], "rotation": 90, "texture": "#0"},
				"south": {"uv": [5, 5.5, 5.25, 5.75], "texture": "#0"},
				"west": {"uv": [5, 3.75, 5.25, 5.75], "rotation": 270, "texture": "#0"},
				"up": {"uv": [5, 3.75, 5.25, 5.75], "texture": "#0"},
				"down": {"uv": [5, 5.75, 5.25, 3.75], "texture": "#0"}
			}
		},
		{
			"name": "tatunootosigo_14",
			"from": [8.5, 0, 4],
			"to": [9.5, 0.25, 5.5],
			"faces": {
				"north": {"uv": [9.5, 4, 8.5, 4.25], "texture": "#0"},
				"east": {"uv": [9.25, 4, 9.5, 5.5], "rotation": 90, "texture": "#0"},
				"south": {"uv": [8.5, 5.25, 9.5, 5.5], "texture": "#0"},
				"west": {"uv": [8.5, 4, 8.75, 5.5], "rotation": 270, "texture": "#0"},
				"up": {"uv": [8.5, 4, 9.5, 5.5], "texture": "#0"},
				"down": {"uv": [8.5, 5.5, 9.5, 4], "texture": "#0"}
			}
		},
		{
			"name": "tatunootosigo_15",
			"from": [9.5, 0, 4.5],
			"to": [9.75, 0.25, 5.5],
			"faces": {
				"north": {"uv": [9.75, 4.5, 9.5, 4.75], "texture": "#0"},
				"east": {"uv": [9.5, 4.5, 9.75, 5.5], "rotation": 90, "texture": "#0"},
				"south": {"uv": [9.5, 5.25, 9.75, 5.5], "texture": "#0"},
				"west": {"uv": [9.5, 4.5, 9.75, 5.5], "rotation": 270, "texture": "#0"},
				"up": {"uv": [9.5, 4.5, 9.75, 5.5], "texture": "#0"},
				"down": {"uv": [9.5, 5.5, 9.75, 4.5], "texture": "#0"}
			}
		},
		{
			"name": "tatunootosigo_16",
			"from": [4.25, 0, 4.75],
			"to": [5, 0.25, 5.5],
			"faces": {
				"north": {"uv": [5, 4.75, 4.25, 5], "texture": "#0"},
				"east": {"uv": [4.75, 4.75, 5, 5.5], "rotation": 90, "texture": "#0"},
				"south": {"uv": [4.25, 5.25, 5, 5.5], "texture": "#0"},
				"west": {"uv": [4.25, 4.75, 4.5, 5.5], "rotation": 270, "texture": "#0"},
				"up": {"uv": [4.25, 4.75, 5, 5.5], "texture": "#0"},
				"down": {"uv": [4.25, 5.5, 5, 4.75], "texture": "#0"}
			}
		},
		{
			"name": "tatunootosigo_17",
			"from": [7.75, 0, 4.75],
			"to": [8, 0.25, 10.5],
			"faces": {
				"north": {"uv": [8, 4.75, 7.75, 5], "texture": "#0"},
				"east": {"uv": [7.75, 4.75, 8, 10.5], "rotation": 90, "texture": "#0"},
				"south": {"uv": [7.75, 10.25, 8, 10.5], "texture": "#0"},
				"west": {"uv": [7.75, 4.75, 8, 10.5], "rotation": 270, "texture": "#0"},
				"up": {"uv": [7.75, 4.75, 8, 10.5], "texture": "#0"},
				"down": {"uv": [7.75, 10.5, 8, 4.75], "texture": "#0"}
			}
		},
		{
			"name": "tatunootosigo_18",
			"from": [9.75, 0, 4.75],
			"to": [10, 0.25, 5.25],
			"faces": {
				"north": {"uv": [10, 4.75, 9.75, 5], "texture": "#0"},
				"east": {"uv": [9.75, 4.75, 10, 5.25], "rotation": 90, "texture": "#0"},
				"south": {"uv": [9.75, 5, 10, 5.25], "texture": "#0"},
				"west": {"uv": [9.75, 4.75, 10, 5.25], "rotation": 270, "texture": "#0"},
				"up": {"uv": [9.75, 4.75, 10, 5.25], "texture": "#0"},
				"down": {"uv": [9.75, 5.25, 10, 4.75], "texture": "#0"}
			}
		},
		{
			"name": "tatunootosigo_19",
			"from": [4, 0, 5],
			"to": [4.25, 0.25, 5.25],
			"faces": {
				"north": {"uv": [4.25, 5, 4, 5.25], "texture": "#0"},
				"east": {"uv": [4, 5, 4.25, 5.25], "rotation": 90, "texture": "#0"},
				"south": {"uv": [4, 5, 4.25, 5.25], "texture": "#0"},
				"west": {"uv": [4, 5, 4.25, 5.25], "rotation": 270, "texture": "#0"},
				"up": {"uv": [4, 5, 4.25, 5.25], "texture": "#0"},
				"down": {"uv": [4, 5.25, 4.25, 5], "texture": "#0"}
			}
		},
		{
			"name": "tatunootosigo_20",
			"from": [7.25, 0, 5],
			"to": [7.75, 0.25, 10],
			"faces": {
				"north": {"uv": [7.75, 5, 7.25, 5.25], "texture": "#0"},
				"east": {"uv": [7.5, 5, 7.75, 10], "rotation": 90, "texture": "#0"},
				"south": {"uv": [7.25, 9.75, 7.75, 10], "texture": "#0"},
				"west": {"uv": [7.25, 5, 7.5, 10], "rotation": 270, "texture": "#0"},
				"up": {"uv": [7.25, 5, 7.75, 10], "texture": "#0"},
				"down": {"uv": [7.25, 10, 7.75, 5], "texture": "#0"}
			}
		},
		{
			"name": "tatunootosigo_21",
			"from": [7, 0, 5.25],
			"to": [7.25, 0.25, 10],
			"faces": {
				"north": {"uv": [7.25, 5.25, 7, 5.5], "texture": "#0"},
				"east": {"uv": [7, 5.25, 7.25, 10], "rotation": 90, "texture": "#0"},
				"south": {"uv": [7, 9.75, 7.25, 10], "texture": "#0"},
				"west": {"uv": [7, 5.25, 7.25, 10], "rotation": 270, "texture": "#0"},
				"up": {"uv": [7, 5.25, 7.25, 10], "texture": "#0"},
				"down": {"uv": [7, 10, 7.25, 5.25], "texture": "#0"}
			}
		},
		{
			"name": "tatunootosigo_22",
			"from": [4.5, 0, 5.5],
			"to": [5, 0.25, 5.75],
			"faces": {
				"north": {"uv": [5, 5.5, 4.5, 5.75], "texture": "#0"},
				"east": {"uv": [4.75, 5.5, 5, 5.75], "rotation": 90, "texture": "#0"},
				"south": {"uv": [4.5, 5.5, 5, 5.75], "texture": "#0"},
				"west": {"uv": [4.5, 5.5, 4.75, 5.75], "rotation": 270, "texture": "#0"},
				"up": {"uv": [4.5, 5.5, 5, 5.75], "texture": "#0"},
				"down": {"uv": [4.5, 5.75, 5, 5.5], "texture": "#0"}
			}
		},
		{
			"name": "tatunootosigo_23",
			"from": [6.75, 0, 5.5],
			"to": [7, 0.25, 10],
			"faces": {
				"north": {"uv": [7, 5.5, 6.75, 5.75], "texture": "#0"},
				"east": {"uv": [6.75, 5.5, 7, 10], "rotation": 90, "texture": "#0"},
				"south": {"uv": [6.75, 9.75, 7, 10], "texture": "#0"},
				"west": {"uv": [6.75, 5.5, 7, 10], "rotation": 270, "texture": "#0"},
				"up": {"uv": [6.75, 5.5, 7, 10], "texture": "#0"},
				"down": {"uv": [6.75, 10, 7, 5.5], "texture": "#0"}
			}
		},
		{
			"name": "tatunootosigo_24",
			"from": [8.5, 0, 5.5],
			"to": [9.25, 0.25, 6],
			"faces": {
				"north": {"uv": [9.25, 5.5, 8.5, 5.75], "texture": "#0"},
				"east": {"uv": [9, 5.5, 9.25, 6], "rotation": 90, "texture": "#0"},
				"south": {"uv": [8.5, 5.75, 9.25, 6], "texture": "#0"},
				"west": {"uv": [8.5, 5.5, 8.75, 6], "rotation": 270, "texture": "#0"},
				"up": {"uv": [8.5, 5.5, 9.25, 6], "texture": "#0"},
				"down": {"uv": [8.5, 6, 9.25, 5.5], "texture": "#0"}
			}
		},
		{
			"name": "tatunootosigo_25",
			"from": [6.5, 0, 5.75],
			"to": [6.75, 0.25, 9.75],
			"faces": {
				"north": {"uv": [6.75, 5.75, 6.5, 6], "texture": "#0"},
				"east": {"uv": [6.5, 5.75, 6.75, 9.75], "rotation": 90, "texture": "#0"},
				"south": {"uv": [6.5, 9.5, 6.75, 9.75], "texture": "#0"},
				"west": {"uv": [6.5, 5.75, 6.75, 9.75], "rotation": 270, "texture": "#0"},
				"up": {"uv": [6.5, 5.75, 6.75, 9.75], "texture": "#0"},
				"down": {"uv": [6.5, 9.75, 6.75, 5.75], "texture": "#0"}
			}
		},
		{
			"name": "tatunootosigo_26",
			"from": [8.5, 0, 6],
			"to": [9, 0.25, 13],
			"faces": {
				"north": {"uv": [9, 6, 8.5, 6.25], "texture": "#0"},
				"east": {"uv": [8.75, 6, 9, 13], "rotation": 90, "texture": "#0"},
				"south": {"uv": [8.5, 12.75, 9, 13], "texture": "#0"},
				"west": {"uv": [8.5, 6, 8.75, 13], "rotation": 270, "texture": "#0"},
				"up": {"uv": [8.5, 6, 9, 13], "texture": "#0"},
				"down": {"uv": [8.5, 13, 9, 6], "texture": "#0"}
			}
		},
		{
			"name": "tatunootosigo_27",
			"from": [6.25, 0, 6.25],
			"to": [6.5, 0.25, 9.75],
			"faces": {
				"north": {"uv": [6.5, 6.25, 6.25, 6.5], "texture": "#0"},
				"east": {"uv": [6.25, 6.25, 6.5, 9.75], "rotation": 90, "texture": "#0"},
				"south": {"uv": [6.25, 9.5, 6.5, 9.75], "texture": "#0"},
				"west": {"uv": [6.25, 6.25, 6.5, 9.75], "rotation": 270, "texture": "#0"},
				"up": {"uv": [6.25, 6.25, 6.5, 9.75], "texture": "#0"},
				"down": {"uv": [6.25, 9.75, 6.5, 6.25], "texture": "#0"}
			}
		},
		{
			"name": "tatunootosigo_28",
			"from": [9, 0, 6.25],
			"to": [9.5, 0.25, 7],
			"faces": {
				"north": {"uv": [9.5, 6.25, 9, 6.5], "texture": "#0"},
				"east": {"uv": [9.25, 6.25, 9.5, 7], "rotation": 90, "texture": "#0"},
				"south": {"uv": [9, 6.75, 9.5, 7], "texture": "#0"},
				"west": {"uv": [9, 6.25, 9.25, 7], "rotation": 270, "texture": "#0"},
				"up": {"uv": [9, 6.25, 9.5, 7], "texture": "#0"},
				"down": {"uv": [9, 7, 9.5, 6.25], "texture": "#0"}
			}
		},
		{
			"name": "tatunootosigo_29",
			"from": [6, 0, 6.5],
			"to": [6.25, 0.25, 9.5],
			"faces": {
				"north": {"uv": [6.25, 6.5, 6, 6.75], "texture": "#0"},
				"east": {"uv": [6, 6.5, 6.25, 9.5], "rotation": 90, "texture": "#0"},
				"south": {"uv": [6, 9.25, 6.25, 9.5], "texture": "#0"},
				"west": {"uv": [6, 6.5, 6.25, 9.5], "rotation": 270, "texture": "#0"},
				"up": {"uv": [6, 6.5, 6.25, 9.5], "texture": "#0"},
				"down": {"uv": [6, 9.5, 6.25, 6.5], "texture": "#0"}
			}
		},
		{
			"name": "tatunootosigo_30",
			"from": [9.5, 0, 6.5],
			"to": [9.75, 0.25, 6.75],
			"faces": {
				"north": {"uv": [9.75, 6.5, 9.5, 6.75], "texture": "#0"},
				"east": {"uv": [9.5, 6.5, 9.75, 6.75], "rotation": 90, "texture": "#0"},
				"south": {"uv": [9.5, 6.5, 9.75, 6.75], "texture": "#0"},
				"west": {"uv": [9.5, 6.5, 9.75, 6.75], "rotation": 270, "texture": "#0"},
				"up": {"uv": [9.5, 6.5, 9.75, 6.75], "texture": "#0"},
				"down": {"uv": [9.5, 6.75, 9.75, 6.5], "texture": "#0"}
			}
		},
		{
			"name": "tatunootosigo_31",
			"from": [9.75, 0, 7],
			"to": [10.5, 0.25, 9.75],
			"faces": {
				"north": {"uv": [10.5, 7, 9.75, 7.25], "texture": "#0"},
				"east": {"uv": [10.25, 7, 10.5, 9.75], "rotation": 90, "texture": "#0"},
				"south": {"uv": [9.75, 9.5, 10.5, 9.75], "texture": "#0"},
				"west": {"uv": [9.75, 7, 10, 9.75], "rotation": 270, "texture": "#0"},
				"up": {"uv": [9.75, 7, 10.5, 9.75], "texture": "#0"},
				"down": {"uv": [9.75, 9.75, 10.5, 7], "texture": "#0"}
			}
		},
		{
			"name": "tatunootosigo_32",
			"from": [5.75, 0, 7.25],
			"to": [6, 0.25, 9.25],
			"faces": {
				"north": {"uv": [6, 7.25, 5.75, 7.5], "texture": "#0"},
				"east": {"uv": [5.75, 7.25, 6, 9.25], "rotation": 90, "texture": "#0"},
				"south": {"uv": [5.75, 9, 6, 9.25], "texture": "#0"},
				"west": {"uv": [5.75, 7.25, 6, 9.25], "rotation": 270, "texture": "#0"},
				"up": {"uv": [5.75, 7.25, 6, 9.25], "texture": "#0"},
				"down": {"uv": [5.75, 9.25, 6, 7.25], "texture": "#0"}
			}
		},
		{
			"name": "tatunootosigo_33",
			"from": [9.5, 0, 7.25],
			"to": [9.75, 0.25, 9.5],
			"faces": {
				"north": {"uv": [9.75, 7.25, 9.5, 7.5], "texture": "#0"},
				"east": {"uv": [9.5, 7.25, 9.75, 9.5], "rotation": 90, "texture": "#0"},
				"south": {"uv": [9.5, 9.25, 9.75, 9.5], "texture": "#0"},
				"west": {"uv": [9.5, 7.25, 9.75, 9.5], "rotation": 270, "texture": "#0"},
				"up": {"uv": [9.5, 7.25, 9.75, 9.5], "texture": "#0"},
				"down": {"uv": [9.5, 9.5, 9.75, 7.25], "texture": "#0"}
			}
		},
		{
			"name": "tatunootosigo_34",
			"from": [10.5, 0, 7.25],
			"to": [10.75, 0.25, 8],
			"faces": {
				"north": {"uv": [10.75, 7.25, 10.5, 7.5], "texture": "#0"},
				"east": {"uv": [10.5, 7.25, 10.75, 8], "rotation": 90, "texture": "#0"},
				"south": {"uv": [10.5, 7.75, 10.75, 8], "texture": "#0"},
				"west": {"uv": [10.5, 7.25, 10.75, 8], "rotation": 270, "texture": "#0"},
				"up": {"uv": [10.5, 7.25, 10.75, 8], "texture": "#0"},
				"down": {"uv": [10.5, 8, 10.75, 7.25], "texture": "#0"}
			}
		},
		{
			"name": "tatunootosigo_35",
			"from": [9, 0, 7.5],
			"to": [9.5, 0.25, 9.5],
			"faces": {
				"north": {"uv": [9.5, 7.5, 9, 7.75], "texture": "#0"},
				"east": {"uv": [9.25, 7.5, 9.5, 9.5], "rotation": 90, "texture": "#0"},
				"south": {"uv": [9, 9.25, 9.5, 9.5], "texture": "#0"},
				"west": {"uv": [9, 7.5, 9.25, 9.5], "rotation": 270, "texture": "#0"},
				"up": {"uv": [9, 7.5, 9.5, 9.5], "texture": "#0"},
				"down": {"uv": [9, 9.5, 9.5, 7.5], "texture": "#0"}
			}
		},
		{
			"name": "tatunootosigo_36",
			"from": [5.5, 0, 7.75],
			"to": [5.75, 0.25, 8.25],
			"faces": {
				"north": {"uv": [5.75, 7.75, 5.5, 8], "texture": "#0"},
				"east": {"uv": [5.5, 7.75, 5.75, 8.25], "rotation": 90, "texture": "#0"},
				"south": {"uv": [5.5, 8, 5.75, 8.25], "texture": "#0"},
				"west": {"uv": [5.5, 7.75, 5.75, 8.25], "rotation": 270, "texture": "#0"},
				"up": {"uv": [5.5, 7.75, 5.75, 8.25], "texture": "#0"},
				"down": {"uv": [5.5, 8.25, 5.75, 7.75], "texture": "#0"}
			}
		},
		{
			"name": "tatunootosigo_37",
			"from": [9, 0, 9.5],
			"to": [9.25, 0.25, 13],
			"faces": {
				"north": {"uv": [9.25, 9.5, 9, 9.75], "texture": "#0"},
				"east": {"uv": [9, 9.5, 9.25, 13], "rotation": 90, "texture": "#0"},
				"south": {"uv": [9, 12.75, 9.25, 13], "texture": "#0"},
				"west": {"uv": [9, 9.5, 9.25, 13], "rotation": 270, "texture": "#0"},
				"up": {"uv": [9, 9.5, 9.25, 13], "texture": "#0"},
				"down": {"uv": [9, 13, 9.25, 9.5], "texture": "#0"}
			}
		},
		{
			"name": "tatunootosigo_38",
			"from": [10, 0, 9.75],
			"to": [10.25, 0.25, 10],
			"faces": {
				"north": {"uv": [10.25, 9.75, 10, 10], "texture": "#0"},
				"east": {"uv": [10, 9.75, 10.25, 10], "rotation": 90, "texture": "#0"},
				"south": {"uv": [10, 9.75, 10.25, 10], "texture": "#0"},
				"west": {"uv": [10, 9.75, 10.25, 10], "rotation": 270, "texture": "#0"},
				"up": {"uv": [10, 9.75, 10.25, 10], "texture": "#0"},
				"down": {"uv": [10, 10, 10.25, 9.75], "texture": "#0"}
			}
		},
		{
			"name": "tatunootosigo_39",
			"from": [7.5, 0, 10],
			"to": [7.75, 0.25, 10.25],
			"faces": {
				"north": {"uv": [7.75, 10, 7.5, 10.25], "texture": "#0"},
				"east": {"uv": [7.5, 10, 7.75, 10.25], "rotation": 90, "texture": "#0"},
				"south": {"uv": [7.5, 10, 7.75, 10.25], "texture": "#0"},
				"west": {"uv": [7.5, 10, 7.75, 10.25], "rotation": 270, "texture": "#0"},
				"up": {"uv": [7.5, 10, 7.75, 10.25], "texture": "#0"},
				"down": {"uv": [7.5, 10.25, 7.75, 10], "texture": "#0"}
			}
		},
		{
			"name": "tatunootosigo_40",
			"from": [9.25, 0, 10],
			"to": [9.5, 0.25, 13],
			"faces": {
				"north": {"uv": [9.5, 10, 9.25, 10.25], "texture": "#0"},
				"east": {"uv": [9.25, 10, 9.5, 13], "rotation": 90, "texture": "#0"},
				"south": {"uv": [9.25, 12.75, 9.5, 13], "texture": "#0"},
				"west": {"uv": [9.25, 10, 9.5, 13], "rotation": 270, "texture": "#0"},
				"up": {"uv": [9.25, 10, 9.5, 13], "texture": "#0"},
				"down": {"uv": [9.25, 13, 9.5, 10], "texture": "#0"}
			}
		},
		{
			"name": "tatunootosigo_41",
			"from": [9.5, 0, 10.25],
			"to": [9.75, 0.25, 12.75],
			"faces": {
				"north": {"uv": [9.75, 10.25, 9.5, 10.5], "texture": "#0"},
				"east": {"uv": [9.5, 10.25, 9.75, 12.75], "rotation": 90, "texture": "#0"},
				"south": {"uv": [9.5, 12.5, 9.75, 12.75], "texture": "#0"},
				"west": {"uv": [9.5, 10.25, 9.75, 12.75], "rotation": 270, "texture": "#0"},
				"up": {"uv": [9.5, 10.25, 9.75, 12.75], "texture": "#0"},
				"down": {"uv": [9.5, 12.75, 9.75, 10.25], "texture": "#0"}
			}
		},
		{
			"name": "tatunootosigo_42",
			"from": [8.25, 0, 10.75],
			"to": [8.5, 0.25, 11],
			"faces": {
				"north": {"uv": [8.5, 10.75, 8.25, 11], "texture": "#0"},
				"east": {"uv": [8.25, 10.75, 8.5, 11], "rotation": 90, "texture": "#0"},
				"south": {"uv": [8.25, 10.75, 8.5, 11], "texture": "#0"},
				"west": {"uv": [8.25, 10.75, 8.5, 11], "rotation": 270, "texture": "#0"},
				"up": {"uv": [8.25, 10.75, 8.5, 11], "texture": "#0"},
				"down": {"uv": [8.25, 11, 8.5, 10.75], "texture": "#0"}
			}
		},
		{
			"name": "tatunootosigo_43",
			"from": [7.25, 0, 11],
			"to": [7.75, 0.25, 11.75],
			"faces": {
				"north": {"uv": [7.75, 11, 7.25, 11.25], "texture": "#0"},
				"east": {"uv": [7.5, 11, 7.75, 11.75], "rotation": 90, "texture": "#0"},
				"south": {"uv": [7.25, 11.5, 7.75, 11.75], "texture": "#0"},
				"west": {"uv": [7.25, 11, 7.5, 11.75], "rotation": 270, "texture": "#0"},
				"up": {"uv": [7.25, 11, 7.75, 11.75], "texture": "#0"},
				"down": {"uv": [7.25, 11.75, 7.75, 11], "texture": "#0"}
			}
		},
		{
			"name": "tatunootosigo_44",
			"from": [7, 0, 11.25],
			"to": [7.25, 0.25, 13],
			"faces": {
				"north": {"uv": [7.25, 11.25, 7, 11.5], "texture": "#0"},
				"east": {"uv": [7, 11.25, 7.25, 13], "rotation": 90, "texture": "#0"},
				"south": {"uv": [7, 12.75, 7.25, 13], "texture": "#0"},
				"west": {"uv": [7, 11.25, 7.25, 13], "rotation": 270, "texture": "#0"},
				"up": {"uv": [7, 11.25, 7.25, 13], "texture": "#0"},
				"down": {"uv": [7, 13, 7.25, 11.25], "texture": "#0"}
			}
		},
		{
			"name": "tatunootosigo_45",
			"from": [7.75, 0, 11.25],
			"to": [8, 0.25, 13.5],
			"faces": {
				"north": {"uv": [8, 11.25, 7.75, 11.5], "texture": "#0"},
				"east": {"uv": [7.75, 11.25, 8, 13.5], "rotation": 90, "texture": "#0"},
				"south": {"uv": [7.75, 13.25, 8, 13.5], "texture": "#0"},
				"west": {"uv": [7.75, 11.25, 8, 13.5], "rotation": 270, "texture": "#0"},
				"up": {"uv": [7.75, 11.25, 8, 13.5], "texture": "#0"},
				"down": {"uv": [7.75, 13.5, 8, 11.25], "texture": "#0"}
			}
		},
		{
			"name": "tatunootosigo_46",
			"from": [9.75, 0, 11.25],
			"to": [10, 0.25, 11.75],
			"faces": {
				"north": {"uv": [10, 11.25, 9.75, 11.5], "texture": "#0"},
				"east": {"uv": [9.75, 11.25, 10, 11.75], "rotation": 90, "texture": "#0"},
				"south": {"uv": [9.75, 11.5, 10, 11.75], "texture": "#0"},
				"west": {"uv": [9.75, 11.25, 10, 11.75], "rotation": 270, "texture": "#0"},
				"up": {"uv": [9.75, 11.25, 10, 11.75], "texture": "#0"},
				"down": {"uv": [9.75, 11.75, 10, 11.25], "texture": "#0"}
			}
		},
		{
			"name": "tatunootosigo_47",
			"from": [6.75, 0, 11.5],
			"to": [7, 0.25, 12.75],
			"faces": {
				"north": {"uv": [7, 11.5, 6.75, 11.75], "texture": "#0"},
				"east": {"uv": [6.75, 11.5, 7, 12.75], "rotation": 90, "texture": "#0"},
				"south": {"uv": [6.75, 12.5, 7, 12.75], "texture": "#0"},
				"west": {"uv": [6.75, 11.5, 7, 12.75], "rotation": 270, "texture": "#0"},
				"up": {"uv": [6.75, 11.5, 7, 12.75], "texture": "#0"},
				"down": {"uv": [6.75, 12.75, 7, 11.5], "texture": "#0"}
			}
		},
		{
			"name": "tatunootosigo_48",
			"from": [8, 0, 11.5],
			"to": [8.25, 0.25, 12.25],
			"faces": {
				"north": {"uv": [8.25, 11.5, 8, 11.75], "texture": "#0"},
				"east": {"uv": [8, 11.5, 8.25, 12.25], "rotation": 90, "texture": "#0"},
				"south": {"uv": [8, 12, 8.25, 12.25], "texture": "#0"},
				"west": {"uv": [8, 11.5, 8.25, 12.25], "rotation": 270, "texture": "#0"},
				"up": {"uv": [8, 11.5, 8.25, 12.25], "texture": "#0"},
				"down": {"uv": [8, 12.25, 8.25, 11.5], "texture": "#0"}
			}
		},
		{
			"name": "tatunootosigo_49",
			"from": [6.5, 0, 11.75],
			"to": [6.75, 0.25, 12.5],
			"faces": {
				"north": {"uv": [6.75, 11.75, 6.5, 12], "texture": "#0"},
				"east": {"uv": [6.5, 11.75, 6.75, 12.5], "rotation": 90, "texture": "#0"},
				"south": {"uv": [6.5, 12.25, 6.75, 12.5], "texture": "#0"},
				"west": {"uv": [6.5, 11.75, 6.75, 12.5], "rotation": 270, "texture": "#0"},
				"up": {"uv": [6.5, 11.75, 6.75, 12.5], "texture": "#0"},
				"down": {"uv": [6.5, 12.5, 6.75, 11.75], "texture": "#0"}
			}
		},
		{
			"name": "tatunootosigo_50",
			"from": [7.5, 0, 11.75],
			"to": [7.75, 0.25, 12.25],
			"faces": {
				"north": {"uv": [7.75, 11.75, 7.5, 12], "texture": "#0"},
				"east": {"uv": [7.5, 11.75, 7.75, 12.25], "rotation": 90, "texture": "#0"},
				"south": {"uv": [7.5, 12, 7.75, 12.25], "texture": "#0"},
				"west": {"uv": [7.5, 11.75, 7.75, 12.25], "rotation": 270, "texture": "#0"},
				"up": {"uv": [7.5, 11.75, 7.75, 12.25], "texture": "#0"},
				"down": {"uv": [7.5, 12.25, 7.75, 11.75], "texture": "#0"}
			}
		},
		{
			"name": "tatunootosigo_51",
			"from": [8.25, 0, 12.25],
			"to": [8.5, 0.25, 13.5],
			"faces": {
				"north": {"uv": [8.5, 12.25, 8.25, 12.5], "texture": "#0"},
				"east": {"uv": [8.25, 12.25, 8.5, 13.5], "rotation": 90, "texture": "#0"},
				"south": {"uv": [8.25, 13.25, 8.5, 13.5], "texture": "#0"},
				"west": {"uv": [8.25, 12.25, 8.5, 13.5], "rotation": 270, "texture": "#0"},
				"up": {"uv": [8.25, 12.25, 8.5, 13.5], "texture": "#0"},
				"down": {"uv": [8.25, 13.5, 8.5, 12.25], "texture": "#0"}
			}
		},
		{
			"name": "tatunootosigo_52",
			"from": [7.25, 0, 12.5],
			"to": [7.75, 0.25, 13.25],
			"faces": {
				"north": {"uv": [7.75, 12.5, 7.25, 12.75], "texture": "#0"},
				"east": {"uv": [7.5, 12.5, 7.75, 13.25], "rotation": 90, "texture": "#0"},
				"south": {"uv": [7.25, 13, 7.75, 13.25], "texture": "#0"},
				"west": {"uv": [7.25, 12.5, 7.5, 13.25], "rotation": 270, "texture": "#0"},
				"up": {"uv": [7.25, 12.5, 7.75, 13.25], "texture": "#0"},
				"down": {"uv": [7.25, 13.25, 7.75, 12.5], "texture": "#0"}
			}
		},
		{
			"name": "tatunootosigo_53",
			"from": [8, 0, 12.5],
			"to": [8.25, 0.25, 13.5],
			"faces": {
				"north": {"uv": [8.25, 12.5, 8, 12.75], "texture": "#0"},
				"east": {"uv": [8, 12.5, 8.25, 13.5], "rotation": 90, "texture": "#0"},
				"south": {"uv": [8, 13.25, 8.25, 13.5], "texture": "#0"},
				"west": {"uv": [8, 12.5, 8.25, 13.5], "rotation": 270, "texture": "#0"},
				"up": {"uv": [8, 12.5, 8.25, 13.5], "texture": "#0"},
				"down": {"uv": [8, 13.5, 8.25, 12.5], "texture": "#0"}
			}
		},
		{
			"name": "tatunootosigo_54",
			"from": [8.5, 0, 13],
			"to": [8.75, 0.25, 13.25],
			"faces": {
				"north": {"uv": [8.75, 13, 8.5, 13.25], "texture": "#0"},
				"east": {"uv": [8.5, 13, 8.75, 13.25], "rotation": 90, "texture": "#0"},
				"south": {"uv": [8.5, 13, 8.75, 13.25], "texture": "#0"},
				"west": {"uv": [8.5, 13, 8.75, 13.25], "rotation": 270, "texture": "#0"},
				"up": {"uv": [8.5, 13, 8.75, 13.25], "texture": "#0"},
				"down": {"uv": [8.5, 13.25, 8.75, 13], "texture": "#0"}
			}
		},
		{
			"name": "tatunootosigo_55",
			"from": [7.5, 0, 13.25],
			"to": [7.75, 0.25, 13.5],
			"faces": {
				"north": {"uv": [7.75, 13.25, 7.5, 13.5], "texture": "#0"},
				"east": {"uv": [7.5, 13.25, 7.75, 13.5], "rotation": 90, "texture": "#0"},
				"south": {"uv": [7.5, 13.25, 7.75, 13.5], "texture": "#0"},
				"west": {"uv": [7.5, 13.25, 7.75, 13.5], "rotation": 270, "texture": "#0"},
				"up": {"uv": [7.5, 13.25, 7.75, 13.5], "texture": "#0"},
				"down": {"uv": [7.5, 13.5, 7.75, 13.25], "texture": "#0"}
			}
		}
	],
	"display": {
		"thirdperson_righthand": {
			"rotation": [90, 0, 0],
			"translation": [0, 0.75, 2],
			"scale": [0.24, 0.24, 0.24]
		},
		"thirdperson_lefthand": {
			"rotation": [90, 0, 0],
			"translation": [0, 0.75, 2],
			"scale": [0.24, 0.24, 0.24]
		},
		"firstperson_righthand": {
			"rotation": [90, 0, 0],
			"translation": [0, 0.75, 2],
			"scale": [0.24, 0.24, 0.24]
		},
		"firstperson_lefthand": {
			"rotation": [90, 0, 0],
			"translation": [0, 0.75, 2],
			"scale": [0.24, 0.24, 0.24]
		},
		"ground": {
			"rotation": [90, 0, 0],
			"translation": [0, 0.75, 2],
			"scale": [0.24, 0.24, 0.24]
		},
		"gui": {
			"rotation": [90, 0, 0],
			"translation": [0, 0, 17.5],
			"scale": [1.06, 1.06, 1.06]
		},
		"head": {
			"rotation": [90, 0, 0],
			"translation": [0.5, 8, -3.75],
			"scale": [0.24, 0.24, 0.24]
		},
		"fixed": {
			"rotation": [90, 0, 0],
			"translation": [-0.5, 0.25, 9.75],
			"scale": [1.28, 1.28, 1.28]
		}
	},
	"groups": [
		{
			"name": "tatunootosigo",
			"origin": [8, 8, 8],
			"children": [0, 1, 2, 3, 4, 5, 6, 7, 8, 9, 10, 11, 12, 13, 14, 15, 16, 17, 18, 19, 20, 21, 22, 23, 24, 25, 26, 27, 28, 29, 30, 31, 32, 33, 34, 35, 36, 37, 38, 39, 40, 41, 42, 43, 44, 45, 46, 47, 48, 49, 50, 51, 52, 53, 54, 55]
		}
	]
}