{
	"credit": "Made with Blockbench",
	"textures": {
		"1": "block/nether_bricks"
	},
	"elements": [
		{
			"from": [6, 0, 6.5],
			"to": [6.5, 0.5, 10.5],
			"rotation": {"angle": 0, "axis": "y", "origin": [14, 8, 16]},
			"faces": {
				"north": {"uv": [4, 0, 5, 5], "texture": "#1"},
				"east": {"uv": [4, 0, 5, 5], "texture": "#1"},
				"south": {"uv": [4, 0, 5, 5], "texture": "#1"},
				"west": {"uv": [0, 15, 16, 16], "texture": "#1"},
				"up": {"uv": [0, 0, 0.5, 4], "texture": "#missing"},
				"down": {"uv": [0, 0, 16, 1], "texture": "#1"}
			}
		},
		{
			"from": [9.5, 0, 6.5],
			"to": [10, 0.5, 10.5],
			"rotation": {"angle": 0, "axis": "y", "origin": [17.5, 8, 16]},
			"faces": {
				"north": {"uv": [4, 0, 5, 5], "texture": "#1"},
				"east": {"uv": [0, 15, 16, 16], "texture": "#1"},
				"south": {"uv": [4, 0, 5, 5], "texture": "#1"},
				"west": {"uv": [4, 0, 5, 5], "texture": "#1"},
				"up": {"uv": [0, 0, 0.5, 4], "texture": "#missing"},
				"down": {"uv": [0, 0, 16, 1], "texture": "#1"}
			}
		},
		{
			"from": [6.5, 0, 6.5],
			"to": [9.5, 0.5, 7],
			"rotation": {"angle": 0, "axis": "y", "origin": [16, 8, 16]},
			"faces": {
				"north": {"uv": [0, 15, 3, 15.5], "texture": "#1"},
				"east": {"uv": [0, 0, 0.5, 0.5], "texture": "#missing"},
				"south": {"uv": [4, 0, 7, 0.5], "texture": "#1"},
				"west": {"uv": [0, 0, 0.5, 0.5], "texture": "#missing"},
				"up": {"uv": [0, 0, 3, 0.5], "texture": "#missing"},
				"down": {"uv": [0, 0, 3, 0.5], "texture": "#1"}
			}
		},
		{
			"from": [6.5, 0, 10],
			"to": [9.5, 0.5, 10.5],
			"rotation": {"angle": 0, "axis": "y", "origin": [16, 8, 19.5]},
			"faces": {
				"north": {"uv": [4, 0, 5, 5], "texture": "#1"},
				"east": {"uv": [0, 0, 0.5, 0.5], "texture": "#missing"},
				"south": {"uv": [0, 15, 16, 16], "texture": "#1"},
				"west": {"uv": [0, 0, 0.5, 0.5], "texture": "#missing"},
				"up": {"uv": [0, 0, 3, 0.5], "texture": "#missing"},
				"down": {"uv": [0, 0, 16, 1], "texture": "#1"}
			}
		},
		{
			"from": [5.5, 0.5, 6],
			"to": [10.5, 1, 11],
			"rotation": {"angle": 0, "axis": "y", "origin": [16, 8.5, 19.5]},
			"faces": {
				"north": {"uv": [0, 9, 16, 11], "texture": "#1"},
				"east": {"uv": [0, 9, 16, 11], "texture": "#1"},
				"south": {"uv": [0, 9, 16, 11], "texture": "#1"},
				"west": {"uv": [0, 9, 16, 11], "texture": "#1"},
				"up": {"uv": [5, 5, 12, 12], "texture": "#1"},
				"down": {"uv": [0, 0, 16, 1], "texture": "#1"}
			}
		},
		{
			"from": [5, 1, 5.5],
			"to": [5.5, 2, 11.5],
			"rotation": {"angle": 0, "axis": "y", "origin": [15.5, 9, 19.5]},
			"faces": {
				"north": {"uv": [4, 0, 5, 5], "texture": "#1"},
				"east": {"uv": [4, 5, 13, 7], "texture": "#1"},
				"south": {"uv": [4, 0, 5, 5], "texture": "#1"},
				"west": {"uv": [0, 5, 16, 9], "texture": "#1"},
				"up": {"uv": [0, 0, 16, 1], "texture": "#1"},
				"down": {"uv": [0, 0, 16, 1], "texture": "#1"}
			}
		},
		{
			"from": [10.5, 1, 5.5],
			"to": [11, 2, 11.5],
			"rotation": {"angle": 0, "axis": "y", "origin": [21, 9, 19.5]},
			"faces": {
				"north": {"uv": [4, 0, 5, 5], "texture": "#1"},
				"east": {"uv": [0, 5, 16, 9], "texture": "#1"},
				"south": {"uv": [4, 0, 5, 5], "texture": "#1"},
				"west": {"uv": [4, 5, 13, 7], "texture": "#1"},
				"up": {"uv": [0, 0, 16, 1], "texture": "#1"},
				"down": {"uv": [0, 0, 16, 1], "texture": "#1"}
			}
		},
		{
			"from": [11, 2, 5],
			"to": [11.5, 4, 12],
			"rotation": {"angle": 0, "axis": "y", "origin": [21.5, 10, 19.5]},
			"faces": {
				"north": {"uv": [4, 0, 5, 5], "texture": "#1"},
				"east": {"uv": [0, 0, 16, 5], "texture": "#1"},
				"south": {"uv": [4, 0, 5, 5], "texture": "#1"},
				"west": {"uv": [4, 5, 13, 7], "texture": "#1"},
				"up": {"uv": [0, 0, 16, 1], "texture": "#1"},
				"down": {"uv": [0, 0, 16, 1], "texture": "#1"}
			}
		},
		{
			"from": [4.5, 2, 5],
			"to": [5, 4, 12],
			"rotation": {"angle": 0, "axis": "y", "origin": [15, 10, 19.5]},
			"faces": {
				"north": {"uv": [4, 0, 5, 5], "texture": "#1"},
				"east": {"uv": [4, 5, 13, 7], "texture": "#1"},
				"south": {"uv": [4, 0, 5, 5], "texture": "#1"},
				"west": {"uv": [0, 0, 16, 5], "texture": "#1"},
				"up": {"uv": [0, 0, 16, 1], "texture": "#1"},
				"down": {"uv": [0, 0, 16, 1], "texture": "#1"}
			}
		},
		{
			"from": [5.5, 1, 11],
			"to": [10.5, 2, 11.5],
			"rotation": {"angle": 0, "axis": "y", "origin": [18.5, 9, 19.5]},
			"faces": {
				"north": {"uv": [5, 10, 12, 12], "texture": "#1"},
				"east": {"uv": [0, 0, 0.5, 1], "texture": "#missing"},
				"south": {"uv": [0, 5, 16, 9], "texture": "#1"},
				"west": {"uv": [0, 0, 0.5, 1], "texture": "#missing"},
				"up": {"uv": [0, 0, 16, 1], "texture": "#1"},
				"down": {"uv": [0, 0, 16, 1], "texture": "#1"}
			}
		},
		{
			"from": [5, 2, 11.5],
			"to": [11, 4, 12],
			"rotation": {"angle": 0, "axis": "y", "origin": [18.5, 10, 20]},
			"faces": {
				"north": {"uv": [5, 10, 12, 12], "texture": "#1"},
				"east": {"uv": [0, 0, 0.5, 2], "texture": "#missing"},
				"south": {"uv": [0, 0, 16, 5], "texture": "#1"},
				"west": {"uv": [0, 0, 0.5, 2], "texture": "#missing"},
				"up": {"uv": [0, 0, 16, 1], "texture": "#1"},
				"down": {"uv": [0, 0, 16, 1], "texture": "#1"}
			}
		},
		{
			"from": [5, 2, 5],
			"to": [11, 4, 5.5],
			"rotation": {"angle": 0, "axis": "y", "origin": [18.5, 10, 13.5]},
			"faces": {
				"north": {"uv": [0, 0, 16, 5], "texture": "#1"},
				"east": {"uv": [0, 0, 0.5, 2], "texture": "#missing"},
				"south": {"uv": [5, 6, 12, 8], "texture": "#1"},
				"west": {"uv": [0, 0, 0.5, 2], "texture": "#missing"},
				"up": {"uv": [0, 0, 16, 1], "texture": "#1"},
				"down": {"uv": [0, 0, 16, 1], "texture": "#1"}
			}
		},
		{
			"from": [5.5, 1, 5.5],
			"to": [10.5, 2, 6],
			"rotation": {"angle": 0, "axis": "y", "origin": [18.5, 9, 14]},
			"faces": {
				"north": {"uv": [0, 5, 16, 9], "texture": "#1"},
				"east": {"uv": [0, 0, 0.5, 1], "texture": "#missing"},
				"south": {"uv": [5, 6, 12, 8], "texture": "#1"},
				"west": {"uv": [0, 0, 0.5, 1], "texture": "#missing"},
				"up": {"uv": [0, 0, 16, 1], "texture": "#1"},
				"down": {"uv": [0, 0, 16, 1], "texture": "#1"}
			}
		}
	],
	"display": {
		"thirdperson_righthand": {
			"rotation": [70, 0, 0],
			"translation": [-2.5, 1.75, 2.75],
			"scale": [0.54, 0.54, 0.54]
		},
		"thirdperson_lefthand": {
			"rotation": [70, 0, 0],
			"translation": [-2.5, 1.75, 2.75],
			"scale": [0.54, 0.54, 0.54]
		},
		"firstperson_righthand": {
			"translation": [0, 6, 0]
		},
		"firstperson_lefthand": {
			"translation": [0, 6, 0]
		},
		"ground": {
			"translation": [0, 10, 0]
		},
		"gui": {
			"rotation": [17, 45, 0],
			"translation": [-0.5, 6.75, 0],
			"scale": [1.4, 1.4, 1.4]
		},
		"head": {
			"rotation": [14, 47, 0],
			"translation": [-0.5, -0.5, -9.75]
		},
		"fixed": {
			"rotation": [0, 45, 0],
			"translation": [-0.75, 9.5, 0],
			"scale": [2.02, 2.02, 2.02]
		}
	},
	"groups": [
		{
			"name": "utuwa",
			"origin": [16, 8, 19.5],
			"children": [0, 1, 2, 3, 4, 5, 6, 7, 8, 9, 10, 11, 12]
		}
	]
}