{
	"credit": "Made with Blockbench",
	"texture_size": [256, 256],
	"textures": {
		"0": "item/coverpicture",
		"particle": "item/coverpicture"
	},
	"elements": [
		{
			"from": [0, 0, 0],
			"to": [24, 0.03125, 16],
			"faces": {
				"north": {"uv": [0, 0, 1.5, 0.00195], "texture": "#missing"},
				"east": {"uv": [0, 0, 1, 0.00195], "texture": "#missing"},
				"south": {"uv": [0, 0, 1.5, 0.00195], "texture": "#missing"},
				"west": {"uv": [0, 0, 1, 0.00195], "texture": "#missing"},
				"up": {"uv": [2.5, 0, 13.5, 15.93756], "rotation": 90, "texture": "#0"},
				"down": {"uv": [0, 0, 1.5, 1], "texture": "#missing"}
			}
		}
	],
	"display": {
		"gui": {
			"rotation": [90, 90, 0],
			"translation": [9, -1.25, 0]
		}
	}
}