{
	"credit": "Made with Blockbench",
	"textures": {
		"0": "item/fricaxshirotama",
		"1": "item/fricaxshirotama_ura2",
		"particle": "item/fricaxshirotama"
	},
	"elements": [
		{
			"name": "fricaxshirotama_0",
			"from": [0.98438, 0, 4.09375],
			"to": [15.51563, 0.26563, 13.75],
			"faces": {
				"north": {"uv": [15.51563, 4.09375, 0.98438, 4.10938], "texture": "#0"},
				"east": {"uv": [15.5, 4.09375, 15.51563, 13.75], "rotation": 90, "texture": "#0"},
				"south": {"uv": [0.98438, 13.73438, 15.51563, 13.75], "texture": "#0"},
				"west": {"uv": [0.98438, 4.09375, 1, 13.75], "rotation": 270, "texture": "#0"},
				"up": {"uv": [0.98438, 4.09375, 15.51563, 13.75], "texture": "#0"},
				"down": {"uv": [0.98438, 13.75, 15.51563, 4.09375], "texture": "#0"}
			}
		},
		{
			"name": "fricaxshirotama_1",
			"from": [15.51563, 0, 4.09375],
			"to": [15.65625, 0.26563, 10.15625],
			"faces": {
				"north": {"uv": [15.65625, 4.09375, 15.51563, 4.10938], "texture": "#0"},
				"east": {"uv": [15.64063, 4.09375, 15.65625, 10.15625], "rotation": 90, "texture": "#0"},
				"south": {"uv": [15.51563, 10.14063, 15.65625, 10.15625], "texture": "#0"},
				"west": {"uv": [15.51563, 4.09375, 15.53125, 10.15625], "rotation": 270, "texture": "#0"},
				"up": {"uv": [15.51563, 4.09375, 15.65625, 10.15625], "texture": "#0"},
				"down": {"uv": [15.51563, 10.15625, 15.65625, 4.09375], "texture": "#0"}
			}
		},
		{
			"name": "fricaxshirotama_2",
			"from": [0.9375, 0, 4.10938],
			"to": [0.98438, 0.26563, 13.73438],
			"faces": {
				"north": {"uv": [0.98438, 4.10938, 0.9375, 4.125], "texture": "#0"},
				"east": {"uv": [0.96875, 4.10938, 0.98438, 13.73438], "rotation": 90, "texture": "#0"},
				"south": {"uv": [0.9375, 13.71875, 0.98438, 13.73438], "texture": "#0"},
				"west": {"uv": [0.9375, 4.10938, 0.95313, 13.73438], "rotation": 270, "texture": "#0"},
				"up": {"uv": [0.9375, 4.10938, 0.98438, 13.73438], "texture": "#0"},
				"down": {"uv": [0.9375, 13.73438, 0.98438, 4.10938], "texture": "#0"}
			}
		},
		{
			"name": "fricaxshirotama_3",
			"from": [15.65625, 0, 4.10938],
			"to": [15.70313, 0.26563, 10.14063],
			"faces": {
				"north": {"uv": [15.70313, 4.10938, 15.65625, 4.125], "texture": "#0"},
				"east": {"uv": [15.6875, 4.10938, 15.70313, 10.14063], "rotation": 90, "texture": "#0"},
				"south": {"uv": [15.65625, 10.125, 15.70313, 10.14063], "texture": "#0"},
				"west": {"uv": [15.65625, 4.10938, 15.67188, 10.14063], "rotation": 270, "texture": "#0"},
				"up": {"uv": [15.65625, 4.10938, 15.70313, 10.14063], "texture": "#0"},
				"down": {"uv": [15.65625, 10.14063, 15.70313, 4.10938], "texture": "#0"}
			}
		},
		{
			"name": "fricaxshirotama_4",
			"from": [0.90625, 0, 4.125],
			"to": [0.9375, 0.26563, 13.71875],
			"faces": {
				"north": {"uv": [0.9375, 4.125, 0.90625, 4.14063], "texture": "#0"},
				"east": {"uv": [0.92188, 4.125, 0.9375, 13.71875], "rotation": 90, "texture": "#0"},
				"south": {"uv": [0.90625, 13.70313, 0.9375, 13.71875], "texture": "#0"},
				"west": {"uv": [0.90625, 4.125, 0.92188, 13.71875], "rotation": 270, "texture": "#0"},
				"up": {"uv": [0.90625, 4.125, 0.9375, 13.71875], "texture": "#0"},
				"down": {"uv": [0.90625, 13.71875, 0.9375, 4.125], "texture": "#0"}
			}
		},
		{
			"name": "fricaxshirotama_5",
			"from": [15.70313, 0, 4.125],
			"to": [15.73438, 0.26563, 10.14063],
			"faces": {
				"north": {"uv": [15.73438, 4.125, 15.70313, 4.14063], "texture": "#0"},
				"east": {"uv": [15.71875, 4.125, 15.73438, 10.14063], "rotation": 90, "texture": "#0"},
				"south": {"uv": [15.70313, 10.125, 15.73438, 10.14063], "texture": "#0"},
				"west": {"uv": [15.70313, 4.125, 15.71875, 10.14063], "rotation": 270, "texture": "#0"},
				"up": {"uv": [15.70313, 4.125, 15.73438, 10.14063], "texture": "#0"},
				"down": {"uv": [15.70313, 10.14063, 15.73438, 4.125], "texture": "#0"}
			}
		},
		{
			"name": "fricaxshirotama_6",
			"from": [0.875, 0, 4.14063],
			"to": [0.90625, 0.26563, 13.70313],
			"faces": {
				"north": {"uv": [0.90625, 4.14063, 0.875, 4.15625], "texture": "#0"},
				"east": {"uv": [0.89063, 4.14063, 0.90625, 13.70313], "rotation": 90, "texture": "#0"},
				"south": {"uv": [0.875, 13.6875, 0.90625, 13.70313], "texture": "#0"},
				"west": {"uv": [0.875, 4.14063, 0.89063, 13.70313], "rotation": 270, "texture": "#0"},
				"up": {"uv": [0.875, 4.14063, 0.90625, 13.70313], "texture": "#0"},
				"down": {"uv": [0.875, 13.70313, 0.90625, 4.14063], "texture": "#0"}
			}
		},
		{
			"name": "fricaxshirotama_7",
			"from": [15.73438, 0, 4.14063],
			"to": [15.76563, 0.26563, 10.125],
			"faces": {
				"north": {"uv": [15.76563, 4.14063, 15.73438, 4.15625], "texture": "#0"},
				"east": {"uv": [15.75, 4.14063, 15.76563, 10.125], "rotation": 90, "texture": "#0"},
				"south": {"uv": [15.73438, 10.10938, 15.76563, 10.125], "texture": "#0"},
				"west": {"uv": [15.73438, 4.14063, 15.75, 10.125], "rotation": 270, "texture": "#0"},
				"up": {"uv": [15.73438, 4.14063, 15.76563, 10.125], "texture": "#0"},
				"down": {"uv": [15.73438, 10.125, 15.76563, 4.14063], "texture": "#0"}
			}
		},
		{
			"name": "fricaxshirotama_8",
			"from": [0.84375, 0, 4.15625],
			"to": [0.875, 0.26563, 13.6875],
			"faces": {
				"north": {"uv": [0.875, 4.15625, 0.84375, 4.17188], "texture": "#0"},
				"east": {"uv": [0.85938, 4.15625, 0.875, 13.6875], "rotation": 90, "texture": "#0"},
				"south": {"uv": [0.84375, 13.67188, 0.875, 13.6875], "texture": "#0"},
				"west": {"uv": [0.84375, 4.15625, 0.85938, 13.6875], "rotation": 270, "texture": "#0"},
				"up": {"uv": [0.84375, 4.15625, 0.875, 13.6875], "texture": "#0"},
				"down": {"uv": [0.84375, 13.6875, 0.875, 4.15625], "texture": "#0"}
			}
		},
		{
			"name": "fricaxshirotama_9",
			"from": [15.76563, 0, 4.15625],
			"to": [15.79688, 0.26563, 10.125],
			"faces": {
				"north": {"uv": [15.79688, 4.15625, 15.76563, 4.17188], "texture": "#0"},
				"east": {"uv": [15.78125, 4.15625, 15.79688, 10.125], "rotation": 90, "texture": "#0"},
				"south": {"uv": [15.76563, 10.10938, 15.79688, 10.125], "texture": "#0"},
				"west": {"uv": [15.76563, 4.15625, 15.78125, 10.125], "rotation": 270, "texture": "#0"},
				"up": {"uv": [15.76563, 4.15625, 15.79688, 10.125], "texture": "#0"},
				"down": {"uv": [15.76563, 10.125, 15.79688, 4.15625], "texture": "#0"}
			}
		},
		{
			"name": "fricaxshirotama_10",
			"from": [0.82813, 0, 4.17188],
			"to": [0.84375, 0.26563, 13.67188],
			"faces": {
				"north": {"uv": [0.84375, 4.17188, 0.82813, 4.1875], "texture": "#0"},
				"east": {"uv": [0.82813, 4.17188, 0.84375, 13.67188], "rotation": 90, "texture": "#0"},
				"south": {"uv": [0.82813, 13.65625, 0.84375, 13.67188], "texture": "#0"},
				"west": {"uv": [0.82813, 4.17188, 0.84375, 13.67188], "rotation": 270, "texture": "#0"},
				"up": {"uv": [0.82813, 4.17188, 0.84375, 13.67188], "texture": "#0"},
				"down": {"uv": [0.82813, 13.67188, 0.84375, 4.17188], "texture": "#0"}
			}
		},
		{
			"name": "fricaxshirotama_11",
			"from": [15.79688, 0, 4.17188],
			"to": [15.8125, 0.26563, 10.125],
			"faces": {
				"north": {"uv": [15.8125, 4.17188, 15.79688, 4.1875], "texture": "#0"},
				"east": {"uv": [15.79688, 4.17188, 15.8125, 10.125], "rotation": 90, "texture": "#0"},
				"south": {"uv": [15.79688, 10.10938, 15.8125, 10.125], "texture": "#0"},
				"west": {"uv": [15.79688, 4.17188, 15.8125, 10.125], "rotation": 270, "texture": "#0"},
				"up": {"uv": [15.79688, 4.17188, 15.8125, 10.125], "texture": "#0"},
				"down": {"uv": [15.79688, 10.125, 15.8125, 4.17188], "texture": "#0"}
			}
		},
		{
			"name": "fricaxshirotama_12",
			"from": [0.79688, 0, 4.1875],
			"to": [0.82813, 0.26563, 13.65625],
			"faces": {
				"north": {"uv": [0.82813, 4.1875, 0.79688, 4.20313], "texture": "#0"},
				"east": {"uv": [0.8125, 4.1875, 0.82813, 13.65625], "rotation": 90, "texture": "#0"},
				"south": {"uv": [0.79688, 13.64063, 0.82813, 13.65625], "texture": "#0"},
				"west": {"uv": [0.79688, 4.1875, 0.8125, 13.65625], "rotation": 270, "texture": "#0"},
				"up": {"uv": [0.79688, 4.1875, 0.82813, 13.65625], "texture": "#0"},
				"down": {"uv": [0.79688, 13.65625, 0.82813, 4.1875], "texture": "#0"}
			}
		},
		{
			"name": "fricaxshirotama_13",
			"from": [15.8125, 0, 4.1875],
			"to": [15.84375, 0.26563, 10.10938],
			"faces": {
				"north": {"uv": [15.84375, 4.1875, 15.8125, 4.20313], "texture": "#0"},
				"east": {"uv": [15.82813, 4.1875, 15.84375, 10.10938], "rotation": 90, "texture": "#0"},
				"south": {"uv": [15.8125, 10.09375, 15.84375, 10.10938], "texture": "#0"},
				"west": {"uv": [15.8125, 4.1875, 15.82813, 10.10938], "rotation": 270, "texture": "#0"},
				"up": {"uv": [15.8125, 4.1875, 15.84375, 10.10938], "texture": "#0"},
				"down": {"uv": [15.8125, 10.10938, 15.84375, 4.1875], "texture": "#0"}
			}
		},
		{
			"name": "fricaxshirotama_14",
			"from": [0.78125, 0, 4.20313],
			"to": [0.79688, 0.26563, 13.64063],
			"faces": {
				"north": {"uv": [0.79688, 4.20313, 0.78125, 4.21875], "texture": "#0"},
				"east": {"uv": [0.78125, 4.20313, 0.79688, 13.64063], "rotation": 90, "texture": "#0"},
				"south": {"uv": [0.78125, 13.625, 0.79688, 13.64063], "texture": "#0"},
				"west": {"uv": [0.78125, 4.20313, 0.79688, 13.64063], "rotation": 270, "texture": "#0"},
				"up": {"uv": [0.78125, 4.20313, 0.79688, 13.64063], "texture": "#0"},
				"down": {"uv": [0.78125, 13.64063, 0.79688, 4.20313], "texture": "#0"}
			}
		},
		{
			"name": "fricaxshirotama_15",
			"from": [15.84375, 0, 4.20313],
			"to": [15.85938, 0.26563, 10.10938],
			"faces": {
				"north": {"uv": [15.85938, 4.20313, 15.84375, 4.21875], "texture": "#0"},
				"east": {"uv": [15.84375, 4.20313, 15.85938, 10.10938], "rotation": 90, "texture": "#0"},
				"south": {"uv": [15.84375, 10.09375, 15.85938, 10.10938], "texture": "#0"},
				"west": {"uv": [15.84375, 4.20313, 15.85938, 10.10938], "rotation": 270, "texture": "#0"},
				"up": {"uv": [15.84375, 4.20313, 15.85938, 10.10938], "texture": "#0"},
				"down": {"uv": [15.84375, 10.10938, 15.85938, 4.20313], "texture": "#0"}
			}
		},
		{
			"name": "fricaxshirotama_16",
			"from": [0.76563, 0, 4.21875],
			"to": [0.78125, 0.26563, 13.625],
			"faces": {
				"north": {"uv": [0.78125, 4.21875, 0.76563, 4.23438], "texture": "#0"},
				"east": {"uv": [0.76563, 4.21875, 0.78125, 13.625], "rotation": 90, "texture": "#0"},
				"south": {"uv": [0.76563, 13.60938, 0.78125, 13.625], "texture": "#0"},
				"west": {"uv": [0.76563, 4.21875, 0.78125, 13.625], "rotation": 270, "texture": "#0"},
				"up": {"uv": [0.76563, 4.21875, 0.78125, 13.625], "texture": "#0"},
				"down": {"uv": [0.76563, 13.625, 0.78125, 4.21875], "texture": "#0"}
			}
		},
		{
			"name": "fricaxshirotama_17",
			"from": [15.85938, 0, 4.21875],
			"to": [15.875, 0.26563, 10.10938],
			"faces": {
				"north": {"uv": [15.875, 4.21875, 15.85938, 4.23438], "texture": "#0"},
				"east": {"uv": [15.85938, 4.21875, 15.875, 10.10938], "rotation": 90, "texture": "#0"},
				"south": {"uv": [15.85938, 10.09375, 15.875, 10.10938], "texture": "#0"},
				"west": {"uv": [15.85938, 4.21875, 15.875, 10.10938], "rotation": 270, "texture": "#0"},
				"up": {"uv": [15.85938, 4.21875, 15.875, 10.10938], "texture": "#0"},
				"down": {"uv": [15.85938, 10.10938, 15.875, 4.21875], "texture": "#0"}
			}
		},
		{
			"name": "fricaxshirotama_18",
			"from": [0.75, 0, 4.23438],
			"to": [0.76563, 0.26563, 13.60938],
			"faces": {
				"north": {"uv": [0.76563, 4.23438, 0.75, 4.25], "texture": "#0"},
				"east": {"uv": [0.75, 4.23438, 0.76563, 13.60938], "rotation": 90, "texture": "#0"},
				"south": {"uv": [0.75, 13.59375, 0.76563, 13.60938], "texture": "#0"},
				"west": {"uv": [0.75, 4.23438, 0.76563, 13.60938], "rotation": 270, "texture": "#0"},
				"up": {"uv": [0.75, 4.23438, 0.76563, 13.60938], "texture": "#0"},
				"down": {"uv": [0.75, 13.60938, 0.76563, 4.23438], "texture": "#0"}
			}
		},
		{
			"name": "fricaxshirotama_19",
			"from": [15.875, 0, 4.23438],
			"to": [15.89063, 0.26563, 10.09375],
			"faces": {
				"north": {"uv": [15.89063, 4.23438, 15.875, 4.25], "texture": "#0"},
				"east": {"uv": [15.875, 4.23438, 15.89063, 10.09375], "rotation": 90, "texture": "#0"},
				"south": {"uv": [15.875, 10.07813, 15.89063, 10.09375], "texture": "#0"},
				"west": {"uv": [15.875, 4.23438, 15.89063, 10.09375], "rotation": 270, "texture": "#0"},
				"up": {"uv": [15.875, 4.23438, 15.89063, 10.09375], "texture": "#0"},
				"down": {"uv": [15.875, 10.09375, 15.89063, 4.23438], "texture": "#0"}
			}
		},
		{
			"name": "fricaxshirotama_20",
			"from": [0.73438, 0, 4.25],
			"to": [0.75, 0.26563, 13.59375],
			"faces": {
				"north": {"uv": [0.75, 4.25, 0.73438, 4.26563], "texture": "#0"},
				"east": {"uv": [0.73438, 4.25, 0.75, 13.59375], "rotation": 90, "texture": "#0"},
				"south": {"uv": [0.73438, 13.57813, 0.75, 13.59375], "texture": "#0"},
				"west": {"uv": [0.73438, 4.25, 0.75, 13.59375], "rotation": 270, "texture": "#0"},
				"up": {"uv": [0.73438, 4.25, 0.75, 13.59375], "texture": "#0"},
				"down": {"uv": [0.73438, 13.59375, 0.75, 4.25], "texture": "#0"}
			}
		},
		{
			"name": "fricaxshirotama_21",
			"from": [15.89063, 0, 4.25],
			"to": [15.90625, 0.26563, 10.09375],
			"faces": {
				"north": {"uv": [15.90625, 4.25, 15.89063, 4.26563], "texture": "#0"},
				"east": {"uv": [15.89063, 4.25, 15.90625, 10.09375], "rotation": 90, "texture": "#0"},
				"south": {"uv": [15.89063, 10.07813, 15.90625, 10.09375], "texture": "#0"},
				"west": {"uv": [15.89063, 4.25, 15.90625, 10.09375], "rotation": 270, "texture": "#0"},
				"up": {"uv": [15.89063, 4.25, 15.90625, 10.09375], "texture": "#0"},
				"down": {"uv": [15.89063, 10.09375, 15.90625, 4.25], "texture": "#0"}
			}
		},
		{
			"name": "fricaxshirotama_22",
			"from": [0.71875, 0, 4.28125],
			"to": [0.73438, 0.26563, 13.5625],
			"faces": {
				"north": {"uv": [0.73438, 4.28125, 0.71875, 4.29688], "texture": "#0"},
				"east": {"uv": [0.71875, 4.28125, 0.73438, 13.5625], "rotation": 90, "texture": "#0"},
				"south": {"uv": [0.71875, 13.54688, 0.73438, 13.5625], "texture": "#0"},
				"west": {"uv": [0.71875, 4.28125, 0.73438, 13.5625], "rotation": 270, "texture": "#0"},
				"up": {"uv": [0.71875, 4.28125, 0.73438, 13.5625], "texture": "#0"},
				"down": {"uv": [0.71875, 13.5625, 0.73438, 4.28125], "texture": "#0"}
			}
		},
		{
			"name": "fricaxshirotama_23",
			"from": [15.90625, 0, 4.28125],
			"to": [15.92188, 0.26563, 10.09375],
			"faces": {
				"north": {"uv": [15.92188, 4.28125, 15.90625, 4.29688], "texture": "#0"},
				"east": {"uv": [15.90625, 4.28125, 15.92188, 10.09375], "rotation": 90, "texture": "#0"},
				"south": {"uv": [15.90625, 10.07813, 15.92188, 10.09375], "texture": "#0"},
				"west": {"uv": [15.90625, 4.28125, 15.92188, 10.09375], "rotation": 270, "texture": "#0"},
				"up": {"uv": [15.90625, 4.28125, 15.92188, 10.09375], "texture": "#0"},
				"down": {"uv": [15.90625, 10.09375, 15.92188, 4.28125], "texture": "#0"}
			}
		},
		{
			"name": "fricaxshirotama_24",
			"from": [0.70313, 0, 4.29688],
			"to": [0.71875, 0.26563, 13.54688],
			"faces": {
				"north": {"uv": [0.71875, 4.29688, 0.70313, 4.3125], "texture": "#0"},
				"east": {"uv": [0.70313, 4.29688, 0.71875, 13.54688], "rotation": 90, "texture": "#0"},
				"south": {"uv": [0.70313, 13.53125, 0.71875, 13.54688], "texture": "#0"},
				"west": {"uv": [0.70313, 4.29688, 0.71875, 13.54688], "rotation": 270, "texture": "#0"},
				"up": {"uv": [0.70313, 4.29688, 0.71875, 13.54688], "texture": "#0"},
				"down": {"uv": [0.70313, 13.54688, 0.71875, 4.29688], "texture": "#0"}
			}
		},
		{
			"name": "fricaxshirotama_25",
			"from": [15.92188, 0, 4.29688],
			"to": [15.9375, 0.26563, 10.09375],
			"faces": {
				"north": {"uv": [15.9375, 4.29688, 15.92188, 4.3125], "texture": "#0"},
				"east": {"uv": [15.92188, 4.29688, 15.9375, 10.09375], "rotation": 90, "texture": "#0"},
				"south": {"uv": [15.92188, 10.07813, 15.9375, 10.09375], "texture": "#0"},
				"west": {"uv": [15.92188, 4.29688, 15.9375, 10.09375], "rotation": 270, "texture": "#0"},
				"up": {"uv": [15.92188, 4.29688, 15.9375, 10.09375], "texture": "#0"},
				"down": {"uv": [15.92188, 10.09375, 15.9375, 4.29688], "texture": "#0"}
			}
		},
		{
			"name": "fricaxshirotama_26",
			"from": [0.6875, 0, 4.32813],
			"to": [0.70313, 0.26563, 13.51563],
			"faces": {
				"north": {"uv": [0.70313, 4.32813, 0.6875, 4.34375], "texture": "#0"},
				"east": {"uv": [0.6875, 4.32813, 0.70313, 13.51563], "rotation": 90, "texture": "#0"},
				"south": {"uv": [0.6875, 13.5, 0.70313, 13.51563], "texture": "#0"},
				"west": {"uv": [0.6875, 4.32813, 0.70313, 13.51563], "rotation": 270, "texture": "#0"},
				"up": {"uv": [0.6875, 4.32813, 0.70313, 13.51563], "texture": "#0"},
				"down": {"uv": [0.6875, 13.51563, 0.70313, 4.32813], "texture": "#0"}
			}
		},
		{
			"name": "fricaxshirotama_27",
			"from": [15.9375, 0, 4.32813],
			"to": [15.95313, 0.26563, 10.07813],
			"faces": {
				"north": {"uv": [15.95313, 4.32813, 15.9375, 4.34375], "texture": "#0"},
				"east": {"uv": [15.9375, 4.32813, 15.95313, 10.07813], "rotation": 90, "texture": "#0"},
				"south": {"uv": [15.9375, 10.0625, 15.95313, 10.07813], "texture": "#0"},
				"west": {"uv": [15.9375, 4.32813, 15.95313, 10.07813], "rotation": 270, "texture": "#0"},
				"up": {"uv": [15.9375, 4.32813, 15.95313, 10.07813], "texture": "#0"},
				"down": {"uv": [15.9375, 10.07813, 15.95313, 4.32813], "texture": "#0"}
			}
		},
		{
			"name": "fricaxshirotama_28",
			"from": [0.67188, 0, 4.35938],
			"to": [0.6875, 0.26563, 13.48438],
			"faces": {
				"north": {"uv": [0.6875, 4.35938, 0.67188, 4.375], "texture": "#0"},
				"east": {"uv": [0.67188, 4.35938, 0.6875, 13.48438], "rotation": 90, "texture": "#0"},
				"south": {"uv": [0.67188, 13.46875, 0.6875, 13.48438], "texture": "#0"},
				"west": {"uv": [0.67188, 4.35938, 0.6875, 13.48438], "rotation": 270, "texture": "#0"},
				"up": {"uv": [0.67188, 4.35938, 0.6875, 13.48438], "texture": "#0"},
				"down": {"uv": [0.67188, 13.48438, 0.6875, 4.35938], "texture": "#0"}
			}
		},
		{
			"name": "fricaxshirotama_29",
			"from": [15.95313, 0, 4.35938],
			"to": [15.96875, 0.26563, 10.07813],
			"faces": {
				"north": {"uv": [15.96875, 4.35938, 15.95313, 4.375], "texture": "#0"},
				"east": {"uv": [15.95313, 4.35938, 15.96875, 10.07813], "rotation": 90, "texture": "#0"},
				"south": {"uv": [15.95313, 10.0625, 15.96875, 10.07813], "texture": "#0"},
				"west": {"uv": [15.95313, 4.35938, 15.96875, 10.07813], "rotation": 270, "texture": "#0"},
				"up": {"uv": [15.95313, 4.35938, 15.96875, 10.07813], "texture": "#0"},
				"down": {"uv": [15.95313, 10.07813, 15.96875, 4.35938], "texture": "#0"}
			}
		},
		{
			"name": "fricaxshirotama_30",
			"from": [0.65625, 0, 4.39063],
			"to": [0.67188, 0.26563, 13.45313],
			"faces": {
				"north": {"uv": [0.67188, 4.39063, 0.65625, 4.40625], "texture": "#0"},
				"east": {"uv": [0.65625, 4.39063, 0.67188, 13.45313], "rotation": 90, "texture": "#0"},
				"south": {"uv": [0.65625, 13.4375, 0.67188, 13.45313], "texture": "#0"},
				"west": {"uv": [0.65625, 4.39063, 0.67188, 13.45313], "rotation": 270, "texture": "#0"},
				"up": {"uv": [0.65625, 4.39063, 0.67188, 13.45313], "texture": "#0"},
				"down": {"uv": [0.65625, 13.45313, 0.67188, 4.39063], "texture": "#0"}
			}
		},
		{
			"name": "fricaxshirotama_31",
			"from": [15.96875, 0, 4.39063],
			"to": [15.98438, 0.26563, 10.07813],
			"faces": {
				"north": {"uv": [15.98438, 4.39063, 15.96875, 4.40625], "texture": "#0"},
				"east": {"uv": [15.96875, 4.39063, 15.98438, 10.07813], "rotation": 90, "texture": "#0"},
				"south": {"uv": [15.96875, 10.0625, 15.98438, 10.07813], "texture": "#0"},
				"west": {"uv": [15.96875, 4.39063, 15.98438, 10.07813], "rotation": 270, "texture": "#0"},
				"up": {"uv": [15.96875, 4.39063, 15.98438, 10.07813], "texture": "#0"},
				"down": {"uv": [15.96875, 10.07813, 15.98438, 4.39063], "texture": "#0"}
			}
		},
		{
			"name": "fricaxshirotama_32",
			"from": [0.64063, 0, 4.4375],
			"to": [0.65625, 0.26563, 13.40625],
			"faces": {
				"north": {"uv": [0.65625, 4.4375, 0.64063, 4.45313], "texture": "#0"},
				"east": {"uv": [0.64063, 4.4375, 0.65625, 13.40625], "rotation": 90, "texture": "#0"},
				"south": {"uv": [0.64063, 13.39063, 0.65625, 13.40625], "texture": "#0"},
				"west": {"uv": [0.64063, 4.4375, 0.65625, 13.40625], "rotation": 270, "texture": "#0"},
				"up": {"uv": [0.64063, 4.4375, 0.65625, 13.40625], "texture": "#0"},
				"down": {"uv": [0.64063, 13.40625, 0.65625, 4.4375], "texture": "#0"}
			}
		},
		{
			"name": "fricaxshirotama_33",
			"from": [15.98438, 0, 4.4375],
			"to": [16, 0.26563, 10.07813],
			"faces": {
				"north": {"uv": [16, 4.4375, 15.98438, 4.45313], "texture": "#0"},
				"east": {"uv": [15.98438, 4.4375, 16, 10.07813], "rotation": 90, "texture": "#0"},
				"south": {"uv": [15.98438, 10.0625, 16, 10.07813], "texture": "#0"},
				"west": {"uv": [15.98438, 4.4375, 16, 10.07813], "rotation": 270, "texture": "#0"},
				"up": {"uv": [15.98438, 4.4375, 16, 10.07813], "texture": "#0"},
				"down": {"uv": [15.98438, 10.07813, 16, 4.4375], "texture": "#0"}
			}
		},
		{
			"name": "fricaxshirotama_34",
			"from": [15.73438, 0, 10.125],
			"to": [15.75, 0.26563, 10.14063],
			"faces": {
				"north": {"uv": [15.75, 10.125, 15.73438, 10.14063], "texture": "#0"},
				"east": {"uv": [15.73438, 10.125, 15.75, 10.14063], "rotation": 90, "texture": "#0"},
				"south": {"uv": [15.73438, 10.125, 15.75, 10.14063], "texture": "#0"},
				"west": {"uv": [15.73438, 10.125, 15.75, 10.14063], "rotation": 270, "texture": "#0"},
				"up": {"uv": [15.73438, 10.125, 15.75, 10.14063], "texture": "#0"},
				"down": {"uv": [15.73438, 10.14063, 15.75, 10.125], "texture": "#0"}
			}
		},
		{
			"name": "fricaxshirotama_35",
			"from": [15.65625, 0, 10.14063],
			"to": [15.6875, 0.26563, 10.15625],
			"faces": {
				"north": {"uv": [15.6875, 10.14063, 15.65625, 10.15625], "texture": "#0"},
				"east": {"uv": [15.67188, 10.14063, 15.6875, 10.15625], "rotation": 90, "texture": "#0"},
				"south": {"uv": [15.65625, 10.14063, 15.6875, 10.15625], "texture": "#0"},
				"west": {"uv": [15.65625, 10.14063, 15.67188, 10.15625], "rotation": 270, "texture": "#0"},
				"up": {"uv": [15.65625, 10.14063, 15.6875, 10.15625], "texture": "#0"},
				"down": {"uv": [15.65625, 10.15625, 15.6875, 10.14063], "texture": "#0"}
			}
		},
		{
			"name": "fricaxshirotama_36",
			"from": [15.51563, 0, 10.15625],
			"to": [15.57813, 0.26563, 10.20313],
			"faces": {
				"north": {"uv": [15.57813, 10.15625, 15.51563, 10.17188], "texture": "#0"},
				"east": {"uv": [15.5625, 10.15625, 15.57813, 10.20313], "rotation": 90, "texture": "#0"},
				"south": {"uv": [15.51563, 10.1875, 15.57813, 10.20313], "texture": "#0"},
				"west": {"uv": [15.51563, 10.15625, 15.53125, 10.20313], "rotation": 270, "texture": "#0"},
				"up": {"uv": [15.51563, 10.15625, 15.57813, 10.20313], "texture": "#0"},
				"down": {"uv": [15.51563, 10.20313, 15.57813, 10.15625], "texture": "#0"}
			}
		},
		{
			"name": "fricaxshirotama_37",
			"from": [15.57813, 0, 10.15625],
			"to": [15.625, 0.26563, 10.17188],
			"faces": {
				"north": {"uv": [15.625, 10.15625, 15.57813, 10.17188], "texture": "#0"},
				"east": {"uv": [15.60938, 10.15625, 15.625, 10.17188], "rotation": 90, "texture": "#0"},
				"south": {"uv": [15.57813, 10.15625, 15.625, 10.17188], "texture": "#0"},
				"west": {"uv": [15.57813, 10.15625, 15.59375, 10.17188], "rotation": 270, "texture": "#0"},
				"up": {"uv": [15.57813, 10.15625, 15.625, 10.17188], "texture": "#0"},
				"down": {"uv": [15.57813, 10.17188, 15.625, 10.15625], "texture": "#0"}
			}
		},
		{
			"name": "fricaxshirotama_38",
			"from": [15.57813, 0, 10.17188],
			"to": [15.59375, 0.26563, 10.1875],
			"faces": {
				"north": {"uv": [15.59375, 10.17188, 15.57813, 10.1875], "texture": "#0"},
				"east": {"uv": [15.57813, 10.17188, 15.59375, 10.1875], "rotation": 90, "texture": "#0"},
				"south": {"uv": [15.57813, 10.17188, 15.59375, 10.1875], "texture": "#0"},
				"west": {"uv": [15.57813, 10.17188, 15.59375, 10.1875], "rotation": 270, "texture": "#0"},
				"up": {"uv": [15.57813, 10.17188, 15.59375, 10.1875], "texture": "#0"},
				"down": {"uv": [15.57813, 10.1875, 15.59375, 10.17188], "texture": "#0"}
			}
		},
		{
			"name": "fricaxshirotama_39",
			"from": [15.51563, 0, 10.20313],
			"to": [15.54688, 0.26563, 10.23438],
			"faces": {
				"north": {"uv": [15.54688, 10.20313, 15.51563, 10.21875], "texture": "#0"},
				"east": {"uv": [15.53125, 10.20313, 15.54688, 10.23438], "rotation": 90, "texture": "#0"},
				"south": {"uv": [15.51563, 10.21875, 15.54688, 10.23438], "texture": "#0"},
				"west": {"uv": [15.51563, 10.20313, 15.53125, 10.23438], "rotation": 270, "texture": "#0"},
				"up": {"uv": [15.51563, 10.20313, 15.54688, 10.23438], "texture": "#0"},
				"down": {"uv": [15.51563, 10.23438, 15.54688, 10.20313], "texture": "#0"}
			}
		},
		{
			"name": "fricaxshirotama_40",
			"from": [15.54688, 0, 10.20313],
			"to": [15.5625, 0.26563, 10.21875],
			"faces": {
				"north": {"uv": [15.5625, 10.20313, 15.54688, 10.21875], "texture": "#0"},
				"east": {"uv": [15.54688, 10.20313, 15.5625, 10.21875], "rotation": 90, "texture": "#0"},
				"south": {"uv": [15.54688, 10.20313, 15.5625, 10.21875], "texture": "#0"},
				"west": {"uv": [15.54688, 10.20313, 15.5625, 10.21875], "rotation": 270, "texture": "#0"},
				"up": {"uv": [15.54688, 10.20313, 15.5625, 10.21875], "texture": "#0"},
				"down": {"uv": [15.54688, 10.21875, 15.5625, 10.20313], "texture": "#0"}
			}
		},
		{
			"name": "fricaxshirotama_41",
			"from": [15.51563, 0, 10.23438],
			"to": [15.53125, 0.26563, 10.28125],
			"faces": {
				"north": {"uv": [15.53125, 10.23438, 15.51563, 10.25], "texture": "#0"},
				"east": {"uv": [15.51563, 10.23438, 15.53125, 10.28125], "rotation": 90, "texture": "#0"},
				"south": {"uv": [15.51563, 10.26563, 15.53125, 10.28125], "texture": "#0"},
				"west": {"uv": [15.51563, 10.23438, 15.53125, 10.28125], "rotation": 270, "texture": "#0"},
				"up": {"uv": [15.51563, 10.23438, 15.53125, 10.28125], "texture": "#0"},
				"down": {"uv": [15.51563, 10.28125, 15.53125, 10.23438], "texture": "#0"}
			}
		},
		{
			"name": "fricaxshirotama_42",
			"from": [15.51563, 0, 10.32813],
			"to": [15.53125, 0.26563, 13.75],
			"faces": {
				"north": {"uv": [15.53125, 10.32813, 15.51563, 10.34375], "texture": "#0"},
				"east": {"uv": [15.51563, 10.32813, 15.53125, 13.75], "rotation": 90, "texture": "#0"},
				"south": {"uv": [15.51563, 13.73438, 15.53125, 13.75], "texture": "#0"},
				"west": {"uv": [15.51563, 10.32813, 15.53125, 13.75], "rotation": 270, "texture": "#0"},
				"up": {"uv": [15.51563, 10.32813, 15.53125, 13.75], "texture": "#0"},
				"down": {"uv": [15.51563, 13.75, 15.53125, 10.32813], "texture": "#0"}
			}
		},
		{
			"name": "fricaxshirotama_43",
			"from": [15.53125, 0, 10.40625],
			"to": [15.54688, 0.26563, 13.75],
			"faces": {
				"north": {"uv": [15.54688, 10.40625, 15.53125, 10.42188], "texture": "#0"},
				"east": {"uv": [15.53125, 10.40625, 15.54688, 13.75], "rotation": 90, "texture": "#0"},
				"south": {"uv": [15.53125, 13.73438, 15.54688, 13.75], "texture": "#0"},
				"west": {"uv": [15.53125, 10.40625, 15.54688, 13.75], "rotation": 270, "texture": "#0"},
				"up": {"uv": [15.53125, 10.40625, 15.54688, 13.75], "texture": "#0"},
				"down": {"uv": [15.53125, 13.75, 15.54688, 10.40625], "texture": "#0"}
			}
		},
		{
			"name": "fricaxshirotama_44",
			"from": [15.54688, 0, 10.45313],
			"to": [15.5625, 0.26563, 13.75],
			"faces": {
				"north": {"uv": [15.5625, 10.45313, 15.54688, 10.46875], "texture": "#0"},
				"east": {"uv": [15.54688, 10.45313, 15.5625, 13.75], "rotation": 90, "texture": "#0"},
				"south": {"uv": [15.54688, 13.73438, 15.5625, 13.75], "texture": "#0"},
				"west": {"uv": [15.54688, 10.45313, 15.5625, 13.75], "rotation": 270, "texture": "#0"},
				"up": {"uv": [15.54688, 10.45313, 15.5625, 13.75], "texture": "#0"},
				"down": {"uv": [15.54688, 13.75, 15.5625, 10.45313], "texture": "#0"}
			}
		},
		{
			"name": "fricaxshirotama_45",
			"from": [15.5625, 0, 10.51563],
			"to": [15.57813, 0.26563, 13.75],
			"faces": {
				"north": {"uv": [15.57813, 10.51563, 15.5625, 10.53125], "texture": "#0"},
				"east": {"uv": [15.5625, 10.51563, 15.57813, 13.75], "rotation": 90, "texture": "#0"},
				"south": {"uv": [15.5625, 13.73438, 15.57813, 13.75], "texture": "#0"},
				"west": {"uv": [15.5625, 10.51563, 15.57813, 13.75], "rotation": 270, "texture": "#0"},
				"up": {"uv": [15.5625, 10.51563, 15.57813, 13.75], "texture": "#0"},
				"down": {"uv": [15.5625, 13.75, 15.57813, 10.51563], "texture": "#0"}
			}
		},
		{
			"name": "fricaxshirotama_46",
			"from": [15.57813, 0, 10.57813],
			"to": [15.59375, 0.26563, 13.75],
			"faces": {
				"north": {"uv": [15.59375, 10.57813, 15.57813, 10.59375], "texture": "#0"},
				"east": {"uv": [15.57813, 10.57813, 15.59375, 13.75], "rotation": 90, "texture": "#0"},
				"south": {"uv": [15.57813, 13.73438, 15.59375, 13.75], "texture": "#0"},
				"west": {"uv": [15.57813, 10.57813, 15.59375, 13.75], "rotation": 270, "texture": "#0"},
				"up": {"uv": [15.57813, 10.57813, 15.59375, 13.75], "texture": "#0"},
				"down": {"uv": [15.57813, 13.75, 15.59375, 10.57813], "texture": "#0"}
			}
		},
		{
			"name": "fricaxshirotama_47",
			"from": [15.59375, 0, 10.64063],
			"to": [15.60938, 0.26563, 13.75],
			"faces": {
				"north": {"uv": [15.60938, 10.64063, 15.59375, 10.65625], "texture": "#0"},
				"east": {"uv": [15.59375, 10.64063, 15.60938, 13.75], "rotation": 90, "texture": "#0"},
				"south": {"uv": [15.59375, 13.73438, 15.60938, 13.75], "texture": "#0"},
				"west": {"uv": [15.59375, 10.64063, 15.60938, 13.75], "rotation": 270, "texture": "#0"},
				"up": {"uv": [15.59375, 10.64063, 15.60938, 13.75], "texture": "#0"},
				"down": {"uv": [15.59375, 13.75, 15.60938, 10.64063], "texture": "#0"}
			}
		},
		{
			"name": "fricaxshirotama_48",
			"from": [15.60938, 0, 10.70313],
			"to": [15.625, 0.26563, 13.75],
			"faces": {
				"north": {"uv": [15.625, 10.70313, 15.60938, 10.71875], "texture": "#0"},
				"east": {"uv": [15.60938, 10.70313, 15.625, 13.75], "rotation": 90, "texture": "#0"},
				"south": {"uv": [15.60938, 13.73438, 15.625, 13.75], "texture": "#0"},
				"west": {"uv": [15.60938, 10.70313, 15.625, 13.75], "rotation": 270, "texture": "#0"},
				"up": {"uv": [15.60938, 10.70313, 15.625, 13.75], "texture": "#0"},
				"down": {"uv": [15.60938, 13.75, 15.625, 10.70313], "texture": "#0"}
			}
		},
		{
			"name": "fricaxshirotama_49",
			"from": [15.625, 0, 10.76563],
			"to": [15.64063, 0.26563, 13.75],
			"faces": {
				"north": {"uv": [15.64063, 10.76563, 15.625, 10.78125], "texture": "#0"},
				"east": {"uv": [15.625, 10.76563, 15.64063, 13.75], "rotation": 90, "texture": "#0"},
				"south": {"uv": [15.625, 13.73438, 15.64063, 13.75], "texture": "#0"},
				"west": {"uv": [15.625, 10.76563, 15.64063, 13.75], "rotation": 270, "texture": "#0"},
				"up": {"uv": [15.625, 10.76563, 15.64063, 13.75], "texture": "#0"},
				"down": {"uv": [15.625, 13.75, 15.64063, 10.76563], "texture": "#0"}
			}
		},
		{
			"name": "fricaxshirotama_50",
			"from": [15.64063, 0, 10.82813],
			"to": [15.65625, 0.26563, 13.75],
			"faces": {
				"north": {"uv": [15.65625, 10.82813, 15.64063, 10.84375], "texture": "#0"},
				"east": {"uv": [15.64063, 10.82813, 15.65625, 13.75], "rotation": 90, "texture": "#0"},
				"south": {"uv": [15.64063, 13.73438, 15.65625, 13.75], "texture": "#0"},
				"west": {"uv": [15.64063, 10.82813, 15.65625, 13.75], "rotation": 270, "texture": "#0"},
				"up": {"uv": [15.64063, 10.82813, 15.65625, 13.75], "texture": "#0"},
				"down": {"uv": [15.64063, 13.75, 15.65625, 10.82813], "texture": "#0"}
			}
		},
		{
			"name": "fricaxshirotama_51",
			"from": [15.65625, 0, 10.89063],
			"to": [15.67188, 0.26563, 13.73438],
			"faces": {
				"north": {"uv": [15.67188, 10.89063, 15.65625, 10.90625], "texture": "#0"},
				"east": {"uv": [15.65625, 10.89063, 15.67188, 13.73438], "rotation": 90, "texture": "#0"},
				"south": {"uv": [15.65625, 13.71875, 15.67188, 13.73438], "texture": "#0"},
				"west": {"uv": [15.65625, 10.89063, 15.67188, 13.73438], "rotation": 270, "texture": "#0"},
				"up": {"uv": [15.65625, 10.89063, 15.67188, 13.73438], "texture": "#0"},
				"down": {"uv": [15.65625, 13.73438, 15.67188, 10.89063], "texture": "#0"}
			}
		},
		{
			"name": "fricaxshirotama_52",
			"from": [15.67188, 0, 10.95313],
			"to": [15.6875, 0.26563, 13.73438],
			"faces": {
				"north": {"uv": [15.6875, 10.95313, 15.67188, 10.96875], "texture": "#0"},
				"east": {"uv": [15.67188, 10.95313, 15.6875, 13.73438], "rotation": 90, "texture": "#0"},
				"south": {"uv": [15.67188, 13.71875, 15.6875, 13.73438], "texture": "#0"},
				"west": {"uv": [15.67188, 10.95313, 15.6875, 13.73438], "rotation": 270, "texture": "#0"},
				"up": {"uv": [15.67188, 10.95313, 15.6875, 13.73438], "texture": "#0"},
				"down": {"uv": [15.67188, 13.73438, 15.6875, 10.95313], "texture": "#0"}
			}
		},
		{
			"name": "fricaxshirotama_53",
			"from": [15.6875, 0, 11.01563],
			"to": [15.70313, 0.26563, 13.73438],
			"faces": {
				"north": {"uv": [15.70313, 11.01563, 15.6875, 11.03125], "texture": "#0"},
				"east": {"uv": [15.6875, 11.01563, 15.70313, 13.73438], "rotation": 90, "texture": "#0"},
				"south": {"uv": [15.6875, 13.71875, 15.70313, 13.73438], "texture": "#0"},
				"west": {"uv": [15.6875, 11.01563, 15.70313, 13.73438], "rotation": 270, "texture": "#0"},
				"up": {"uv": [15.6875, 11.01563, 15.70313, 13.73438], "texture": "#0"},
				"down": {"uv": [15.6875, 13.73438, 15.70313, 11.01563], "texture": "#0"}
			}
		},
		{
			"name": "fricaxshirotama_54",
			"from": [15.70313, 0, 11.0625],
			"to": [15.71875, 0.26563, 13.71875],
			"faces": {
				"north": {"uv": [15.71875, 11.0625, 15.70313, 11.07813], "texture": "#0"},
				"east": {"uv": [15.70313, 11.0625, 15.71875, 13.71875], "rotation": 90, "texture": "#0"},
				"south": {"uv": [15.70313, 13.70313, 15.71875, 13.71875], "texture": "#0"},
				"west": {"uv": [15.70313, 11.0625, 15.71875, 13.71875], "rotation": 270, "texture": "#0"},
				"up": {"uv": [15.70313, 11.0625, 15.71875, 13.71875], "texture": "#0"},
				"down": {"uv": [15.70313, 13.71875, 15.71875, 11.0625], "texture": "#0"}
			}
		},
		{
			"name": "fricaxshirotama_55",
			"from": [15.71875, 0, 11.125],
			"to": [15.73438, 0.26563, 13.71875],
			"faces": {
				"north": {"uv": [15.73438, 11.125, 15.71875, 11.14063], "texture": "#0"},
				"east": {"uv": [15.71875, 11.125, 15.73438, 13.71875], "rotation": 90, "texture": "#0"},
				"south": {"uv": [15.71875, 13.70313, 15.73438, 13.71875], "texture": "#0"},
				"west": {"uv": [15.71875, 11.125, 15.73438, 13.71875], "rotation": 270, "texture": "#0"},
				"up": {"uv": [15.71875, 11.125, 15.73438, 13.71875], "texture": "#0"},
				"down": {"uv": [15.71875, 13.71875, 15.73438, 11.125], "texture": "#0"}
			}
		},
		{
			"name": "fricaxshirotama_56",
			"from": [15.73438, 0, 11.1875],
			"to": [15.75, 0.26563, 13.70313],
			"faces": {
				"north": {"uv": [15.75, 11.1875, 15.73438, 11.20313], "texture": "#0"},
				"east": {"uv": [15.73438, 11.1875, 15.75, 13.70313], "rotation": 90, "texture": "#0"},
				"south": {"uv": [15.73438, 13.6875, 15.75, 13.70313], "texture": "#0"},
				"west": {"uv": [15.73438, 11.1875, 15.75, 13.70313], "rotation": 270, "texture": "#0"},
				"up": {"uv": [15.73438, 11.1875, 15.75, 13.70313], "texture": "#0"},
				"down": {"uv": [15.73438, 13.70313, 15.75, 11.1875], "texture": "#0"}
			}
		},
		{
			"name": "fricaxshirotama_57",
			"from": [15.75, 0, 11.25],
			"to": [15.76563, 0.26563, 13.70313],
			"faces": {
				"north": {"uv": [15.76563, 11.25, 15.75, 11.26563], "texture": "#0"},
				"east": {"uv": [15.75, 11.25, 15.76563, 13.70313], "rotation": 90, "texture": "#0"},
				"south": {"uv": [15.75, 13.6875, 15.76563, 13.70313], "texture": "#0"},
				"west": {"uv": [15.75, 11.25, 15.76563, 13.70313], "rotation": 270, "texture": "#0"},
				"up": {"uv": [15.75, 11.25, 15.76563, 13.70313], "texture": "#0"},
				"down": {"uv": [15.75, 13.70313, 15.76563, 11.25], "texture": "#0"}
			}
		},
		{
			"name": "fricaxshirotama_58",
			"from": [15.76563, 0, 11.3125],
			"to": [15.78125, 0.26563, 13.6875],
			"faces": {
				"north": {"uv": [15.78125, 11.3125, 15.76563, 11.32813], "texture": "#0"},
				"east": {"uv": [15.76563, 11.3125, 15.78125, 13.6875], "rotation": 90, "texture": "#0"},
				"south": {"uv": [15.76563, 13.67188, 15.78125, 13.6875], "texture": "#0"},
				"west": {"uv": [15.76563, 11.3125, 15.78125, 13.6875], "rotation": 270, "texture": "#0"},
				"up": {"uv": [15.76563, 11.3125, 15.78125, 13.6875], "texture": "#0"},
				"down": {"uv": [15.76563, 13.6875, 15.78125, 11.3125], "texture": "#0"}
			}
		},
		{
			"name": "fricaxshirotama_59",
			"from": [15.78125, 0, 11.375],
			"to": [15.79688, 0.26563, 13.6875],
			"faces": {
				"north": {"uv": [15.79688, 11.375, 15.78125, 11.39063], "texture": "#0"},
				"east": {"uv": [15.78125, 11.375, 15.79688, 13.6875], "rotation": 90, "texture": "#0"},
				"south": {"uv": [15.78125, 13.67188, 15.79688, 13.6875], "texture": "#0"},
				"west": {"uv": [15.78125, 11.375, 15.79688, 13.6875], "rotation": 270, "texture": "#0"},
				"up": {"uv": [15.78125, 11.375, 15.79688, 13.6875], "texture": "#0"},
				"down": {"uv": [15.78125, 13.6875, 15.79688, 11.375], "texture": "#0"}
			}
		},
		{
			"name": "fricaxshirotama_60",
			"from": [15.79688, 0, 11.4375],
			"to": [15.8125, 0.26563, 13.67188],
			"faces": {
				"north": {"uv": [15.8125, 11.4375, 15.79688, 11.45313], "texture": "#0"},
				"east": {"uv": [15.79688, 11.4375, 15.8125, 13.67188], "rotation": 90, "texture": "#0"},
				"south": {"uv": [15.79688, 13.65625, 15.8125, 13.67188], "texture": "#0"},
				"west": {"uv": [15.79688, 11.4375, 15.8125, 13.67188], "rotation": 270, "texture": "#0"},
				"up": {"uv": [15.79688, 11.4375, 15.8125, 13.67188], "texture": "#0"},
				"down": {"uv": [15.79688, 13.67188, 15.8125, 11.4375], "texture": "#0"}
			}
		},
		{
			"name": "fricaxshirotama_61",
			"from": [15.8125, 0, 11.5],
			"to": [15.82813, 0.26563, 13.65625],
			"faces": {
				"north": {"uv": [15.82813, 11.5, 15.8125, 11.51563], "texture": "#0"},
				"east": {"uv": [15.8125, 11.5, 15.82813, 13.65625], "rotation": 90, "texture": "#0"},
				"south": {"uv": [15.8125, 13.64063, 15.82813, 13.65625], "texture": "#0"},
				"west": {"uv": [15.8125, 11.5, 15.82813, 13.65625], "rotation": 270, "texture": "#0"},
				"up": {"uv": [15.8125, 11.5, 15.82813, 13.65625], "texture": "#0"},
				"down": {"uv": [15.8125, 13.65625, 15.82813, 11.5], "texture": "#0"}
			}
		},
		{
			"name": "fricaxshirotama_62",
			"from": [15.82813, 0, 11.5625],
			"to": [15.84375, 0.26563, 13.65625],
			"faces": {
				"north": {"uv": [15.84375, 11.5625, 15.82813, 11.57813], "texture": "#0"},
				"east": {"uv": [15.82813, 11.5625, 15.84375, 13.65625], "rotation": 90, "texture": "#0"},
				"south": {"uv": [15.82813, 13.64063, 15.84375, 13.65625], "texture": "#0"},
				"west": {"uv": [15.82813, 11.5625, 15.84375, 13.65625], "rotation": 270, "texture": "#0"},
				"up": {"uv": [15.82813, 11.5625, 15.84375, 13.65625], "texture": "#0"},
				"down": {"uv": [15.82813, 13.65625, 15.84375, 11.5625], "texture": "#0"}
			}
		},
		{
			"name": "fricaxshirotama_63",
			"from": [15.84375, 0, 11.60938],
			"to": [15.85938, 0.26563, 13.64063],
			"faces": {
				"north": {"uv": [15.85938, 11.60938, 15.84375, 11.625], "texture": "#0"},
				"east": {"uv": [15.84375, 11.60938, 15.85938, 13.64063], "rotation": 90, "texture": "#0"},
				"south": {"uv": [15.84375, 13.625, 15.85938, 13.64063], "texture": "#0"},
				"west": {"uv": [15.84375, 11.60938, 15.85938, 13.64063], "rotation": 270, "texture": "#0"},
				"up": {"uv": [15.84375, 11.60938, 15.85938, 13.64063], "texture": "#0"},
				"down": {"uv": [15.84375, 13.64063, 15.85938, 11.60938], "texture": "#0"}
			}
		},
		{
			"name": "fricaxshirotama_64",
			"from": [15.85938, 0, 11.67188],
			"to": [15.875, 0.26563, 13.625],
			"faces": {
				"north": {"uv": [15.875, 11.67188, 15.85938, 11.6875], "texture": "#0"},
				"east": {"uv": [15.85938, 11.67188, 15.875, 13.625], "rotation": 90, "texture": "#0"},
				"south": {"uv": [15.85938, 13.60938, 15.875, 13.625], "texture": "#0"},
				"west": {"uv": [15.85938, 11.67188, 15.875, 13.625], "rotation": 270, "texture": "#0"},
				"up": {"uv": [15.85938, 11.67188, 15.875, 13.625], "texture": "#0"},
				"down": {"uv": [15.85938, 13.625, 15.875, 11.67188], "texture": "#0"}
			}
		},
		{
			"name": "fricaxshirotama_65",
			"from": [15.875, 0, 11.73438],
			"to": [15.89063, 0.26563, 13.60938],
			"faces": {
				"north": {"uv": [15.89063, 11.73438, 15.875, 11.75], "texture": "#0"},
				"east": {"uv": [15.875, 11.73438, 15.89063, 13.60938], "rotation": 90, "texture": "#0"},
				"south": {"uv": [15.875, 13.59375, 15.89063, 13.60938], "texture": "#0"},
				"west": {"uv": [15.875, 11.73438, 15.89063, 13.60938], "rotation": 270, "texture": "#0"},
				"up": {"uv": [15.875, 11.73438, 15.89063, 13.60938], "texture": "#0"},
				"down": {"uv": [15.875, 13.60938, 15.89063, 11.73438], "texture": "#0"}
			}
		},
		{
			"name": "fricaxshirotama_66",
			"from": [15.89063, 0, 11.79688],
			"to": [15.90625, 0.26563, 13.59375],
			"faces": {
				"north": {"uv": [15.90625, 11.79688, 15.89063, 11.8125], "texture": "#0"},
				"east": {"uv": [15.89063, 11.79688, 15.90625, 13.59375], "rotation": 90, "texture": "#0"},
				"south": {"uv": [15.89063, 13.57813, 15.90625, 13.59375], "texture": "#0"},
				"west": {"uv": [15.89063, 11.79688, 15.90625, 13.59375], "rotation": 270, "texture": "#0"},
				"up": {"uv": [15.89063, 11.79688, 15.90625, 13.59375], "texture": "#0"},
				"down": {"uv": [15.89063, 13.59375, 15.90625, 11.79688], "texture": "#0"}
			}
		},
		{
			"name": "fricaxshirotama_67",
			"from": [15.90625, 0, 11.85938],
			"to": [15.92188, 0.26563, 13.5625],
			"faces": {
				"north": {"uv": [15.92188, 11.85938, 15.90625, 11.875], "texture": "#0"},
				"east": {"uv": [15.90625, 11.85938, 15.92188, 13.5625], "rotation": 90, "texture": "#0"},
				"south": {"uv": [15.90625, 13.54688, 15.92188, 13.5625], "texture": "#0"},
				"west": {"uv": [15.90625, 11.85938, 15.92188, 13.5625], "rotation": 270, "texture": "#0"},
				"up": {"uv": [15.90625, 11.85938, 15.92188, 13.5625], "texture": "#0"},
				"down": {"uv": [15.90625, 13.5625, 15.92188, 11.85938], "texture": "#0"}
			}
		},
		{
			"name": "fricaxshirotama_68",
			"from": [15.92188, 0, 11.92188],
			"to": [15.9375, 0.26563, 13.54688],
			"faces": {
				"north": {"uv": [15.9375, 11.92188, 15.92188, 11.9375], "texture": "#0"},
				"east": {"uv": [15.92188, 11.92188, 15.9375, 13.54688], "rotation": 90, "texture": "#0"},
				"south": {"uv": [15.92188, 13.53125, 15.9375, 13.54688], "texture": "#0"},
				"west": {"uv": [15.92188, 11.92188, 15.9375, 13.54688], "rotation": 270, "texture": "#0"},
				"up": {"uv": [15.92188, 11.92188, 15.9375, 13.54688], "texture": "#0"},
				"down": {"uv": [15.92188, 13.54688, 15.9375, 11.92188], "texture": "#0"}
			}
		},
		{
			"name": "fricaxshirotama_69",
			"from": [15.9375, 0, 11.98438],
			"to": [15.95313, 0.26563, 13.51563],
			"faces": {
				"north": {"uv": [15.95313, 11.98438, 15.9375, 12], "texture": "#0"},
				"east": {"uv": [15.9375, 11.98438, 15.95313, 13.51563], "rotation": 90, "texture": "#0"},
				"south": {"uv": [15.9375, 13.5, 15.95313, 13.51563], "texture": "#0"},
				"west": {"uv": [15.9375, 11.98438, 15.95313, 13.51563], "rotation": 270, "texture": "#0"},
				"up": {"uv": [15.9375, 11.98438, 15.95313, 13.51563], "texture": "#0"},
				"down": {"uv": [15.9375, 13.51563, 15.95313, 11.98438], "texture": "#0"}
			}
		},
		{
			"name": "fricaxshirotama_70",
			"from": [15.95313, 0, 12.04688],
			"to": [15.96875, 0.26563, 13.48438],
			"faces": {
				"north": {"uv": [15.96875, 12.04688, 15.95313, 12.0625], "texture": "#0"},
				"east": {"uv": [15.95313, 12.04688, 15.96875, 13.48438], "rotation": 90, "texture": "#0"},
				"south": {"uv": [15.95313, 13.46875, 15.96875, 13.48438], "texture": "#0"},
				"west": {"uv": [15.95313, 12.04688, 15.96875, 13.48438], "rotation": 270, "texture": "#0"},
				"up": {"uv": [15.95313, 12.04688, 15.96875, 13.48438], "texture": "#0"},
				"down": {"uv": [15.95313, 13.48438, 15.96875, 12.04688], "texture": "#0"}
			}
		},
		{
			"name": "fricaxshirotama_71",
			"from": [15.96875, 0, 12.10938],
			"to": [15.98438, 0.26563, 13.45313],
			"faces": {
				"north": {"uv": [15.98438, 12.10938, 15.96875, 12.125], "texture": "#0"},
				"east": {"uv": [15.96875, 12.10938, 15.98438, 13.45313], "rotation": 90, "texture": "#0"},
				"south": {"uv": [15.96875, 13.4375, 15.98438, 13.45313], "texture": "#0"},
				"west": {"uv": [15.96875, 12.10938, 15.98438, 13.45313], "rotation": 270, "texture": "#0"},
				"up": {"uv": [15.96875, 12.10938, 15.98438, 13.45313], "texture": "#0"},
				"down": {"uv": [15.96875, 13.45313, 15.98438, 12.10938], "texture": "#0"}
			}
		},
		{
			"name": "fricaxshirotama_72",
			"from": [15.98438, 0, 12.17188],
			"to": [16, 0.26563, 13.40625],
			"faces": {
				"north": {"uv": [16, 12.17188, 15.98438, 12.1875], "texture": "#0"},
				"east": {"uv": [15.98438, 12.17188, 16, 13.40625], "rotation": 90, "texture": "#0"},
				"south": {"uv": [15.98438, 13.39063, 16, 13.40625], "texture": "#0"},
				"west": {"uv": [15.98438, 12.17188, 16, 13.40625], "rotation": 270, "texture": "#0"},
				"up": {"uv": [15.98438, 12.17188, 16, 13.40625], "texture": "#0"},
				"down": {"uv": [15.98438, 13.40625, 16, 12.17188], "texture": "#0"}
			}
		},
		{
			"name": "fricaxshirotama_ura2_0",
			"from": [0.98438, 0, 4.09375],
			"to": [15.51563, 0.01563, 13.75],
			"faces": {
				"north": {"uv": [15.51563, 4.09375, 0.98438, 4.10938], "texture": "#1"},
				"east": {"uv": [15.5, 4.09375, 15.51563, 13.75], "rotation": 90, "texture": "#1"},
				"south": {"uv": [0.98438, 13.73438, 15.51563, 13.75], "texture": "#1"},
				"west": {"uv": [0.98438, 4.09375, 1, 13.75], "rotation": 270, "texture": "#1"},
				"up": {"uv": [0.98438, 4.09375, 15.51563, 13.75], "texture": "#1"},
				"down": {"uv": [0.98438, 13.75, 15.51563, 4.09375], "texture": "#1"}
			}
		},
		{
			"name": "fricaxshirotama_ura2_1",
			"from": [15.51563, 0, 4.09375],
			"to": [15.65625, 0.01563, 10.15625],
			"faces": {
				"north": {"uv": [15.65625, 4.09375, 15.51563, 4.10938], "texture": "#1"},
				"east": {"uv": [15.64063, 4.09375, 15.65625, 10.15625], "rotation": 90, "texture": "#1"},
				"south": {"uv": [15.51563, 10.14063, 15.65625, 10.15625], "texture": "#1"},
				"west": {"uv": [15.51563, 4.09375, 15.53125, 10.15625], "rotation": 270, "texture": "#1"},
				"up": {"uv": [15.51563, 4.09375, 15.65625, 10.15625], "texture": "#1"},
				"down": {"uv": [15.51563, 10.15625, 15.65625, 4.09375], "texture": "#1"}
			}
		},
		{
			"name": "fricaxshirotama_ura2_2",
			"from": [0.9375, 0, 4.10938],
			"to": [0.98438, 0.01563, 13.73438],
			"faces": {
				"north": {"uv": [0.98438, 4.10938, 0.9375, 4.125], "texture": "#1"},
				"east": {"uv": [0.96875, 4.10938, 0.98438, 13.73438], "rotation": 90, "texture": "#1"},
				"south": {"uv": [0.9375, 13.71875, 0.98438, 13.73438], "texture": "#1"},
				"west": {"uv": [0.9375, 4.10938, 0.95313, 13.73438], "rotation": 270, "texture": "#1"},
				"up": {"uv": [0.9375, 4.10938, 0.98438, 13.73438], "texture": "#1"},
				"down": {"uv": [0.9375, 13.73438, 0.98438, 4.10938], "texture": "#1"}
			}
		},
		{
			"name": "fricaxshirotama_ura2_3",
			"from": [15.65625, 0, 4.10938],
			"to": [15.70313, 0.01563, 10.14063],
			"faces": {
				"north": {"uv": [15.70313, 4.10938, 15.65625, 4.125], "texture": "#1"},
				"east": {"uv": [15.6875, 4.10938, 15.70313, 10.14063], "rotation": 90, "texture": "#1"},
				"south": {"uv": [15.65625, 10.125, 15.70313, 10.14063], "texture": "#1"},
				"west": {"uv": [15.65625, 4.10938, 15.67188, 10.14063], "rotation": 270, "texture": "#1"},
				"up": {"uv": [15.65625, 4.10938, 15.70313, 10.14063], "texture": "#1"},
				"down": {"uv": [15.65625, 10.14063, 15.70313, 4.10938], "texture": "#1"}
			}
		},
		{
			"name": "fricaxshirotama_ura2_4",
			"from": [0.90625, 0, 4.125],
			"to": [0.9375, 0.01563, 13.71875],
			"faces": {
				"north": {"uv": [0.9375, 4.125, 0.90625, 4.14063], "texture": "#1"},
				"east": {"uv": [0.92188, 4.125, 0.9375, 13.71875], "rotation": 90, "texture": "#1"},
				"south": {"uv": [0.90625, 13.70313, 0.9375, 13.71875], "texture": "#1"},
				"west": {"uv": [0.90625, 4.125, 0.92188, 13.71875], "rotation": 270, "texture": "#1"},
				"up": {"uv": [0.90625, 4.125, 0.9375, 13.71875], "texture": "#1"},
				"down": {"uv": [0.90625, 13.71875, 0.9375, 4.125], "texture": "#1"}
			}
		},
		{
			"name": "fricaxshirotama_ura2_5",
			"from": [15.70313, 0, 4.125],
			"to": [15.73438, 0.01563, 10.14063],
			"faces": {
				"north": {"uv": [15.73438, 4.125, 15.70313, 4.14063], "texture": "#1"},
				"east": {"uv": [15.71875, 4.125, 15.73438, 10.14063], "rotation": 90, "texture": "#1"},
				"south": {"uv": [15.70313, 10.125, 15.73438, 10.14063], "texture": "#1"},
				"west": {"uv": [15.70313, 4.125, 15.71875, 10.14063], "rotation": 270, "texture": "#1"},
				"up": {"uv": [15.70313, 4.125, 15.73438, 10.14063], "texture": "#1"},
				"down": {"uv": [15.70313, 10.14063, 15.73438, 4.125], "texture": "#1"}
			}
		},
		{
			"name": "fricaxshirotama_ura2_6",
			"from": [0.875, 0, 4.14063],
			"to": [0.90625, 0.01563, 13.70313],
			"faces": {
				"north": {"uv": [0.90625, 4.14063, 0.875, 4.15625], "texture": "#1"},
				"east": {"uv": [0.89063, 4.14063, 0.90625, 13.70313], "rotation": 90, "texture": "#1"},
				"south": {"uv": [0.875, 13.6875, 0.90625, 13.70313], "texture": "#1"},
				"west": {"uv": [0.875, 4.14063, 0.89063, 13.70313], "rotation": 270, "texture": "#1"},
				"up": {"uv": [0.875, 4.14063, 0.90625, 13.70313], "texture": "#1"},
				"down": {"uv": [0.875, 13.70313, 0.90625, 4.14063], "texture": "#1"}
			}
		},
		{
			"name": "fricaxshirotama_ura2_7",
			"from": [15.73438, 0, 4.14063],
			"to": [15.76563, 0.01563, 10.125],
			"faces": {
				"north": {"uv": [15.76563, 4.14063, 15.73438, 4.15625], "texture": "#1"},
				"east": {"uv": [15.75, 4.14063, 15.76563, 10.125], "rotation": 90, "texture": "#1"},
				"south": {"uv": [15.73438, 10.10938, 15.76563, 10.125], "texture": "#1"},
				"west": {"uv": [15.73438, 4.14063, 15.75, 10.125], "rotation": 270, "texture": "#1"},
				"up": {"uv": [15.73438, 4.14063, 15.76563, 10.125], "texture": "#1"},
				"down": {"uv": [15.73438, 10.125, 15.76563, 4.14063], "texture": "#1"}
			}
		},
		{
			"name": "fricaxshirotama_ura2_8",
			"from": [0.84375, 0, 4.15625],
			"to": [0.875, 0.01563, 13.6875],
			"faces": {
				"north": {"uv": [0.875, 4.15625, 0.84375, 4.17188], "texture": "#1"},
				"east": {"uv": [0.85938, 4.15625, 0.875, 13.6875], "rotation": 90, "texture": "#1"},
				"south": {"uv": [0.84375, 13.67188, 0.875, 13.6875], "texture": "#1"},
				"west": {"uv": [0.84375, 4.15625, 0.85938, 13.6875], "rotation": 270, "texture": "#1"},
				"up": {"uv": [0.84375, 4.15625, 0.875, 13.6875], "texture": "#1"},
				"down": {"uv": [0.84375, 13.6875, 0.875, 4.15625], "texture": "#1"}
			}
		},
		{
			"name": "fricaxshirotama_ura2_9",
			"from": [15.76563, 0, 4.15625],
			"to": [15.79688, 0.01563, 10.125],
			"faces": {
				"north": {"uv": [15.79688, 4.15625, 15.76563, 4.17188], "texture": "#1"},
				"east": {"uv": [15.78125, 4.15625, 15.79688, 10.125], "rotation": 90, "texture": "#1"},
				"south": {"uv": [15.76563, 10.10938, 15.79688, 10.125], "texture": "#1"},
				"west": {"uv": [15.76563, 4.15625, 15.78125, 10.125], "rotation": 270, "texture": "#1"},
				"up": {"uv": [15.76563, 4.15625, 15.79688, 10.125], "texture": "#1"},
				"down": {"uv": [15.76563, 10.125, 15.79688, 4.15625], "texture": "#1"}
			}
		},
		{
			"name": "fricaxshirotama_ura2_10",
			"from": [0.82813, 0, 4.17188],
			"to": [0.84375, 0.01563, 13.67188],
			"faces": {
				"north": {"uv": [0.84375, 4.17188, 0.82813, 4.1875], "texture": "#1"},
				"east": {"uv": [0.82813, 4.17188, 0.84375, 13.67188], "rotation": 90, "texture": "#1"},
				"south": {"uv": [0.82813, 13.65625, 0.84375, 13.67188], "texture": "#1"},
				"west": {"uv": [0.82813, 4.17188, 0.84375, 13.67188], "rotation": 270, "texture": "#1"},
				"up": {"uv": [0.82813, 4.17188, 0.84375, 13.67188], "texture": "#1"},
				"down": {"uv": [0.82813, 13.67188, 0.84375, 4.17188], "texture": "#1"}
			}
		},
		{
			"name": "fricaxshirotama_ura2_11",
			"from": [15.79688, 0, 4.17188],
			"to": [15.8125, 0.01563, 10.125],
			"faces": {
				"north": {"uv": [15.8125, 4.17188, 15.79688, 4.1875], "texture": "#1"},
				"east": {"uv": [15.79688, 4.17188, 15.8125, 10.125], "rotation": 90, "texture": "#1"},
				"south": {"uv": [15.79688, 10.10938, 15.8125, 10.125], "texture": "#1"},
				"west": {"uv": [15.79688, 4.17188, 15.8125, 10.125], "rotation": 270, "texture": "#1"},
				"up": {"uv": [15.79688, 4.17188, 15.8125, 10.125], "texture": "#1"},
				"down": {"uv": [15.79688, 10.125, 15.8125, 4.17188], "texture": "#1"}
			}
		},
		{
			"name": "fricaxshirotama_ura2_12",
			"from": [0.79688, 0, 4.1875],
			"to": [0.82813, 0.01563, 13.65625],
			"faces": {
				"north": {"uv": [0.82813, 4.1875, 0.79688, 4.20313], "texture": "#1"},
				"east": {"uv": [0.8125, 4.1875, 0.82813, 13.65625], "rotation": 90, "texture": "#1"},
				"south": {"uv": [0.79688, 13.64063, 0.82813, 13.65625], "texture": "#1"},
				"west": {"uv": [0.79688, 4.1875, 0.8125, 13.65625], "rotation": 270, "texture": "#1"},
				"up": {"uv": [0.79688, 4.1875, 0.82813, 13.65625], "texture": "#1"},
				"down": {"uv": [0.79688, 13.65625, 0.82813, 4.1875], "texture": "#1"}
			}
		},
		{
			"name": "fricaxshirotama_ura2_13",
			"from": [15.8125, 0, 4.1875],
			"to": [15.84375, 0.01563, 10.10938],
			"faces": {
				"north": {"uv": [15.84375, 4.1875, 15.8125, 4.20313], "texture": "#1"},
				"east": {"uv": [15.82813, 4.1875, 15.84375, 10.10938], "rotation": 90, "texture": "#1"},
				"south": {"uv": [15.8125, 10.09375, 15.84375, 10.10938], "texture": "#1"},
				"west": {"uv": [15.8125, 4.1875, 15.82813, 10.10938], "rotation": 270, "texture": "#1"},
				"up": {"uv": [15.8125, 4.1875, 15.84375, 10.10938], "texture": "#1"},
				"down": {"uv": [15.8125, 10.10938, 15.84375, 4.1875], "texture": "#1"}
			}
		},
		{
			"name": "fricaxshirotama_ura2_14",
			"from": [0.78125, 0, 4.20313],
			"to": [0.79688, 0.01563, 13.64063],
			"faces": {
				"north": {"uv": [0.79688, 4.20313, 0.78125, 4.21875], "texture": "#1"},
				"east": {"uv": [0.78125, 4.20313, 0.79688, 13.64063], "rotation": 90, "texture": "#1"},
				"south": {"uv": [0.78125, 13.625, 0.79688, 13.64063], "texture": "#1"},
				"west": {"uv": [0.78125, 4.20313, 0.79688, 13.64063], "rotation": 270, "texture": "#1"},
				"up": {"uv": [0.78125, 4.20313, 0.79688, 13.64063], "texture": "#1"},
				"down": {"uv": [0.78125, 13.64063, 0.79688, 4.20313], "texture": "#1"}
			}
		},
		{
			"name": "fricaxshirotama_ura2_15",
			"from": [15.84375, 0, 4.20313],
			"to": [15.85938, 0.01563, 10.10938],
			"faces": {
				"north": {"uv": [15.85938, 4.20313, 15.84375, 4.21875], "texture": "#1"},
				"east": {"uv": [15.84375, 4.20313, 15.85938, 10.10938], "rotation": 90, "texture": "#1"},
				"south": {"uv": [15.84375, 10.09375, 15.85938, 10.10938], "texture": "#1"},
				"west": {"uv": [15.84375, 4.20313, 15.85938, 10.10938], "rotation": 270, "texture": "#1"},
				"up": {"uv": [15.84375, 4.20313, 15.85938, 10.10938], "texture": "#1"},
				"down": {"uv": [15.84375, 10.10938, 15.85938, 4.20313], "texture": "#1"}
			}
		},
		{
			"name": "fricaxshirotama_ura2_16",
			"from": [0.76563, 0, 4.21875],
			"to": [0.78125, 0.01563, 13.625],
			"faces": {
				"north": {"uv": [0.78125, 4.21875, 0.76563, 4.23438], "texture": "#1"},
				"east": {"uv": [0.76563, 4.21875, 0.78125, 13.625], "rotation": 90, "texture": "#1"},
				"south": {"uv": [0.76563, 13.60938, 0.78125, 13.625], "texture": "#1"},
				"west": {"uv": [0.76563, 4.21875, 0.78125, 13.625], "rotation": 270, "texture": "#1"},
				"up": {"uv": [0.76563, 4.21875, 0.78125, 13.625], "texture": "#1"},
				"down": {"uv": [0.76563, 13.625, 0.78125, 4.21875], "texture": "#1"}
			}
		},
		{
			"name": "fricaxshirotama_ura2_17",
			"from": [15.85938, 0, 4.21875],
			"to": [15.875, 0.01563, 10.10938],
			"faces": {
				"north": {"uv": [15.875, 4.21875, 15.85938, 4.23438], "texture": "#1"},
				"east": {"uv": [15.85938, 4.21875, 15.875, 10.10938], "rotation": 90, "texture": "#1"},
				"south": {"uv": [15.85938, 10.09375, 15.875, 10.10938], "texture": "#1"},
				"west": {"uv": [15.85938, 4.21875, 15.875, 10.10938], "rotation": 270, "texture": "#1"},
				"up": {"uv": [15.85938, 4.21875, 15.875, 10.10938], "texture": "#1"},
				"down": {"uv": [15.85938, 10.10938, 15.875, 4.21875], "texture": "#1"}
			}
		},
		{
			"name": "fricaxshirotama_ura2_18",
			"from": [0.75, 0, 4.23438],
			"to": [0.76563, 0.01563, 13.60938],
			"faces": {
				"north": {"uv": [0.76563, 4.23438, 0.75, 4.25], "texture": "#1"},
				"east": {"uv": [0.75, 4.23438, 0.76563, 13.60938], "rotation": 90, "texture": "#1"},
				"south": {"uv": [0.75, 13.59375, 0.76563, 13.60938], "texture": "#1"},
				"west": {"uv": [0.75, 4.23438, 0.76563, 13.60938], "rotation": 270, "texture": "#1"},
				"up": {"uv": [0.75, 4.23438, 0.76563, 13.60938], "texture": "#1"},
				"down": {"uv": [0.75, 13.60938, 0.76563, 4.23438], "texture": "#1"}
			}
		},
		{
			"name": "fricaxshirotama_ura2_19",
			"from": [15.875, 0, 4.23438],
			"to": [15.89063, 0.01563, 10.09375],
			"faces": {
				"north": {"uv": [15.89063, 4.23438, 15.875, 4.25], "texture": "#1"},
				"east": {"uv": [15.875, 4.23438, 15.89063, 10.09375], "rotation": 90, "texture": "#1"},
				"south": {"uv": [15.875, 10.07813, 15.89063, 10.09375], "texture": "#1"},
				"west": {"uv": [15.875, 4.23438, 15.89063, 10.09375], "rotation": 270, "texture": "#1"},
				"up": {"uv": [15.875, 4.23438, 15.89063, 10.09375], "texture": "#1"},
				"down": {"uv": [15.875, 10.09375, 15.89063, 4.23438], "texture": "#1"}
			}
		},
		{
			"name": "fricaxshirotama_ura2_20",
			"from": [0.73438, 0, 4.25],
			"to": [0.75, 0.01563, 13.59375],
			"faces": {
				"north": {"uv": [0.75, 4.25, 0.73438, 4.26563], "texture": "#1"},
				"east": {"uv": [0.73438, 4.25, 0.75, 13.59375], "rotation": 90, "texture": "#1"},
				"south": {"uv": [0.73438, 13.57813, 0.75, 13.59375], "texture": "#1"},
				"west": {"uv": [0.73438, 4.25, 0.75, 13.59375], "rotation": 270, "texture": "#1"},
				"up": {"uv": [0.73438, 4.25, 0.75, 13.59375], "texture": "#1"},
				"down": {"uv": [0.73438, 13.59375, 0.75, 4.25], "texture": "#1"}
			}
		},
		{
			"name": "fricaxshirotama_ura2_21",
			"from": [15.89063, 0, 4.25],
			"to": [15.90625, 0.01563, 10.09375],
			"faces": {
				"north": {"uv": [15.90625, 4.25, 15.89063, 4.26563], "texture": "#1"},
				"east": {"uv": [15.89063, 4.25, 15.90625, 10.09375], "rotation": 90, "texture": "#1"},
				"south": {"uv": [15.89063, 10.07813, 15.90625, 10.09375], "texture": "#1"},
				"west": {"uv": [15.89063, 4.25, 15.90625, 10.09375], "rotation": 270, "texture": "#1"},
				"up": {"uv": [15.89063, 4.25, 15.90625, 10.09375], "texture": "#1"},
				"down": {"uv": [15.89063, 10.09375, 15.90625, 4.25], "texture": "#1"}
			}
		},
		{
			"name": "fricaxshirotama_ura2_22",
			"from": [0.71875, 0, 4.28125],
			"to": [0.73438, 0.01563, 13.5625],
			"faces": {
				"north": {"uv": [0.73438, 4.28125, 0.71875, 4.29688], "texture": "#1"},
				"east": {"uv": [0.71875, 4.28125, 0.73438, 13.5625], "rotation": 90, "texture": "#1"},
				"south": {"uv": [0.71875, 13.54688, 0.73438, 13.5625], "texture": "#1"},
				"west": {"uv": [0.71875, 4.28125, 0.73438, 13.5625], "rotation": 270, "texture": "#1"},
				"up": {"uv": [0.71875, 4.28125, 0.73438, 13.5625], "texture": "#1"},
				"down": {"uv": [0.71875, 13.5625, 0.73438, 4.28125], "texture": "#1"}
			}
		},
		{
			"name": "fricaxshirotama_ura2_23",
			"from": [15.90625, 0, 4.28125],
			"to": [15.92188, 0.01563, 10.09375],
			"faces": {
				"north": {"uv": [15.92188, 4.28125, 15.90625, 4.29688], "texture": "#1"},
				"east": {"uv": [15.90625, 4.28125, 15.92188, 10.09375], "rotation": 90, "texture": "#1"},
				"south": {"uv": [15.90625, 10.07813, 15.92188, 10.09375], "texture": "#1"},
				"west": {"uv": [15.90625, 4.28125, 15.92188, 10.09375], "rotation": 270, "texture": "#1"},
				"up": {"uv": [15.90625, 4.28125, 15.92188, 10.09375], "texture": "#1"},
				"down": {"uv": [15.90625, 10.09375, 15.92188, 4.28125], "texture": "#1"}
			}
		},
		{
			"name": "fricaxshirotama_ura2_24",
			"from": [0.70313, 0, 4.29688],
			"to": [0.71875, 0.01563, 13.54688],
			"faces": {
				"north": {"uv": [0.71875, 4.29688, 0.70313, 4.3125], "texture": "#1"},
				"east": {"uv": [0.70313, 4.29688, 0.71875, 13.54688], "rotation": 90, "texture": "#1"},
				"south": {"uv": [0.70313, 13.53125, 0.71875, 13.54688], "texture": "#1"},
				"west": {"uv": [0.70313, 4.29688, 0.71875, 13.54688], "rotation": 270, "texture": "#1"},
				"up": {"uv": [0.70313, 4.29688, 0.71875, 13.54688], "texture": "#1"},
				"down": {"uv": [0.70313, 13.54688, 0.71875, 4.29688], "texture": "#1"}
			}
		},
		{
			"name": "fricaxshirotama_ura2_25",
			"from": [15.92188, 0, 4.29688],
			"to": [15.9375, 0.01563, 10.09375],
			"faces": {
				"north": {"uv": [15.9375, 4.29688, 15.92188, 4.3125], "texture": "#1"},
				"east": {"uv": [15.92188, 4.29688, 15.9375, 10.09375], "rotation": 90, "texture": "#1"},
				"south": {"uv": [15.92188, 10.07813, 15.9375, 10.09375], "texture": "#1"},
				"west": {"uv": [15.92188, 4.29688, 15.9375, 10.09375], "rotation": 270, "texture": "#1"},
				"up": {"uv": [15.92188, 4.29688, 15.9375, 10.09375], "texture": "#1"},
				"down": {"uv": [15.92188, 10.09375, 15.9375, 4.29688], "texture": "#1"}
			}
		},
		{
			"name": "fricaxshirotama_ura2_26",
			"from": [0.6875, 0, 4.32813],
			"to": [0.70313, 0.01563, 13.51563],
			"faces": {
				"north": {"uv": [0.70313, 4.32813, 0.6875, 4.34375], "texture": "#1"},
				"east": {"uv": [0.6875, 4.32813, 0.70313, 13.51563], "rotation": 90, "texture": "#1"},
				"south": {"uv": [0.6875, 13.5, 0.70313, 13.51563], "texture": "#1"},
				"west": {"uv": [0.6875, 4.32813, 0.70313, 13.51563], "rotation": 270, "texture": "#1"},
				"up": {"uv": [0.6875, 4.32813, 0.70313, 13.51563], "texture": "#1"},
				"down": {"uv": [0.6875, 13.51563, 0.70313, 4.32813], "texture": "#1"}
			}
		},
		{
			"name": "fricaxshirotama_ura2_27",
			"from": [15.9375, 0, 4.32813],
			"to": [15.95313, 0.01563, 10.07813],
			"faces": {
				"north": {"uv": [15.95313, 4.32813, 15.9375, 4.34375], "texture": "#1"},
				"east": {"uv": [15.9375, 4.32813, 15.95313, 10.07813], "rotation": 90, "texture": "#1"},
				"south": {"uv": [15.9375, 10.0625, 15.95313, 10.07813], "texture": "#1"},
				"west": {"uv": [15.9375, 4.32813, 15.95313, 10.07813], "rotation": 270, "texture": "#1"},
				"up": {"uv": [15.9375, 4.32813, 15.95313, 10.07813], "texture": "#1"},
				"down": {"uv": [15.9375, 10.07813, 15.95313, 4.32813], "texture": "#1"}
			}
		},
		{
			"name": "fricaxshirotama_ura2_28",
			"from": [0.67188, 0, 4.35938],
			"to": [0.6875, 0.01563, 13.48438],
			"faces": {
				"north": {"uv": [0.6875, 4.35938, 0.67188, 4.375], "texture": "#1"},
				"east": {"uv": [0.67188, 4.35938, 0.6875, 13.48438], "rotation": 90, "texture": "#1"},
				"south": {"uv": [0.67188, 13.46875, 0.6875, 13.48438], "texture": "#1"},
				"west": {"uv": [0.67188, 4.35938, 0.6875, 13.48438], "rotation": 270, "texture": "#1"},
				"up": {"uv": [0.67188, 4.35938, 0.6875, 13.48438], "texture": "#1"},
				"down": {"uv": [0.67188, 13.48438, 0.6875, 4.35938], "texture": "#1"}
			}
		},
		{
			"name": "fricaxshirotama_ura2_29",
			"from": [15.95313, 0, 4.35938],
			"to": [15.96875, 0.01563, 10.07813],
			"faces": {
				"north": {"uv": [15.96875, 4.35938, 15.95313, 4.375], "texture": "#1"},
				"east": {"uv": [15.95313, 4.35938, 15.96875, 10.07813], "rotation": 90, "texture": "#1"},
				"south": {"uv": [15.95313, 10.0625, 15.96875, 10.07813], "texture": "#1"},
				"west": {"uv": [15.95313, 4.35938, 15.96875, 10.07813], "rotation": 270, "texture": "#1"},
				"up": {"uv": [15.95313, 4.35938, 15.96875, 10.07813], "texture": "#1"},
				"down": {"uv": [15.95313, 10.07813, 15.96875, 4.35938], "texture": "#1"}
			}
		},
		{
			"name": "fricaxshirotama_ura2_30",
			"from": [0.65625, 0, 4.39063],
			"to": [0.67188, 0.01563, 13.45313],
			"faces": {
				"north": {"uv": [0.67188, 4.39063, 0.65625, 4.40625], "texture": "#1"},
				"east": {"uv": [0.65625, 4.39063, 0.67188, 13.45313], "rotation": 90, "texture": "#1"},
				"south": {"uv": [0.65625, 13.4375, 0.67188, 13.45313], "texture": "#1"},
				"west": {"uv": [0.65625, 4.39063, 0.67188, 13.45313], "rotation": 270, "texture": "#1"},
				"up": {"uv": [0.65625, 4.39063, 0.67188, 13.45313], "texture": "#1"},
				"down": {"uv": [0.65625, 13.45313, 0.67188, 4.39063], "texture": "#1"}
			}
		},
		{
			"name": "fricaxshirotama_ura2_31",
			"from": [15.96875, 0, 4.39063],
			"to": [15.98438, 0.01563, 10.07813],
			"faces": {
				"north": {"uv": [15.98438, 4.39063, 15.96875, 4.40625], "texture": "#1"},
				"east": {"uv": [15.96875, 4.39063, 15.98438, 10.07813], "rotation": 90, "texture": "#1"},
				"south": {"uv": [15.96875, 10.0625, 15.98438, 10.07813], "texture": "#1"},
				"west": {"uv": [15.96875, 4.39063, 15.98438, 10.07813], "rotation": 270, "texture": "#1"},
				"up": {"uv": [15.96875, 4.39063, 15.98438, 10.07813], "texture": "#1"},
				"down": {"uv": [15.96875, 10.07813, 15.98438, 4.39063], "texture": "#1"}
			}
		},
		{
			"name": "fricaxshirotama_ura2_32",
			"from": [0.64063, 0, 4.4375],
			"to": [0.65625, 0.01563, 13.40625],
			"faces": {
				"north": {"uv": [0.65625, 4.4375, 0.64063, 4.45313], "texture": "#1"},
				"east": {"uv": [0.64063, 4.4375, 0.65625, 13.40625], "rotation": 90, "texture": "#1"},
				"south": {"uv": [0.64063, 13.39063, 0.65625, 13.40625], "texture": "#1"},
				"west": {"uv": [0.64063, 4.4375, 0.65625, 13.40625], "rotation": 270, "texture": "#1"},
				"up": {"uv": [0.64063, 4.4375, 0.65625, 13.40625], "texture": "#1"},
				"down": {"uv": [0.64063, 13.40625, 0.65625, 4.4375], "texture": "#1"}
			}
		},
		{
			"name": "fricaxshirotama_ura2_33",
			"from": [15.98438, 0, 4.4375],
			"to": [16, 0.01563, 10.07813],
			"faces": {
				"north": {"uv": [16, 4.4375, 15.98438, 4.45313], "texture": "#1"},
				"east": {"uv": [15.98438, 4.4375, 16, 10.07813], "rotation": 90, "texture": "#1"},
				"south": {"uv": [15.98438, 10.0625, 16, 10.07813], "texture": "#1"},
				"west": {"uv": [15.98438, 4.4375, 16, 10.07813], "rotation": 270, "texture": "#1"},
				"up": {"uv": [15.98438, 4.4375, 16, 10.07813], "texture": "#1"},
				"down": {"uv": [15.98438, 10.07813, 16, 4.4375], "texture": "#1"}
			}
		},
		{
			"name": "fricaxshirotama_ura2_34",
			"from": [15.73438, 0, 10.125],
			"to": [15.75, 0.01563, 10.14063],
			"faces": {
				"north": {"uv": [15.75, 10.125, 15.73438, 10.14063], "texture": "#1"},
				"east": {"uv": [15.73438, 10.125, 15.75, 10.14063], "rotation": 90, "texture": "#1"},
				"south": {"uv": [15.73438, 10.125, 15.75, 10.14063], "texture": "#1"},
				"west": {"uv": [15.73438, 10.125, 15.75, 10.14063], "rotation": 270, "texture": "#1"},
				"up": {"uv": [15.73438, 10.125, 15.75, 10.14063], "texture": "#1"},
				"down": {"uv": [15.73438, 10.14063, 15.75, 10.125], "texture": "#1"}
			}
		},
		{
			"name": "fricaxshirotama_ura2_35",
			"from": [15.65625, 0, 10.14063],
			"to": [15.6875, 0.01563, 10.15625],
			"faces": {
				"north": {"uv": [15.6875, 10.14063, 15.65625, 10.15625], "texture": "#1"},
				"east": {"uv": [15.67188, 10.14063, 15.6875, 10.15625], "rotation": 90, "texture": "#1"},
				"south": {"uv": [15.65625, 10.14063, 15.6875, 10.15625], "texture": "#1"},
				"west": {"uv": [15.65625, 10.14063, 15.67188, 10.15625], "rotation": 270, "texture": "#1"},
				"up": {"uv": [15.65625, 10.14063, 15.6875, 10.15625], "texture": "#1"},
				"down": {"uv": [15.65625, 10.15625, 15.6875, 10.14063], "texture": "#1"}
			}
		},
		{
			"name": "fricaxshirotama_ura2_36",
			"from": [15.51563, 0, 10.15625],
			"to": [15.57813, 0.01563, 10.20313],
			"faces": {
				"north": {"uv": [15.57813, 10.15625, 15.51563, 10.17188], "texture": "#1"},
				"east": {"uv": [15.5625, 10.15625, 15.57813, 10.20313], "rotation": 90, "texture": "#1"},
				"south": {"uv": [15.51563, 10.1875, 15.57813, 10.20313], "texture": "#1"},
				"west": {"uv": [15.51563, 10.15625, 15.53125, 10.20313], "rotation": 270, "texture": "#1"},
				"up": {"uv": [15.51563, 10.15625, 15.57813, 10.20313], "texture": "#1"},
				"down": {"uv": [15.51563, 10.20313, 15.57813, 10.15625], "texture": "#1"}
			}
		},
		{
			"name": "fricaxshirotama_ura2_37",
			"from": [15.57813, 0, 10.15625],
			"to": [15.625, 0.01563, 10.17188],
			"faces": {
				"north": {"uv": [15.625, 10.15625, 15.57813, 10.17188], "texture": "#1"},
				"east": {"uv": [15.60938, 10.15625, 15.625, 10.17188], "rotation": 90, "texture": "#1"},
				"south": {"uv": [15.57813, 10.15625, 15.625, 10.17188], "texture": "#1"},
				"west": {"uv": [15.57813, 10.15625, 15.59375, 10.17188], "rotation": 270, "texture": "#1"},
				"up": {"uv": [15.57813, 10.15625, 15.625, 10.17188], "texture": "#1"},
				"down": {"uv": [15.57813, 10.17188, 15.625, 10.15625], "texture": "#1"}
			}
		},
		{
			"name": "fricaxshirotama_ura2_38",
			"from": [15.57813, 0, 10.17188],
			"to": [15.59375, 0.01563, 10.1875],
			"faces": {
				"north": {"uv": [15.59375, 10.17188, 15.57813, 10.1875], "texture": "#1"},
				"east": {"uv": [15.57813, 10.17188, 15.59375, 10.1875], "rotation": 90, "texture": "#1"},
				"south": {"uv": [15.57813, 10.17188, 15.59375, 10.1875], "texture": "#1"},
				"west": {"uv": [15.57813, 10.17188, 15.59375, 10.1875], "rotation": 270, "texture": "#1"},
				"up": {"uv": [15.57813, 10.17188, 15.59375, 10.1875], "texture": "#1"},
				"down": {"uv": [15.57813, 10.1875, 15.59375, 10.17188], "texture": "#1"}
			}
		},
		{
			"name": "fricaxshirotama_ura2_39",
			"from": [15.51563, 0, 10.20313],
			"to": [15.54688, 0.01563, 10.23438],
			"faces": {
				"north": {"uv": [15.54688, 10.20313, 15.51563, 10.21875], "texture": "#1"},
				"east": {"uv": [15.53125, 10.20313, 15.54688, 10.23438], "rotation": 90, "texture": "#1"},
				"south": {"uv": [15.51563, 10.21875, 15.54688, 10.23438], "texture": "#1"},
				"west": {"uv": [15.51563, 10.20313, 15.53125, 10.23438], "rotation": 270, "texture": "#1"},
				"up": {"uv": [15.51563, 10.20313, 15.54688, 10.23438], "texture": "#1"},
				"down": {"uv": [15.51563, 10.23438, 15.54688, 10.20313], "texture": "#1"}
			}
		},
		{
			"name": "fricaxshirotama_ura2_40",
			"from": [15.54688, 0, 10.20313],
			"to": [15.5625, 0.01563, 10.21875],
			"faces": {
				"north": {"uv": [15.5625, 10.20313, 15.54688, 10.21875], "texture": "#1"},
				"east": {"uv": [15.54688, 10.20313, 15.5625, 10.21875], "rotation": 90, "texture": "#1"},
				"south": {"uv": [15.54688, 10.20313, 15.5625, 10.21875], "texture": "#1"},
				"west": {"uv": [15.54688, 10.20313, 15.5625, 10.21875], "rotation": 270, "texture": "#1"},
				"up": {"uv": [15.54688, 10.20313, 15.5625, 10.21875], "texture": "#1"},
				"down": {"uv": [15.54688, 10.21875, 15.5625, 10.20313], "texture": "#1"}
			}
		},
		{
			"name": "fricaxshirotama_ura2_41",
			"from": [15.51563, 0, 10.23438],
			"to": [15.53125, 0.01563, 10.28125],
			"faces": {
				"north": {"uv": [15.53125, 10.23438, 15.51563, 10.25], "texture": "#1"},
				"east": {"uv": [15.51563, 10.23438, 15.53125, 10.28125], "rotation": 90, "texture": "#1"},
				"south": {"uv": [15.51563, 10.26563, 15.53125, 10.28125], "texture": "#1"},
				"west": {"uv": [15.51563, 10.23438, 15.53125, 10.28125], "rotation": 270, "texture": "#1"},
				"up": {"uv": [15.51563, 10.23438, 15.53125, 10.28125], "texture": "#1"},
				"down": {"uv": [15.51563, 10.28125, 15.53125, 10.23438], "texture": "#1"}
			}
		},
		{
			"name": "fricaxshirotama_ura2_42",
			"from": [15.51563, 0, 10.32813],
			"to": [15.53125, 0.01563, 13.75],
			"faces": {
				"north": {"uv": [15.53125, 10.32813, 15.51563, 10.34375], "texture": "#1"},
				"east": {"uv": [15.51563, 10.32813, 15.53125, 13.75], "rotation": 90, "texture": "#1"},
				"south": {"uv": [15.51563, 13.73438, 15.53125, 13.75], "texture": "#1"},
				"west": {"uv": [15.51563, 10.32813, 15.53125, 13.75], "rotation": 270, "texture": "#1"},
				"up": {"uv": [15.51563, 10.32813, 15.53125, 13.75], "texture": "#1"},
				"down": {"uv": [15.51563, 13.75, 15.53125, 10.32813], "texture": "#1"}
			}
		},
		{
			"name": "fricaxshirotama_ura2_43",
			"from": [15.53125, 0, 10.40625],
			"to": [15.54688, 0.01563, 13.75],
			"faces": {
				"north": {"uv": [15.54688, 10.40625, 15.53125, 10.42188], "texture": "#1"},
				"east": {"uv": [15.53125, 10.40625, 15.54688, 13.75], "rotation": 90, "texture": "#1"},
				"south": {"uv": [15.53125, 13.73438, 15.54688, 13.75], "texture": "#1"},
				"west": {"uv": [15.53125, 10.40625, 15.54688, 13.75], "rotation": 270, "texture": "#1"},
				"up": {"uv": [15.53125, 10.40625, 15.54688, 13.75], "texture": "#1"},
				"down": {"uv": [15.53125, 13.75, 15.54688, 10.40625], "texture": "#1"}
			}
		},
		{
			"name": "fricaxshirotama_ura2_44",
			"from": [15.54688, 0, 10.45313],
			"to": [15.5625, 0.01563, 13.75],
			"faces": {
				"north": {"uv": [15.5625, 10.45313, 15.54688, 10.46875], "texture": "#1"},
				"east": {"uv": [15.54688, 10.45313, 15.5625, 13.75], "rotation": 90, "texture": "#1"},
				"south": {"uv": [15.54688, 13.73438, 15.5625, 13.75], "texture": "#1"},
				"west": {"uv": [15.54688, 10.45313, 15.5625, 13.75], "rotation": 270, "texture": "#1"},
				"up": {"uv": [15.54688, 10.45313, 15.5625, 13.75], "texture": "#1"},
				"down": {"uv": [15.54688, 13.75, 15.5625, 10.45313], "texture": "#1"}
			}
		},
		{
			"name": "fricaxshirotama_ura2_45",
			"from": [15.5625, 0, 10.51563],
			"to": [15.57813, 0.01563, 13.75],
			"faces": {
				"north": {"uv": [15.57813, 10.51563, 15.5625, 10.53125], "texture": "#1"},
				"east": {"uv": [15.5625, 10.51563, 15.57813, 13.75], "rotation": 90, "texture": "#1"},
				"south": {"uv": [15.5625, 13.73438, 15.57813, 13.75], "texture": "#1"},
				"west": {"uv": [15.5625, 10.51563, 15.57813, 13.75], "rotation": 270, "texture": "#1"},
				"up": {"uv": [15.5625, 10.51563, 15.57813, 13.75], "texture": "#1"},
				"down": {"uv": [15.5625, 13.75, 15.57813, 10.51563], "texture": "#1"}
			}
		},
		{
			"name": "fricaxshirotama_ura2_46",
			"from": [15.57813, 0, 10.57813],
			"to": [15.59375, 0.01563, 13.75],
			"faces": {
				"north": {"uv": [15.59375, 10.57813, 15.57813, 10.59375], "texture": "#1"},
				"east": {"uv": [15.57813, 10.57813, 15.59375, 13.75], "rotation": 90, "texture": "#1"},
				"south": {"uv": [15.57813, 13.73438, 15.59375, 13.75], "texture": "#1"},
				"west": {"uv": [15.57813, 10.57813, 15.59375, 13.75], "rotation": 270, "texture": "#1"},
				"up": {"uv": [15.57813, 10.57813, 15.59375, 13.75], "texture": "#1"},
				"down": {"uv": [15.57813, 13.75, 15.59375, 10.57813], "texture": "#1"}
			}
		},
		{
			"name": "fricaxshirotama_ura2_47",
			"from": [15.59375, 0, 10.64063],
			"to": [15.60938, 0.01563, 13.75],
			"faces": {
				"north": {"uv": [15.60938, 10.64063, 15.59375, 10.65625], "texture": "#1"},
				"east": {"uv": [15.59375, 10.64063, 15.60938, 13.75], "rotation": 90, "texture": "#1"},
				"south": {"uv": [15.59375, 13.73438, 15.60938, 13.75], "texture": "#1"},
				"west": {"uv": [15.59375, 10.64063, 15.60938, 13.75], "rotation": 270, "texture": "#1"},
				"up": {"uv": [15.59375, 10.64063, 15.60938, 13.75], "texture": "#1"},
				"down": {"uv": [15.59375, 13.75, 15.60938, 10.64063], "texture": "#1"}
			}
		},
		{
			"name": "fricaxshirotama_ura2_48",
			"from": [15.60938, 0, 10.70313],
			"to": [15.625, 0.01563, 13.75],
			"faces": {
				"north": {"uv": [15.625, 10.70313, 15.60938, 10.71875], "texture": "#1"},
				"east": {"uv": [15.60938, 10.70313, 15.625, 13.75], "rotation": 90, "texture": "#1"},
				"south": {"uv": [15.60938, 13.73438, 15.625, 13.75], "texture": "#1"},
				"west": {"uv": [15.60938, 10.70313, 15.625, 13.75], "rotation": 270, "texture": "#1"},
				"up": {"uv": [15.60938, 10.70313, 15.625, 13.75], "texture": "#1"},
				"down": {"uv": [15.60938, 13.75, 15.625, 10.70313], "texture": "#1"}
			}
		},
		{
			"name": "fricaxshirotama_ura2_49",
			"from": [15.625, 0, 10.76563],
			"to": [15.64063, 0.01563, 13.75],
			"faces": {
				"north": {"uv": [15.64063, 10.76563, 15.625, 10.78125], "texture": "#1"},
				"east": {"uv": [15.625, 10.76563, 15.64063, 13.75], "rotation": 90, "texture": "#1"},
				"south": {"uv": [15.625, 13.73438, 15.64063, 13.75], "texture": "#1"},
				"west": {"uv": [15.625, 10.76563, 15.64063, 13.75], "rotation": 270, "texture": "#1"},
				"up": {"uv": [15.625, 10.76563, 15.64063, 13.75], "texture": "#1"},
				"down": {"uv": [15.625, 13.75, 15.64063, 10.76563], "texture": "#1"}
			}
		},
		{
			"name": "fricaxshirotama_ura2_50",
			"from": [15.64063, 0, 10.82813],
			"to": [15.65625, 0.01563, 13.75],
			"faces": {
				"north": {"uv": [15.65625, 10.82813, 15.64063, 10.84375], "texture": "#1"},
				"east": {"uv": [15.64063, 10.82813, 15.65625, 13.75], "rotation": 90, "texture": "#1"},
				"south": {"uv": [15.64063, 13.73438, 15.65625, 13.75], "texture": "#1"},
				"west": {"uv": [15.64063, 10.82813, 15.65625, 13.75], "rotation": 270, "texture": "#1"},
				"up": {"uv": [15.64063, 10.82813, 15.65625, 13.75], "texture": "#1"},
				"down": {"uv": [15.64063, 13.75, 15.65625, 10.82813], "texture": "#1"}
			}
		},
		{
			"name": "fricaxshirotama_ura2_51",
			"from": [15.65625, 0, 10.89063],
			"to": [15.67188, 0.01563, 13.73438],
			"faces": {
				"north": {"uv": [15.67188, 10.89063, 15.65625, 10.90625], "texture": "#1"},
				"east": {"uv": [15.65625, 10.89063, 15.67188, 13.73438], "rotation": 90, "texture": "#1"},
				"south": {"uv": [15.65625, 13.71875, 15.67188, 13.73438], "texture": "#1"},
				"west": {"uv": [15.65625, 10.89063, 15.67188, 13.73438], "rotation": 270, "texture": "#1"},
				"up": {"uv": [15.65625, 10.89063, 15.67188, 13.73438], "texture": "#1"},
				"down": {"uv": [15.65625, 13.73438, 15.67188, 10.89063], "texture": "#1"}
			}
		},
		{
			"name": "fricaxshirotama_ura2_52",
			"from": [15.67188, 0, 10.95313],
			"to": [15.6875, 0.01563, 13.73438],
			"faces": {
				"north": {"uv": [15.6875, 10.95313, 15.67188, 10.96875], "texture": "#1"},
				"east": {"uv": [15.67188, 10.95313, 15.6875, 13.73438], "rotation": 90, "texture": "#1"},
				"south": {"uv": [15.67188, 13.71875, 15.6875, 13.73438], "texture": "#1"},
				"west": {"uv": [15.67188, 10.95313, 15.6875, 13.73438], "rotation": 270, "texture": "#1"},
				"up": {"uv": [15.67188, 10.95313, 15.6875, 13.73438], "texture": "#1"},
				"down": {"uv": [15.67188, 13.73438, 15.6875, 10.95313], "texture": "#1"}
			}
		},
		{
			"name": "fricaxshirotama_ura2_53",
			"from": [15.6875, 0, 11.01563],
			"to": [15.70313, 0.01563, 13.73438],
			"faces": {
				"north": {"uv": [15.70313, 11.01563, 15.6875, 11.03125], "texture": "#1"},
				"east": {"uv": [15.6875, 11.01563, 15.70313, 13.73438], "rotation": 90, "texture": "#1"},
				"south": {"uv": [15.6875, 13.71875, 15.70313, 13.73438], "texture": "#1"},
				"west": {"uv": [15.6875, 11.01563, 15.70313, 13.73438], "rotation": 270, "texture": "#1"},
				"up": {"uv": [15.6875, 11.01563, 15.70313, 13.73438], "texture": "#1"},
				"down": {"uv": [15.6875, 13.73438, 15.70313, 11.01563], "texture": "#1"}
			}
		},
		{
			"name": "fricaxshirotama_ura2_54",
			"from": [15.70313, 0, 11.0625],
			"to": [15.71875, 0.01563, 13.71875],
			"faces": {
				"north": {"uv": [15.71875, 11.0625, 15.70313, 11.07813], "texture": "#1"},
				"east": {"uv": [15.70313, 11.0625, 15.71875, 13.71875], "rotation": 90, "texture": "#1"},
				"south": {"uv": [15.70313, 13.70313, 15.71875, 13.71875], "texture": "#1"},
				"west": {"uv": [15.70313, 11.0625, 15.71875, 13.71875], "rotation": 270, "texture": "#1"},
				"up": {"uv": [15.70313, 11.0625, 15.71875, 13.71875], "texture": "#1"},
				"down": {"uv": [15.70313, 13.71875, 15.71875, 11.0625], "texture": "#1"}
			}
		},
		{
			"name": "fricaxshirotama_ura2_55",
			"from": [15.71875, 0, 11.125],
			"to": [15.73438, 0.01563, 13.71875],
			"faces": {
				"north": {"uv": [15.73438, 11.125, 15.71875, 11.14063], "texture": "#1"},
				"east": {"uv": [15.71875, 11.125, 15.73438, 13.71875], "rotation": 90, "texture": "#1"},
				"south": {"uv": [15.71875, 13.70313, 15.73438, 13.71875], "texture": "#1"},
				"west": {"uv": [15.71875, 11.125, 15.73438, 13.71875], "rotation": 270, "texture": "#1"},
				"up": {"uv": [15.71875, 11.125, 15.73438, 13.71875], "texture": "#1"},
				"down": {"uv": [15.71875, 13.71875, 15.73438, 11.125], "texture": "#1"}
			}
		},
		{
			"name": "fricaxshirotama_ura2_56",
			"from": [15.73438, 0, 11.1875],
			"to": [15.75, 0.01563, 13.70313],
			"faces": {
				"north": {"uv": [15.75, 11.1875, 15.73438, 11.20313], "texture": "#1"},
				"east": {"uv": [15.73438, 11.1875, 15.75, 13.70313], "rotation": 90, "texture": "#1"},
				"south": {"uv": [15.73438, 13.6875, 15.75, 13.70313], "texture": "#1"},
				"west": {"uv": [15.73438, 11.1875, 15.75, 13.70313], "rotation": 270, "texture": "#1"},
				"up": {"uv": [15.73438, 11.1875, 15.75, 13.70313], "texture": "#1"},
				"down": {"uv": [15.73438, 13.70313, 15.75, 11.1875], "texture": "#1"}
			}
		},
		{
			"name": "fricaxshirotama_ura2_57",
			"from": [15.75, 0, 11.25],
			"to": [15.76563, 0.01563, 13.70313],
			"faces": {
				"north": {"uv": [15.76563, 11.25, 15.75, 11.26563], "texture": "#1"},
				"east": {"uv": [15.75, 11.25, 15.76563, 13.70313], "rotation": 90, "texture": "#1"},
				"south": {"uv": [15.75, 13.6875, 15.76563, 13.70313], "texture": "#1"},
				"west": {"uv": [15.75, 11.25, 15.76563, 13.70313], "rotation": 270, "texture": "#1"},
				"up": {"uv": [15.75, 11.25, 15.76563, 13.70313], "texture": "#1"},
				"down": {"uv": [15.75, 13.70313, 15.76563, 11.25], "texture": "#1"}
			}
		},
		{
			"name": "fricaxshirotama_ura2_58",
			"from": [15.76563, 0, 11.3125],
			"to": [15.78125, 0.01563, 13.6875],
			"faces": {
				"north": {"uv": [15.78125, 11.3125, 15.76563, 11.32813], "texture": "#1"},
				"east": {"uv": [15.76563, 11.3125, 15.78125, 13.6875], "rotation": 90, "texture": "#1"},
				"south": {"uv": [15.76563, 13.67188, 15.78125, 13.6875], "texture": "#1"},
				"west": {"uv": [15.76563, 11.3125, 15.78125, 13.6875], "rotation": 270, "texture": "#1"},
				"up": {"uv": [15.76563, 11.3125, 15.78125, 13.6875], "texture": "#1"},
				"down": {"uv": [15.76563, 13.6875, 15.78125, 11.3125], "texture": "#1"}
			}
		},
		{
			"name": "fricaxshirotama_ura2_59",
			"from": [15.78125, 0, 11.375],
			"to": [15.79688, 0.01563, 13.6875],
			"faces": {
				"north": {"uv": [15.79688, 11.375, 15.78125, 11.39063], "texture": "#1"},
				"east": {"uv": [15.78125, 11.375, 15.79688, 13.6875], "rotation": 90, "texture": "#1"},
				"south": {"uv": [15.78125, 13.67188, 15.79688, 13.6875], "texture": "#1"},
				"west": {"uv": [15.78125, 11.375, 15.79688, 13.6875], "rotation": 270, "texture": "#1"},
				"up": {"uv": [15.78125, 11.375, 15.79688, 13.6875], "texture": "#1"},
				"down": {"uv": [15.78125, 13.6875, 15.79688, 11.375], "texture": "#1"}
			}
		},
		{
			"name": "fricaxshirotama_ura2_60",
			"from": [15.79688, 0, 11.4375],
			"to": [15.8125, 0.01563, 13.67188],
			"faces": {
				"north": {"uv": [15.8125, 11.4375, 15.79688, 11.45313], "texture": "#1"},
				"east": {"uv": [15.79688, 11.4375, 15.8125, 13.67188], "rotation": 90, "texture": "#1"},
				"south": {"uv": [15.79688, 13.65625, 15.8125, 13.67188], "texture": "#1"},
				"west": {"uv": [15.79688, 11.4375, 15.8125, 13.67188], "rotation": 270, "texture": "#1"},
				"up": {"uv": [15.79688, 11.4375, 15.8125, 13.67188], "texture": "#1"},
				"down": {"uv": [15.79688, 13.67188, 15.8125, 11.4375], "texture": "#1"}
			}
		},
		{
			"name": "fricaxshirotama_ura2_61",
			"from": [15.8125, 0, 11.5],
			"to": [15.82813, 0.01563, 13.65625],
			"faces": {
				"north": {"uv": [15.82813, 11.5, 15.8125, 11.51563], "texture": "#1"},
				"east": {"uv": [15.8125, 11.5, 15.82813, 13.65625], "rotation": 90, "texture": "#1"},
				"south": {"uv": [15.8125, 13.64063, 15.82813, 13.65625], "texture": "#1"},
				"west": {"uv": [15.8125, 11.5, 15.82813, 13.65625], "rotation": 270, "texture": "#1"},
				"up": {"uv": [15.8125, 11.5, 15.82813, 13.65625], "texture": "#1"},
				"down": {"uv": [15.8125, 13.65625, 15.82813, 11.5], "texture": "#1"}
			}
		},
		{
			"name": "fricaxshirotama_ura2_62",
			"from": [15.82813, 0, 11.5625],
			"to": [15.84375, 0.01563, 13.65625],
			"faces": {
				"north": {"uv": [15.84375, 11.5625, 15.82813, 11.57813], "texture": "#1"},
				"east": {"uv": [15.82813, 11.5625, 15.84375, 13.65625], "rotation": 90, "texture": "#1"},
				"south": {"uv": [15.82813, 13.64063, 15.84375, 13.65625], "texture": "#1"},
				"west": {"uv": [15.82813, 11.5625, 15.84375, 13.65625], "rotation": 270, "texture": "#1"},
				"up": {"uv": [15.82813, 11.5625, 15.84375, 13.65625], "texture": "#1"},
				"down": {"uv": [15.82813, 13.65625, 15.84375, 11.5625], "texture": "#1"}
			}
		},
		{
			"name": "fricaxshirotama_ura2_63",
			"from": [15.84375, 0, 11.60938],
			"to": [15.85938, 0.01563, 13.64063],
			"faces": {
				"north": {"uv": [15.85938, 11.60938, 15.84375, 11.625], "texture": "#1"},
				"east": {"uv": [15.84375, 11.60938, 15.85938, 13.64063], "rotation": 90, "texture": "#1"},
				"south": {"uv": [15.84375, 13.625, 15.85938, 13.64063], "texture": "#1"},
				"west": {"uv": [15.84375, 11.60938, 15.85938, 13.64063], "rotation": 270, "texture": "#1"},
				"up": {"uv": [15.84375, 11.60938, 15.85938, 13.64063], "texture": "#1"},
				"down": {"uv": [15.84375, 13.64063, 15.85938, 11.60938], "texture": "#1"}
			}
		},
		{
			"name": "fricaxshirotama_ura2_64",
			"from": [15.85938, 0, 11.67188],
			"to": [15.875, 0.01563, 13.625],
			"faces": {
				"north": {"uv": [15.875, 11.67188, 15.85938, 11.6875], "texture": "#1"},
				"east": {"uv": [15.85938, 11.67188, 15.875, 13.625], "rotation": 90, "texture": "#1"},
				"south": {"uv": [15.85938, 13.60938, 15.875, 13.625], "texture": "#1"},
				"west": {"uv": [15.85938, 11.67188, 15.875, 13.625], "rotation": 270, "texture": "#1"},
				"up": {"uv": [15.85938, 11.67188, 15.875, 13.625], "texture": "#1"},
				"down": {"uv": [15.85938, 13.625, 15.875, 11.67188], "texture": "#1"}
			}
		},
		{
			"name": "fricaxshirotama_ura2_65",
			"from": [15.875, 0, 11.73438],
			"to": [15.89063, 0.01563, 13.60938],
			"faces": {
				"north": {"uv": [15.89063, 11.73438, 15.875, 11.75], "texture": "#1"},
				"east": {"uv": [15.875, 11.73438, 15.89063, 13.60938], "rotation": 90, "texture": "#1"},
				"south": {"uv": [15.875, 13.59375, 15.89063, 13.60938], "texture": "#1"},
				"west": {"uv": [15.875, 11.73438, 15.89063, 13.60938], "rotation": 270, "texture": "#1"},
				"up": {"uv": [15.875, 11.73438, 15.89063, 13.60938], "texture": "#1"},
				"down": {"uv": [15.875, 13.60938, 15.89063, 11.73438], "texture": "#1"}
			}
		},
		{
			"name": "fricaxshirotama_ura2_66",
			"from": [15.89063, 0, 11.79688],
			"to": [15.90625, 0.01563, 13.59375],
			"faces": {
				"north": {"uv": [15.90625, 11.79688, 15.89063, 11.8125], "texture": "#1"},
				"east": {"uv": [15.89063, 11.79688, 15.90625, 13.59375], "rotation": 90, "texture": "#1"},
				"south": {"uv": [15.89063, 13.57813, 15.90625, 13.59375], "texture": "#1"},
				"west": {"uv": [15.89063, 11.79688, 15.90625, 13.59375], "rotation": 270, "texture": "#1"},
				"up": {"uv": [15.89063, 11.79688, 15.90625, 13.59375], "texture": "#1"},
				"down": {"uv": [15.89063, 13.59375, 15.90625, 11.79688], "texture": "#1"}
			}
		},
		{
			"name": "fricaxshirotama_ura2_67",
			"from": [15.90625, 0, 11.85938],
			"to": [15.92188, 0.01563, 13.5625],
			"faces": {
				"north": {"uv": [15.92188, 11.85938, 15.90625, 11.875], "texture": "#1"},
				"east": {"uv": [15.90625, 11.85938, 15.92188, 13.5625], "rotation": 90, "texture": "#1"},
				"south": {"uv": [15.90625, 13.54688, 15.92188, 13.5625], "texture": "#1"},
				"west": {"uv": [15.90625, 11.85938, 15.92188, 13.5625], "rotation": 270, "texture": "#1"},
				"up": {"uv": [15.90625, 11.85938, 15.92188, 13.5625], "texture": "#1"},
				"down": {"uv": [15.90625, 13.5625, 15.92188, 11.85938], "texture": "#1"}
			}
		},
		{
			"name": "fricaxshirotama_ura2_68",
			"from": [15.92188, 0, 11.92188],
			"to": [15.9375, 0.01563, 13.54688],
			"faces": {
				"north": {"uv": [15.9375, 11.92188, 15.92188, 11.9375], "texture": "#1"},
				"east": {"uv": [15.92188, 11.92188, 15.9375, 13.54688], "rotation": 90, "texture": "#1"},
				"south": {"uv": [15.92188, 13.53125, 15.9375, 13.54688], "texture": "#1"},
				"west": {"uv": [15.92188, 11.92188, 15.9375, 13.54688], "rotation": 270, "texture": "#1"},
				"up": {"uv": [15.92188, 11.92188, 15.9375, 13.54688], "texture": "#1"},
				"down": {"uv": [15.92188, 13.54688, 15.9375, 11.92188], "texture": "#1"}
			}
		},
		{
			"name": "fricaxshirotama_ura2_69",
			"from": [15.9375, 0, 11.98438],
			"to": [15.95313, 0.01563, 13.51563],
			"faces": {
				"north": {"uv": [15.95313, 11.98438, 15.9375, 12], "texture": "#1"},
				"east": {"uv": [15.9375, 11.98438, 15.95313, 13.51563], "rotation": 90, "texture": "#1"},
				"south": {"uv": [15.9375, 13.5, 15.95313, 13.51563], "texture": "#1"},
				"west": {"uv": [15.9375, 11.98438, 15.95313, 13.51563], "rotation": 270, "texture": "#1"},
				"up": {"uv": [15.9375, 11.98438, 15.95313, 13.51563], "texture": "#1"},
				"down": {"uv": [15.9375, 13.51563, 15.95313, 11.98438], "texture": "#1"}
			}
		},
		{
			"name": "fricaxshirotama_ura2_70",
			"from": [15.95313, 0, 12.04688],
			"to": [15.96875, 0.01563, 13.48438],
			"faces": {
				"north": {"uv": [15.96875, 12.04688, 15.95313, 12.0625], "texture": "#1"},
				"east": {"uv": [15.95313, 12.04688, 15.96875, 13.48438], "rotation": 90, "texture": "#1"},
				"south": {"uv": [15.95313, 13.46875, 15.96875, 13.48438], "texture": "#1"},
				"west": {"uv": [15.95313, 12.04688, 15.96875, 13.48438], "rotation": 270, "texture": "#1"},
				"up": {"uv": [15.95313, 12.04688, 15.96875, 13.48438], "texture": "#1"},
				"down": {"uv": [15.95313, 13.48438, 15.96875, 12.04688], "texture": "#1"}
			}
		},
		{
			"name": "fricaxshirotama_ura2_71",
			"from": [15.96875, 0, 12.10938],
			"to": [15.98438, 0.01563, 13.45313],
			"faces": {
				"north": {"uv": [15.98438, 12.10938, 15.96875, 12.125], "texture": "#1"},
				"east": {"uv": [15.96875, 12.10938, 15.98438, 13.45313], "rotation": 90, "texture": "#1"},
				"south": {"uv": [15.96875, 13.4375, 15.98438, 13.45313], "texture": "#1"},
				"west": {"uv": [15.96875, 12.10938, 15.98438, 13.45313], "rotation": 270, "texture": "#1"},
				"up": {"uv": [15.96875, 12.10938, 15.98438, 13.45313], "texture": "#1"},
				"down": {"uv": [15.96875, 13.45313, 15.98438, 12.10938], "texture": "#1"}
			}
		},
		{
			"name": "fricaxshirotama_ura2_72",
			"from": [15.98438, 0, 12.17188],
			"to": [16, 0.01563, 13.40625],
			"faces": {
				"north": {"uv": [16, 12.17188, 15.98438, 12.1875], "texture": "#1"},
				"east": {"uv": [15.98438, 12.17188, 16, 13.40625], "rotation": 90, "texture": "#1"},
				"south": {"uv": [15.98438, 13.39063, 16, 13.40625], "texture": "#1"},
				"west": {"uv": [15.98438, 12.17188, 16, 13.40625], "rotation": 270, "texture": "#1"},
				"up": {"uv": [15.98438, 12.17188, 16, 13.40625], "texture": "#1"},
				"down": {"uv": [15.98438, 13.40625, 16, 12.17188], "texture": "#1"}
			}
		}
	],
	"gui_light": "front",
	"display": {
		"thirdperson_righthand": {
			"rotation": [90, 0, 0],
			"translation": [-1.25, 1.25, 3],
			"scale": [0.3, 0.3, 0.3]
		},
		"thirdperson_lefthand": {
			"rotation": [90, 0, 0],
			"translation": [-1.25, 1.25, 3],
			"scale": [0.3, 0.3, 0.3]
		},
		"firstperson_righthand": {
			"rotation": [84, 0, 0],
			"translation": [-2, 5.75, 6.75],
			"scale": [0.58, 0.58, 0.58]
		},
		"firstperson_lefthand": {
			"rotation": [84, 0, -180],
			"translation": [-2.5, 5, -1.75],
			"scale": [0.58, 0.58, 0.58]
		},
		"ground": {
			"rotation": [90, 0, 0],
			"translation": [0, 10, 4.75],
			"scale": [0.6, 0.6, 0.6]
		},
		"gui": {
			"rotation": [-90, -180, -180],
			"translation": [-0.25, 0, -9.25],
			"scale": [0.91, 0.91, 0.91]
		},
		"head": {
			"rotation": [-89, -180, 0],
			"translation": [0, 4, -10.75],
			"scale": [0.53, 0.53, 0.53]
		},
		"fixed": {
			"rotation": [-90, -180, 0],
			"translation": [0, 0, -9.25],
			"scale": [1.07, 1.07, 1.07]
		}
	},
	"groups": [
		{
			"name": "fricaxshirotama",
			"origin": [8, 8, 8],
			"children": [0, 1, 2, 3, 4, 5, 6, 7, 8, 9, 10, 11, 12, 13, 14, 15, 16, 17, 18, 19, 20, 21, 22, 23, 24, 25, 26, 27, 28, 29, 30, 31, 32, 33, 34, 35, 36, 37, 38, 39, 40, 41, 42, 43, 44, 45, 46, 47, 48, 49, 50, 51, 52, 53, 54, 55, 56, 57, 58, 59, 60, 61, 62, 63, 64, 65, 66, 67, 68, 69, 70, 71, 72]
		},
		{
			"name": "fricaxshirotama_ura2",
			"origin": [8, 8, 8],
			"children": [73, 74, 75, 76, 77, 78, 79, 80, 81, 82, 83, 84, 85, 86, 87, 88, 89, 90, 91, 92, 93, 94, 95, 96, 97, 98, 99, 100, 101, 102, 103, 104, 105, 106, 107, 108, 109, 110, 111, 112, 113, 114, 115, 116, 117, 118, 119, 120, 121, 122, 123, 124, 125, 126, 127, 128, 129, 130, 131, 132, 133, 134, 135, 136, 137, 138, 139, 140, 141, 142, 143, 144, 145]
		}
	]
}