{
	"__name": "蚊取り線香",
	"credit": "Made with Blockbench",
	"textures": {
		"0": "item/katorisenko",
		"1": "item/katoriping",
		"2": "item/fire",
		"particle": "item/katorisenko"
	},
	"elements": [
		{
			"name": "hexadecagon",
			"from": [5.56973, 1.65, 9.42788],
			"to": [9.94228, 1.85, 9.77788],
			"rotation": {"angle": 0, "axis": "x", "origin": [7.8519, 8, 7.78512]},
			"faces": {
				"north": {"uv": [0, 0, 0.25, 0.25], "texture": "#0"},
				"east": {"uv": [0, 0, 0.25, 0.25], "texture": "#0"},
				"south": {"uv": [0, 0, 0.25, 0.25], "texture": "#0"},
				"west": {"uv": [0, 0, 0.25, 0.25], "texture": "#0"},
				"up": {"uv": [0, 0, 0.25, 0.25], "texture": "#0"},
				"down": {"uv": [0, 0, 0.25, 0.25], "texture": "#0"}
			}
		},
		{
			"name": "hexadecagon",
			"from": [9.50723, 1.61875, 9.39663],
			"to": [10.03603, 1.9125, 9.84038],
			"rotation": {"angle": 0, "axis": "x", "origin": [7.8519, 8, 7.78512]},
			"faces": {
				"north": {"uv": [0, 0, 0.25, 0.25], "texture": "#2"},
				"east": {"uv": [0, 0, 0.25, 0.25], "rotation": 90, "texture": "#2"},
				"south": {"uv": [0, 0, 0.25, 0.25], "rotation": 180, "texture": "#2"},
				"west": {"uv": [0, 0, 0.25, 0.25], "rotation": 270, "texture": "#2"},
				"up": {"uv": [0, 0, 0.25, 0.25], "texture": "#2"},
				"down": {"uv": [0, 0, 0.25, 0.25], "rotation": 180, "texture": "#2"}
			}
		},
		{
			"name": "hexadecagon",
			"from": [6.16348, 1.65, 8.83413],
			"to": [9.47353, 1.85, 9.18413],
			"rotation": {"angle": 0, "axis": "x", "origin": [7.8519, 8, 7.78512]},
			"faces": {
				"north": {"uv": [0, 0, 0.25, 0.25], "texture": "#0"},
				"east": {"uv": [0, 0, 0.25, 0.25], "texture": "#0"},
				"south": {"uv": [0, 0, 0.25, 0.25], "texture": "#0"},
				"west": {"uv": [0, 0, 0.25, 0.25], "texture": "#0"},
				"up": {"uv": [0, 0, 0.25, 0.25], "texture": "#0"},
				"down": {"uv": [0, 0, 0.25, 0.25], "texture": "#0"}
			}
		},
		{
			"name": "hexadecagon",
			"from": [6.51348, 1.65, 6.18658],
			"to": [9.13603, 1.85, 6.53658],
			"rotation": {"angle": 0, "axis": "x", "origin": [7.8519, 8, 7.78512]},
			"faces": {
				"north": {"uv": [0, 0, 0.25, 0.25], "texture": "#0"},
				"east": {"uv": [0, 0, 0.25, 0.25], "texture": "#0"},
				"south": {"uv": [0, 0, 0.25, 0.25], "texture": "#0"},
				"west": {"uv": [0, 0, 0.25, 0.25], "texture": "#0"},
				"up": {"uv": [0, 0, 0.25, 0.25], "texture": "#0"},
				"down": {"uv": [0, 0, 0.25, 0.25], "texture": "#0"}
			}
		},
		{
			"name": "hexadecagon",
			"from": [6.78848, 1.65, 8.20913],
			"to": [9.19228, 1.85, 8.55913],
			"rotation": {"angle": 0, "axis": "x", "origin": [7.8519, 8, 7.78512]},
			"faces": {
				"north": {"uv": [0, 0, 0.25, 0.25], "texture": "#0"},
				"east": {"uv": [0, 0, 0.25, 0.25], "texture": "#0"},
				"south": {"uv": [0, 0, 0.25, 0.25], "texture": "#0"},
				"west": {"uv": [0, 0, 0.25, 0.25], "texture": "#0"},
				"up": {"uv": [0, 0, 0.25, 0.25], "texture": "#0"},
				"down": {"uv": [0, 0, 0.25, 0.25], "texture": "#0"}
			}
		},
		{
			"name": "hexadecagon",
			"from": [5.56973, 1.65, 5.56158],
			"to": [9.66103, 1.85, 5.91158],
			"rotation": {"angle": 0, "axis": "x", "origin": [7.8519, 8, 7.78512]},
			"faces": {
				"north": {"uv": [0, 0, 0.25, 0.25], "texture": "#0"},
				"east": {"uv": [0, 0, 0.25, 0.25], "texture": "#0"},
				"south": {"uv": [0, 0, 0.25, 0.25], "texture": "#0"},
				"west": {"uv": [0, 0, 0.25, 0.25], "texture": "#0"},
				"up": {"uv": [0, 0, 0.25, 0.25], "texture": "#0"},
				"down": {"uv": [0, 0, 0.25, 0.25], "texture": "#0"}
			}
		},
		{
			"name": "hexadecagon",
			"from": [5.56973, 1.65, 5.62408],
			"to": [5.91973, 1.85, 9.77788],
			"rotation": {"angle": 0, "axis": "x", "origin": [7.8519, 8, 7.78512]},
			"faces": {
				"north": {"uv": [0, 0, 0.25, 0.25], "texture": "#0"},
				"east": {"uv": [0, 0, 0.25, 0.25], "texture": "#0"},
				"south": {"uv": [0, 0, 0.25, 0.25], "texture": "#0"},
				"west": {"uv": [0, 0, 0.25, 0.25], "texture": "#0"},
				"up": {"uv": [0, 0, 0.25, 0.25], "texture": "#0"},
				"down": {"uv": [0, 0, 0.25, 0.25], "texture": "#0"}
			}
		},
		{
			"name": "hexadecagon",
			"from": [6.16348, 1.65, 6.18658],
			"to": [6.51348, 1.85, 9.09038],
			"rotation": {"angle": 0, "axis": "x", "origin": [7.8519, 8, 7.78512]},
			"faces": {
				"north": {"uv": [0, 0, 0.25, 0.25], "texture": "#0"},
				"east": {"uv": [0, 0, 0.25, 0.25], "texture": "#0"},
				"south": {"uv": [0, 0, 0.25, 0.25], "texture": "#0"},
				"west": {"uv": [0, 0, 0.25, 0.25], "texture": "#0"},
				"up": {"uv": [0, 0, 0.25, 0.25], "texture": "#0"},
				"down": {"uv": [0, 0, 0.25, 0.25], "texture": "#0"}
			}
		},
		{
			"name": "hexadecagon",
			"from": [8.84228, 1.65, 6.18658],
			"to": [9.19228, 1.85, 8.34038],
			"rotation": {"angle": 0, "axis": "x", "origin": [7.8519, 8, 7.78512]},
			"faces": {
				"north": {"uv": [0, 0, 0.25, 0.25], "texture": "#0"},
				"east": {"uv": [0, 0, 0.25, 0.25], "texture": "#0"},
				"south": {"uv": [0, 0, 0.25, 0.25], "texture": "#0"},
				"west": {"uv": [0, 0, 0.25, 0.25], "texture": "#0"},
				"up": {"uv": [0, 0, 0.25, 0.25], "texture": "#0"},
				"down": {"uv": [0, 0, 0.25, 0.25], "texture": "#0"}
			}
		},
		{
			"name": "hexadecagon",
			"from": [6.78848, 1.65, 6.78033],
			"to": [7.13848, 1.85, 8.34038],
			"rotation": {"angle": 0, "axis": "x", "origin": [7.8519, 8, 7.78512]},
			"faces": {
				"north": {"uv": [0, 0, 0.25, 0.25], "texture": "#0"},
				"east": {"uv": [0, 0, 0.25, 0.25], "texture": "#0"},
				"south": {"uv": [0, 0, 0.25, 0.25], "texture": "#0"},
				"west": {"uv": [0, 0, 0.25, 0.25], "texture": "#0"},
				"up": {"uv": [0, 0, 0.25, 0.25], "texture": "#0"},
				"down": {"uv": [0, 0, 0.25, 0.25], "texture": "#0"}
			}
		},
		{
			"name": "hexadecagon",
			"from": [8.21728, 1.65, 6.77163],
			"to": [8.56728, 1.85, 7.73793],
			"rotation": {"angle": 0, "axis": "x", "origin": [7.8519, 8, 7.78512]},
			"faces": {
				"north": {"uv": [0, 0, 0.25, 0.25], "texture": "#0"},
				"east": {"uv": [0, 0, 0.25, 0.25], "texture": "#0"},
				"south": {"uv": [0, 0, 0.25, 0.25], "texture": "#0"},
				"west": {"uv": [0, 0, 0.25, 0.25], "texture": "#0"},
				"up": {"uv": [0, 0, 0.25, 0.25], "texture": "#0"},
				"down": {"uv": [0, 0, 0.25, 0.25], "texture": "#0"}
			}
		},
		{
			"name": "hexadecagon",
			"from": [9.44473, 1.65, 5.56158],
			"to": [9.79473, 1.85, 9.18413],
			"rotation": {"angle": 0, "axis": "x", "origin": [7.8519, 8, 7.78512]},
			"faces": {
				"north": {"uv": [0, 0, 0.25, 0.25], "texture": "#0"},
				"east": {"uv": [0, 0, 0.25, 0.25], "texture": "#0"},
				"south": {"uv": [0, 0, 0.25, 0.25], "texture": "#0"},
				"west": {"uv": [0, 0, 0.25, 0.25], "texture": "#0"},
				"up": {"uv": [0, 0, 0.25, 0.25], "texture": "#0"},
				"down": {"uv": [0, 0, 0.25, 0.25], "texture": "#0"}
			}
		},
		{
			"name": "hexadecagon",
			"from": [6.78848, 1.65, 6.77163],
			"to": [8.56728, 1.85, 7.12163],
			"rotation": {"angle": 0, "axis": "x", "origin": [7.8519, 8, 7.78512]},
			"faces": {
				"north": {"uv": [0, 0, 0.25, 0.25], "texture": "#0"},
				"east": {"uv": [0, 0, 0.25, 0.25], "texture": "#0"},
				"south": {"uv": [0, 0, 0.25, 0.25], "texture": "#0"},
				"west": {"uv": [0, 0, 0.25, 0.25], "texture": "#0"},
				"up": {"uv": [0, 0, 0.25, 0.25], "texture": "#0"},
				"down": {"uv": [0, 0, 0.25, 0.25], "texture": "#0"}
			}
		},
		{
			"name": "hexadecagon",
			"from": [7.47598, 1.65, 7.42788],
			"to": [8.56728, 1.85, 7.77788],
			"rotation": {"angle": 0, "axis": "x", "origin": [7.8519, 8, 7.78512]},
			"faces": {
				"north": {"uv": [0, 0, 0.25, 0.25], "texture": "#0"},
				"east": {"uv": [0, 0, 0.25, 0.25], "texture": "#0"},
				"south": {"uv": [0, 0, 0.25, 0.25], "texture": "#0"},
				"west": {"uv": [0, 0, 0.25, 0.25], "texture": "#0"},
				"up": {"uv": [0, 0, 0.25, 0.25], "texture": "#0"},
				"down": {"uv": [0, 0, 0.25, 0.25], "texture": "#0"}
			}
		},
		{
			"name": "hexadecagon",
			"from": [7.56973, 0.525, 7.58413],
			"to": [7.94228, 1.1, 7.65288],
			"rotation": {"angle": 0, "axis": "y", "origin": [7.8519, 8, 7.78512]},
			"faces": {
				"north": {"uv": [0, 0, 0.25, 0.25], "texture": "#1"},
				"east": {"uv": [0, 0, 0.25, 0.25], "texture": "#1"},
				"south": {"uv": [0, 0, 0.25, 0.25], "texture": "#1"},
				"west": {"uv": [0, 0, 0.25, 0.25], "texture": "#1"},
				"up": {"uv": [0, 0, 0.25, 0.25], "texture": "#1"},
				"down": {"uv": [0, 0, 0.25, 0.25], "texture": "#1"}
			}
		},
		{
			"name": "hexadecagon",
			"from": [7.41348, 0.525, 7.08413],
			"to": [8.09853, 0.6, 8.24663],
			"rotation": {"angle": 0, "axis": "y", "origin": [7.8519, 8, 7.78512]},
			"faces": {
				"north": {"uv": [0, 0, 0.25, 0.25], "texture": "#1"},
				"east": {"uv": [0, 0, 0.25, 0.25], "texture": "#1"},
				"south": {"uv": [0, 0, 0.25, 0.25], "texture": "#1"},
				"west": {"uv": [0, 0, 0.25, 0.25], "texture": "#1"},
				"up": {"uv": [0, 0, 0.25, 0.25], "texture": "#1"},
				"down": {"uv": [0, 0, 0.25, 0.25], "texture": "#1"}
			}
		},
		{
			"name": "hexadecagon",
			"from": [7.75723, 1.0875, 7.58413],
			"to": [7.94228, 1.975, 7.65288],
			"rotation": {"angle": 0, "axis": "y", "origin": [7.8519, 8, 7.78512]},
			"faces": {
				"north": {"uv": [0, 0, 0.25, 0.25], "texture": "#1"},
				"east": {"uv": [0, 0, 0.25, 0.25], "texture": "#1"},
				"south": {"uv": [0, 0, 0.25, 0.25], "texture": "#1"},
				"west": {"uv": [0, 0, 0.25, 0.25], "texture": "#1"},
				"up": {"uv": [0, 0, 0.25, 0.25], "texture": "#1"},
				"down": {"uv": [0, 0, 0.25, 0.25], "texture": "#1"}
			}
		}
	],
	"display": {
		"thirdperson_righthand": {
			"rotation": [0, -180, 0],
			"translation": [-1, 6.5, 0.5],
			"scale": [0.89, 0.89, 0.89]
		},
		"thirdperson_lefthand": {
			"rotation": [0, -180, 0],
			"translation": [-1, 6.5, 0.5],
			"scale": [0.89, 0.89, 0.89]
		},
		"firstperson_righthand": {
			"rotation": [0, -180, 0],
			"translation": [-1, 6.5, 0.5],
			"scale": [0.89, 0.89, 0.89]
		},
		"firstperson_lefthand": {
			"rotation": [0, -180, 0],
			"translation": [1.75, 6.5, 0.5],
			"scale": [0.89, 0.89, 0.89]
		},
		"ground": {
			"translation": [4.75, 17, 2],
			"scale": [2.18, 2.18, 2.18]
		},
		"gui": {
			"rotation": [30, -45, 0],
			"translation": [0.25, 12.5, 0],
			"scale": [2.49, 2.49, 2.49]
		},
		"head": {
			"rotation": [0, -180, 0],
			"translation": [-1, -10.75, -3],
			"scale": [2.93, 2.93, 2.93]
		},
		"fixed": {
			"rotation": [-90, 0, 0],
			"translation": [1.25, 1.25, -30],
			"scale": [4, 4, 4]
		}
	},
	"groups": [
		{
			"name": "katorisenko",
			"origin": [8, 8, 8],
			"children": [
				{
					"name": "tate",
					"origin": [8, 8, 8],
					"children": [0, 1, 2, 3, 4, 5]
				},
				{
					"name": "yoko",
					"origin": [8, 8, 8],
					"children": [6, 7, 8, 9, 10, 11, 12, 13]
				}
			]
		},
		{
			"name": "kinzokudai",
			"origin": [8, 8, 8],
			"children": [14, 15, 16]
		}
	]
}