{
	"credit": "Made with Blockbench",
	"textures": {
		"0": "item/katorisenko",
		"1": "item/katoriping",
		"2": "item/fire",
		"particle": "item/katorisenko"
	},
	"elements": [
		{
			"name": "hexadecagon",
			"from": [3.13223, 12.14277, 8.96637],
			"to": [7.50478, 12.49277, 9.16637],
			"rotation": {"angle": 0, "axis": "x", "origin": [7.8519, 8, 7.78512]},
			"faces": {
				"north": {"uv": [0, 0, 0.25, 0.25], "rotation": 180, "texture": "#0"},
				"east": {"uv": [0, 0, 0.25, 0.25], "rotation": 90, "texture": "#0"},
				"south": {"uv": [0, 0, 0.25, 0.25], "texture": "#0"},
				"west": {"uv": [0, 0, 0.25, 0.25], "rotation": 270, "texture": "#0"},
				"up": {"uv": [0, 0, 0.25, 0.25], "texture": "#0"},
				"down": {"uv": [0, 0, 0.25, 0.25], "rotation": 180, "texture": "#0"}
			}
		},
		{
			"name": "hexadecagon",
			"from": [6.97598, 12.14277, 8.90387],
			"to": [7.50478, 12.49277, 9.16637],
			"rotation": {"angle": 0, "axis": "x", "origin": [7.8519, 8, 7.78512]},
			"faces": {
				"north": {"uv": [0, 0, 0.25, 0.25], "rotation": 180, "texture": "#2"},
				"east": {"uv": [0, 0, 0.25, 0.25], "rotation": 180, "texture": "#2"},
				"south": {"uv": [0, 0, 0.25, 0.25], "rotation": 180, "texture": "#2"},
				"west": {"uv": [0, 0, 0.25, 0.25], "rotation": 180, "texture": "#2"},
				"up": {"uv": [0, 0, 0.25, 0.25], "rotation": 180, "texture": "#2"},
				"down": {"uv": [0, 0, 0.25, 0.25], "rotation": 180, "texture": "#2"}
			}
		},
		{
			"name": "hexadecagon",
			"from": [3.72598, 11.54902, 8.96637],
			"to": [7.03603, 11.89902, 9.16637],
			"rotation": {"angle": 0, "axis": "x", "origin": [7.8519, 8, 7.78512]},
			"faces": {
				"north": {"uv": [0, 0, 0.25, 0.25], "rotation": 180, "texture": "#0"},
				"east": {"uv": [0, 0, 0.25, 0.25], "rotation": 90, "texture": "#0"},
				"south": {"uv": [0, 0, 0.25, 0.25], "texture": "#0"},
				"west": {"uv": [0, 0, 0.25, 0.25], "rotation": 270, "texture": "#0"},
				"up": {"uv": [0, 0, 0.25, 0.25], "texture": "#0"},
				"down": {"uv": [0, 0, 0.25, 0.25], "rotation": 180, "texture": "#0"}
			}
		},
		{
			"name": "hexadecagon",
			"from": [4.07598, 8.90147, 8.96637],
			"to": [6.69853, 9.25147, 9.16637],
			"rotation": {"angle": 0, "axis": "x", "origin": [7.8519, 8, 7.78512]},
			"faces": {
				"north": {"uv": [0, 0, 0.25, 0.25], "rotation": 180, "texture": "#0"},
				"east": {"uv": [0, 0, 0.25, 0.25], "rotation": 90, "texture": "#0"},
				"south": {"uv": [0, 0, 0.25, 0.25], "texture": "#0"},
				"west": {"uv": [0, 0, 0.25, 0.25], "rotation": 270, "texture": "#0"},
				"up": {"uv": [0, 0, 0.25, 0.25], "texture": "#0"},
				"down": {"uv": [0, 0, 0.25, 0.25], "rotation": 180, "texture": "#0"}
			}
		},
		{
			"name": "hexadecagon",
			"from": [4.35098, 10.92402, 8.96637],
			"to": [6.75478, 11.27402, 9.16637],
			"rotation": {"angle": 0, "axis": "x", "origin": [7.8519, 8, 7.78512]},
			"faces": {
				"north": {"uv": [0, 0, 0.25, 0.25], "rotation": 180, "texture": "#0"},
				"east": {"uv": [0, 0, 0.25, 0.25], "rotation": 90, "texture": "#0"},
				"south": {"uv": [0, 0, 0.25, 0.25], "texture": "#0"},
				"west": {"uv": [0, 0, 0.25, 0.25], "rotation": 270, "texture": "#0"},
				"up": {"uv": [0, 0, 0.25, 0.25], "texture": "#0"},
				"down": {"uv": [0, 0, 0.25, 0.25], "rotation": 180, "texture": "#0"}
			}
		},
		{
			"name": "hexadecagon",
			"from": [3.13223, 8.27647, 8.96637],
			"to": [7.22353, 8.62647, 9.16637],
			"rotation": {"angle": 0, "axis": "x", "origin": [7.8519, 8, 7.78512]},
			"faces": {
				"north": {"uv": [0, 0, 0.25, 0.25], "rotation": 180, "texture": "#0"},
				"east": {"uv": [0, 0, 0.25, 0.25], "rotation": 90, "texture": "#0"},
				"south": {"uv": [0, 0, 0.25, 0.25], "texture": "#0"},
				"west": {"uv": [0, 0, 0.25, 0.25], "rotation": 270, "texture": "#0"},
				"up": {"uv": [0, 0, 0.25, 0.25], "texture": "#0"},
				"down": {"uv": [0, 0, 0.25, 0.25], "rotation": 180, "texture": "#0"}
			}
		},
		{
			"name": "hexadecagon",
			"from": [3.13223, 8.33897, 8.96637],
			"to": [3.48223, 12.49277, 9.16637],
			"rotation": {"angle": 0, "axis": "x", "origin": [7.8519, 8, 7.78512]},
			"faces": {
				"north": {"uv": [0, 0, 0.25, 0.25], "rotation": 180, "texture": "#0"},
				"east": {"uv": [0, 0, 0.25, 0.25], "rotation": 90, "texture": "#0"},
				"south": {"uv": [0, 0, 0.25, 0.25], "texture": "#0"},
				"west": {"uv": [0, 0, 0.25, 0.25], "rotation": 270, "texture": "#0"},
				"up": {"uv": [0, 0, 0.25, 0.25], "texture": "#0"},
				"down": {"uv": [0, 0, 0.25, 0.25], "rotation": 180, "texture": "#0"}
			}
		},
		{
			"name": "hexadecagon",
			"from": [3.72598, 8.90147, 8.96637],
			"to": [4.07598, 11.80527, 9.16637],
			"rotation": {"angle": 0, "axis": "x", "origin": [7.8519, 8, 7.78512]},
			"faces": {
				"north": {"uv": [0, 0, 0.25, 0.25], "rotation": 180, "texture": "#0"},
				"east": {"uv": [0, 0, 0.25, 0.25], "rotation": 90, "texture": "#0"},
				"south": {"uv": [0, 0, 0.25, 0.25], "texture": "#0"},
				"west": {"uv": [0, 0, 0.25, 0.25], "rotation": 270, "texture": "#0"},
				"up": {"uv": [0, 0, 0.25, 0.25], "texture": "#0"},
				"down": {"uv": [0, 0, 0.25, 0.25], "rotation": 180, "texture": "#0"}
			}
		},
		{
			"name": "hexadecagon",
			"from": [6.40478, 8.90147, 8.96637],
			"to": [6.75478, 11.05527, 9.16637],
			"rotation": {"angle": 0, "axis": "x", "origin": [7.8519, 8, 7.78512]},
			"faces": {
				"north": {"uv": [0, 0, 0.25, 0.25], "rotation": 180, "texture": "#0"},
				"east": {"uv": [0, 0, 0.25, 0.25], "rotation": 90, "texture": "#0"},
				"south": {"uv": [0, 0, 0.25, 0.25], "texture": "#0"},
				"west": {"uv": [0, 0, 0.25, 0.25], "rotation": 270, "texture": "#0"},
				"up": {"uv": [0, 0, 0.25, 0.25], "texture": "#0"},
				"down": {"uv": [0, 0, 0.25, 0.25], "rotation": 180, "texture": "#0"}
			}
		},
		{
			"name": "hexadecagon",
			"from": [4.35098, 9.49522, 8.96637],
			"to": [4.70098, 11.05527, 9.16637],
			"rotation": {"angle": 0, "axis": "x", "origin": [7.8519, 8, 7.78512]},
			"faces": {
				"north": {"uv": [0, 0, 0.25, 0.25], "rotation": 180, "texture": "#0"},
				"east": {"uv": [0, 0, 0.25, 0.25], "rotation": 90, "texture": "#0"},
				"south": {"uv": [0, 0, 0.25, 0.25], "texture": "#0"},
				"west": {"uv": [0, 0, 0.25, 0.25], "rotation": 270, "texture": "#0"},
				"up": {"uv": [0, 0, 0.25, 0.25], "texture": "#0"},
				"down": {"uv": [0, 0, 0.25, 0.25], "rotation": 180, "texture": "#0"}
			}
		},
		{
			"name": "hexadecagon",
			"from": [5.77978, 9.48652, 8.96637],
			"to": [6.12978, 10.45282, 9.16637],
			"rotation": {"angle": 0, "axis": "x", "origin": [7.8519, 8, 7.78512]},
			"faces": {
				"north": {"uv": [0, 0, 0.25, 0.25], "rotation": 180, "texture": "#0"},
				"east": {"uv": [0, 0, 0.25, 0.25], "rotation": 90, "texture": "#0"},
				"south": {"uv": [0, 0, 0.25, 0.25], "texture": "#0"},
				"west": {"uv": [0, 0, 0.25, 0.25], "rotation": 270, "texture": "#0"},
				"up": {"uv": [0, 0, 0.25, 0.25], "texture": "#0"},
				"down": {"uv": [0, 0, 0.25, 0.25], "rotation": 180, "texture": "#0"}
			}
		},
		{
			"name": "hexadecagon",
			"from": [7.00723, 8.27647, 8.96637],
			"to": [7.35723, 11.89902, 9.16637],
			"rotation": {"angle": 0, "axis": "x", "origin": [7.8519, 8, 7.78512]},
			"faces": {
				"north": {"uv": [0, 0, 0.25, 0.25], "rotation": 180, "texture": "#0"},
				"east": {"uv": [0, 0, 0.25, 0.25], "rotation": 90, "texture": "#0"},
				"south": {"uv": [0, 0, 0.25, 0.25], "texture": "#0"},
				"west": {"uv": [0, 0, 0.25, 0.25], "rotation": 270, "texture": "#0"},
				"up": {"uv": [0, 0, 0.25, 0.25], "texture": "#0"},
				"down": {"uv": [0, 0, 0.25, 0.25], "rotation": 180, "texture": "#0"}
			}
		},
		{
			"name": "hexadecagon",
			"from": [4.35098, 9.48652, 8.96637],
			"to": [6.12978, 9.83652, 9.16637],
			"rotation": {"angle": 0, "axis": "x", "origin": [7.8519, 8, 7.78512]},
			"faces": {
				"north": {"uv": [0, 0, 0.25, 0.25], "rotation": 180, "texture": "#0"},
				"east": {"uv": [0, 0, 0.25, 0.25], "rotation": 90, "texture": "#0"},
				"south": {"uv": [0, 0, 0.25, 0.25], "texture": "#0"},
				"west": {"uv": [0, 0, 0.25, 0.25], "rotation": 270, "texture": "#0"},
				"up": {"uv": [0, 0, 0.25, 0.25], "texture": "#0"},
				"down": {"uv": [0, 0, 0.25, 0.25], "rotation": 180, "texture": "#0"}
			}
		},
		{
			"name": "hexadecagon",
			"from": [5.03848, 10.14277, 8.96637],
			"to": [6.12978, 10.49277, 9.16637],
			"rotation": {"angle": 0, "axis": "x", "origin": [7.8519, 8, 7.78512]},
			"faces": {
				"north": {"uv": [0, 0, 0.25, 0.25], "rotation": 180, "texture": "#0"},
				"east": {"uv": [0, 0, 0.25, 0.25], "rotation": 90, "texture": "#0"},
				"south": {"uv": [0, 0, 0.25, 0.25], "texture": "#0"},
				"west": {"uv": [0, 0, 0.25, 0.25], "rotation": 270, "texture": "#0"},
				"up": {"uv": [0, 0, 0.25, 0.25], "texture": "#0"},
				"down": {"uv": [0, 0, 0.25, 0.25], "rotation": 180, "texture": "#0"}
			}
		},
		{
			"from": [0, 6, 4.25],
			"to": [10, 6.5, 16],
			"faces": {
				"north": {"uv": [6, 0, 16, 11.75], "texture": "#1"},
				"east": {"uv": [6, 0, 16, 11.75], "texture": "#1"},
				"south": {"uv": [6, 0, 16, 11.75], "texture": "#1"},
				"west": {"uv": [6, 0, 16, 11.75], "texture": "#1"},
				"up": {"uv": [6, 0, 16, 11.75], "texture": "#1"},
				"down": {"uv": [6, 0, 16, 11.75], "texture": "#1"}
			}
		},
		{
			"from": [0, 6, 4.25],
			"to": [10, 7.25, 5],
			"faces": {
				"north": {"uv": [6, 0, 16, 11.75], "texture": "#1"},
				"east": {"uv": [6, 0, 16, 11.75], "texture": "#1"},
				"south": {"uv": [6, 0, 16, 11.75], "texture": "#1"},
				"west": {"uv": [6, 0, 16, 11.75], "texture": "#1"},
				"up": {"uv": [6, 0, 16, 11.75], "texture": "#1"},
				"down": {"uv": [6, 0, 16, 11.75], "texture": "#1"}
			}
		},
		{
			"from": [0, 13.75, 4.25],
			"to": [10, 15, 5],
			"faces": {
				"north": {"uv": [6, 0, 16, 11.75], "texture": "#1"},
				"east": {"uv": [6, 0, 16, 11.75], "texture": "#1"},
				"south": {"uv": [6, 0, 16, 11.75], "texture": "#1"},
				"west": {"uv": [6, 0, 16, 11.75], "texture": "#1"},
				"up": {"uv": [6, 0, 16, 11.75], "texture": "#1"},
				"down": {"uv": [6, 0, 16, 11.75], "texture": "#1"}
			}
		},
		{
			"from": [0, 6, 15.5],
			"to": [10, 15, 16],
			"faces": {
				"north": {"uv": [6, 0, 16, 11.75], "texture": "#1"},
				"east": {"uv": [6, 0, 16, 11.75], "texture": "#1"},
				"south": {"uv": [0.535, 6.583, 6.106, 12.153], "texture": "#1"},
				"west": {"uv": [6, 0, 16, 11.75], "texture": "#1"},
				"up": {"uv": [6, 0, 16, 11.75], "texture": "#1"},
				"down": {"uv": [6, 0, 16, 11.75], "texture": "#1"}
			}
		},
		{
			"from": [2.25, 8.25, 15.5],
			"to": [8, 11.25, 17.25],
			"faces": {
				"north": {"uv": [6, 0, 16, 11.75], "texture": "#1"},
				"east": {"uv": [6, 0, 16, 11.75], "texture": "#1"},
				"south": {"uv": [0, 1.625, 6.813, 4.75], "texture": "#1"},
				"west": {"uv": [6, 0, 16, 11.75], "texture": "#1"},
				"up": {"uv": [6, 0, 16, 11.75], "texture": "#1"},
				"down": {"uv": [6, 0, 16, 11.75], "texture": "#1"}
			}
		},
		{
			"from": [0, 14.5, 4.25],
			"to": [10, 15, 16],
			"faces": {
				"north": {"uv": [6, 0, 16, 11.75], "texture": "#1"},
				"east": {"uv": [6, 0, 16, 11.75], "texture": "#1"},
				"south": {"uv": [6, 0, 16, 11.75], "texture": "#1"},
				"west": {"uv": [6, 0, 16, 11.75], "texture": "#1"},
				"up": {"uv": [0, 9.278, 6.993, 12.941], "texture": "#1"},
				"down": {"uv": [6, 0, 16, 11.75], "texture": "#1"}
			}
		},
		{
			"from": [8.875, 13.875, 15.3125],
			"to": [11.125, 16.125, 16],
			"faces": {
				"north": {"uv": [6, 0, 16, 11.75], "texture": "#1"},
				"east": {"uv": [6, 0, 16, 11.75], "texture": "#1"},
				"south": {"uv": [6, 0, 16, 11.75], "texture": "#1"},
				"west": {"uv": [6, 0, 16, 11.75], "texture": "#1"},
				"up": {"uv": [6, 0, 16, 11.75], "texture": "#1"},
				"down": {"uv": [6, 0, 16, 11.75], "texture": "#1"}
			}
		},
		{
			"from": [-1.125, 13.875, 15.3125],
			"to": [1.125, 16.125, 16],
			"faces": {
				"north": {"uv": [6, 0, 16, 11.75], "texture": "#1"},
				"east": {"uv": [6, 0, 16, 11.75], "texture": "#1"},
				"south": {"uv": [6, 0, 16, 11.75], "texture": "#1"},
				"west": {"uv": [6, 0, 16, 11.75], "texture": "#1"},
				"up": {"uv": [6, 0, 16, 11.75], "texture": "#1"},
				"down": {"uv": [6, 0, 16, 11.75], "texture": "#1"}
			}
		},
		{
			"from": [0, 6, 4.25],
			"to": [0.5, 15, 16],
			"faces": {
				"north": {"uv": [6, 0, 16, 11.75], "texture": "#1"},
				"east": {"uv": [6, 0, 16, 11.75], "texture": "#1"},
				"south": {"uv": [6, 0, 16, 11.75], "texture": "#1"},
				"west": {"uv": [6, 0, 16, 11.75], "texture": "#1"},
				"up": {"uv": [6, 0, 16, 11.75], "texture": "#1"},
				"down": {"uv": [6, 0, 16, 11.75], "rotation": 90, "texture": "#1"}
			}
		},
		{
			"from": [0, 6, 4.25],
			"to": [1.5, 15, 5],
			"faces": {
				"north": {"uv": [6, 0, 16, 11.75], "texture": "#1"},
				"east": {"uv": [6, 0, 16, 11.75], "texture": "#1"},
				"south": {"uv": [6, 0, 16, 11.75], "texture": "#1"},
				"west": {"uv": [6, 0, 16, 11.75], "texture": "#1"},
				"up": {"uv": [6, 0, 16, 11.75], "texture": "#1"},
				"down": {"uv": [6, 0, 16, 11.75], "rotation": 90, "texture": "#1"}
			}
		},
		{
			"from": [8.5, 6, 4.25],
			"to": [10, 15, 5],
			"faces": {
				"north": {"uv": [6, 0, 16, 11.75], "texture": "#1"},
				"east": {"uv": [6, 0, 16, 11.75], "texture": "#1"},
				"south": {"uv": [6, 0, 16, 11.75], "texture": "#1"},
				"west": {"uv": [6, 0, 16, 11.75], "texture": "#1"},
				"up": {"uv": [6, 0, 16, 11.75], "texture": "#1"},
				"down": {"uv": [6, 0, 16, 11.75], "rotation": 90, "texture": "#1"}
			}
		},
		{
			"from": [9.5, 6, 4.25],
			"to": [10, 15, 16],
			"faces": {
				"north": {"uv": [6, 0, 16, 11.75], "texture": "#1"},
				"east": {"uv": [6, 0, 16, 11.75], "texture": "#1"},
				"south": {"uv": [6, 0, 16, 11.75], "texture": "#1"},
				"west": {"uv": [6, 0, 16, 11.75], "texture": "#1"},
				"up": {"uv": [6, 0, 16, 11.75], "texture": "#1"},
				"down": {"uv": [6, 0, 16, 11.75], "rotation": 90, "texture": "#1"}
			}
		}
	],
	"display": {
		"thirdperson_righthand": {
			"rotation": [70, -180, 0],
			"translation": [-2.25, -1.75, -2],
			"scale": [0.48, 0.48, 0.48]
		},
		"thirdperson_lefthand": {
			"rotation": [70, -180, 0],
			"translation": [1.75, -1.75, -2],
			"scale": [0.48, 0.48, 0.48]
		},
		"firstperson_righthand": {
			"rotation": [-15, 159, 0],
			"translation": [-1.5, -0.25, -0.5],
			"scale": [0.48, 0.48, 0.48]
		},
		"firstperson_lefthand": {
			"rotation": [-15, 159, 0],
			"translation": [3.75, 1, -0.5],
			"scale": [0.48, 0.48, 0.48]
		},
		"ground": {
			"translation": [4.75, 1.5, -2.75]
		},
		"gui": {
			"rotation": [30, -45, 0],
			"translation": [3.25, -2.5, 0],
			"scale": [0.87, 0.87, 0.87]
		},
		"head": {
			"rotation": [0, -180, 0],
			"translation": [-5.75, -29, 1.5],
			"scale": [1.7, 1.7, 1.7]
		},
		"fixed": {
			"rotation": [0, -180, 0],
			"translation": [-4, -2.5, 1]
		}
	},
	"groups": [
		{
			"name": "group",
			"origin": [8, 8, 8],
			"children": [
				{
					"name": "tate",
					"origin": [8, 8, 8],
					"children": [0, 1, 2, 3, 4, 5]
				},
				{
					"name": "yoko",
					"origin": [8, 8, 8],
					"children": [6, 7, 8, 9, 10, 11, 12, 13]
				}
			]
		},
		{
			"name": "group2",
			"origin": [8, 8, 8],
			"children": [14, 15, 16, 17, 18, 19, 20, 21, 22, 23, 24, 25]
		}
	]
}