{
	"credit": "Made with Blockbench",
	"textures": {
		"0": "item/kenbaiki2",
		"1": "item/kenbaiki1",
		"particle": "item/kenbaiki2"
	},
	"elements": [
		{
			"from": [0.125, 5.475, 13.85939],
			"to": [1.125, 13.725, 15.85939],
			"faces": {
				"north": {"uv": [8.563, 8.875, 9.563, 16], "texture": "#1"},
				"east": {"uv": [7.75, 9.5, 8.938, 14.469], "texture": "#0"},
				"south": {"uv": [7.75, 9.5, 8.938, 14.469], "texture": "#0"},
				"west": {"uv": [7.75, 9.5, 8.938, 14.469], "texture": "#1"},
				"up": {"uv": [7.75, 9.5, 8.938, 14.469], "texture": "#0"},
				"down": {"uv": [7.75, 9.5, 8.938, 14.469], "texture": "#0"}
			}
		},
		{
			"from": [0.125, 5.475, 12.76564],
			"to": [1.125, 12.69375, 13.95314],
			"faces": {
				"north": {"uv": [8.563, 8.875, 9.563, 16], "texture": "#1"},
				"east": {"uv": [7.75, 9.5, 8.938, 14.469], "texture": "#0"},
				"south": {"uv": [7.75, 9.5, 8.938, 14.469], "texture": "#0"},
				"west": {"uv": [7.75, 9.5, 8.938, 14.469], "texture": "#1"},
				"up": {"uv": [7.75, 9.5, 8.938, 14.469], "texture": "#0"},
				"down": {"uv": [7.75, 9.5, 8.938, 14.469], "texture": "#0"}
			}
		},
		{
			"from": [0.125, 5.475, 11.64064],
			"to": [1.125, 11.6, 12.82814],
			"faces": {
				"north": {"uv": [8, 8.813, 9.188, 14.938], "texture": "#1"},
				"east": {"uv": [8, 8.813, 9.188, 14.938], "texture": "#0"},
				"south": {"uv": [8, 8.813, 9.188, 14.938], "texture": "#0"},
				"west": {"uv": [8, 8.813, 9.188, 14.938], "texture": "#1"},
				"up": {"uv": [8, 8.813, 9.188, 14.938], "texture": "#0"},
				"down": {"uv": [8, 8.813, 9.188, 14.938], "texture": "#0"}
			}
		},
		{
			"from": [0.125, 5.475, 10.54689],
			"to": [1.125, 10.44375, 11.73439],
			"faces": {
				"north": {"uv": [7.75, 9.5, 8.938, 14.469], "texture": "#1"},
				"east": {"uv": [7.75, 9.5, 8.938, 14.469], "texture": "#0"},
				"south": {"uv": [7.75, 9.5, 8.938, 14.469], "texture": "#0"},
				"west": {"uv": [7.75, 9.5, 8.938, 14.469], "texture": "#1"},
				"up": {"uv": [7.75, 9.5, 8.938, 14.469], "texture": "#0"},
				"down": {"uv": [7.75, 9.5, 8.938, 14.469], "texture": "#0"}
			}
		},
		{
			"from": [0.125, 5.475, 9.35939],
			"to": [1.125, 9.225, 10.54689],
			"faces": {
				"north": {"uv": [7.75, 9.5, 8.938, 14.469], "texture": "#1"},
				"east": {"uv": [0, 0, 1.1875, 3.75], "texture": "#missing"},
				"south": {"uv": [7.75, 9.5, 8.938, 14.469], "texture": "#0"},
				"west": {"uv": [8.188, 10.313, 9.375, 14.063], "texture": "#1"},
				"up": {"uv": [0, 0, 1, 1.1875], "texture": "#missing"},
				"down": {"uv": [0, 0, 1, 1.1875], "texture": "#missing"}
			}
		},
		{
			"from": [0.125, 5.58051, 8.88909],
			"to": [1.125, 9.33051, 11.04534],
			"rotation": {"angle": 45, "axis": "x", "origin": [8, 8, 8]},
			"faces": {
				"north": {"uv": [7.75, 9.5, 8.938, 14.469], "texture": "#1"},
				"east": {"uv": [7.75, 9.5, 8.938, 14.469], "texture": "#0"},
				"south": {"uv": [7.75, 9.5, 8.938, 14.469], "texture": "#0"},
				"west": {"uv": [7.75, 9.5, 8.938, 14.469], "texture": "#1"},
				"up": {"uv": [7.75, 9.5, 8.938, 14.469], "texture": "#0"},
				"down": {"uv": [7.75, 9.5, 8.938, 14.469], "texture": "#0"}
			}
		},
		{
			"from": [0, -0.9, 5.60939],
			"to": [1.125, 5.69375, 15.85939],
			"faces": {
				"north": {"uv": [7.938, 9, 9.063, 15.594], "texture": "#1"},
				"east": {"uv": [10.938, 14.375, 16, 16], "texture": "#0"},
				"south": {"uv": [7.75, 9.5, 8.938, 14.469], "texture": "#0"},
				"west": {"uv": [9.313, 14.125, 16, 16], "texture": "#1"},
				"up": {"uv": [7.75, 9.5, 8.938, 14.469], "texture": "#0"},
				"down": {"uv": [7.75, 9.5, 8.938, 14.469], "texture": "#0"}
			}
		},
		{
			"from": [14.875, 5.475, 13.85939],
			"to": [15.875, 13.725, 15.85939],
			"faces": {
				"north": {"uv": [7.75, 9.5, 8.938, 14.469], "texture": "#1"},
				"east": {"uv": [7.75, 9.5, 8.938, 14.469], "texture": "#1"},
				"south": {"uv": [7.75, 9.5, 8.938, 14.469], "texture": "#0"},
				"west": {"uv": [7.75, 9.5, 8.938, 14.469], "texture": "#0"},
				"up": {"uv": [7.75, 9.5, 8.938, 14.469], "texture": "#0"},
				"down": {"uv": [7.75, 9.5, 8.938, 14.469], "texture": "#0"}
			}
		},
		{
			"from": [14.875, 5.475, 12.76564],
			"to": [15.875, 12.69375, 13.95314],
			"faces": {
				"north": {"uv": [7.75, 9.5, 8.938, 14.469], "texture": "#1"},
				"east": {"uv": [7.75, 9.5, 8.938, 14.469], "texture": "#1"},
				"south": {"uv": [7.75, 9.5, 8.938, 14.469], "texture": "#0"},
				"west": {"uv": [7.75, 9.5, 8.938, 14.469], "texture": "#0"},
				"up": {"uv": [7.75, 9.5, 8.938, 14.469], "texture": "#0"},
				"down": {"uv": [7.75, 9.5, 8.938, 14.469], "texture": "#0"}
			}
		},
		{
			"from": [14.875, 5.475, 11.64064],
			"to": [15.875, 11.6, 12.82814],
			"faces": {
				"north": {"uv": [7.75, 9.5, 8.75, 15.625], "texture": "#1"},
				"east": {"uv": [7.75, 9.5, 8.9375, 15.625], "texture": "#1"},
				"south": {"uv": [7.75, 9.5, 8.75, 15.625], "texture": "#0"},
				"west": {"uv": [7.75, 9.5, 8.9375, 15.625], "texture": "#0"},
				"up": {"uv": [7.75, 9.5, 8.75, 10.6875], "texture": "#0"},
				"down": {"uv": [7.75, 9.5, 8.75, 10.6875], "texture": "#0"}
			}
		},
		{
			"from": [14.875, 5.475, 10.54689],
			"to": [15.875, 10.44375, 11.73439],
			"faces": {
				"north": {"uv": [7.75, 9.5, 8.938, 14.469], "texture": "#1"},
				"east": {"uv": [7.75, 9.5, 8.938, 14.469], "texture": "#1"},
				"south": {"uv": [7.75, 9.5, 8.938, 14.469], "texture": "#0"},
				"west": {"uv": [7.75, 9.5, 8.938, 14.469], "texture": "#0"},
				"up": {"uv": [7.75, 9.5, 8.938, 14.469], "texture": "#0"},
				"down": {"uv": [7.75, 9.5, 8.938, 14.469], "texture": "#0"}
			}
		},
		{
			"from": [14.875, 5.475, 9.35939],
			"to": [15.875, 9.225, 10.54689],
			"faces": {
				"north": {"uv": [7.75, 9.5, 8.938, 14.469], "texture": "#1"},
				"east": {"uv": [7.75, 9.5, 8.938, 14.469], "texture": "#1"},
				"south": {"uv": [7.75, 9.5, 8.938, 14.469], "texture": "#0"},
				"west": {"uv": [7.75, 9.5, 8.938, 14.469], "texture": "#0"},
				"up": {"uv": [7.75, 9.5, 8.938, 14.469], "texture": "#0"},
				"down": {"uv": [7.75, 9.5, 8.938, 14.469], "texture": "#0"}
			}
		},
		{
			"from": [14.875, 5.58051, 8.88909],
			"to": [15.875, 9.33051, 11.04534],
			"rotation": {"angle": 45, "axis": "x", "origin": [8, 8, 8]},
			"faces": {
				"north": {"uv": [7.75, 9.5, 8.75, 13.25], "texture": "#1"},
				"east": {"uv": [7.75, 9.5, 9.90625, 13.25], "texture": "#1"},
				"south": {"uv": [7.75, 9.5, 8.75, 13.25], "texture": "#0"},
				"west": {"uv": [7.75, 9.5, 9.90625, 13.25], "texture": "#0"},
				"up": {"uv": [7.75, 9.5, 8.75, 11.65625], "texture": "#0"},
				"down": {"uv": [7.75, 9.5, 8.75, 11.65625], "texture": "#0"}
			}
		},
		{
			"from": [14.875, -0.9, 5.92189],
			"to": [16, 5.6, 15.85939],
			"faces": {
				"north": {"uv": [7.75, 9.5, 8.875, 16], "texture": "#1"},
				"east": {"uv": [11.5, 14.313, 16, 16], "texture": "#1"},
				"south": {"uv": [7.75, 9.5, 8.875, 16], "texture": "#0"},
				"west": {"uv": [6.0625, 9.5, 16, 16], "texture": "#0"},
				"up": {"uv": [7.75, 6.0625, 8.875, 16], "texture": "#0"},
				"down": {"uv": [7.75, 6.0625, 8.875, 16], "texture": "#0"}
			}
		},
		{
			"from": [0.21875, 4.63125, 5.60939],
			"to": [4.78125, 5.69375, 7.82814],
			"faces": {
				"north": {"uv": [9.438, 14.938, 14, 16], "texture": "#1"},
				"east": {"uv": [7.75, 9.5, 9.96875, 10.5625], "texture": "#0"},
				"south": {"uv": [7.75, 9.5, 12.3125, 10.5625], "texture": "#0"},
				"west": {"uv": [7.75, 9.5, 9.96875, 10.5625], "texture": "#0"},
				"up": {"uv": [7.75, 9.5, 12.3125, 11.71875], "texture": "#0"},
				"down": {"uv": [7.75, 9.5, 12.3125, 11.71875], "texture": "#0"}
			}
		},
		{
			"from": [0.28125, -0.9, 7.60939],
			"to": [4.75, 5.69375, 8.60939],
			"faces": {
				"north": {"uv": [10, 8.25, 14.469, 14.844], "texture": "#1"},
				"east": {"uv": [0, 0, 1, 6.59375], "texture": "#missing"},
				"south": {"uv": [0, 0, 4.46875, 6.59375], "texture": "#missing"},
				"west": {"uv": [0, 0, 1, 6.59375], "texture": "#missing"},
				"up": {"uv": [0, 0, 4.46875, 1], "texture": "#missing"},
				"down": {"uv": [0, 0, 4.46875, 1], "texture": "#missing"}
			}
		},
		{
			"from": [4.75, -0.9, 5.60939],
			"to": [6, 5.69375, 8.60939],
			"faces": {
				"north": {"uv": [8.5, 8.625, 9.75, 15.219], "texture": "#1"},
				"east": {"uv": [7.75, 9.5, 8.938, 14.469], "texture": "#0"},
				"south": {"uv": [7.75, 9.5, 8.938, 14.469], "texture": "#0"},
				"west": {"uv": [7.75, 9.5, 8.938, 14.469], "texture": "#0"},
				"up": {"uv": [7.75, 9.5, 8.938, 14.469], "texture": "#0"},
				"down": {"uv": [7.75, 9.5, 8.938, 14.469], "texture": "#0"}
			}
		},
		{
			"from": [0, -0.9, 5.60939],
			"to": [16, 0.1, 15.85939],
			"faces": {
				"north": {"uv": [0.375, 14.125, 14.125, 15.625], "texture": "#1"},
				"east": {"uv": [0, 0, 10.25, 1], "texture": "#1"},
				"south": {"uv": [0, 0, 16, 1], "texture": "#0"},
				"west": {"uv": [2.125, 14.438, 12.375, 15.438], "texture": "#0"},
				"up": {"uv": [10, 14.313, 16, 16], "texture": "#0"},
				"down": {"uv": [9.5, 14.375, 16, 16], "texture": "#0"}
			}
		},
		{
			"from": [4.75, -0.9, 5.60939],
			"to": [16, 5.69375, 6.60939],
			"faces": {
				"north": {"uv": [0.313, 8.813, 10.063, 15.593], "texture": "#1"},
				"east": {"uv": [7.75, 9.5, 8.938, 14.469], "texture": "#1"},
				"south": {"uv": [7.75, 9.5, 8.938, 14.469], "texture": "#0"},
				"west": {"uv": [7.75, 9.5, 8.938, 14.469], "texture": "#0"},
				"up": {"uv": [7.75, 9.5, 8.938, 14.469], "texture": "#0"},
				"down": {"uv": [7.75, 9.5, 8.938, 14.469], "texture": "#0"}
			}
		},
		{
			"from": [0, 4.6761, 7.9489],
			"to": [16, 17.9886, 8.9489],
			"rotation": {"angle": 45, "axis": "x", "origin": [8, 8, 8]},
			"faces": {
				"north": {"uv": [0.313, 0.375, 15.749, 16], "texture": "#0"},
				"east": {"uv": [8.125, 9.625, 9.312, 14.594], "texture": "#1"},
				"south": {"uv": [8.125, 9.625, 9.312, 14.594], "texture": "#1"},
				"west": {"uv": [8.125, 9.625, 9.312, 14.594], "texture": "#1"},
				"up": {"uv": [8.125, 9.625, 9.312, 14.594], "texture": "#1"},
				"down": {"uv": [8.125, 9.625, 9.312, 14.594], "texture": "#1"}
			}
		},
		{
			"from": [0, 15.1, 15],
			"to": [16, 21.31875, 16],
			"faces": {
				"north": {"uv": [0, 2.313, 16, 7.53], "texture": "#1"},
				"east": {"uv": [7.75, 9.5, 8.938, 14.469], "texture": "#1"},
				"south": {"uv": [7.75, 9.5, 8.938, 14.469], "texture": "#1"},
				"west": {"uv": [7.75, 9.5, 8.938, 14.469], "texture": "#1"},
				"up": {"uv": [7.75, 9.5, 8.938, 14.469], "texture": "#1"},
				"down": {"uv": [7.75, 9.5, 8.938, 14.469], "texture": "#0"}
			}
		},
		{
			"from": [0, -0.9, 15],
			"to": [16, 15.1, 16],
			"faces": {
				"north": {"uv": [13.938, 13, 16, 16], "texture": "#1"},
				"east": {"uv": [7.5, 8.938, 8.75, 16], "texture": "#1"},
				"south": {"uv": [0, 0, 16, 1.563], "texture": "#1"},
				"west": {"uv": [8.125, 8.438, 8.75, 16], "texture": "#1"},
				"up": {"uv": [0, 15, 16, 16], "texture": "#0"},
				"down": {"uv": [0, 15, 16, 16], "texture": "#0"}
			}
		},
		{
			"from": [0, -14.775, 0.1875],
			"to": [16, -0.775, 16.01875],
			"faces": {
				"north": {"uv": [12.75, 13.938, 16, 16], "texture": "#0"},
				"east": {"uv": [12.75, 13.938, 16, 16], "texture": "#0"},
				"south": {"uv": [12.75, 13.938, 16, 16], "texture": "#0"},
				"west": {"uv": [12.75, 13.938, 16, 16], "texture": "#0"},
				"up": {"uv": [12.75, 13.938, 16, 16], "texture": "#0"},
				"down": {"uv": [12.75, 13.938, 16, 16], "texture": "#0"}
			}
		}
	],
	"display": {
		"thirdperson_righthand": {
			"rotation": [62, -180, 0],
			"translation": [-6, 1.5, 0]
		},
		"thirdperson_lefthand": {
			"rotation": [62, -180, 0],
			"translation": [-6, 1.5, 0]
		},
		"firstperson_righthand": {
			"rotation": [0, -180, 0],
			"translation": [0.75, 6, 2.25]
		},
		"firstperson_lefthand": {
			"rotation": [0, -180, 0],
			"translation": [0.75, 6, 2.25]
		},
		"ground": {
			"translation": [0, 23.25, 0]
		},
		"gui": {
			"rotation": [28, 137, 0],
			"translation": [-0.75, 1.25, 0],
			"scale": [0.3, 0.3, 0.3]
		},
		"head": {
			"translation": [0.25, 17, -1.25]
		},
		"fixed": {
			"translation": [0, 29.55, -49.5],
			"scale": [2, 2, 2]
		}
	},
	"groups": [
		{
			"name": "hontai",
			"origin": [8, 8, 8],
			"children": [
				{
					"name": "sokumen",
					"origin": [8, 8, 8],
					"children": [0, 1, 2, 3, 4, 5, 6]
				},
				{
					"name": "sokumen",
					"origin": [8, 8, 8],
					"children": [7, 8, 9, 10, 11, 12, 13]
				}, 14, 15, 16, 17, 18, 19, 20, 21]
		}, 22]
}