{
	"__name": "パソコン",
	"credit": "Made with Blockbench",
	"textures": {
		"2": "block/blue_ice",
		"3": "block/iron_block",
		"4": "block/stone",
		"5": "item/golden_apple",
		"particle": "block/stone"
	},
	"elements": [
		{
			"from": [0, 0, 0],
			"to": [1, 0.4, 16],
			"faces": {
				"north": {"uv": [0, 0, 1, 0.4], "texture": "#3"},
				"east": {"uv": [0, 0, 16, 0.4], "texture": "#3"},
				"south": {"uv": [0, 0, 1, 0.4], "texture": "#3"},
				"west": {"uv": [0, 0, 16, 0.4], "texture": "#3"},
				"up": {"uv": [1, 1, 5.5, 2], "texture": "#3"},
				"down": {"uv": [0, 0, 1, 16], "texture": "#3"}
			}
		},
		{
			"from": [4, 0, 0],
			"to": [4.5, 0.4, 16],
			"faces": {
				"north": {"uv": [0, 0, 0.5, 0.4], "texture": "#3"},
				"east": {"uv": [0, 0, 16, 0.4], "texture": "#3"},
				"south": {"uv": [0, 0, 0.5, 0.4], "texture": "#3"},
				"west": {"uv": [0, 0, 16, 0.4], "texture": "#3"},
				"up": {"uv": [1, 1, 5.5, 2], "texture": "#3"},
				"down": {"uv": [0, 0, 0.5, 16], "texture": "#3"}
			}
		},
		{
			"from": [4.5, 0, 0],
			"to": [10, 0.4, 1],
			"faces": {
				"north": {"uv": [0, 0, 5.5, 0.4], "texture": "#3"},
				"east": {"uv": [0, 0, 1, 0.4], "texture": "#3"},
				"south": {"uv": [0, 0, 5.5, 0.4], "texture": "#3"},
				"west": {"uv": [0, 0, 1, 0.4], "texture": "#3"},
				"up": {"uv": [1, 1, 5.5, 2], "texture": "#3"},
				"down": {"uv": [0, 0, 5.5, 1], "texture": "#3"}
			}
		},
		{
			"from": [9.9, 0, 0],
			"to": [10.5, 0.4, 16],
			"faces": {
				"north": {"uv": [0, 0, 0.6, 0.4], "texture": "#3"},
				"east": {"uv": [0, 0, 16, 0.4], "texture": "#3"},
				"south": {"uv": [0, 0, 0.6, 0.4], "texture": "#3"},
				"west": {"uv": [0, 0, 16, 0.4], "texture": "#3"},
				"up": {"uv": [1, 1, 5.5, 2], "texture": "#3"},
				"down": {"uv": [0, 0, 0.6, 16], "texture": "#3"}
			}
		},
		{
			"from": [4.5, 0, 15],
			"to": [10, 0.4, 16],
			"faces": {
				"north": {"uv": [0, 0, 5.5, 0.4], "texture": "#3"},
				"east": {"uv": [0, 0, 1, 0.4], "texture": "#3"},
				"south": {"uv": [0, 0, 5.5, 0.4], "texture": "#3"},
				"west": {"uv": [0, 0, 1, 0.4], "texture": "#3"},
				"up": {"uv": [1, 1, 5.5, 2], "texture": "#3"},
				"down": {"uv": [0, 0, 5.5, 1], "texture": "#3"}
			}
		},
		{
			"from": [4.5, 0, 1],
			"to": [10, 0.2, 15],
			"faces": {
				"north": {"uv": [0, 0, 5.5, 0.2], "texture": "#3"},
				"east": {"uv": [0, 0, 14, 0.2], "texture": "#3"},
				"south": {"uv": [0, 0, 5.5, 0.2], "texture": "#3"},
				"west": {"uv": [0, 0, 14, 0.2], "texture": "#3"},
				"up": {"uv": [1, 1, 5.5, 2], "texture": "#3"},
				"down": {"uv": [0, 0, 5.5, 14], "texture": "#3"}
			}
		},
		{
			"from": [1, 0, 0],
			"to": [4, 0.4, 5],
			"faces": {
				"north": {"uv": [0, 0, 3, 0.4], "texture": "#3"},
				"east": {"uv": [0, 0, 5, 0.4], "texture": "#3"},
				"south": {"uv": [0, 0, 3, 0.4], "texture": "#3"},
				"west": {"uv": [0, 0, 5, 0.4], "texture": "#3"},
				"up": {"uv": [1, 1, 5.5, 2], "texture": "#3"},
				"down": {"uv": [0, 0, 3, 5], "texture": "#3"}
			}
		},
		{
			"from": [1, 0, 11],
			"to": [4, 0.4, 16],
			"faces": {
				"north": {"uv": [0, 0, 3, 0.4], "texture": "#3"},
				"east": {"uv": [0, 0, 5, 0.4], "texture": "#3"},
				"south": {"uv": [0, 0, 3, 0.4], "texture": "#3"},
				"west": {"uv": [0, 0, 5, 0.4], "texture": "#3"},
				"up": {"uv": [1, 1, 5.5, 2], "texture": "#3"},
				"down": {"uv": [0, 0, 3, 5], "texture": "#3"}
			}
		},
		{
			"from": [1, 0, 5],
			"to": [4, 0.2, 11],
			"faces": {
				"north": {"uv": [0, 0, 3, 0.2], "texture": "#4"},
				"east": {"uv": [0, 0, 6, 0.2], "texture": "#4"},
				"south": {"uv": [0, 0, 3, 0.2], "texture": "#4"},
				"west": {"uv": [0, 0, 6, 0.2], "texture": "#4"},
				"up": {"uv": [0, 0, 1, 1], "texture": "#4"},
				"down": {"uv": [0, 0, 3, 6], "texture": "#4"}
			}
		},
		{
			"from": [1.1, 0, 5.1],
			"to": [2, 0.3, 7.9],
			"faces": {
				"north": {"uv": [0, 0, 0.9, 0.3], "texture": "#4"},
				"east": {"uv": [0, 0, 2.8, 0.3], "texture": "#4"},
				"south": {"uv": [0, 0, 0.9, 0.3], "texture": "#4"},
				"west": {"uv": [0, 0, 2.8, 0.3], "texture": "#4"},
				"up": {"uv": [0, 0, 4.898, 15.8], "texture": "#4"},
				"down": {"uv": [0, 0, 0.9, 2.8], "texture": "#4"}
			}
		},
		{
			"from": [1.1, 0, 8.1],
			"to": [2, 0.3, 10.9],
			"faces": {
				"north": {"uv": [0, 0, 0.9, 0.3], "texture": "#4"},
				"east": {"uv": [0, 0, 2.8, 0.3], "texture": "#4"},
				"south": {"uv": [0, 0, 0.9, 0.3], "texture": "#4"},
				"west": {"uv": [0, 0, 2.8, 0.3], "texture": "#4"},
				"up": {"uv": [0, 0, 3.898, 15.8], "texture": "#4"},
				"down": {"uv": [0, 0, 0.9, 2.8], "texture": "#4"}
			}
		},
		{
			"from": [9.2, 0.1, 3.6],
			"to": [9.6, 0.3, 4.3],
			"rotation": {"angle": 0, "axis": "y", "origin": [7.8, 8, 8.2]},
			"faces": {
				"north": {"uv": [0, 0, 0.4, 0.2], "texture": "#4"},
				"east": {"uv": [0, 0, 0.7, 0.2], "texture": "#4"},
				"south": {"uv": [0, 0, 0.4, 0.2], "texture": "#4"},
				"west": {"uv": [0, 0, 0.7, 0.2], "texture": "#4"},
				"up": {"uv": [0, 0, 1.398, 1.699], "texture": "#4"},
				"down": {"uv": [0, 0, 0.4, 0.7], "texture": "#4"}
			}
		},
		{
			"from": [9.2, 0.1, 6],
			"to": [9.6, 0.3, 6.7],
			"rotation": {"angle": 0, "axis": "y", "origin": [7.8, 8, 8.2]},
			"faces": {
				"north": {"uv": [0, 0, 0.4, 0.2], "texture": "#4"},
				"east": {"uv": [0, 0, 0.7, 0.2], "texture": "#4"},
				"south": {"uv": [0, 0, 0.4, 0.2], "texture": "#4"},
				"west": {"uv": [0, 0, 0.7, 0.2], "texture": "#4"},
				"up": {"uv": [0, 0, 1.398, 1.699], "texture": "#4"},
				"down": {"uv": [0, 0, 0.4, 0.7], "texture": "#4"}
			}
		},
		{
			"from": [9.2, 0.1, 5.2],
			"to": [9.6, 0.3, 5.9],
			"rotation": {"angle": 0, "axis": "y", "origin": [7.8, 8, 8.2]},
			"faces": {
				"north": {"uv": [0, 0, 0.4, 0.2], "texture": "#4"},
				"east": {"uv": [0, 0, 0.7, 0.2], "texture": "#4"},
				"south": {"uv": [0, 0, 0.4, 0.2], "texture": "#4"},
				"west": {"uv": [0, 0, 0.7, 0.2], "texture": "#4"},
				"up": {"uv": [0, 0, 1.398, 1.699], "texture": "#4"},
				"down": {"uv": [0, 0, 0.4, 0.7], "texture": "#4"}
			}
		},
		{
			"from": [9.2, 0.1, 4.4],
			"to": [9.6, 0.3, 5.1],
			"rotation": {"angle": 0, "axis": "y", "origin": [7.8, 8, 8.2]},
			"faces": {
				"north": {"uv": [0, 0, 0.4, 0.2], "texture": "#4"},
				"east": {"uv": [0, 0, 0.7, 0.2], "texture": "#4"},
				"south": {"uv": [0, 0, 0.4, 0.2], "texture": "#4"},
				"west": {"uv": [0, 0, 0.7, 0.2], "texture": "#4"},
				"up": {"uv": [0, 0, 1.398, 1.699], "texture": "#4"},
				"down": {"uv": [0, 0, 0.4, 0.7], "texture": "#4"}
			}
		},
		{
			"from": [9.2, 0.1, 2.8],
			"to": [9.6, 0.3, 3.5],
			"rotation": {"angle": 0, "axis": "y", "origin": [7.8, 8, 8.2]},
			"faces": {
				"north": {"uv": [0, 0, 0.4, 0.2], "texture": "#4"},
				"east": {"uv": [0, 0, 0.7, 0.2], "texture": "#4"},
				"south": {"uv": [0, 0, 0.4, 0.2], "texture": "#4"},
				"west": {"uv": [0, 0, 0.7, 0.2], "texture": "#4"},
				"up": {"uv": [0, 0, 1.398, 1.699], "texture": "#4"},
				"down": {"uv": [0, 0, 0.4, 0.7], "texture": "#4"}
			}
		},
		{
			"from": [9.2, 0.1, 6.8],
			"to": [9.6, 0.3, 7.5],
			"rotation": {"angle": 0, "axis": "y", "origin": [7.8, 8, 8.2]},
			"faces": {
				"north": {"uv": [0, 0, 0.4, 0.2], "texture": "#4"},
				"east": {"uv": [0, 0, 0.7, 0.2], "texture": "#4"},
				"south": {"uv": [0, 0, 0.4, 0.2], "texture": "#4"},
				"west": {"uv": [0, 0, 0.7, 0.2], "texture": "#4"},
				"up": {"uv": [0, 0, 1.398, 1.699], "texture": "#4"},
				"down": {"uv": [0, 0, 0.4, 0.7], "texture": "#4"}
			}
		},
		{
			"from": [9.2, 0.1, 2],
			"to": [9.6, 0.3, 2.7],
			"rotation": {"angle": 0, "axis": "y", "origin": [7.8, 8, 8.8]},
			"faces": {
				"north": {"uv": [0, 0, 0.4, 0.2], "texture": "#4"},
				"east": {"uv": [0, 0, 0.7, 0.2], "texture": "#4"},
				"south": {"uv": [0, 0, 0.4, 0.2], "texture": "#4"},
				"west": {"uv": [0, 0, 0.7, 0.2], "texture": "#4"},
				"up": {"uv": [0, 0, 1.398, 1.699], "texture": "#4"},
				"down": {"uv": [0, 0, 0.4, 0.7], "texture": "#4"}
			}
		},
		{
			"from": [8.3, 0.1, 2],
			"to": [9, 0.3, 2.7],
			"rotation": {"angle": 0, "axis": "y", "origin": [7.8, 8, 8.8]},
			"faces": {
				"north": {"uv": [0, 0, 0.7, 0.2], "texture": "#4"},
				"east": {"uv": [0, 0, 0.7, 0.2], "texture": "#4"},
				"south": {"uv": [0, 0, 0.7, 0.2], "texture": "#4"},
				"west": {"uv": [0, 0, 0.7, 0.2], "texture": "#4"},
				"up": {"uv": [0, 0, 1.398, 1.699], "texture": "#4"},
				"down": {"uv": [0, 0, 0.7, 0.7], "texture": "#4"}
			}
		},
		{
			"from": [8.3, 0.1, 11.6],
			"to": [9, 0.3, 12.3],
			"rotation": {"angle": 0, "axis": "y", "origin": [7.8, 8, 8.8]},
			"faces": {
				"north": {"uv": [0, 0, 0.7, 0.2], "texture": "#4"},
				"east": {"uv": [0, 0, 0.7, 0.2], "texture": "#4"},
				"south": {"uv": [0, 0, 0.7, 0.2], "texture": "#4"},
				"west": {"uv": [0, 0, 0.7, 0.2], "texture": "#4"},
				"up": {"uv": [0, 0, 1.398, 1.699], "texture": "#4"},
				"down": {"uv": [0, 0, 0.7, 0.7], "texture": "#4"}
			}
		},
		{
			"from": [8.3, 0.1, 13],
			"to": [9, 0.3, 13.7],
			"rotation": {"angle": 0, "axis": "y", "origin": [7.8, 8, 8.8]},
			"faces": {
				"north": {"uv": [0, 0, 0.7, 0.2], "texture": "#4"},
				"east": {"uv": [0, 0, 0.7, 0.2], "texture": "#4"},
				"south": {"uv": [0, 0, 0.7, 0.2], "texture": "#4"},
				"west": {"uv": [0, 0, 0.7, 0.2], "texture": "#4"},
				"up": {"uv": [0, 0, 1.398, 1.699], "texture": "#4"},
				"down": {"uv": [0, 0, 0.7, 0.7], "texture": "#4"}
			}
		},
		{
			"from": [7.4, 0.1, 12.8],
			"to": [8.1, 0.3, 13.7],
			"rotation": {"angle": 0, "axis": "y", "origin": [7.8, 8, 8.8]},
			"faces": {
				"north": {"uv": [0, 0, 0.7, 0.2], "texture": "#4"},
				"east": {"uv": [0, 0, 0.9, 0.2], "texture": "#4"},
				"south": {"uv": [0, 0, 0.7, 0.2], "texture": "#4"},
				"west": {"uv": [0, 0, 0.9, 0.2], "texture": "#4"},
				"up": {"uv": [0, 0, 1.398, 1.699], "texture": "#4"},
				"down": {"uv": [0, 0, 0.7, 0.9], "texture": "#4"}
			}
		},
		{
			"from": [6.5, 0.1, 13],
			"to": [8.1, 0.3, 13.7],
			"rotation": {"angle": 0, "axis": "y", "origin": [7.8, 8, 8.8]},
			"faces": {
				"north": {"uv": [0, 0, 1.6, 0.2], "texture": "#4"},
				"east": {"uv": [0, 0, 0.7, 0.2], "texture": "#4"},
				"south": {"uv": [0, 0, 1.6, 0.2], "texture": "#4"},
				"west": {"uv": [0, 0, 0.7, 0.2], "texture": "#4"},
				"up": {"uv": [0, 0, 1.398, 1.699], "texture": "#4"},
				"down": {"uv": [0, 0, 1.6, 0.7], "texture": "#4"}
			}
		},
		{
			"from": [8.3, 0.1, 12.4],
			"to": [9, 0.3, 12.9],
			"rotation": {"angle": 0, "axis": "y", "origin": [7.8, 8, 8.8]},
			"faces": {
				"north": {"uv": [0, 0, 0.7, 0.2], "texture": "#4"},
				"east": {"uv": [0, 0, 0.5, 0.2], "texture": "#4"},
				"south": {"uv": [0, 0, 0.7, 0.2], "texture": "#4"},
				"west": {"uv": [0, 0, 0.5, 0.2], "texture": "#4"},
				"up": {"uv": [0, 0, 1.398, 1.699], "texture": "#4"},
				"down": {"uv": [0, 0, 0.7, 0.5], "texture": "#4"}
			}
		},
		{
			"from": [9.2, 0.1, 13],
			"to": [9.6, 0.3, 13.7],
			"rotation": {"angle": 0, "axis": "y", "origin": [8.4, 8, 8.8]},
			"faces": {
				"north": {"uv": [0, 0, 0.4, 0.2], "texture": "#4"},
				"east": {"uv": [0, 0, 0.7, 0.2], "texture": "#4"},
				"south": {"uv": [0, 0, 0.4, 0.2], "texture": "#4"},
				"west": {"uv": [0, 0, 0.7, 0.2], "texture": "#4"},
				"up": {"uv": [0, 0, 1.398, 1.699], "texture": "#4"},
				"down": {"uv": [0, 0, 0.4, 0.7], "texture": "#4"}
			}
		},
		{
			"from": [9.2, 0.1, 12.4],
			"to": [9.6, 0.3, 12.9],
			"rotation": {"angle": 0, "axis": "y", "origin": [8.4, 8, 8.8]},
			"faces": {
				"north": {"uv": [0, 0, 0.4, 0.2], "texture": "#4"},
				"east": {"uv": [0, 0, 0.5, 0.2], "texture": "#4"},
				"south": {"uv": [0, 0, 0.4, 0.2], "texture": "#4"},
				"west": {"uv": [0, 0, 0.5, 0.2], "texture": "#4"},
				"up": {"uv": [0, 0, 1.398, 1.699], "texture": "#4"},
				"down": {"uv": [0, 0, 0.4, 0.5], "texture": "#4"}
			}
		},
		{
			"from": [9.2, 0.1, 11.6],
			"to": [9.6, 0.3, 12.3],
			"rotation": {"angle": 0, "axis": "y", "origin": [8.4, 8, 8.8]},
			"faces": {
				"north": {"uv": [0, 0, 0.4, 0.2], "texture": "#4"},
				"east": {"uv": [0, 0, 0.7, 0.2], "texture": "#4"},
				"south": {"uv": [0, 0, 0.4, 0.2], "texture": "#4"},
				"west": {"uv": [0, 0, 0.7, 0.2], "texture": "#4"},
				"up": {"uv": [0, 0, 1.398, 1.699], "texture": "#4"},
				"down": {"uv": [0, 0, 0.4, 0.7], "texture": "#4"}
			}
		},
		{
			"from": [9.2, 0.1, 10.8],
			"to": [9.6, 0.3, 11.5],
			"rotation": {"angle": 0, "axis": "y", "origin": [8.4, 8, 8.8]},
			"faces": {
				"north": {"uv": [0, 0, 0.4, 0.2], "texture": "#4"},
				"east": {"uv": [0, 0, 0.7, 0.2], "texture": "#4"},
				"south": {"uv": [0, 0, 0.4, 0.2], "texture": "#4"},
				"west": {"uv": [0, 0, 0.7, 0.2], "texture": "#4"},
				"up": {"uv": [0, 0, 1.398, 1.699], "texture": "#4"},
				"down": {"uv": [0, 0, 0.4, 0.7], "texture": "#4"}
			}
		},
		{
			"from": [9.2, 0.1, 10],
			"to": [9.6, 0.3, 10.7],
			"rotation": {"angle": 0, "axis": "y", "origin": [8.4, 8, 8.8]},
			"faces": {
				"north": {"uv": [0, 0, 0.4, 0.2], "texture": "#4"},
				"east": {"uv": [0, 0, 0.7, 0.2], "texture": "#4"},
				"south": {"uv": [0, 0, 0.4, 0.2], "texture": "#4"},
				"west": {"uv": [0, 0, 0.7, 0.2], "texture": "#4"},
				"up": {"uv": [0, 0, 1.398, 1.699], "texture": "#4"},
				"down": {"uv": [0, 0, 0.4, 0.7], "texture": "#4"}
			}
		},
		{
			"from": [9.2, 0.1, 9.2],
			"to": [9.6, 0.3, 9.9],
			"rotation": {"angle": 0, "axis": "y", "origin": [8.4, 8, 8.8]},
			"faces": {
				"north": {"uv": [0, 0, 0.4, 0.2], "texture": "#4"},
				"east": {"uv": [0, 0, 0.7, 0.2], "texture": "#4"},
				"south": {"uv": [0, 0, 0.4, 0.2], "texture": "#4"},
				"west": {"uv": [0, 0, 0.7, 0.2], "texture": "#4"},
				"up": {"uv": [0, 0, 1.398, 1.699], "texture": "#4"},
				"down": {"uv": [0, 0, 0.4, 0.7], "texture": "#4"}
			}
		},
		{
			"from": [9.2, 0.1, 8.4],
			"to": [9.6, 0.3, 9.1],
			"rotation": {"angle": 0, "axis": "y", "origin": [8.4, 8, 8.8]},
			"faces": {
				"north": {"uv": [0, 0, 0.4, 0.2], "texture": "#4"},
				"east": {"uv": [0, 0, 0.7, 0.2], "texture": "#4"},
				"south": {"uv": [0, 0, 0.4, 0.2], "texture": "#4"},
				"west": {"uv": [0, 0, 0.7, 0.2], "texture": "#4"},
				"up": {"uv": [0, 0, 1.398, 1.699], "texture": "#4"},
				"down": {"uv": [0, 0, 0.4, 0.7], "texture": "#4"}
			}
		},
		{
			"from": [9.2, 0.1, 7.6],
			"to": [9.6, 0.3, 8.3],
			"rotation": {"angle": 0, "axis": "y", "origin": [8.4, 8, 8.8]},
			"faces": {
				"north": {"uv": [0, 0, 0.4, 0.2], "texture": "#4"},
				"east": {"uv": [0, 0, 0.7, 0.2], "texture": "#4"},
				"south": {"uv": [0, 0, 0.4, 0.2], "texture": "#4"},
				"west": {"uv": [0, 0, 0.7, 0.2], "texture": "#4"},
				"up": {"uv": [0, 0, 1.398, 1.699], "texture": "#4"},
				"down": {"uv": [0, 0, 0.4, 0.7], "texture": "#4"}
			}
		},
		{
			"from": [8.3, 0.1, 10.8],
			"to": [9, 0.3, 11.5],
			"rotation": {"angle": 0, "axis": "y", "origin": [7.8, 8, 8.8]},
			"faces": {
				"north": {"uv": [0, 0, 0.7, 0.2], "texture": "#4"},
				"east": {"uv": [0, 0, 0.7, 0.2], "texture": "#4"},
				"south": {"uv": [0, 0, 0.7, 0.2], "texture": "#4"},
				"west": {"uv": [0, 0, 0.7, 0.2], "texture": "#4"},
				"up": {"uv": [0, 0, 1.398, 1.699], "texture": "#4"},
				"down": {"uv": [0, 0, 0.7, 0.7], "texture": "#4"}
			}
		},
		{
			"from": [8.3, 0.1, 10],
			"to": [9, 0.3, 10.7],
			"rotation": {"angle": 0, "axis": "y", "origin": [7.8, 8, 8.8]},
			"faces": {
				"north": {"uv": [0, 0, 0.7, 0.2], "texture": "#4"},
				"east": {"uv": [0, 0, 0.7, 0.2], "texture": "#4"},
				"south": {"uv": [0, 0, 0.7, 0.2], "texture": "#4"},
				"west": {"uv": [0, 0, 0.7, 0.2], "texture": "#4"},
				"up": {"uv": [0, 0, 1.398, 1.699], "texture": "#4"},
				"down": {"uv": [0, 0, 0.7, 0.7], "texture": "#4"}
			}
		},
		{
			"from": [8.3, 0.1, 9.2],
			"to": [9, 0.3, 9.9],
			"rotation": {"angle": 0, "axis": "y", "origin": [7.8, 8, 8.8]},
			"faces": {
				"north": {"uv": [0, 0, 0.7, 0.2], "texture": "#4"},
				"east": {"uv": [0, 0, 0.7, 0.2], "texture": "#4"},
				"south": {"uv": [0, 0, 0.7, 0.2], "texture": "#4"},
				"west": {"uv": [0, 0, 0.7, 0.2], "texture": "#4"},
				"up": {"uv": [0, 0, 1.398, 1.699], "texture": "#4"},
				"down": {"uv": [0, 0, 0.7, 0.7], "texture": "#4"}
			}
		},
		{
			"from": [8.3, 0.1, 8.4],
			"to": [9, 0.3, 9.1],
			"rotation": {"angle": 0, "axis": "y", "origin": [7.8, 8, 8.8]},
			"faces": {
				"north": {"uv": [0, 0, 0.7, 0.2], "texture": "#4"},
				"east": {"uv": [0, 0, 0.7, 0.2], "texture": "#4"},
				"south": {"uv": [0, 0, 0.7, 0.2], "texture": "#4"},
				"west": {"uv": [0, 0, 0.7, 0.2], "texture": "#4"},
				"up": {"uv": [0, 0, 1.398, 1.699], "texture": "#4"},
				"down": {"uv": [0, 0, 0.7, 0.7], "texture": "#4"}
			}
		},
		{
			"from": [8.3, 0.1, 7.6],
			"to": [9, 0.3, 8.3],
			"rotation": {"angle": 0, "axis": "y", "origin": [7.8, 8, 8.8]},
			"faces": {
				"north": {"uv": [0, 0, 0.7, 0.2], "texture": "#4"},
				"east": {"uv": [0, 0, 0.7, 0.2], "texture": "#4"},
				"south": {"uv": [0, 0, 0.7, 0.2], "texture": "#4"},
				"west": {"uv": [0, 0, 0.7, 0.2], "texture": "#4"},
				"up": {"uv": [0, 0, 1.398, 1.699], "texture": "#4"},
				"down": {"uv": [0, 0, 0.7, 0.7], "texture": "#4"}
			}
		},
		{
			"from": [8.3, 0.1, 6.8],
			"to": [9, 0.3, 7.5],
			"rotation": {"angle": 0, "axis": "y", "origin": [7.8, 8, 8.8]},
			"faces": {
				"north": {"uv": [0, 0, 0.7, 0.2], "texture": "#4"},
				"east": {"uv": [0, 0, 0.7, 0.2], "texture": "#4"},
				"south": {"uv": [0, 0, 0.7, 0.2], "texture": "#4"},
				"west": {"uv": [0, 0, 0.7, 0.2], "texture": "#4"},
				"up": {"uv": [0, 0, 1.398, 1.699], "texture": "#4"},
				"down": {"uv": [0, 0, 0.7, 0.7], "texture": "#4"}
			}
		},
		{
			"from": [8.3, 0.1, 6],
			"to": [9, 0.3, 6.7],
			"rotation": {"angle": 0, "axis": "y", "origin": [7.8, 8, 8.8]},
			"faces": {
				"north": {"uv": [0, 0, 0.7, 0.2], "texture": "#4"},
				"east": {"uv": [0, 0, 0.7, 0.2], "texture": "#4"},
				"south": {"uv": [0, 0, 0.7, 0.2], "texture": "#4"},
				"west": {"uv": [0, 0, 0.7, 0.2], "texture": "#4"},
				"up": {"uv": [0, 0, 1.398, 1.699], "texture": "#4"},
				"down": {"uv": [0, 0, 0.7, 0.7], "texture": "#4"}
			}
		},
		{
			"from": [8.3, 0.1, 5.2],
			"to": [9, 0.3, 5.9],
			"rotation": {"angle": 0, "axis": "y", "origin": [7.8, 8, 8.8]},
			"faces": {
				"north": {"uv": [0, 0, 0.7, 0.2], "texture": "#4"},
				"east": {"uv": [0, 0, 0.7, 0.2], "texture": "#4"},
				"south": {"uv": [0, 0, 0.7, 0.2], "texture": "#4"},
				"west": {"uv": [0, 0, 0.7, 0.2], "texture": "#4"},
				"up": {"uv": [0, 0, 1.398, 1.699], "texture": "#4"},
				"down": {"uv": [0, 0, 0.7, 0.7], "texture": "#4"}
			}
		},
		{
			"from": [8.3, 0.1, 4.4],
			"to": [9, 0.3, 5.1],
			"rotation": {"angle": 0, "axis": "y", "origin": [7.8, 8, 8.8]},
			"faces": {
				"north": {"uv": [0, 0, 0.7, 0.2], "texture": "#4"},
				"east": {"uv": [0, 0, 0.7, 0.2], "texture": "#4"},
				"south": {"uv": [0, 0, 0.7, 0.2], "texture": "#4"},
				"west": {"uv": [0, 0, 0.7, 0.2], "texture": "#4"},
				"up": {"uv": [0, 0, 1.398, 1.699], "texture": "#4"},
				"down": {"uv": [0, 0, 0.7, 0.7], "texture": "#4"}
			}
		},
		{
			"from": [8.3, 0.1, 3.6],
			"to": [9, 0.3, 4.3],
			"rotation": {"angle": 0, "axis": "y", "origin": [7.8, 8, 8.8]},
			"faces": {
				"north": {"uv": [0, 0, 0.7, 0.2], "texture": "#4"},
				"east": {"uv": [0, 0, 0.7, 0.2], "texture": "#4"},
				"south": {"uv": [0, 0, 0.7, 0.2], "texture": "#4"},
				"west": {"uv": [0, 0, 0.7, 0.2], "texture": "#4"},
				"up": {"uv": [0, 0, 1.398, 1.699], "texture": "#4"},
				"down": {"uv": [0, 0, 0.7, 0.7], "texture": "#4"}
			}
		},
		{
			"from": [8.3, 0.1, 2.8],
			"to": [9, 0.3, 3.5],
			"rotation": {"angle": 0, "axis": "y", "origin": [7.8, 8, 8.8]},
			"faces": {
				"north": {"uv": [0, 0, 0.7, 0.2], "texture": "#4"},
				"east": {"uv": [0, 0, 0.7, 0.2], "texture": "#4"},
				"south": {"uv": [0, 0, 0.7, 0.2], "texture": "#4"},
				"west": {"uv": [0, 0, 0.7, 0.2], "texture": "#4"},
				"up": {"uv": [0, 0, 1.398, 1.699], "texture": "#4"},
				"down": {"uv": [0, 0, 0.7, 0.7], "texture": "#4"}
			}
		},
		{
			"from": [7.4, 0.1, 2],
			"to": [8.1, 0.3, 3.1],
			"rotation": {"angle": 0, "axis": "y", "origin": [7.8, 8, 8.8]},
			"faces": {
				"north": {"uv": [0, 0, 0.7, 0.2], "texture": "#4"},
				"east": {"uv": [0, 0, 1.1, 0.2], "texture": "#4"},
				"south": {"uv": [0, 0, 0.7, 0.2], "texture": "#4"},
				"west": {"uv": [0, 0, 1.1, 0.2], "texture": "#4"},
				"up": {"uv": [0, 0, 1.398, 1.699], "texture": "#4"},
				"down": {"uv": [0, 0, 0.7, 1.1], "texture": "#4"}
			}
		},
		{
			"from": [6.5, 0.1, 2],
			"to": [7.2, 0.3, 3.3],
			"rotation": {"angle": 0, "axis": "y", "origin": [7.8, 8, 8.8]},
			"faces": {
				"north": {"uv": [0, 0, 0.7, 0.2], "texture": "#4"},
				"east": {"uv": [0, 0, 1.3, 0.2], "texture": "#4"},
				"south": {"uv": [0, 0, 0.7, 0.2], "texture": "#4"},
				"west": {"uv": [0, 0, 1.3, 0.2], "texture": "#4"},
				"up": {"uv": [0, 0, 1.398, 1.699], "texture": "#4"},
				"down": {"uv": [0, 0, 0.7, 1.3], "texture": "#4"}
			}
		},
		{
			"from": [5.6, 0.1, 2],
			"to": [6.3, 0.3, 3.6],
			"rotation": {"angle": 0, "axis": "y", "origin": [7.8, 8, 8.8]},
			"faces": {
				"north": {"uv": [0, 0, 0.7, 0.2], "texture": "#4"},
				"east": {"uv": [0, 0, 1.6, 0.2], "texture": "#4"},
				"south": {"uv": [0, 0, 0.7, 0.2], "texture": "#4"},
				"west": {"uv": [0, 0, 1.6, 0.2], "texture": "#4"},
				"up": {"uv": [0, 0, 1.398, 1.699], "texture": "#4"},
				"down": {"uv": [0, 0, 0.7, 1.6], "texture": "#4"}
			}
		},
		{
			"from": [5.6, 0.1, 7.7],
			"to": [6.3, 0.3, 8.4],
			"rotation": {"angle": 0, "axis": "y", "origin": [5.1, 8, 9.7]},
			"faces": {
				"north": {"uv": [0, 0, 0.7, 0.2], "texture": "#4"},
				"east": {"uv": [0, 0, 0.7, 0.2], "texture": "#4"},
				"south": {"uv": [0, 0, 0.7, 0.2], "texture": "#4"},
				"west": {"uv": [0, 0, 0.7, 0.2], "texture": "#4"},
				"up": {"uv": [0, 0, 1.398, 1.699], "texture": "#4"},
				"down": {"uv": [0, 0, 0.7, 0.7], "texture": "#4"}
			}
		},
		{
			"from": [6.5, 0.1, 7.4],
			"to": [7.2, 0.3, 8.1],
			"rotation": {"angle": 0, "axis": "y", "origin": [6, 8, 9.4]},
			"faces": {
				"north": {"uv": [0, 0, 0.7, 0.2], "texture": "#4"},
				"east": {"uv": [0, 0, 0.7, 0.2], "texture": "#4"},
				"south": {"uv": [0, 0, 0.7, 0.2], "texture": "#4"},
				"west": {"uv": [0, 0, 0.7, 0.2], "texture": "#4"},
				"up": {"uv": [0, 0, 1.398, 1.699], "texture": "#4"},
				"down": {"uv": [0, 0, 0.7, 0.7], "texture": "#4"}
			}
		},
		{
			"from": [5.6, 0.1, 3.7],
			"to": [6.3, 0.3, 4.4],
			"rotation": {"angle": 0, "axis": "y", "origin": [5.1, 8, 9.7]},
			"faces": {
				"north": {"uv": [0, 0, 0.7, 0.2], "texture": "#4"},
				"east": {"uv": [0, 0, 0.7, 0.2], "texture": "#4"},
				"south": {"uv": [0, 0, 0.7, 0.2], "texture": "#4"},
				"west": {"uv": [0, 0, 0.7, 0.2], "texture": "#4"},
				"up": {"uv": [0, 0, 1.398, 1.699], "texture": "#4"},
				"down": {"uv": [0, 0, 0.7, 0.7], "texture": "#4"}
			}
		},
		{
			"from": [6.5, 0.1, 3.4],
			"to": [7.2, 0.3, 4.1],
			"rotation": {"angle": 0, "axis": "y", "origin": [6, 8, 9.4]},
			"faces": {
				"north": {"uv": [0, 0, 0.7, 0.2], "texture": "#4"},
				"east": {"uv": [0, 0, 0.7, 0.2], "texture": "#4"},
				"south": {"uv": [0, 0, 0.7, 0.2], "texture": "#4"},
				"west": {"uv": [0, 0, 0.7, 0.2], "texture": "#4"},
				"up": {"uv": [0, 0, 1.398, 1.699], "texture": "#4"},
				"down": {"uv": [0, 0, 0.7, 0.7], "texture": "#4"}
			}
		},
		{
			"from": [5.6, 0.1, 4.5],
			"to": [6.3, 0.3, 5.2],
			"rotation": {"angle": 0, "axis": "y", "origin": [5.1, 8, 9.7]},
			"faces": {
				"north": {"uv": [0, 0, 0.7, 0.2], "texture": "#4"},
				"east": {"uv": [0, 0, 0.7, 0.2], "texture": "#4"},
				"south": {"uv": [0, 0, 0.7, 0.2], "texture": "#4"},
				"west": {"uv": [0, 0, 0.7, 0.2], "texture": "#4"},
				"up": {"uv": [0, 0, 1.398, 1.699], "texture": "#4"},
				"down": {"uv": [0, 0, 0.7, 0.7], "texture": "#4"}
			}
		},
		{
			"from": [6.5, 0.1, 4.2],
			"to": [7.2, 0.3, 4.9],
			"rotation": {"angle": 0, "axis": "y", "origin": [6, 8, 9.4]},
			"faces": {
				"north": {"uv": [0, 0, 0.7, 0.2], "texture": "#4"},
				"east": {"uv": [0, 0, 0.7, 0.2], "texture": "#4"},
				"south": {"uv": [0, 0, 0.7, 0.2], "texture": "#4"},
				"west": {"uv": [0, 0, 0.7, 0.2], "texture": "#4"},
				"up": {"uv": [0, 0, 1.398, 1.699], "texture": "#4"},
				"down": {"uv": [0, 0, 0.7, 0.7], "texture": "#4"}
			}
		},
		{
			"from": [5.6, 0.1, 5.3],
			"to": [6.3, 0.3, 6],
			"rotation": {"angle": 0, "axis": "y", "origin": [5.1, 8, 9.7]},
			"faces": {
				"north": {"uv": [0, 0, 0.7, 0.2], "texture": "#4"},
				"east": {"uv": [0, 0, 0.7, 0.2], "texture": "#4"},
				"south": {"uv": [0, 0, 0.7, 0.2], "texture": "#4"},
				"west": {"uv": [0, 0, 0.7, 0.2], "texture": "#4"},
				"up": {"uv": [0, 0, 1.398, 1.699], "texture": "#4"},
				"down": {"uv": [0, 0, 0.7, 0.7], "texture": "#4"}
			}
		},
		{
			"from": [6.5, 0.1, 5],
			"to": [7.2, 0.3, 5.7],
			"rotation": {"angle": 0, "axis": "y", "origin": [6, 8, 9.4]},
			"faces": {
				"north": {"uv": [0, 0, 0.7, 0.2], "texture": "#4"},
				"east": {"uv": [0, 0, 0.7, 0.2], "texture": "#4"},
				"south": {"uv": [0, 0, 0.7, 0.2], "texture": "#4"},
				"west": {"uv": [0, 0, 0.7, 0.2], "texture": "#4"},
				"up": {"uv": [0, 0, 1.398, 1.699], "texture": "#4"},
				"down": {"uv": [0, 0, 0.7, 0.7], "texture": "#4"}
			}
		},
		{
			"from": [5.6, 0.1, 6.1],
			"to": [6.3, 0.3, 6.8],
			"rotation": {"angle": 0, "axis": "y", "origin": [5.1, 8, 9.7]},
			"faces": {
				"north": {"uv": [0, 0, 0.7, 0.2], "texture": "#4"},
				"east": {"uv": [0, 0, 0.7, 0.2], "texture": "#4"},
				"south": {"uv": [0, 0, 0.7, 0.2], "texture": "#4"},
				"west": {"uv": [0, 0, 0.7, 0.2], "texture": "#4"},
				"up": {"uv": [0, 0, 1.398, 1.699], "texture": "#4"},
				"down": {"uv": [0, 0, 0.7, 0.7], "texture": "#4"}
			}
		},
		{
			"from": [6.5, 0.1, 5.8],
			"to": [7.2, 0.3, 6.5],
			"rotation": {"angle": 0, "axis": "y", "origin": [6, 8, 9.4]},
			"faces": {
				"north": {"uv": [0, 0, 0.7, 0.2], "texture": "#4"},
				"east": {"uv": [0, 0, 0.7, 0.2], "texture": "#4"},
				"south": {"uv": [0, 0, 0.7, 0.2], "texture": "#4"},
				"west": {"uv": [0, 0, 0.7, 0.2], "texture": "#4"},
				"up": {"uv": [0, 0, 1.398, 1.699], "texture": "#4"},
				"down": {"uv": [0, 0, 0.7, 0.7], "texture": "#4"}
			}
		},
		{
			"from": [5.6, 0.1, 6.9],
			"to": [6.3, 0.3, 7.6],
			"rotation": {"angle": 0, "axis": "y", "origin": [5.1, 8, 9.7]},
			"faces": {
				"north": {"uv": [0, 0, 0.7, 0.2], "texture": "#4"},
				"east": {"uv": [0, 0, 0.7, 0.2], "texture": "#4"},
				"south": {"uv": [0, 0, 0.7, 0.2], "texture": "#4"},
				"west": {"uv": [0, 0, 0.7, 0.2], "texture": "#4"},
				"up": {"uv": [0, 0, 1.398, 1.699], "texture": "#4"},
				"down": {"uv": [0, 0, 0.7, 0.7], "texture": "#4"}
			}
		},
		{
			"from": [6.5, 0.1, 6.6],
			"to": [7.2, 0.3, 7.3],
			"rotation": {"angle": 0, "axis": "y", "origin": [6, 8, 9.4]},
			"faces": {
				"north": {"uv": [0, 0, 0.7, 0.2], "texture": "#4"},
				"east": {"uv": [0, 0, 0.7, 0.2], "texture": "#4"},
				"south": {"uv": [0, 0, 0.7, 0.2], "texture": "#4"},
				"west": {"uv": [0, 0, 0.7, 0.2], "texture": "#4"},
				"up": {"uv": [0, 0, 1.398, 1.699], "texture": "#4"},
				"down": {"uv": [0, 0, 0.7, 0.7], "texture": "#4"}
			}
		},
		{
			"from": [6.5, 0.1, 10.6],
			"to": [7.2, 0.3, 11.3],
			"rotation": {"angle": 0, "axis": "y", "origin": [6, 8, 9.4]},
			"faces": {
				"north": {"uv": [0, 0, 0.7, 0.2], "texture": "#4"},
				"east": {"uv": [0, 0, 0.7, 0.2], "texture": "#4"},
				"south": {"uv": [0, 0, 0.7, 0.2], "texture": "#4"},
				"west": {"uv": [0, 0, 0.7, 0.2], "texture": "#4"},
				"up": {"uv": [0, 0, 1.398, 1.699], "texture": "#4"},
				"down": {"uv": [0, 0, 0.7, 0.7], "texture": "#4"}
			}
		},
		{
			"from": [6.5, 0.1, 9.8],
			"to": [7.2, 0.3, 10.5],
			"rotation": {"angle": 0, "axis": "y", "origin": [6, 8, 9.4]},
			"faces": {
				"north": {"uv": [0, 0, 0.7, 0.2], "texture": "#4"},
				"east": {"uv": [0, 0, 0.7, 0.2], "texture": "#4"},
				"south": {"uv": [0, 0, 0.7, 0.2], "texture": "#4"},
				"west": {"uv": [0, 0, 0.7, 0.2], "texture": "#4"},
				"up": {"uv": [0, 0, 1.398, 1.699], "texture": "#4"},
				"down": {"uv": [0, 0, 0.7, 0.7], "texture": "#4"}
			}
		},
		{
			"from": [5.6, 0.1, 10.9],
			"to": [6.3, 0.3, 11.6],
			"rotation": {"angle": 0, "axis": "y", "origin": [5.1, 8, 9.7]},
			"faces": {
				"north": {"uv": [0, 0, 0.7, 0.2], "texture": "#4"},
				"east": {"uv": [0, 0, 0.7, 0.2], "texture": "#4"},
				"south": {"uv": [0, 0, 0.7, 0.2], "texture": "#4"},
				"west": {"uv": [0, 0, 0.7, 0.2], "texture": "#4"},
				"up": {"uv": [0, 0, 1.398, 1.699], "texture": "#4"},
				"down": {"uv": [0, 0, 0.7, 0.7], "texture": "#4"}
			}
		},
		{
			"from": [5.6, 0.1, 10.1],
			"to": [6.3, 0.3, 10.8],
			"rotation": {"angle": 0, "axis": "y", "origin": [5.1, 8, 9.7]},
			"faces": {
				"north": {"uv": [0, 0, 0.7, 0.2], "texture": "#4"},
				"east": {"uv": [0, 0, 0.7, 0.2], "texture": "#4"},
				"south": {"uv": [0, 0, 0.7, 0.2], "texture": "#4"},
				"west": {"uv": [0, 0, 0.7, 0.2], "texture": "#4"},
				"up": {"uv": [0, 0, 1.398, 1.699], "texture": "#4"},
				"down": {"uv": [0, 0, 0.7, 0.7], "texture": "#4"}
			}
		},
		{
			"from": [6.5, 0.1, 9],
			"to": [7.2, 0.3, 9.7],
			"rotation": {"angle": 0, "axis": "y", "origin": [6, 8, 9.4]},
			"faces": {
				"north": {"uv": [0, 0, 0.7, 0.2], "texture": "#4"},
				"east": {"uv": [0, 0, 0.7, 0.2], "texture": "#4"},
				"south": {"uv": [0, 0, 0.7, 0.2], "texture": "#4"},
				"west": {"uv": [0, 0, 0.7, 0.2], "texture": "#4"},
				"up": {"uv": [0, 0, 1.398, 1.699], "texture": "#4"},
				"down": {"uv": [0, 0, 0.7, 0.7], "texture": "#4"}
			}
		},
		{
			"from": [5.6, 0.1, 9.3],
			"to": [6.3, 0.3, 10],
			"rotation": {"angle": 0, "axis": "y", "origin": [5.1, 8, 9.7]},
			"faces": {
				"north": {"uv": [0, 0, 0.7, 0.2], "texture": "#4"},
				"east": {"uv": [0, 0, 0.7, 0.2], "texture": "#4"},
				"south": {"uv": [0, 0, 0.7, 0.2], "texture": "#4"},
				"west": {"uv": [0, 0, 0.7, 0.2], "texture": "#4"},
				"up": {"uv": [0, 0, 1.398, 1.699], "texture": "#4"},
				"down": {"uv": [0, 0, 0.7, 0.7], "texture": "#4"}
			}
		},
		{
			"from": [6.5, 0.1, 8.2],
			"to": [7.2, 0.3, 8.9],
			"rotation": {"angle": 0, "axis": "y", "origin": [6, 8, 9.4]},
			"faces": {
				"north": {"uv": [0, 0, 0.7, 0.2], "texture": "#4"},
				"east": {"uv": [0, 0, 0.7, 0.2], "texture": "#4"},
				"south": {"uv": [0, 0, 0.7, 0.2], "texture": "#4"},
				"west": {"uv": [0, 0, 0.7, 0.2], "texture": "#4"},
				"up": {"uv": [0, 0, 1.398, 1.699], "texture": "#4"},
				"down": {"uv": [0, 0, 0.7, 0.7], "texture": "#4"}
			}
		},
		{
			"from": [5.6, 0.1, 8.5],
			"to": [6.3, 0.3, 9.2],
			"rotation": {"angle": 0, "axis": "y", "origin": [5.1, 8, 9.7]},
			"faces": {
				"north": {"uv": [0, 0, 0.7, 0.2], "texture": "#4"},
				"east": {"uv": [0, 0, 0.7, 0.2], "texture": "#4"},
				"south": {"uv": [0, 0, 0.7, 0.2], "texture": "#4"},
				"west": {"uv": [0, 0, 0.7, 0.2], "texture": "#4"},
				"up": {"uv": [0, 0, 1.398, 1.699], "texture": "#4"},
				"down": {"uv": [0, 0, 0.7, 0.7], "texture": "#4"}
			}
		},
		{
			"from": [5.6, 0.1, 11.7],
			"to": [6.3, 0.3, 12.4],
			"rotation": {"angle": 0, "axis": "y", "origin": [5.1, 8, 9.7]},
			"faces": {
				"north": {"uv": [0, 0, 0.7, 0.2], "texture": "#4"},
				"east": {"uv": [0, 0, 0.7, 0.2], "texture": "#4"},
				"south": {"uv": [0, 0, 0.7, 0.2], "texture": "#4"},
				"west": {"uv": [0, 0, 0.7, 0.2], "texture": "#4"},
				"up": {"uv": [0, 0, 1.398, 1.699], "texture": "#4"},
				"down": {"uv": [0, 0, 0.7, 0.7], "texture": "#4"}
			}
		},
		{
			"from": [6.5, 0.1, 11.4],
			"to": [7.2, 0.3, 12.1],
			"rotation": {"angle": 0, "axis": "y", "origin": [6, 8, 9.4]},
			"faces": {
				"north": {"uv": [0, 0, 0.7, 0.2], "texture": "#4"},
				"east": {"uv": [0, 0, 0.7, 0.2], "texture": "#4"},
				"south": {"uv": [0, 0, 0.7, 0.2], "texture": "#4"},
				"west": {"uv": [0, 0, 0.7, 0.2], "texture": "#4"},
				"up": {"uv": [0, 0, 1.398, 1.699], "texture": "#4"},
				"down": {"uv": [0, 0, 0.7, 0.7], "texture": "#4"}
			}
		},
		{
			"from": [4.8, 0.1, 10.6],
			"to": [5.5, 0.3, 11.2],
			"rotation": {"angle": 0, "axis": "y", "origin": [4.3, 8, 9.7]},
			"faces": {
				"north": {"uv": [0, 0, 0.7, 0.2], "texture": "#4"},
				"east": {"uv": [0, 0, 0.6, 0.2], "texture": "#4"},
				"south": {"uv": [0, 0, 0.7, 0.2], "texture": "#4"},
				"west": {"uv": [0, 0, 0.6, 0.2], "texture": "#4"},
				"up": {"uv": [0, 0, 1.398, 1.699], "texture": "#4"},
				"down": {"uv": [0, 0, 0.7, 0.6], "texture": "#4"}
			}
		},
		{
			"from": [4.8, 0.1, 9.9],
			"to": [5.5, 0.3, 10.5],
			"rotation": {"angle": 0, "axis": "y", "origin": [4.3, 8, 9.7]},
			"faces": {
				"north": {"uv": [0, 0, 0.7, 0.2], "texture": "#4"},
				"east": {"uv": [0, 0, 0.6, 0.2], "texture": "#4"},
				"south": {"uv": [0, 0, 0.7, 0.2], "texture": "#4"},
				"west": {"uv": [0, 0, 0.6, 0.2], "texture": "#4"},
				"up": {"uv": [0, 0, 1.398, 1.699], "texture": "#4"},
				"down": {"uv": [0, 0, 0.7, 0.6], "texture": "#4"}
			}
		},
		{
			"from": [5.2, 0.1, 12.7],
			"to": [5.5, 0.3, 13.3],
			"rotation": {"angle": 0, "axis": "y", "origin": [4.3, 8, 12.5]},
			"faces": {
				"north": {"uv": [0, 0, 0.3, 0.2], "texture": "#4"},
				"east": {"uv": [0, 0, 0.6, 0.2], "texture": "#4"},
				"south": {"uv": [0, 0, 0.3, 0.2], "texture": "#4"},
				"west": {"uv": [0, 0, 0.6, 0.2], "texture": "#4"},
				"up": {"uv": [0, 0, 1.398, 1.699], "texture": "#4"},
				"down": {"uv": [0, 0, 0.3, 0.6], "texture": "#4"}
			}
		},
		{
			"from": [4.8, 0.1, 13.4],
			"to": [5.1, 0.3, 14],
			"rotation": {"angle": 0, "axis": "y", "origin": [4.3, 8, 12.5]},
			"faces": {
				"north": {"uv": [0, 0, 0.3, 0.2], "texture": "#4"},
				"east": {"uv": [0, 0, 0.6, 0.2], "texture": "#4"},
				"south": {"uv": [0, 0, 0.3, 0.2], "texture": "#4"},
				"west": {"uv": [0, 0, 0.6, 0.2], "texture": "#4"},
				"up": {"uv": [0, 0, 1.398, 1.699], "texture": "#4"},
				"down": {"uv": [0, 0, 0.3, 0.6], "texture": "#4"}
			}
		},
		{
			"from": [4.8, 0.1, 12.7],
			"to": [5.1, 0.3, 13.3],
			"rotation": {"angle": 0, "axis": "y", "origin": [4.3, 8, 12.5]},
			"faces": {
				"north": {"uv": [0, 0, 0.3, 0.2], "texture": "#4"},
				"east": {"uv": [0, 0, 0.6, 0.2], "texture": "#4"},
				"south": {"uv": [0, 0, 0.3, 0.2], "texture": "#4"},
				"west": {"uv": [0, 0, 0.6, 0.2], "texture": "#4"},
				"up": {"uv": [0, 0, 1.398, 1.699], "texture": "#4"},
				"down": {"uv": [0, 0, 0.3, 0.6], "texture": "#4"}
			}
		},
		{
			"from": [4.8, 0.1, 12],
			"to": [5.1, 0.3, 12.6],
			"rotation": {"angle": 0, "axis": "y", "origin": [4.3, 8, 12.5]},
			"faces": {
				"north": {"uv": [0, 0, 0.3, 0.2], "texture": "#4"},
				"east": {"uv": [0, 0, 0.6, 0.2], "texture": "#4"},
				"south": {"uv": [0, 0, 0.3, 0.2], "texture": "#4"},
				"west": {"uv": [0, 0, 0.6, 0.2], "texture": "#4"},
				"up": {"uv": [0, 0, 1.398, 1.699], "texture": "#4"},
				"down": {"uv": [0, 0, 0.3, 0.6], "texture": "#4"}
			}
		},
		{
			"from": [4.8, 0.1, 9.2],
			"to": [5.5, 0.3, 9.8],
			"rotation": {"angle": 0, "axis": "y", "origin": [4.3, 8, 9.7]},
			"faces": {
				"north": {"uv": [0, 0, 0.7, 0.2], "texture": "#4"},
				"east": {"uv": [0, 0, 0.6, 0.2], "texture": "#4"},
				"south": {"uv": [0, 0, 0.7, 0.2], "texture": "#4"},
				"west": {"uv": [0, 0, 0.6, 0.2], "texture": "#4"},
				"up": {"uv": [0, 0, 1.398, 1.699], "texture": "#4"},
				"down": {"uv": [0, 0, 0.7, 0.6], "texture": "#4"}
			}
		},
		{
			"from": [4.8, 0.1, 8.5],
			"to": [5.5, 0.3, 9.1],
			"rotation": {"angle": 0, "axis": "y", "origin": [4.3, 8, 9.7]},
			"faces": {
				"north": {"uv": [0, 0, 0.7, 0.2], "texture": "#4"},
				"east": {"uv": [0, 0, 0.6, 0.2], "texture": "#4"},
				"south": {"uv": [0, 0, 0.7, 0.2], "texture": "#4"},
				"west": {"uv": [0, 0, 0.6, 0.2], "texture": "#4"},
				"up": {"uv": [0, 0, 1.398, 1.699], "texture": "#4"},
				"down": {"uv": [0, 0, 0.7, 0.6], "texture": "#4"}
			}
		},
		{
			"from": [4.8, 0.1, 11.3],
			"to": [5.5, 0.3, 11.9],
			"rotation": {"angle": 0, "axis": "y", "origin": [4.3, 8, 9.7]},
			"faces": {
				"north": {"uv": [0, 0, 0.7, 0.2], "texture": "#4"},
				"east": {"uv": [0, 0, 0.6, 0.2], "texture": "#4"},
				"south": {"uv": [0, 0, 0.7, 0.2], "texture": "#4"},
				"west": {"uv": [0, 0, 0.6, 0.2], "texture": "#4"},
				"up": {"uv": [0, 0, 1.398, 1.699], "texture": "#4"},
				"down": {"uv": [0, 0, 0.7, 0.6], "texture": "#4"}
			}
		},
		{
			"from": [4.8, 0.1, 6.3],
			"to": [5.5, 0.3, 8.4],
			"rotation": {"angle": 0, "axis": "y", "origin": [4.3, 8, 9.7]},
			"faces": {
				"north": {"uv": [0, 0, 0.7, 0.2], "texture": "#4"},
				"east": {"uv": [0, 0, 2.1, 0.2], "texture": "#4"},
				"south": {"uv": [0, 0, 0.7, 0.2], "texture": "#4"},
				"west": {"uv": [0, 0, 2.1, 0.2], "texture": "#4"},
				"up": {"uv": [0, 0, 1.398, 1.699], "texture": "#4"},
				"down": {"uv": [0, 0, 0.7, 2.1], "texture": "#4"}
			}
		},
		{
			"from": [4.8, 0.1, 5.5],
			"to": [5.5, 0.3, 6.2],
			"rotation": {"angle": 0, "axis": "y", "origin": [4.3, 8, 9.1]},
			"faces": {
				"north": {"uv": [0, 0, 0.7, 0.2], "texture": "#4"},
				"east": {"uv": [0, 0, 0.7, 0.2], "texture": "#4"},
				"south": {"uv": [0, 0, 0.7, 0.2], "texture": "#4"},
				"west": {"uv": [0, 0, 0.7, 0.2], "texture": "#4"},
				"up": {"uv": [0, 0, 1.398, 1.699], "texture": "#4"},
				"down": {"uv": [0, 0, 0.7, 0.7], "texture": "#4"}
			}
		},
		{
			"from": [4.8, 0.1, 4.7],
			"to": [5.5, 0.3, 5.4],
			"rotation": {"angle": 0, "axis": "y", "origin": [4.3, 8, 9.1]},
			"faces": {
				"north": {"uv": [0, 0, 0.7, 0.2], "texture": "#4"},
				"east": {"uv": [0, 0, 0.7, 0.2], "texture": "#4"},
				"south": {"uv": [0, 0, 0.7, 0.2], "texture": "#4"},
				"west": {"uv": [0, 0, 0.7, 0.2], "texture": "#4"},
				"up": {"uv": [0, 0, 1.398, 1.699], "texture": "#4"},
				"down": {"uv": [0, 0, 0.7, 0.7], "texture": "#4"}
			}
		},
		{
			"from": [4.8, 0.1, 3.9],
			"to": [5.5, 0.3, 4.6],
			"rotation": {"angle": 0, "axis": "y", "origin": [4.3, 8, 9.1]},
			"faces": {
				"north": {"uv": [0, 0, 0.7, 0.2], "texture": "#4"},
				"east": {"uv": [0, 0, 0.7, 0.2], "texture": "#4"},
				"south": {"uv": [0, 0, 0.7, 0.2], "texture": "#4"},
				"west": {"uv": [0, 0, 0.7, 0.2], "texture": "#4"},
				"up": {"uv": [0, 0, 1.398, 1.699], "texture": "#4"},
				"down": {"uv": [0, 0, 0.7, 0.7], "texture": "#4"}
			}
		},
		{
			"from": [4.8, 0.1, 3.1],
			"to": [5.5, 0.3, 3.8],
			"rotation": {"angle": 0, "axis": "y", "origin": [4.3, 8, 9.7]},
			"faces": {
				"north": {"uv": [0, 0, 0.7, 0.2], "texture": "#4"},
				"east": {"uv": [0, 0, 0.7, 0.2], "texture": "#4"},
				"south": {"uv": [0, 0, 0.7, 0.2], "texture": "#4"},
				"west": {"uv": [0, 0, 0.7, 0.2], "texture": "#4"},
				"up": {"uv": [0, 0, 1.398, 1.699], "texture": "#4"},
				"down": {"uv": [0, 0, 0.7, 0.7], "texture": "#4"}
			}
		},
		{
			"from": [4.8, 0.1, 2],
			"to": [5.5, 0.3, 3],
			"rotation": {"angle": 0, "axis": "y", "origin": [7, 8, 8.8]},
			"faces": {
				"north": {"uv": [0, 0, 0.7, 0.2], "texture": "#4"},
				"east": {"uv": [0, 0, 1, 0.2], "texture": "#4"},
				"south": {"uv": [0, 0, 0.7, 0.2], "texture": "#4"},
				"west": {"uv": [0, 0, 1, 0.2], "texture": "#4"},
				"up": {"uv": [0, 0, 1.398, 1.699], "texture": "#4"},
				"down": {"uv": [0, 0, 0.7, 1], "texture": "#4"}
			}
		},
		{
			"from": [6.5, 0.1, 12.2],
			"to": [7.2, 0.3, 12.9],
			"rotation": {"angle": 0, "axis": "y", "origin": [6, 8, 9.4]},
			"faces": {
				"north": {"uv": [0, 0, 0.7, 0.2], "texture": "#4"},
				"east": {"uv": [0, 0, 0.7, 0.2], "texture": "#4"},
				"south": {"uv": [0, 0, 0.7, 0.2], "texture": "#4"},
				"west": {"uv": [0, 0, 0.7, 0.2], "texture": "#4"},
				"up": {"uv": [0, 0, 1.398, 1.699], "texture": "#4"},
				"down": {"uv": [0, 0, 0.7, 0.7], "texture": "#4"}
			}
		},
		{
			"from": [7.4, 0.1, 12],
			"to": [8.1, 0.3, 12.7],
			"rotation": {"angle": 0, "axis": "y", "origin": [6.9, 8, 9.2]},
			"faces": {
				"north": {"uv": [0, 0, 0.7, 0.2], "texture": "#4"},
				"east": {"uv": [0, 0, 0.7, 0.2], "texture": "#4"},
				"south": {"uv": [0, 0, 0.7, 0.2], "texture": "#4"},
				"west": {"uv": [0, 0, 0.7, 0.2], "texture": "#4"},
				"up": {"uv": [0, 0, 1.398, 1.699], "texture": "#4"},
				"down": {"uv": [0, 0, 0.7, 0.7], "texture": "#4"}
			}
		},
		{
			"from": [5.6, 0.1, 12.5],
			"to": [6.3, 0.3, 13.7],
			"rotation": {"angle": 0, "axis": "y", "origin": [5.1, 8, 9.7]},
			"faces": {
				"north": {"uv": [0, 0, 0.7, 0.2], "texture": "#4"},
				"east": {"uv": [0, 0, 1.2, 0.2], "texture": "#4"},
				"south": {"uv": [0, 0, 0.7, 0.2], "texture": "#4"},
				"west": {"uv": [0, 0, 1.2, 0.2], "texture": "#4"},
				"up": {"uv": [0, 0, 1.398, 1.699], "texture": "#4"},
				"down": {"uv": [0, 0, 0.7, 1.2], "texture": "#4"}
			}
		},
		{
			"from": [7.4, 0.1, 3.2],
			"to": [8.1, 0.3, 3.9],
			"rotation": {"angle": 0, "axis": "y", "origin": [6.9, 8, 9.2]},
			"faces": {
				"north": {"uv": [0, 0, 0.7, 0.2], "texture": "#4"},
				"east": {"uv": [0, 0, 0.7, 0.2], "texture": "#4"},
				"south": {"uv": [0, 0, 0.7, 0.2], "texture": "#4"},
				"west": {"uv": [0, 0, 0.7, 0.2], "texture": "#4"},
				"up": {"uv": [0, 0, 1.398, 1.699], "texture": "#4"},
				"down": {"uv": [0, 0, 0.7, 0.7], "texture": "#4"}
			}
		},
		{
			"from": [7.4, 0.1, 4.8],
			"to": [8.1, 0.3, 5.5],
			"rotation": {"angle": 0, "axis": "y", "origin": [6.9, 8, 9.2]},
			"faces": {
				"north": {"uv": [0, 0, 0.7, 0.2], "texture": "#4"},
				"east": {"uv": [0, 0, 0.7, 0.2], "texture": "#4"},
				"south": {"uv": [0, 0, 0.7, 0.2], "texture": "#4"},
				"west": {"uv": [0, 0, 0.7, 0.2], "texture": "#4"},
				"up": {"uv": [0, 0, 1.398, 1.699], "texture": "#4"},
				"down": {"uv": [0, 0, 0.7, 0.7], "texture": "#4"}
			}
		},
		{
			"from": [7.4, 0.1, 5.6],
			"to": [8.1, 0.3, 6.3],
			"rotation": {"angle": 0, "axis": "y", "origin": [6.9, 8, 9.2]},
			"faces": {
				"north": {"uv": [0, 0, 0.7, 0.2], "texture": "#4"},
				"east": {"uv": [0, 0, 0.7, 0.2], "texture": "#4"},
				"south": {"uv": [0, 0, 0.7, 0.2], "texture": "#4"},
				"west": {"uv": [0, 0, 0.7, 0.2], "texture": "#4"},
				"up": {"uv": [0, 0, 1.398, 1.699], "texture": "#4"},
				"down": {"uv": [0, 0, 0.7, 0.7], "texture": "#4"}
			}
		},
		{
			"from": [7.4, 0.1, 4],
			"to": [8.1, 0.3, 4.7],
			"rotation": {"angle": 0, "axis": "y", "origin": [6.9, 8, 9.2]},
			"faces": {
				"north": {"uv": [0, 0, 0.7, 0.2], "texture": "#4"},
				"east": {"uv": [0, 0, 0.7, 0.2], "texture": "#4"},
				"south": {"uv": [0, 0, 0.7, 0.2], "texture": "#4"},
				"west": {"uv": [0, 0, 0.7, 0.2], "texture": "#4"},
				"up": {"uv": [0, 0, 1.398, 1.699], "texture": "#4"},
				"down": {"uv": [0, 0, 0.7, 0.7], "texture": "#4"}
			}
		},
		{
			"from": [7.4, 0.1, 11.2],
			"to": [8.1, 0.3, 11.9],
			"rotation": {"angle": 0, "axis": "y", "origin": [6.9, 8, 9.2]},
			"faces": {
				"north": {"uv": [0, 0, 0.7, 0.2], "texture": "#4"},
				"east": {"uv": [0, 0, 0.7, 0.2], "texture": "#4"},
				"south": {"uv": [0, 0, 0.7, 0.2], "texture": "#4"},
				"west": {"uv": [0, 0, 0.7, 0.2], "texture": "#4"},
				"up": {"uv": [0, 0, 1.398, 1.699], "texture": "#4"},
				"down": {"uv": [0, 0, 0.7, 0.7], "texture": "#4"}
			}
		},
		{
			"from": [7.4, 0.1, 10.4],
			"to": [8.1, 0.3, 11.1],
			"rotation": {"angle": 0, "axis": "y", "origin": [6.9, 8, 9.2]},
			"faces": {
				"north": {"uv": [0, 0, 0.7, 0.2], "texture": "#4"},
				"east": {"uv": [0, 0, 0.7, 0.2], "texture": "#4"},
				"south": {"uv": [0, 0, 0.7, 0.2], "texture": "#4"},
				"west": {"uv": [0, 0, 0.7, 0.2], "texture": "#4"},
				"up": {"uv": [0, 0, 1.398, 1.699], "texture": "#4"},
				"down": {"uv": [0, 0, 0.7, 0.7], "texture": "#4"}
			}
		},
		{
			"from": [7.4, 0.1, 9.6],
			"to": [8.1, 0.3, 10.3],
			"rotation": {"angle": 0, "axis": "y", "origin": [6.9, 8, 9.2]},
			"faces": {
				"north": {"uv": [0, 0, 0.7, 0.2], "texture": "#4"},
				"east": {"uv": [0, 0, 0.7, 0.2], "texture": "#4"},
				"south": {"uv": [0, 0, 0.7, 0.2], "texture": "#4"},
				"west": {"uv": [0, 0, 0.7, 0.2], "texture": "#4"},
				"up": {"uv": [0, 0, 1.398, 1.699], "texture": "#4"},
				"down": {"uv": [0, 0, 0.7, 0.7], "texture": "#4"}
			}
		},
		{
			"from": [7.4, 0.1, 8.8],
			"to": [8.1, 0.3, 9.5],
			"rotation": {"angle": 0, "axis": "y", "origin": [6.9, 8, 9.2]},
			"faces": {
				"north": {"uv": [0, 0, 0.7, 0.2], "texture": "#4"},
				"east": {"uv": [0, 0, 0.7, 0.2], "texture": "#4"},
				"south": {"uv": [0, 0, 0.7, 0.2], "texture": "#4"},
				"west": {"uv": [0, 0, 0.7, 0.2], "texture": "#4"},
				"up": {"uv": [0, 0, 1.398, 1.699], "texture": "#4"},
				"down": {"uv": [0, 0, 0.7, 0.7], "texture": "#4"}
			}
		},
		{
			"from": [7.4, 0.1, 8],
			"to": [8.1, 0.3, 8.7],
			"rotation": {"angle": 0, "axis": "y", "origin": [6.9, 8, 9.2]},
			"faces": {
				"north": {"uv": [0, 0, 0.7, 0.2], "texture": "#4"},
				"east": {"uv": [0, 0, 0.7, 0.2], "texture": "#4"},
				"south": {"uv": [0, 0, 0.7, 0.2], "texture": "#4"},
				"west": {"uv": [0, 0, 0.7, 0.2], "texture": "#4"},
				"up": {"uv": [0, 0, 1.398, 1.699], "texture": "#4"},
				"down": {"uv": [0, 0, 0.7, 0.7], "texture": "#4"}
			}
		},
		{
			"from": [7.4, 0.1, 7.2],
			"to": [8.1, 0.3, 7.9],
			"rotation": {"angle": 0, "axis": "y", "origin": [6.9, 8, 9.2]},
			"faces": {
				"north": {"uv": [0, 0, 0.7, 0.2], "texture": "#4"},
				"east": {"uv": [0, 0, 0.7, 0.2], "texture": "#4"},
				"south": {"uv": [0, 0, 0.7, 0.2], "texture": "#4"},
				"west": {"uv": [0, 0, 0.7, 0.2], "texture": "#4"},
				"up": {"uv": [0, 0, 1.398, 1.699], "texture": "#4"},
				"down": {"uv": [0, 0, 0.7, 0.7], "texture": "#4"}
			}
		},
		{
			"from": [7.4, 0.1, 6.4],
			"to": [8.1, 0.3, 7.1],
			"rotation": {"angle": 0, "axis": "y", "origin": [6.9, 8, 9.2]},
			"faces": {
				"north": {"uv": [0, 0, 0.7, 0.2], "texture": "#4"},
				"east": {"uv": [0, 0, 0.7, 0.2], "texture": "#4"},
				"south": {"uv": [0, 0, 0.7, 0.2], "texture": "#4"},
				"west": {"uv": [0, 0, 0.7, 0.2], "texture": "#4"},
				"up": {"uv": [0, 0, 1.398, 1.699], "texture": "#4"},
				"down": {"uv": [0, 0, 0.7, 0.7], "texture": "#4"}
			}
		},
		{
			"from": [12.7, 1.6, 1],
			"to": [13.3, 2, 15],
			"rotation": {"angle": -22.5, "axis": "z", "origin": [8, 8, 8]},
			"faces": {
				"north": {"uv": [0, 0, 0.6, 0.4], "texture": "#3"},
				"east": {"uv": [0, 0, 14, 0.4], "texture": "#3"},
				"south": {"uv": [0, 0, 0.6, 0.4], "texture": "#3"},
				"west": {"uv": [0, 0, 14, 0.4], "texture": "#3"},
				"up": {"uv": [0, 0, 0.6, 14], "texture": "#3"},
				"down": {"uv": [0, 0, 0.6, 14], "texture": "#3"}
			}
		},
		{
			"from": [12.9, 2.1, 1],
			"to": [12.9, 10.5, 14.9],
			"rotation": {"angle": -22.5, "axis": "z", "origin": [8, 8, 8]},
			"faces": {
				"north": {"uv": [0, 0, 0, 8.4], "texture": "#2"},
				"east": {"uv": [0, 0, 13.9, 8.4], "texture": "#2"},
				"south": {"uv": [0, 0, 0, 8.4], "texture": "#2"},
				"west": {"uv": [0, 0, 13.9, 8.4], "texture": "#2"},
				"up": {"uv": [0, 0, 0, 13.9], "texture": "#2"},
				"down": {"uv": [0, 0, 0, 13.9], "texture": "#2"}
			}
		},
		{
			"from": [12.7, 1.6, 0],
			"to": [13.3, 11, 1],
			"rotation": {"angle": -22.5, "axis": "z", "origin": [8, 8, 8]},
			"faces": {
				"north": {"uv": [0, 0, 0.6, 9.4], "texture": "#3"},
				"east": {"uv": [0, 0, 1, 9.4], "texture": "#3"},
				"south": {"uv": [0, 0, 0.6, 9.4], "texture": "#3"},
				"west": {"uv": [0, 0, 1, 9.4], "texture": "#3"},
				"up": {"uv": [0, 0, 0.6, 1], "texture": "#3"},
				"down": {"uv": [0, 0, 0.6, 1], "texture": "#3"}
			}
		},
		{
			"from": [12.7, 1.6, 15],
			"to": [13.3, 11, 16],
			"rotation": {"angle": -22.5, "axis": "z", "origin": [8, 8, 8]},
			"faces": {
				"north": {"uv": [0, 0, 0.6, 9.4], "texture": "#3"},
				"east": {"uv": [0, 0, 1, 9.4], "texture": "#3"},
				"south": {"uv": [0, 0, 0.6, 9.4], "texture": "#3"},
				"west": {"uv": [0, 0, 1, 9.4], "texture": "#3"},
				"up": {"uv": [0, 0, 0.6, 1], "texture": "#3"},
				"down": {"uv": [0, 0, 0.6, 1], "texture": "#3"}
			}
		},
		{
			"from": [12.7, 10.6, 1],
			"to": [13.3, 11, 15],
			"rotation": {"angle": -22.5, "axis": "z", "origin": [8, 8, 8]},
			"faces": {
				"north": {"uv": [0, 0, 0.6, 0.4], "texture": "#3"},
				"east": {"uv": [0, 0, 14, 0.4], "texture": "#3"},
				"south": {"uv": [0, 0, 0.6, 0.4], "texture": "#3"},
				"west": {"uv": [0, 0, 14, 0.4], "texture": "#3"},
				"up": {"uv": [0, 0, 0.6, 14], "texture": "#3"},
				"down": {"uv": [0, 0, 0.6, 14], "texture": "#3"}
			}
		},
		{
			"from": [13.3, 1.6, 0],
			"to": [13.3, 11, 16],
			"rotation": {"angle": -22.5, "axis": "z", "origin": [8, 8, 8]},
			"faces": {
				"north": {"uv": [0, 0, 0, 9.4], "texture": "#3"},
				"east": {"uv": [0, 0, 16, 9.4], "texture": "#3"},
				"south": {"uv": [0, 0, 0, 9.4], "texture": "#3"},
				"west": {"uv": [0, 0, 16, 9.4], "texture": "#3"},
				"up": {"uv": [0, 0, 0, 16], "texture": "#3"},
				"down": {"uv": [0, 0, 0, 16], "texture": "#3"}
			}
		},
		{
			"from": [13.325, 4.1, 6],
			"to": [13.325, 8.1, 10],
			"rotation": {"angle": -22.5, "axis": "z", "origin": [8, 8, 8]},
			"faces": {
				"north": {"uv": [0, 0, 0, 9.4], "texture": "#3"},
				"east": {"uv": [0, 0, 16, 15], "texture": "#5"},
				"south": {"uv": [0, 0, 0, 9.4], "texture": "#3"},
				"west": {"uv": [0, 0, 16, 9.4], "texture": "#3"},
				"up": {"uv": [0, 0, 0, 16], "texture": "#3"},
				"down": {"uv": [0, 0, 0, 16], "texture": "#3"}
			}
		}
	],
	"gui_light": "front",
	"display": {
		"thirdperson_righthand": {
			"rotation": [63.75, 87.75, 0],
			"translation": [0, 7, 5.25],
			"scale": [0.74, 0.74, 0.74]
		},
		"thirdperson_lefthand": {
			"rotation": [63.75, 270.5, 0],
			"translation": [0, 7, 5.25],
			"scale": [0.74, 0.74, 0.74]
		},
		"firstperson_righthand": {
			"rotation": [7, 87.75, 0],
			"translation": [0, 7, 5.25],
			"scale": [0.74, 0.74, 0.74]
		},
		"firstperson_lefthand": {
			"rotation": [9.75, -109.75, 0],
			"translation": [0, 7, 5.25],
			"scale": [0.74, 0.74, 0.74]
		},
		"ground": {
			"translation": [0, 8.25, 0]
		},
		"gui": {
			"rotation": [17.5, 28.5, 0],
			"translation": [0.5, 2.75, 0],
			"scale": [0.75, 0.75, 0.75]
		},
		"head": {
			"rotation": [0, -90, 0],
			"translation": [0, -17.75, 0],
			"scale": [1.85, 1.85, 1.85]
		},
		"fixed": {
			"rotation": [90, 0, 0],
			"translation": [0, 0, 50],
			"scale": [1.94, 1.94, 1.94]
		}
	},
	"groups": [0, 1, 2, 3, 4, 5, 6, 7, 8, 9, 10,
		{
			"name": "key",
			"origin": [8, 8, 8],
			"children": [11, 12, 13, 14, 15, 16, 17, 18, 19, 20, 21, 22, 23, 24, 25, 26, 27, 28, 29, 30, 31, 32, 33, 34, 35, 36, 37, 38, 39, 40, 41, 42, 43, 44, 45, 46, 47, 48, 49, 50, 51, 52, 53, 54, 55, 56, 57, 58, 59, 60, 61, 62, 63, 64, 65, 66, 67, 68, 69, 70, 71, 72, 73, 74, 75, 76, 77, 78, 79, 80, 81, 82, 83, 84, 85, 86, 87, 88, 89, 90, 91, 92,
				{
					"name": "group",
					"origin": [6.9, 8, 9.2],
					"children": []
				}, 93, 94, 95, 96]
		},
		{
			"name": "group",
			"origin": [8, 8, 8],
			"children": [97, 98, 99, 100, 101, 102, 103]
		}
	]
}