{
    "parent": "item/handheld",
    "textures": {
        "layer0": "item/stick"
    },
    "overrides":[
        {"predicate": {"custom_model_data":1}, "model":"item/figure/alphakun914"},
        {"predicate": {"custom_model_data":2}, "model":"item/figure/tererun"},
        {"predicate": {"custom_model_data":3}, "model":"item/figure/aoichaan0513"},
        {"predicate": {"custom_model_data":4}, "model":"item/figure/azarash1_a_b_s_i"},
        {"predicate": {"custom_model_data":5}, "model":"item/figure/ganma_"},
        {"predicate": {"custom_model_data":6}, "model":"item/figure/kanau3110"},
        {"predicate": {"custom_model_data":7}, "model":"item/figure/kanimiso2000"},
        {"predicate": {"custom_model_data":8}, "model":"item/figure/kotamaro_"},
        {"predicate": {"custom_model_data":9}, "model":"item/figure/misolamen"},
        {"predicate": {"custom_model_data":10}, "model":"item/figure/reiwarm"},
        {"predicate": {"custom_model_data":11}, "model":"item/figure/syubarium"},
        {"predicate": {"custom_model_data":12}, "model":"item/figure/tsutoringo"},
        {"predicate": {"custom_model_data":13}, "model":"item/figure/takenoha"},
        {"predicate": {"custom_model_data":14}, "model":"item/mugiwara"},
        {"predicate": {"custom_model_data":15}, "model":"item/nekomimi_gray"},
        {"predicate": {"custom_model_data":16}, "model":"item/nekomimi_gray_2"},
        {"predicate": {"custom_model_data":17}, "model":"item/katorisenko"},
        {"predicate": {"custom_model_data":18}, "model":"item/katorisenko_fire1"},
        {"predicate": {"custom_model_data":19}, "model":"item/katorisenko_fire2"},
        {"predicate": {"custom_model_data":20}, "model":"item/anzen_helmet"},
        {"predicate": {"custom_model_data":21}, "model":"tools/flatten_the_world"},
        {"predicate": {"custom_model_data":22}, "model":"item/figure/alpha9n"},
        {"predicate": {"custom_model_data":23}, "model":"item/figure/noaking"},
        {"predicate": {"custom_model_data":24}, "model":"item/figure/em0914"},
        {"predicate": {"custom_model_data":25}, "model":"item/figure/gray27"},
        {"predicate": {"custom_model_data":26}, "model":"item/figure/shirotamas"},
        {"predicate": {"custom_model_data":27}, "model":"item/figure/shirotamaw"},
        {"predicate": {"custom_model_data":28}, "model":"item/figure/momocok"},
        {"predicate": {"custom_model_data":29}, "model":"item/figure/nakatai_0322"},
        {"predicate": {"custom_model_data":30}, "model":"item/figure/gray27wi"},
        {"predicate": {"custom_model_data":31}, "model":"item/figure/nikuzuki"},
        {"predicate": {"custom_model_data":32}, "model":"item/figure/tererun2102"},
        {"predicate": {"custom_model_data":33}, "model":"item/figure/alpha9n2"},
        {"predicate": {"custom_model_data":34}, "model":"item/figure/taniyan18"},
        {"predicate": {"custom_model_data":35}, "model":"item/figure/karioo_b"},
        {"predicate": {"custom_model_data":36}, "model":"item/figure/null"},
        {"predicate": {"custom_model_data":500}, "model":"hats/cabohead"},
        {"predicate": {"custom_model_data":501}, "model":"hats/headphone"},
        {"predicate": {"custom_model_data":502}, "model":"item/figure/others/manekineko"},
        {"predicate": {"custom_model_data":503}, "model":"item/figure/others/snowman"},
        {"predicate": {"custom_model_data":504}, "model":"item/figure/others/coffeemachine"},
        {"predicate": {"custom_model_data":505}, "model":"hats/santa_cap"},
        {"predicate": {"custom_model_data":506}, "model":"block/christmas_tree"},
        {"predicate": {"custom_model_data":507}, "model":"item/figure/others/fs3rdanniversary"},
        {"predicate": {"custom_model_data":508}, "model":"item/figure/others/wreath"},
        {"predicate": {"custom_model_data":509}, "model":"foods/kagami_mochi"},
        {"predicate": {"custom_model_data":510}, "model":"item/keys/fukubukuro"},
        {"predicate": {"custom_model_data":511}, "model":"item/middle_material/redstone_alloy"},
        {"predicate": {"custom_model_data":512}, "model":"hats/headphone_kittyedition"},
        {"predicate": {"custom_model_data":513}, "model":"hats/glass_shumu"},
        {"predicate": {"custom_model_data":514}, "model":"hats/sunglass"},
        {"predicate": {"custom_model_data":515}, "model":"hats/helmet_with_headlight_off"},
        {"predicate": {"custom_model_data":516}, "model":"item/figure/trophy_g"}
    ]
}
