{
	"__name": "テレビ",
	"credit": "Made with Blockbench",
	"texture_size": [256, 256],
	"textures": {
		"0": "item/tv",
		"particle": "item/tv"
	},
	"elements": [
		{
			"from": [0, 1.875, 7.84375],
			"to": [16, 10.875, 8.375],
			"faces": {
				"north": {"uv": [0, 7.1875, 16, 16], "texture": "#0"},
				"east": {"uv": [0, 0, 16, 5.31256], "texture": "#0"},
				"south": {"uv": [0, 0, 16, 5.31256], "texture": "#0"},
				"west": {"uv": [0, 0, 16, 5.31256], "texture": "#0"},
				"up": {"uv": [0, 0, 16, 5.31256], "texture": "#0"},
				"down": {"uv": [0, 0, 16, 5.31256], "texture": "#0"}
			}
		},
		{
			"from": [0, 1.25, 7.71875],
			"to": [16, 1.9375, 8.375],
			"faces": {
				"north": {"uv": [0, 0, 16, 5.31256], "texture": "#0"},
				"east": {"uv": [0, 0, 16, 5.31256], "texture": "#0"},
				"south": {"uv": [0, 0, 16, 5.31256], "texture": "#0"},
				"west": {"uv": [0, 0, 16, 5.31256], "texture": "#0"},
				"up": {"uv": [0, 0, 16, 5.31256], "texture": "#0"},
				"down": {"uv": [0, 0, 16, 5.31256], "texture": "#0"}
			}
		},
		{
			"from": [5, 0, 7.84375],
			"to": [11, 0.2, 10.6875],
			"faces": {
				"north": {"uv": [0, 0, 0.04297, 0.05469], "texture": "#0"},
				"east": {"uv": [0, 0, 0.04297, 0.05469], "texture": "#0"},
				"south": {"uv": [0, 0, 0.04297, 0.05469], "texture": "#0"},
				"west": {"uv": [0, 0, 0.04297, 0.05469], "texture": "#0"},
				"up": {"uv": [0, 0, 0.04297, 0.05469], "texture": "#0"},
				"down": {"uv": [0, 0, 0.04297, 0.05469], "texture": "#0"}
			}
		},
		{
			"from": [7.5625, 0, 9.8125],
			"to": [8.25, 5.23125, 10.6875],
			"faces": {
				"north": {"uv": [0, 0, 0.04297, 0.05469], "texture": "#0"},
				"east": {"uv": [0, 0, 0.04297, 0.05469], "texture": "#0"},
				"south": {"uv": [0, 0, 0.04297, 0.05469], "texture": "#0"},
				"west": {"uv": [0, 0, 0.04297, 0.05469], "texture": "#0"},
				"up": {"uv": [0, 0, 0.04297, 0.05469], "texture": "#0"},
				"down": {"uv": [0, 0, 0.04297, 0.05469], "texture": "#0"}
			}
		},
		{
			"from": [7.5625, 4.4375, 8.34375],
			"to": [8.25, 5.3125, 10.6875],
			"faces": {
				"north": {"uv": [0, 0, 0.04297, 0.05469], "texture": "#0"},
				"east": {"uv": [0, 0, 0.04297, 0.05469], "texture": "#0"},
				"south": {"uv": [0, 0, 0.04297, 0.05469], "texture": "#0"},
				"west": {"uv": [0, 0, 0.04297, 0.05469], "texture": "#0"},
				"up": {"uv": [0, 0, 0.04297, 0.05469], "texture": "#0"},
				"down": {"uv": [0, 0, 0.04297, 0.05469], "texture": "#0"}
			}
		}
	],
	"display": {
		"thirdperson_righthand": {
			"rotation": [111.25, -78, 43],
			"translation": [0.5, 2.75, 3.25],
			"scale": [0.5, 0.5, 0.5]
		},
		"thirdperson_lefthand": {
			"rotation": [111.25, -78, 43],
			"translation": [0.5, 2.75, 3.25],
			"scale": [0.5, 0.5, 0.5]
		},
		"firstperson_righthand": {
			"rotation": [0, 117.5, 0],
			"translation": [0, 3.75, 0],
			"scale": [0.5, 0.5, 0.5]
		},
		"firstperson_lefthand": {
			"rotation": [0, 117.5, 0],
			"translation": [0, 3.75, 0],
			"scale": [0.5, 0.5, 0.5]
		},
		"head": {
			"translation": [0, 3.25, 0],
			"scale": [2, 2, 2]
		}
	}
}