{
	"__name": "机の上の木のカップ",
	"credit": "Made with Blockbench",
	"texture_size": [256, 256],
	"textures": {
		"0": "block/birch_planks",
		"1": "block/dark_oak_planks",
		"3": "block/oak_planks",
		"6": "block/sea_lantern",
		"particle": "block/birch_planks"
	},
	"elements": [
		{
			"name": "hexadecagon",
			"from": [7.875, 16.51837, 24.12715],
			"to": [8.59375, 17.11511, 24.32715],
			"rotation": {"angle": -45, "axis": "x", "origin": [8, 8, 8]},
			"faces": {
				"north": {"uv": [0, 0, 15.00163, 15.00163], "texture": "#3"},
				"east": {"uv": [0, 0, 15.00163, 15.00163], "texture": "#3"},
				"south": {"uv": [0, 0, 15.00163, 15.00163], "texture": "#3"},
				"west": {"uv": [0, 0, 15.00163, 15.00163], "texture": "#3"},
				"up": {"uv": [0, 0, 15.00163, 15.00163], "texture": "#3"},
				"down": {"uv": [0, 0, 15.00163, 15.00163], "texture": "#3"}
			}
		},
		{
			"name": "hexadecagon",
			"from": [7.875, 21.52134, 19.62448],
			"to": [8.59375, 22.11807, 19.82448],
			"rotation": {"angle": -22.5, "axis": "x", "origin": [8, 8, 8]},
			"faces": {
				"north": {"uv": [0, 0, 15.00163, 15.00163], "texture": "#3"},
				"east": {"uv": [0, 0, 15.00163, 15.00163], "texture": "#3"},
				"south": {"uv": [0, 0, 15.00163, 15.00163], "texture": "#3"},
				"west": {"uv": [0, 0, 15.00163, 15.00163], "texture": "#3"},
				"up": {"uv": [0, 0, 15.00163, 15.00163], "texture": "#3"},
				"down": {"uv": [0, 0, 15.00163, 15.00163], "texture": "#3"}
			}
		},
		{
			"name": "hexadecagon",
			"from": [7.875, 24.42038, 13.55],
			"to": [8.59375, 25.01712, 13.75],
			"faces": {
				"north": {"uv": [0, 0, 15.00163, 15.00163], "texture": "#3"},
				"east": {"uv": [0, 0, 15.00163, 15.00163], "texture": "#3"},
				"south": {"uv": [0, 0, 15.00163, 15.00163], "texture": "#3"},
				"west": {"uv": [0, 0, 15.00163, 15.00163], "texture": "#3"},
				"up": {"uv": [0, 0, 15.00163, 15.00163], "texture": "#3"},
				"down": {"uv": [0, 0, 15.00163, 15.00163], "texture": "#3"}
			}
		},
		{
			"name": "hexadecagon",
			"from": [7.875, 24.77415, 6.8285],
			"to": [8.59375, 25.37088, 7.0285],
			"rotation": {"angle": 22.5, "axis": "x", "origin": [8, 8, 8]},
			"faces": {
				"north": {"uv": [0, 0, 15.00163, 15.00163], "texture": "#3"},
				"east": {"uv": [0, 0, 15.00163, 15.00163], "texture": "#3"},
				"south": {"uv": [0, 0, 15.00163, 15.00163], "texture": "#3"},
				"west": {"uv": [0, 0, 15.00163, 15.00163], "texture": "#3"},
				"up": {"uv": [0, 0, 15.00163, 15.00163], "texture": "#3"},
				"down": {"uv": [0, 0, 15.00163, 15.00163], "texture": "#3"}
			}
		},
		{
			"name": "hexadecagon",
			"from": [7.875, 22.52878, 0.48326],
			"to": [8.59375, 23.12551, 0.68326],
			"rotation": {"angle": 45, "axis": "x", "origin": [8, 8, 8]},
			"faces": {
				"north": {"uv": [0, 0, 15.00163, 15.00163], "texture": "#3"},
				"east": {"uv": [0, 0, 15.00163, 15.00163], "texture": "#3"},
				"south": {"uv": [0, 0, 15.00163, 15.00163], "texture": "#3"},
				"west": {"uv": [0, 0, 15.00163, 15.00163], "texture": "#3"},
				"up": {"uv": [0, 0, 15.00163, 15.00163], "texture": "#3"},
				"down": {"uv": [0, 0, 15.00163, 15.00163], "texture": "#3"}
			}
		},
		{
			"name": "hexadecagon",
			"from": [7.875, 20.31971, 18.02611],
			"to": [8.59375, 20.51971, 18.62285],
			"rotation": {"angle": -22.5, "axis": "x", "origin": [8, 8, 8]},
			"faces": {
				"north": {"uv": [0, 0, 15.00163, 15.00163], "texture": "#3"},
				"east": {"uv": [0, 0, 15.00163, 15.00163], "texture": "#3"},
				"south": {"uv": [0, 0, 15.00163, 15.00163], "texture": "#3"},
				"west": {"uv": [0, 0, 15.00163, 15.00163], "texture": "#3"},
				"up": {"uv": [0, 0, 15.00163, 15.00163], "texture": "#3"},
				"down": {"uv": [0, 0, 15.00163, 15.00163], "texture": "#3"}
			}
		},
		{
			"name": "hexadecagon",
			"from": [7.875, 23.21875, 11.95163],
			"to": [8.59375, 23.41875, 12.54837],
			"faces": {
				"north": {"uv": [0, 0, 15.00163, 15.00163], "texture": "#3"},
				"east": {"uv": [0, 0, 15.00163, 15.00163], "texture": "#3"},
				"south": {"uv": [0, 0, 15.00163, 15.00163], "texture": "#3"},
				"west": {"uv": [0, 0, 15.00163, 15.00163], "texture": "#3"},
				"up": {"uv": [0, 0, 15.00163, 15.00163], "texture": "#3"},
				"down": {"uv": [0, 0, 15.00163, 15.00163], "texture": "#3"}
			}
		},
		{
			"name": "hexadecagon",
			"from": [7.875, 26.01875, 11.95163],
			"to": [8.59375, 26.21875, 12.54837],
			"faces": {
				"north": {"uv": [0, 0, 15.00163, 15.00163], "texture": "#3"},
				"east": {"uv": [0, 0, 15.00163, 15.00163], "texture": "#3"},
				"south": {"uv": [0, 0, 15.00163, 15.00163], "texture": "#3"},
				"west": {"uv": [0, 0, 15.00163, 15.00163], "texture": "#3"},
				"up": {"uv": [0, 0, 15.00163, 15.00163], "texture": "#3"},
				"down": {"uv": [0, 0, 15.00163, 15.00163], "texture": "#3"}
			}
		},
		{
			"name": "hexadecagon",
			"from": [7.875, 26.37252, 5.23013],
			"to": [8.59375, 26.57252, 5.82687],
			"rotation": {"angle": 22.5, "axis": "x", "origin": [8, 8, 8]},
			"faces": {
				"north": {"uv": [0, 0, 15.00163, 15.00163], "texture": "#3"},
				"east": {"uv": [0, 0, 15.00163, 15.00163], "texture": "#3"},
				"south": {"uv": [0, 0, 15.00163, 15.00163], "texture": "#3"},
				"west": {"uv": [0, 0, 15.00163, 15.00163], "texture": "#3"},
				"up": {"uv": [0, 0, 15.00163, 15.00163], "texture": "#3"},
				"down": {"uv": [0, 0, 15.00163, 15.00163], "texture": "#3"}
			}
		},
		{
			"name": "hexadecagon",
			"from": [7.20435, 19.84375, 4],
			"to": [8.79565, 20.53125, 12],
			"rotation": {"angle": -45, "axis": "y", "origin": [8, 8, 8]},
			"faces": {
				"north": {"uv": [0, 6, 15, 9], "rotation": 90, "texture": "#0"},
				"east": {"uv": [0, 6, 15, 9], "rotation": 90, "texture": "#0"},
				"south": {"uv": [0, 6, 15, 9], "rotation": 90, "texture": "#0"},
				"west": {"uv": [0, 6, 15, 9], "rotation": 90, "texture": "#0"},
				"up": {"uv": [0, 6, 15, 9], "rotation": 90, "texture": "#0"},
				"down": {"uv": [0, 6, 15, 9], "rotation": 90, "texture": "#0"}
			}
		},
		{
			"name": "hexadecagon",
			"from": [7.20435, 19.84375, 4],
			"to": [8.79565, 20.53125, 12],
			"rotation": {"angle": -22.5, "axis": "y", "origin": [8, 8, 8]},
			"faces": {
				"north": {"uv": [0, 6, 15, 9], "rotation": 90, "texture": "#0"},
				"east": {"uv": [0, 6, 15, 9], "rotation": 90, "texture": "#0"},
				"south": {"uv": [0, 6, 15, 9], "rotation": 90, "texture": "#0"},
				"west": {"uv": [0, 6, 15, 9], "rotation": 90, "texture": "#0"},
				"up": {"uv": [0, 6, 15, 9], "rotation": 90, "texture": "#0"},
				"down": {"uv": [0, 6, 15, 9], "rotation": 90, "texture": "#0"}
			}
		},
		{
			"name": "hexadecagon",
			"from": [7.20435, 19.84375, 4],
			"to": [8.79565, 20.53125, 12],
			"faces": {
				"north": {"uv": [0, 6, 15, 9], "rotation": 90, "texture": "#0"},
				"east": {"uv": [0, 6, 15, 9], "rotation": 90, "texture": "#0"},
				"south": {"uv": [0, 6, 15, 9], "rotation": 90, "texture": "#0"},
				"west": {"uv": [0, 6, 15, 9], "rotation": 90, "texture": "#0"},
				"up": {"uv": [0, 6, 15, 9], "rotation": 90, "texture": "#0"},
				"down": {"uv": [0, 6, 15, 9], "rotation": 90, "texture": "#0"}
			}
		},
		{
			"name": "hexadecagon",
			"from": [7.20435, 19.84375, 4],
			"to": [8.79565, 20.53125, 12],
			"rotation": {"angle": 22.5, "axis": "y", "origin": [8, 8, 8]},
			"faces": {
				"north": {"uv": [0, 6, 15, 9], "rotation": 90, "texture": "#0"},
				"east": {"uv": [0, 6, 15, 9], "rotation": 90, "texture": "#0"},
				"south": {"uv": [0, 6, 15, 9], "rotation": 90, "texture": "#0"},
				"west": {"uv": [0, 6, 15, 9], "rotation": 90, "texture": "#0"},
				"up": {"uv": [0, 6, 15, 9], "rotation": 90, "texture": "#0"},
				"down": {"uv": [0, 6, 15, 9], "rotation": 90, "texture": "#0"}
			}
		},
		{
			"name": "hexadecagon",
			"from": [7.20435, 19.84375, 4],
			"to": [8.79565, 20.53125, 12],
			"rotation": {"angle": 45, "axis": "y", "origin": [8, 8, 8]},
			"faces": {
				"north": {"uv": [0, 6, 15, 9], "rotation": 90, "texture": "#0"},
				"east": {"uv": [0, 6, 15, 9], "rotation": 90, "texture": "#0"},
				"south": {"uv": [0, 6, 15, 9], "rotation": 90, "texture": "#0"},
				"west": {"uv": [0, 6, 15, 9], "rotation": 90, "texture": "#0"},
				"up": {"uv": [0, 6, 15, 9], "rotation": 90, "texture": "#0"},
				"down": {"uv": [0, 6, 15, 9], "rotation": 90, "texture": "#0"}
			}
		},
		{
			"name": "hexadecagon",
			"from": [4, 19.84375, 7.20435],
			"to": [12, 20.53125, 8.79565],
			"rotation": {"angle": -22.5, "axis": "y", "origin": [8, 8, 8]},
			"faces": {
				"north": {"uv": [0, 6, 15, 9], "rotation": 90, "texture": "#0"},
				"east": {"uv": [0, 6, 15, 9], "rotation": 90, "texture": "#0"},
				"south": {"uv": [0, 6, 15, 9], "rotation": 90, "texture": "#0"},
				"west": {"uv": [0, 6, 15, 9], "rotation": 90, "texture": "#0"},
				"up": {"uv": [0, 6, 15, 9], "rotation": 90, "texture": "#0"},
				"down": {"uv": [0, 6, 15, 9], "rotation": 90, "texture": "#0"}
			}
		},
		{
			"name": "hexadecagon",
			"from": [4, 19.84375, 7.20435],
			"to": [12, 20.53125, 8.79565],
			"faces": {
				"north": {"uv": [0, 6, 15, 9], "rotation": 90, "texture": "#0"},
				"east": {"uv": [0, 6, 15, 9], "rotation": 90, "texture": "#0"},
				"south": {"uv": [0, 6, 15, 9], "rotation": 90, "texture": "#0"},
				"west": {"uv": [0, 6, 15, 9], "rotation": 90, "texture": "#0"},
				"up": {"uv": [0, 6, 15, 9], "rotation": 90, "texture": "#0"},
				"down": {"uv": [0, 6, 15, 9], "rotation": 90, "texture": "#0"}
			}
		},
		{
			"name": "hexadecagon",
			"from": [4, 19.84375, 7.20435],
			"to": [12, 20.53125, 8.79565],
			"rotation": {"angle": 22.5, "axis": "y", "origin": [8, 8, 8]},
			"faces": {
				"north": {"uv": [0, 6, 15, 9], "rotation": 90, "texture": "#0"},
				"east": {"uv": [0, 6, 15, 9], "rotation": 90, "texture": "#0"},
				"south": {"uv": [0, 6, 15, 9], "rotation": 90, "texture": "#0"},
				"west": {"uv": [0, 6, 15, 9], "rotation": 90, "texture": "#0"},
				"up": {"uv": [0, 6, 15, 9], "rotation": 90, "texture": "#0"},
				"down": {"uv": [0, 6, 15, 9], "rotation": 90, "texture": "#0"}
			}
		},
		{
			"name": "hexadecagon",
			"from": [7.20435, 19.6875, 4],
			"to": [8.79565, 27.53125, 4.5],
			"rotation": {"angle": -45, "axis": "y", "origin": [8, 8, 8]},
			"faces": {
				"north": {"uv": [0, 11, 15, 14], "rotation": 90, "texture": "#0"},
				"east": {"uv": [0, 0, 0.00195, 0.00195], "texture": "#missing"},
				"south": {"uv": [0, 0, 0.00195, 0.00195], "texture": "#0"},
				"west": {"uv": [0, 0, 0.00195, 0.00195], "texture": "#missing"},
				"up": {"uv": [0, 0, 0.00195, 0.00195], "texture": "#0"},
				"down": {"uv": [0, 0, 0.00195, 0.00195], "texture": "#0"}
			}
		},
		{
			"name": "hexadecagon",
			"from": [7.20435, 19.6875, 4],
			"to": [8.79565, 27.53125, 4.5],
			"rotation": {"angle": -22.5, "axis": "y", "origin": [8, 8, 8]},
			"faces": {
				"north": {"uv": [0, 13, 15, 16], "rotation": 90, "texture": "#0"},
				"east": {"uv": [0, 0, 0.00195, 0.00195], "texture": "#missing"},
				"south": {"uv": [0, 0, 0.00195, 0.00195], "texture": "#0"},
				"west": {"uv": [0, 0, 0.00195, 0.00195], "texture": "#missing"},
				"up": {"uv": [0, 0, 0.00195, 0.00195], "texture": "#0"},
				"down": {"uv": [0, 0, 0.00195, 0.00195], "texture": "#0"}
			}
		},
		{
			"name": "hexadecagon",
			"from": [7.20435, 19.6875, 4],
			"to": [8.79565, 27.53125, 4.5],
			"faces": {
				"north": {"uv": [0, 0, 15, 3], "rotation": 90, "texture": "#0"},
				"east": {"uv": [0, 0, 0.00195, 0.00195], "texture": "#missing"},
				"south": {"uv": [0, 0, 0.00195, 0.00195], "texture": "#0"},
				"west": {"uv": [0, 0, 0.00195, 0.00195], "texture": "#missing"},
				"up": {"uv": [0, 0, 0.00195, 0.00195], "texture": "#0"},
				"down": {"uv": [0, 0, 0.00195, 0.00195], "texture": "#0"}
			}
		},
		{
			"name": "hexadecagon",
			"from": [7.20435, 19.6875, 4],
			"to": [8.79565, 27.53125, 4.5],
			"rotation": {"angle": 22.5, "axis": "y", "origin": [8, 8, 8]},
			"faces": {
				"north": {"uv": [0, 1, 15, 4], "rotation": 90, "texture": "#0"},
				"east": {"uv": [0, 0, 0.00195, 0.00195], "texture": "#missing"},
				"south": {"uv": [0, 0, 0.00195, 0.00195], "texture": "#0"},
				"west": {"uv": [0, 0, 0.00195, 0.00195], "texture": "#missing"},
				"up": {"uv": [0, 0, 0.00195, 0.00195], "texture": "#0"},
				"down": {"uv": [0, 6, 15, 9], "rotation": 90, "texture": "#0"}
			}
		},
		{
			"name": "hexadecagon",
			"from": [7.20435, 19.6875, 4],
			"to": [8.79565, 27.53125, 4.5],
			"rotation": {"angle": 45, "axis": "y", "origin": [8, 8, 8]},
			"faces": {
				"north": {"uv": [0, 6, 15, 9], "rotation": 90, "texture": "#0"},
				"east": {"uv": [0, 0, 0.00195, 0.00195], "texture": "#missing"},
				"south": {"uv": [0, 0, 0.00195, 0.00195], "texture": "#0"},
				"west": {"uv": [0, 0, 0.00195, 0.00195], "texture": "#missing"},
				"up": {"uv": [0, 0, 0.00195, 0.00195], "texture": "#0"},
				"down": {"uv": [0, 0, 0.00195, 0.00195], "texture": "#0"}
			}
		},
		{
			"name": "hexadecagon",
			"from": [7.20435, 19.6875, 11.5],
			"to": [8.79565, 27.53125, 12],
			"rotation": {"angle": -45, "axis": "y", "origin": [8, 8, 8]},
			"faces": {
				"north": {"uv": [0, 0, 0.00195, 0.00195], "texture": "#0"},
				"east": {"uv": [0, 0, 0.00195, 0.00195], "texture": "#missing"},
				"south": {"uv": [0, 6, 15, 9], "rotation": 90, "texture": "#0"},
				"west": {"uv": [0, 0, 0.00195, 0.00195], "texture": "#missing"},
				"up": {"uv": [0, 0, 0.00195, 0.00195], "texture": "#0"},
				"down": {"uv": [0, 0, 0.00195, 0.00195], "texture": "#0"}
			}
		},
		{
			"name": "hexadecagon",
			"from": [7.20435, 19.6875, 11.5],
			"to": [8.79565, 27.53125, 12],
			"rotation": {"angle": -22.5, "axis": "y", "origin": [8, 8, 8]},
			"faces": {
				"north": {"uv": [0, 0, 0.00195, 0.00195], "texture": "#0"},
				"east": {"uv": [0, 0, 0.00195, 0.00195], "texture": "#missing"},
				"south": {"uv": [0, 5, 15, 8], "rotation": 90, "texture": "#0"},
				"west": {"uv": [0, 0, 0.00195, 0.00195], "texture": "#missing"},
				"up": {"uv": [0, 0, 0.00195, 0.00195], "texture": "#0"},
				"down": {"uv": [0, 0, 0.00195, 0.00195], "texture": "#0"}
			}
		},
		{
			"name": "hexadecagon",
			"from": [7.20435, 19.6875, 11.5],
			"to": [8.79565, 27.53125, 12],
			"faces": {
				"north": {"uv": [0, 0, 0.00195, 0.00195], "texture": "#0"},
				"east": {"uv": [0, 0, 0.00195, 0.00195], "texture": "#missing"},
				"south": {"uv": [0, 4, 15, 7], "rotation": 90, "texture": "#0"},
				"west": {"uv": [0, 0, 0.00195, 0.00195], "texture": "#missing"},
				"up": {"uv": [0, 0, 0.00195, 0.00195], "texture": "#0"},
				"down": {"uv": [0, 0, 0.00195, 0.00195], "texture": "#0"}
			}
		},
		{
			"name": "hexadecagon",
			"from": [7.20435, 19.6875, 11.5],
			"to": [8.79565, 27.53125, 12],
			"rotation": {"angle": 22.5, "axis": "y", "origin": [8, 8, 8]},
			"faces": {
				"north": {"uv": [0, 0, 0.00195, 0.00195], "texture": "#0"},
				"east": {"uv": [0, 0, 0.00195, 0.00195], "texture": "#missing"},
				"south": {"uv": [0, 1, 15, 4], "rotation": 90, "texture": "#0"},
				"west": {"uv": [0, 0, 0.00195, 0.00195], "texture": "#missing"},
				"up": {"uv": [0, 0, 0.00195, 0.00195], "texture": "#0"},
				"down": {"uv": [0, 0, 0.00195, 0.00195], "texture": "#0"}
			}
		},
		{
			"name": "hexadecagon",
			"from": [7.20435, 19.6875, 11.5],
			"to": [8.79565, 27.53125, 12],
			"rotation": {"angle": 45, "axis": "y", "origin": [8, 8, 8]},
			"faces": {
				"north": {"uv": [0, 0, 0.00195, 0.00195], "texture": "#0"},
				"east": {"uv": [0, 0, 0.00195, 0.00195], "texture": "#missing"},
				"south": {"uv": [0, 3, 15, 6], "rotation": 90, "texture": "#0"},
				"west": {"uv": [0, 0, 0.00195, 0.00195], "texture": "#missing"},
				"up": {"uv": [0, 0, 0.00195, 0.00195], "texture": "#0"},
				"down": {"uv": [0, 0, 0.00195, 0.00195], "texture": "#0"}
			}
		},
		{
			"name": "hexadecagon",
			"from": [4, 19.6875, 7.20435],
			"to": [4.5, 27.53125, 8.79565],
			"rotation": {"angle": -22.5, "axis": "y", "origin": [8, 8, 8]},
			"faces": {
				"north": {"uv": [0, 0, 0.00195, 0.00195], "texture": "#missing"},
				"east": {"uv": [0, 0, 0.00195, 0.00195], "texture": "#0"},
				"south": {"uv": [0, 0, 0.00195, 0.00195], "texture": "#missing"},
				"west": {"uv": [0, 7, 15, 10], "rotation": 90, "texture": "#0"},
				"up": {"uv": [0, 0, 0.00195, 0.00195], "texture": "#0"},
				"down": {"uv": [0, 0, 0.00195, 0.00195], "texture": "#0"}
			}
		},
		{
			"name": "hexadecagon",
			"from": [4, 19.6875, 7.20435],
			"to": [4.5, 27.53125, 8.79565],
			"faces": {
				"north": {"uv": [0, 0, 0.00195, 0.00195], "texture": "#missing"},
				"east": {"uv": [0, 0, 0.00195, 0.00195], "texture": "#0"},
				"south": {"uv": [0, 0, 0.00195, 0.00195], "texture": "#missing"},
				"west": {"uv": [0, 12, 15, 15], "rotation": 90, "texture": "#0"},
				"up": {"uv": [0, 0, 0.00195, 0.00195], "texture": "#0"},
				"down": {"uv": [0, 0, 0.00195, 0.00195], "texture": "#0"}
			}
		},
		{
			"name": "hexadecagon",
			"from": [4, 19.6875, 7.20435],
			"to": [4.5, 27.53125, 8.79565],
			"rotation": {"angle": 22.5, "axis": "y", "origin": [8, 8, 8]},
			"faces": {
				"north": {"uv": [0, 0, 0.00195, 0.00195], "texture": "#missing"},
				"east": {"uv": [0, 0, 0.00195, 0.00195], "texture": "#0"},
				"south": {"uv": [0, 0, 0.00195, 0.00195], "texture": "#missing"},
				"west": {"uv": [0, 13, 15.00063, 16], "rotation": 90, "texture": "#0"},
				"up": {"uv": [0, 0, 0.00195, 0.00195], "texture": "#0"},
				"down": {"uv": [0, 0, 0.00195, 0.00195], "texture": "#0"}
			}
		},
		{
			"name": "hexadecagon",
			"from": [11.5, 19.6875, 7.20435],
			"to": [12, 27.53125, 8.79565],
			"rotation": {"angle": -22.5, "axis": "y", "origin": [8, 8, 8]},
			"faces": {
				"north": {"uv": [0, 0, 0.00195, 0.00195], "texture": "#missing"},
				"east": {"uv": [0, 6, 15, 9], "rotation": 90, "texture": "#0"},
				"south": {"uv": [0, 0, 0.00195, 0.00195], "texture": "#missing"},
				"west": {"uv": [0, 0, 0.00195, 0.00195], "texture": "#0"},
				"up": {"uv": [0, 0, 0.00195, 0.00195], "texture": "#0"},
				"down": {"uv": [0, 0, 0.00195, 0.00195], "texture": "#0"}
			}
		},
		{
			"name": "hexadecagon",
			"from": [11.5, 19.6875, 7.20435],
			"to": [12, 27.53125, 8.79565],
			"faces": {
				"north": {"uv": [0, 0, 0.00195, 0.00195], "texture": "#missing"},
				"east": {"uv": [0, 8, 15, 11], "rotation": 90, "texture": "#0"},
				"south": {"uv": [0, 0, 0.00195, 0.00195], "texture": "#missing"},
				"west": {"uv": [0, 0, 0.00195, 0.00195], "texture": "#0"},
				"up": {"uv": [0, 0, 0.00195, 0.00195], "texture": "#0"},
				"down": {"uv": [0, 0, 0.00195, 0.00195], "texture": "#0"}
			}
		},
		{
			"name": "hexadecagon",
			"from": [11.5, 19.6875, 7.20435],
			"to": [12, 27.53125, 8.79565],
			"rotation": {"angle": 22.5, "axis": "y", "origin": [8, 8, 8]},
			"faces": {
				"north": {"uv": [0, 0, 0.00195, 0.00195], "texture": "#missing"},
				"east": {"uv": [0, 5, 15, 8], "rotation": 90, "texture": "#0"},
				"south": {"uv": [0, 0, 0.00195, 0.00195], "texture": "#missing"},
				"west": {"uv": [0, 0, 0.00195, 0.00195], "texture": "#0"},
				"up": {"uv": [0, 0, 0.00195, 0.00195], "texture": "#0"},
				"down": {"uv": [0, 0, 0.00195, 0.00195], "texture": "#0"}
			}
		},
		{
			"from": [0, -16, 0],
			"to": [8, 16, 8],
			"faces": {
				"north": {"uv": [6, 0, 9.125, 16], "texture": "#0"},
				"east": {"uv": [10, 0, 13.125, 16], "texture": "#0"},
				"south": {"uv": [3, 0, 6.125, 16], "texture": "#0"},
				"west": {"uv": [0, 0, 3.125, 16], "texture": "#0"},
				"up": {"uv": [0, 4, 3.125, 7], "texture": "#0"},
				"down": {"uv": [0, 12, 3.125, 15], "texture": "#0"}
			}
		},
		{
			"from": [-10.5, -15.9375, -11],
			"to": [23.3125, -14.96875, 22.1875],
			"faces": {
				"north": {"uv": [0, 15, 15.125, 16], "texture": "#6"},
				"east": {"uv": [0, 15, 15.125, 16], "texture": "#6"},
				"south": {"uv": [0, 15, 15.125, 16], "texture": "#6"},
				"west": {"uv": [0, 15, 15.125, 16], "texture": "#6"},
				"up": {"uv": [0, 0, 15.125, 16], "texture": "#6"},
				"down": {"uv": [0, 0, 15.125, 16], "texture": "#6"}
			}
		},
		{
			"name": "hexadecagon",
			"from": [7.2143, 25.125, 4.05],
			"to": [8.7857, 26.46875, 11.95],
			"rotation": {"angle": -45, "axis": "y", "origin": [8, 8, 8]},
			"faces": {
				"north": {"uv": [0, 0, 0.00195, 0.00195], "texture": "#missing"},
				"east": {"uv": [0, 0, 0.00195, 0.00195], "texture": "#missing"},
				"south": {"uv": [0, 0, 0.00195, 0.00195], "texture": "#missing"},
				"west": {"uv": [0, 0, 0.00195, 0.00195], "texture": "#missing"},
				"up": {"uv": [0, 0, 0.00195, 0.00195], "texture": "#1"},
				"down": {"uv": [0, 0, 0.00195, 0.00195], "texture": "#missing"}
			}
		},
		{
			"name": "hexadecagon",
			"from": [7.2143, 25.125, 4.05],
			"to": [8.7857, 26.46875, 11.95],
			"rotation": {"angle": -22.5, "axis": "y", "origin": [8, 8, 8]},
			"faces": {
				"north": {"uv": [0, 0, 0.00195, 0.00195], "texture": "#missing"},
				"east": {"uv": [0, 0, 0.00195, 0.00195], "texture": "#missing"},
				"south": {"uv": [0, 0, 0.00195, 0.00195], "texture": "#missing"},
				"west": {"uv": [0, 0, 0.00195, 0.00195], "texture": "#missing"},
				"up": {"uv": [0, 0, 0.00195, 0.00195], "texture": "#1"},
				"down": {"uv": [0, 0, 0.00195, 0.00195], "texture": "#missing"}
			}
		},
		{
			"name": "hexadecagon",
			"from": [7.2143, 25.125, 4.05],
			"to": [8.7857, 26.46875, 11.95],
			"faces": {
				"north": {"uv": [0, 0, 0.00195, 0.00195], "texture": "#missing"},
				"east": {"uv": [0, 0, 0.00195, 0.00195], "texture": "#missing"},
				"south": {"uv": [0, 0, 0.00195, 0.00195], "texture": "#missing"},
				"west": {"uv": [0, 0, 0.00195, 0.00195], "texture": "#missing"},
				"up": {"uv": [0, 0, 0.00195, 0.00195], "texture": "#1"},
				"down": {"uv": [0, 0, 0.00195, 0.00195], "texture": "#missing"}
			}
		},
		{
			"name": "hexadecagon",
			"from": [7.2143, 25.125, 4.05],
			"to": [8.7857, 26.46875, 11.95],
			"rotation": {"angle": 22.5, "axis": "y", "origin": [8, 8, 8]},
			"faces": {
				"north": {"uv": [0, 0, 0.00195, 0.00195], "texture": "#missing"},
				"east": {"uv": [0, 0, 0.00195, 0.00195], "texture": "#missing"},
				"south": {"uv": [0, 0, 0.00195, 0.00195], "texture": "#missing"},
				"west": {"uv": [0, 0, 0.00195, 0.00195], "texture": "#missing"},
				"up": {"uv": [0, 0, 0.00195, 0.00195], "texture": "#1"},
				"down": {"uv": [0, 0, 0.00195, 0.00195], "texture": "#missing"}
			}
		},
		{
			"name": "hexadecagon",
			"from": [7.2143, 25.125, 4.05],
			"to": [8.7857, 26.46875, 11.95],
			"rotation": {"angle": 45, "axis": "y", "origin": [8, 8, 8]},
			"faces": {
				"north": {"uv": [0, 0, 0.00195, 0.00195], "texture": "#missing"},
				"east": {"uv": [0, 0, 0.00195, 0.00195], "texture": "#missing"},
				"south": {"uv": [0, 0, 0.00195, 0.00195], "texture": "#missing"},
				"west": {"uv": [0, 0, 0.00195, 0.00195], "texture": "#missing"},
				"up": {"uv": [0, 0, 0.00195, 0.00195], "texture": "#1"},
				"down": {"uv": [0, 0, 0.00195, 0.00195], "texture": "#missing"}
			}
		},
		{
			"name": "hexadecagon",
			"from": [4.05, 25.125, 7.2143],
			"to": [11.95, 26.46875, 8.7857],
			"rotation": {"angle": -22.5, "axis": "y", "origin": [8, 8, 8]},
			"faces": {
				"north": {"uv": [0, 0, 0.00195, 0.00195], "texture": "#missing"},
				"east": {"uv": [0, 0, 0.00195, 0.00195], "texture": "#missing"},
				"south": {"uv": [0, 0, 0.00195, 0.00195], "texture": "#missing"},
				"west": {"uv": [0, 0, 0.00195, 0.00195], "texture": "#missing"},
				"up": {"uv": [0, 0, 0.00195, 0.00195], "texture": "#1"},
				"down": {"uv": [0, 0, 0.00195, 0.00195], "texture": "#missing"}
			}
		},
		{
			"name": "hexadecagon",
			"from": [4.05, 25.125, 7.2143],
			"to": [11.95, 26.46875, 8.7857],
			"faces": {
				"north": {"uv": [0, 0, 0.00195, 0.00195], "texture": "#missing"},
				"east": {"uv": [0, 0, 0.00195, 0.00195], "texture": "#missing"},
				"south": {"uv": [0, 0, 0.00195, 0.00195], "texture": "#missing"},
				"west": {"uv": [0, 0, 0.00195, 0.00195], "texture": "#missing"},
				"up": {"uv": [0, 0, 0.00195, 0.00195], "texture": "#1"},
				"down": {"uv": [0, 0, 0.00195, 0.00195], "texture": "#missing"}
			}
		},
		{
			"name": "hexadecagon",
			"from": [4.05, 25.125, 7.2143],
			"to": [11.95, 26.46875, 8.7857],
			"rotation": {"angle": 22.5, "axis": "y", "origin": [8, 8, 8]},
			"faces": {
				"north": {"uv": [0, 0, 0.00195, 0.00195], "texture": "#missing"},
				"east": {"uv": [0, 0, 0.00195, 0.00195], "texture": "#missing"},
				"south": {"uv": [0, 0, 0.00195, 0.00195], "texture": "#missing"},
				"west": {"uv": [0, 0, 0.00195, 0.00195], "texture": "#missing"},
				"up": {"uv": [0, 0, 0.00195, 0.00195], "texture": "#1"},
				"down": {"uv": [0, 0, 0.00195, 0.00195], "texture": "#missing"}
			}
		}
	],
	"display": {
		"thirdperson_righthand": {
			"rotation": [65, 19, 16],
			"translation": [-1.25, 1.75, -0.25],
			"scale": [0.5, 0.5, 0.5]
		},
		"thirdperson_lefthand": {
			"rotation": [65, 19, 16],
			"translation": [-1.25, 1.75, -0.25],
			"scale": [0.5, 0.5, 0.5]
		},
		"firstperson_righthand": {
			"rotation": [0, 46, 27],
			"translation": [-1.25, 3, 3],
			"scale": [0.5, 0.5, 0.5]
		},
		"firstperson_lefthand": {
			"rotation": [0, 46, 27],
			"translation": [-1.25, 3, 3],
			"scale": [0.5, 0.5, 0.5]
		},
		"ground": {
			"translation": [0, 5, 0]
		},
		"gui": {
			"rotation": [27, 59, 16],
			"translation": [-0.5, 2.75, 0],
			"scale": [0.2, 0.2, 0.2]
		},
		"head": {
			"rotation": [68, 168, 0],
			"translation": [0, -3, -10.25]
		},
		"fixed": {
			"rotation": [-90, 0, 0],
			"translation": [1.25, 2.5, -24]
		}
	},
	"groups": [
		{
			"name": "cup",
			"origin": [8, 8, 8],
			"children": [
				{
					"name": "hexadecagon",
					"origin": [8, 8, 8],
					"children": [0, 1, 2, 3, 4, 5, 6, 7, 8]
				},
				{
					"name": "hexadecagon",
					"origin": [8, 8, 8],
					"children": [9, 10, 11, 12, 13, 14, 15, 16]
				},
				{
					"name": "hexadecagon",
					"origin": [8, 8, 8],
					"children": [17, 18, 19, 20, 21, 22, 23, 24, 25, 26, 27, 28, 29, 30, 31, 32]
				}
			]
		}, 33, 34,
		{
			"name": "hexadecagon",
			"origin": [8, 8, 8],
			"children": [35, 36, 37, 38, 39, 40, 41, 42]
		}
	]
}