{
	"__name": "トラップドアの上のティーカップ",
	"credit": "Made with Blockbench",
	"texture_size": [256, 256],
	"textures": {
		"0": "block/birch_planks",
		"3": "block/oak_planks",
		"particle": "block/birch_planks"
	},
	"elements": [
		{
			"name": "hexadecagon",
			"from": [7.20435, 3, 4],
			"to": [8.79565, 10.84375, 4.5],
			"rotation": {"angle": -45, "axis": "y", "origin": [8, 8, 8]},
			"faces": {
				"north": {"uv": [0, 11, 15, 14], "rotation": 90, "texture": "#0"},
				"east": {"uv": [0, 0, 0.00195, 0.00195], "texture": "#missing"},
				"south": {"uv": [0, 0, 0.00195, 0.00195], "texture": "#0"},
				"west": {"uv": [0, 0, 0.00195, 0.00195], "texture": "#missing"},
				"up": {"uv": [0, 0, 0.00195, 0.00195], "texture": "#0"},
				"down": {"uv": [0, 0, 0.00195, 0.00195], "texture": "#0"}
			}
		},
		{
			"name": "hexadecagon",
			"from": [7.20435, 3, 4],
			"to": [8.79565, 10.84375, 4.5],
			"rotation": {"angle": -22.5, "axis": "y", "origin": [8, 8, 8]},
			"faces": {
				"north": {"uv": [0, 13, 15, 16], "rotation": 90, "texture": "#0"},
				"east": {"uv": [0, 0, 0.00195, 0.00195], "texture": "#missing"},
				"south": {"uv": [0, 0, 0.00195, 0.00195], "texture": "#0"},
				"west": {"uv": [0, 0, 0.00195, 0.00195], "texture": "#missing"},
				"up": {"uv": [0, 0, 0.00195, 0.00195], "texture": "#0"},
				"down": {"uv": [0, 0, 0.00195, 0.00195], "texture": "#0"}
			}
		},
		{
			"name": "hexadecagon",
			"from": [7.20435, 3, 4],
			"to": [8.79565, 10.84375, 4.5],
			"faces": {
				"north": {"uv": [0, 0, 15, 3], "rotation": 90, "texture": "#0"},
				"east": {"uv": [0, 0, 0.00195, 0.00195], "texture": "#missing"},
				"south": {"uv": [0, 0, 0.00195, 0.00195], "texture": "#0"},
				"west": {"uv": [0, 0, 0.00195, 0.00195], "texture": "#missing"},
				"up": {"uv": [0, 0, 0.00195, 0.00195], "texture": "#0"},
				"down": {"uv": [0, 0, 0.00195, 0.00195], "texture": "#0"}
			}
		},
		{
			"name": "hexadecagon",
			"from": [7.20435, 3, 4],
			"to": [8.79565, 10.84375, 4.5],
			"rotation": {"angle": 22.5, "axis": "y", "origin": [8, 8, 8]},
			"faces": {
				"north": {"uv": [0, 1, 15, 4], "rotation": 90, "texture": "#0"},
				"east": {"uv": [0, 0, 0.00195, 0.00195], "texture": "#missing"},
				"south": {"uv": [0, 0, 0.00195, 0.00195], "texture": "#0"},
				"west": {"uv": [0, 0, 0.00195, 0.00195], "texture": "#missing"},
				"up": {"uv": [0, 0, 0.00195, 0.00195], "texture": "#0"},
				"down": {"uv": [0, 6, 15, 9], "rotation": 90, "texture": "#0"}
			}
		},
		{
			"name": "hexadecagon",
			"from": [7.20435, 3, 4],
			"to": [8.79565, 10.84375, 4.5],
			"rotation": {"angle": 45, "axis": "y", "origin": [8, 8, 8]},
			"faces": {
				"north": {"uv": [0, 6, 15, 9], "rotation": 90, "texture": "#0"},
				"east": {"uv": [0, 0, 0.00195, 0.00195], "texture": "#missing"},
				"south": {"uv": [0, 0, 0.00195, 0.00195], "texture": "#0"},
				"west": {"uv": [0, 0, 0.00195, 0.00195], "texture": "#missing"},
				"up": {"uv": [0, 0, 0.00195, 0.00195], "texture": "#0"},
				"down": {"uv": [0, 0, 0.00195, 0.00195], "texture": "#0"}
			}
		},
		{
			"name": "hexadecagon",
			"from": [7.20435, 3, 11.5],
			"to": [8.79565, 10.84375, 12],
			"rotation": {"angle": -45, "axis": "y", "origin": [8, 8, 8]},
			"faces": {
				"north": {"uv": [0, 0, 0.00195, 0.00195], "texture": "#0"},
				"east": {"uv": [0, 0, 0.00195, 0.00195], "texture": "#missing"},
				"south": {"uv": [0, 6, 15, 9], "rotation": 90, "texture": "#0"},
				"west": {"uv": [0, 0, 0.00195, 0.00195], "texture": "#missing"},
				"up": {"uv": [0, 0, 0.00195, 0.00195], "texture": "#0"},
				"down": {"uv": [0, 0, 0.00195, 0.00195], "texture": "#0"}
			}
		},
		{
			"name": "hexadecagon",
			"from": [7.20435, 3, 11.5],
			"to": [8.79565, 10.84375, 12],
			"rotation": {"angle": -22.5, "axis": "y", "origin": [8, 8, 8]},
			"faces": {
				"north": {"uv": [0, 0, 0.00195, 0.00195], "texture": "#0"},
				"east": {"uv": [0, 0, 0.00195, 0.00195], "texture": "#missing"},
				"south": {"uv": [0, 5, 15, 8], "rotation": 90, "texture": "#0"},
				"west": {"uv": [0, 0, 0.00195, 0.00195], "texture": "#missing"},
				"up": {"uv": [0, 0, 0.00195, 0.00195], "texture": "#0"},
				"down": {"uv": [0, 0, 0.00195, 0.00195], "texture": "#0"}
			}
		},
		{
			"name": "hexadecagon",
			"from": [7.20435, 3, 11.5],
			"to": [8.79565, 10.84375, 12],
			"faces": {
				"north": {"uv": [0, 0, 0.00195, 0.00195], "texture": "#0"},
				"east": {"uv": [0, 0, 0.00195, 0.00195], "texture": "#missing"},
				"south": {"uv": [0, 4, 15, 7], "rotation": 90, "texture": "#0"},
				"west": {"uv": [0, 0, 0.00195, 0.00195], "texture": "#missing"},
				"up": {"uv": [0, 0, 0.00195, 0.00195], "texture": "#0"},
				"down": {"uv": [0, 0, 0.00195, 0.00195], "texture": "#0"}
			}
		},
		{
			"name": "hexadecagon",
			"from": [7.20435, 3, 11.5],
			"to": [8.79565, 10.84375, 12],
			"rotation": {"angle": 22.5, "axis": "y", "origin": [8, 8, 8]},
			"faces": {
				"north": {"uv": [0, 0, 0.00195, 0.00195], "texture": "#0"},
				"east": {"uv": [0, 0, 0.00195, 0.00195], "texture": "#missing"},
				"south": {"uv": [0, 1, 15, 4], "rotation": 90, "texture": "#0"},
				"west": {"uv": [0, 0, 0.00195, 0.00195], "texture": "#missing"},
				"up": {"uv": [0, 0, 0.00195, 0.00195], "texture": "#0"},
				"down": {"uv": [0, 0, 0.00195, 0.00195], "texture": "#0"}
			}
		},
		{
			"name": "hexadecagon",
			"from": [7.20435, 3, 11.5],
			"to": [8.79565, 10.84375, 12],
			"rotation": {"angle": 45, "axis": "y", "origin": [8, 8, 8]},
			"faces": {
				"north": {"uv": [0, 0, 0.00195, 0.00195], "texture": "#0"},
				"east": {"uv": [0, 0, 0.00195, 0.00195], "texture": "#missing"},
				"south": {"uv": [0, 3, 15, 6], "rotation": 90, "texture": "#0"},
				"west": {"uv": [0, 0, 0.00195, 0.00195], "texture": "#missing"},
				"up": {"uv": [0, 0, 0.00195, 0.00195], "texture": "#0"},
				"down": {"uv": [0, 0, 0.00195, 0.00195], "texture": "#0"}
			}
		},
		{
			"name": "hexadecagon",
			"from": [4, 3, 7.20435],
			"to": [4.5, 10.84375, 8.79565],
			"rotation": {"angle": -22.5, "axis": "y", "origin": [8, 8, 8]},
			"faces": {
				"north": {"uv": [0, 0, 0.00195, 0.00195], "texture": "#missing"},
				"east": {"uv": [0, 0, 0.00195, 0.00195], "texture": "#0"},
				"south": {"uv": [0, 0, 0.00195, 0.00195], "texture": "#missing"},
				"west": {"uv": [0, 7, 15, 10], "rotation": 90, "texture": "#0"},
				"up": {"uv": [0, 0, 0.00195, 0.00195], "texture": "#0"},
				"down": {"uv": [0, 0, 0.00195, 0.00195], "texture": "#0"}
			}
		},
		{
			"name": "hexadecagon",
			"from": [4, 3, 7.20435],
			"to": [4.5, 10.84375, 8.79565],
			"faces": {
				"north": {"uv": [0, 0, 0.00195, 0.00195], "texture": "#missing"},
				"east": {"uv": [0, 0, 0.00195, 0.00195], "texture": "#0"},
				"south": {"uv": [0, 0, 0.00195, 0.00195], "texture": "#missing"},
				"west": {"uv": [0, 12, 15, 15], "rotation": 90, "texture": "#0"},
				"up": {"uv": [0, 0, 0.00195, 0.00195], "texture": "#0"},
				"down": {"uv": [0, 0, 0.00195, 0.00195], "texture": "#0"}
			}
		},
		{
			"name": "hexadecagon",
			"from": [4, 3, 7.20435],
			"to": [4.5, 10.84375, 8.79565],
			"rotation": {"angle": 22.5, "axis": "y", "origin": [8, 8, 8]},
			"faces": {
				"north": {"uv": [0, 0, 0.00195, 0.00195], "texture": "#missing"},
				"east": {"uv": [0, 0, 0.00195, 0.00195], "texture": "#0"},
				"south": {"uv": [0, 0, 0.00195, 0.00195], "texture": "#missing"},
				"west": {"uv": [0, 13, 15.00063, 16], "rotation": 90, "texture": "#0"},
				"up": {"uv": [0, 0, 0.00195, 0.00195], "texture": "#0"},
				"down": {"uv": [0, 0, 0.00195, 0.00195], "texture": "#0"}
			}
		},
		{
			"name": "hexadecagon",
			"from": [11.5, 3, 7.20435],
			"to": [12, 10.84375, 8.79565],
			"rotation": {"angle": -22.5, "axis": "y", "origin": [8, 8, 8]},
			"faces": {
				"north": {"uv": [0, 0, 0.00195, 0.00195], "texture": "#missing"},
				"east": {"uv": [0, 6, 15, 9], "rotation": 90, "texture": "#0"},
				"south": {"uv": [0, 0, 0.00195, 0.00195], "texture": "#missing"},
				"west": {"uv": [0, 0, 0.00195, 0.00195], "texture": "#0"},
				"up": {"uv": [0, 0, 0.00195, 0.00195], "texture": "#0"},
				"down": {"uv": [0, 0, 0.00195, 0.00195], "texture": "#0"}
			}
		},
		{
			"name": "hexadecagon",
			"from": [11.5, 3, 7.20435],
			"to": [12, 10.84375, 8.79565],
			"faces": {
				"north": {"uv": [0, 0, 0.00195, 0.00195], "texture": "#missing"},
				"east": {"uv": [0, 8, 15, 11], "rotation": 90, "texture": "#0"},
				"south": {"uv": [0, 0, 0.00195, 0.00195], "texture": "#missing"},
				"west": {"uv": [0, 0, 0.00195, 0.00195], "texture": "#0"},
				"up": {"uv": [0, 0, 0.00195, 0.00195], "texture": "#0"},
				"down": {"uv": [0, 0, 0.00195, 0.00195], "texture": "#0"}
			}
		},
		{
			"name": "hexadecagon",
			"from": [11.5, 3, 7.20435],
			"to": [12, 10.84375, 8.79565],
			"rotation": {"angle": 22.5, "axis": "y", "origin": [8, 8, 8]},
			"faces": {
				"north": {"uv": [0, 0, 0.00195, 0.00195], "texture": "#missing"},
				"east": {"uv": [0, 5, 15, 8], "rotation": 90, "texture": "#0"},
				"south": {"uv": [0, 0, 0.00195, 0.00195], "texture": "#missing"},
				"west": {"uv": [0, 0, 0.00195, 0.00195], "texture": "#0"},
				"up": {"uv": [0, 0, 0.00195, 0.00195], "texture": "#0"},
				"down": {"uv": [0, 0, 0.00195, 0.00195], "texture": "#0"}
			}
		},
		{
			"name": "hexadecagon",
			"from": [7.20435, 3.15625, 4],
			"to": [8.79565, 3.84375, 12],
			"rotation": {"angle": -45, "axis": "y", "origin": [8, 8, 8]},
			"faces": {
				"north": {"uv": [0, 6, 15, 9], "rotation": 90, "texture": "#0"},
				"east": {"uv": [0, 6, 15, 9], "rotation": 90, "texture": "#0"},
				"south": {"uv": [0, 6, 15, 9], "rotation": 90, "texture": "#0"},
				"west": {"uv": [0, 6, 15, 9], "rotation": 90, "texture": "#0"},
				"up": {"uv": [0, 6, 15, 9], "rotation": 90, "texture": "#0"},
				"down": {"uv": [0, 6, 15, 9], "rotation": 90, "texture": "#0"}
			}
		},
		{
			"name": "hexadecagon",
			"from": [7.20435, 3.15625, 4],
			"to": [8.79565, 3.84375, 12],
			"rotation": {"angle": -22.5, "axis": "y", "origin": [8, 8, 8]},
			"faces": {
				"north": {"uv": [0, 6, 15, 9], "rotation": 90, "texture": "#0"},
				"east": {"uv": [0, 6, 15, 9], "rotation": 90, "texture": "#0"},
				"south": {"uv": [0, 6, 15, 9], "rotation": 90, "texture": "#0"},
				"west": {"uv": [0, 6, 15, 9], "rotation": 90, "texture": "#0"},
				"up": {"uv": [0, 6, 15, 9], "rotation": 90, "texture": "#0"},
				"down": {"uv": [0, 6, 15, 9], "rotation": 90, "texture": "#0"}
			}
		},
		{
			"name": "hexadecagon",
			"from": [7.20435, 3.15625, 4],
			"to": [8.79565, 3.84375, 12],
			"faces": {
				"north": {"uv": [0, 6, 15, 9], "rotation": 90, "texture": "#0"},
				"east": {"uv": [0, 6, 15, 9], "rotation": 90, "texture": "#0"},
				"south": {"uv": [0, 6, 15, 9], "rotation": 90, "texture": "#0"},
				"west": {"uv": [0, 6, 15, 9], "rotation": 90, "texture": "#0"},
				"up": {"uv": [0, 6, 15, 9], "rotation": 90, "texture": "#0"},
				"down": {"uv": [0, 6, 15, 9], "rotation": 90, "texture": "#0"}
			}
		},
		{
			"name": "hexadecagon",
			"from": [7.20435, 3.15625, 4],
			"to": [8.79565, 3.84375, 12],
			"rotation": {"angle": 22.5, "axis": "y", "origin": [8, 8, 8]},
			"faces": {
				"north": {"uv": [0, 6, 15, 9], "rotation": 90, "texture": "#0"},
				"east": {"uv": [0, 6, 15, 9], "rotation": 90, "texture": "#0"},
				"south": {"uv": [0, 6, 15, 9], "rotation": 90, "texture": "#0"},
				"west": {"uv": [0, 6, 15, 9], "rotation": 90, "texture": "#0"},
				"up": {"uv": [0, 6, 15, 9], "rotation": 90, "texture": "#0"},
				"down": {"uv": [0, 6, 15, 9], "rotation": 90, "texture": "#0"}
			}
		},
		{
			"name": "hexadecagon",
			"from": [7.20435, 3.15625, 4],
			"to": [8.79565, 3.84375, 12],
			"rotation": {"angle": 45, "axis": "y", "origin": [8, 8, 8]},
			"faces": {
				"north": {"uv": [0, 6, 15, 9], "rotation": 90, "texture": "#0"},
				"east": {"uv": [0, 6, 15, 9], "rotation": 90, "texture": "#0"},
				"south": {"uv": [0, 6, 15, 9], "rotation": 90, "texture": "#0"},
				"west": {"uv": [0, 6, 15, 9], "rotation": 90, "texture": "#0"},
				"up": {"uv": [0, 6, 15, 9], "rotation": 90, "texture": "#0"},
				"down": {"uv": [0, 6, 15, 9], "rotation": 90, "texture": "#0"}
			}
		},
		{
			"name": "hexadecagon",
			"from": [4, 3.15625, 7.20435],
			"to": [12, 3.84375, 8.79565],
			"rotation": {"angle": -22.5, "axis": "y", "origin": [8, 8, 8]},
			"faces": {
				"north": {"uv": [0, 6, 15, 9], "rotation": 90, "texture": "#0"},
				"east": {"uv": [0, 6, 15, 9], "rotation": 90, "texture": "#0"},
				"south": {"uv": [0, 6, 15, 9], "rotation": 90, "texture": "#0"},
				"west": {"uv": [0, 6, 15, 9], "rotation": 90, "texture": "#0"},
				"up": {"uv": [0, 6, 15, 9], "rotation": 90, "texture": "#0"},
				"down": {"uv": [0, 6, 15, 9], "rotation": 90, "texture": "#0"}
			}
		},
		{
			"name": "hexadecagon",
			"from": [4, 3.15625, 7.20435],
			"to": [12, 3.84375, 8.79565],
			"faces": {
				"north": {"uv": [0, 6, 15, 9], "rotation": 90, "texture": "#0"},
				"east": {"uv": [0, 6, 15, 9], "rotation": 90, "texture": "#0"},
				"south": {"uv": [0, 6, 15, 9], "rotation": 90, "texture": "#0"},
				"west": {"uv": [0, 6, 15, 9], "rotation": 90, "texture": "#0"},
				"up": {"uv": [0, 6, 15, 9], "rotation": 90, "texture": "#0"},
				"down": {"uv": [0, 6, 15, 9], "rotation": 90, "texture": "#0"}
			}
		},
		{
			"name": "hexadecagon",
			"from": [4, 3.15625, 7.20435],
			"to": [12, 3.84375, 8.79565],
			"rotation": {"angle": 22.5, "axis": "y", "origin": [8, 8, 8]},
			"faces": {
				"north": {"uv": [0, 6, 15, 9], "rotation": 90, "texture": "#0"},
				"east": {"uv": [0, 6, 15, 9], "rotation": 90, "texture": "#0"},
				"south": {"uv": [0, 6, 15, 9], "rotation": 90, "texture": "#0"},
				"west": {"uv": [0, 6, 15, 9], "rotation": 90, "texture": "#0"},
				"up": {"uv": [0, 6, 15, 9], "rotation": 90, "texture": "#0"},
				"down": {"uv": [0, 6, 15, 9], "rotation": 90, "texture": "#0"}
			}
		},
		{
			"name": "hexadecagon",
			"from": [7.875, 4.71852, 12.3273],
			"to": [8.59375, 5.31526, 12.5273],
			"rotation": {"angle": -45, "axis": "x", "origin": [8, 8, 8]},
			"faces": {
				"north": {"uv": [0, 0, 15.00163, 15.00163], "texture": "#3"},
				"east": {"uv": [0, 0, 15.00163, 15.00163], "texture": "#3"},
				"south": {"uv": [0, 0, 15.00163, 15.00163], "texture": "#3"},
				"west": {"uv": [0, 0, 15.00163, 15.00163], "texture": "#3"},
				"up": {"uv": [0, 0, 15.00163, 15.00163], "texture": "#3"},
				"down": {"uv": [0, 0, 15.00163, 15.00163], "texture": "#3"}
			}
		},
		{
			"name": "hexadecagon",
			"from": [7.875, 6.1041, 13.23845],
			"to": [8.59375, 6.70084, 13.43845],
			"rotation": {"angle": -22.5, "axis": "x", "origin": [8, 8, 8]},
			"faces": {
				"north": {"uv": [0, 0, 15.00163, 15.00163], "texture": "#3"},
				"east": {"uv": [0, 0, 15.00163, 15.00163], "texture": "#3"},
				"south": {"uv": [0, 0, 15.00163, 15.00163], "texture": "#3"},
				"west": {"uv": [0, 0, 15.00163, 15.00163], "texture": "#3"},
				"up": {"uv": [0, 0, 15.00163, 15.00163], "texture": "#3"},
				"down": {"uv": [0, 0, 15.00163, 15.00163], "texture": "#3"}
			}
		},
		{
			"name": "hexadecagon",
			"from": [7.875, 7.73288, 13.55],
			"to": [8.59375, 8.32962, 13.75],
			"faces": {
				"north": {"uv": [0, 0, 15.00163, 15.00163], "texture": "#3"},
				"east": {"uv": [0, 0, 15.00163, 15.00163], "texture": "#3"},
				"south": {"uv": [0, 0, 15.00163, 15.00163], "texture": "#3"},
				"west": {"uv": [0, 0, 15.00163, 15.00163], "texture": "#3"},
				"up": {"uv": [0, 0, 15.00163, 15.00163], "texture": "#3"},
				"down": {"uv": [0, 0, 15.00163, 15.00163], "texture": "#3"}
			}
		},
		{
			"name": "hexadecagon",
			"from": [7.875, 9.35691, 13.21453],
			"to": [8.59375, 9.95364, 13.41453],
			"rotation": {"angle": 22.5, "axis": "x", "origin": [8, 8, 8]},
			"faces": {
				"north": {"uv": [0, 0, 15.00163, 15.00163], "texture": "#3"},
				"east": {"uv": [0, 0, 15.00163, 15.00163], "texture": "#3"},
				"south": {"uv": [0, 0, 15.00163, 15.00163], "texture": "#3"},
				"west": {"uv": [0, 0, 15.00163, 15.00163], "texture": "#3"},
				"up": {"uv": [0, 0, 15.00163, 15.00163], "texture": "#3"},
				"down": {"uv": [0, 0, 15.00163, 15.00163], "texture": "#3"}
			}
		},
		{
			"name": "hexadecagon",
			"from": [7.875, 10.72893, 12.28311],
			"to": [8.59375, 11.32567, 12.48311],
			"rotation": {"angle": 45, "axis": "x", "origin": [8, 8, 8]},
			"faces": {
				"north": {"uv": [0, 0, 15.00163, 15.00163], "texture": "#3"},
				"east": {"uv": [0, 0, 15.00163, 15.00163], "texture": "#3"},
				"south": {"uv": [0, 0, 15.00163, 15.00163], "texture": "#3"},
				"west": {"uv": [0, 0, 15.00163, 15.00163], "texture": "#3"},
				"up": {"uv": [0, 0, 15.00163, 15.00163], "texture": "#3"},
				"down": {"uv": [0, 0, 15.00163, 15.00163], "texture": "#3"}
			}
		},
		{
			"name": "hexadecagon",
			"from": [7.875, 4.90247, 11.64008],
			"to": [8.59375, 5.10247, 12.23682],
			"rotation": {"angle": -22.5, "axis": "x", "origin": [8, 8, 8]},
			"faces": {
				"north": {"uv": [0, 0, 15.00163, 15.00163], "texture": "#3"},
				"east": {"uv": [0, 0, 15.00163, 15.00163], "texture": "#3"},
				"south": {"uv": [0, 0, 15.00163, 15.00163], "texture": "#3"},
				"west": {"uv": [0, 0, 15.00163, 15.00163], "texture": "#3"},
				"up": {"uv": [0, 0, 15.00163, 15.00163], "texture": "#3"},
				"down": {"uv": [0, 0, 15.00163, 15.00163], "texture": "#3"}
			}
		},
		{
			"name": "hexadecagon",
			"from": [7.875, 6.53125, 11.95163],
			"to": [8.59375, 6.73125, 12.54837],
			"faces": {
				"north": {"uv": [0, 0, 15.00163, 15.00163], "texture": "#3"},
				"east": {"uv": [0, 0, 15.00163, 15.00163], "texture": "#3"},
				"south": {"uv": [0, 0, 15.00163, 15.00163], "texture": "#3"},
				"west": {"uv": [0, 0, 15.00163, 15.00163], "texture": "#3"},
				"up": {"uv": [0, 0, 15.00163, 15.00163], "texture": "#3"},
				"down": {"uv": [0, 0, 15.00163, 15.00163], "texture": "#3"}
			}
		},
		{
			"name": "hexadecagon",
			"from": [7.875, 9.33125, 11.95163],
			"to": [8.59375, 9.53125, 12.54837],
			"faces": {
				"north": {"uv": [0, 0, 15.00163, 15.00163], "texture": "#3"},
				"east": {"uv": [0, 0, 15.00163, 15.00163], "texture": "#3"},
				"south": {"uv": [0, 0, 15.00163, 15.00163], "texture": "#3"},
				"west": {"uv": [0, 0, 15.00163, 15.00163], "texture": "#3"},
				"up": {"uv": [0, 0, 15.00163, 15.00163], "texture": "#3"},
				"down": {"uv": [0, 0, 15.00163, 15.00163], "texture": "#3"}
			}
		},
		{
			"name": "hexadecagon",
			"from": [7.875, 10.95528, 11.61616],
			"to": [8.59375, 11.15528, 12.2129],
			"rotation": {"angle": 22.5, "axis": "x", "origin": [8, 8, 8]},
			"faces": {
				"north": {"uv": [0, 0, 15.00163, 15.00163], "texture": "#3"},
				"east": {"uv": [0, 0, 15.00163, 15.00163], "texture": "#3"},
				"south": {"uv": [0, 0, 15.00163, 15.00163], "texture": "#3"},
				"west": {"uv": [0, 0, 15.00163, 15.00163], "texture": "#3"},
				"up": {"uv": [0, 0, 15.00163, 15.00163], "texture": "#3"},
				"down": {"uv": [0, 0, 15.00163, 15.00163], "texture": "#3"}
			}
		},
		{
			"name": "hexadecagon",
			"from": [7.2143, 7.71875, 4.05],
			"to": [8.7857, 7.71875, 11.95],
			"rotation": {"angle": -45, "axis": "y", "origin": [8, 8, 8]},
			"faces": {
				"north": {"uv": [0, 0, 0.00195, 0.00195], "texture": "#missing"},
				"east": {"uv": [0, 0, 0.00195, 0.00195], "texture": "#missing"},
				"south": {"uv": [0, 0, 0.00195, 0.00195], "texture": "#missing"},
				"west": {"uv": [0, 0, 0.00195, 0.00195], "texture": "#missing"},
				"up": {"uv": [0, 0, 0.00195, 0.00195], "texture": "#3"},
				"down": {"uv": [0, 0, 0.00195, 0.00195], "texture": "#missing"}
			}
		},
		{
			"name": "hexadecagon",
			"from": [7.2143, 7.71875, 4.05],
			"to": [8.7857, 7.71875, 11.95],
			"rotation": {"angle": -22.5, "axis": "y", "origin": [8, 8, 8]},
			"faces": {
				"north": {"uv": [0, 0, 0.00195, 0.00195], "texture": "#missing"},
				"east": {"uv": [0, 0, 0.00195, 0.00195], "texture": "#missing"},
				"south": {"uv": [0, 0, 0.00195, 0.00195], "texture": "#missing"},
				"west": {"uv": [0, 0, 0.00195, 0.00195], "texture": "#missing"},
				"up": {"uv": [0, 0, 0.00195, 0.00195], "texture": "#3"},
				"down": {"uv": [0, 0, 0.00195, 0.00195], "texture": "#missing"}
			}
		},
		{
			"name": "hexadecagon",
			"from": [7.2143, 7.71875, 4.05],
			"to": [8.7857, 7.71875, 11.95],
			"faces": {
				"north": {"uv": [0, 0, 0.00195, 0.00195], "texture": "#missing"},
				"east": {"uv": [0, 0, 0.00195, 0.00195], "texture": "#missing"},
				"south": {"uv": [0, 0, 0.00195, 0.00195], "texture": "#missing"},
				"west": {"uv": [0, 0, 0.00195, 0.00195], "texture": "#missing"},
				"up": {"uv": [0, 0, 0.00195, 0.00195], "texture": "#3"},
				"down": {"uv": [0, 0, 0.00195, 0.00195], "texture": "#missing"}
			}
		},
		{
			"name": "hexadecagon",
			"from": [7.2143, 7.71875, 4.05],
			"to": [8.7857, 7.71875, 11.95],
			"rotation": {"angle": 22.5, "axis": "y", "origin": [8, 8, 8]},
			"faces": {
				"north": {"uv": [0, 0, 0.00195, 0.00195], "texture": "#missing"},
				"east": {"uv": [0, 0, 0.00195, 0.00195], "texture": "#missing"},
				"south": {"uv": [0, 0, 0.00195, 0.00195], "texture": "#missing"},
				"west": {"uv": [0, 0, 0.00195, 0.00195], "texture": "#missing"},
				"up": {"uv": [0, 0, 0.00195, 0.00195], "texture": "#3"},
				"down": {"uv": [0, 0, 0.00195, 0.00195], "texture": "#missing"}
			}
		},
		{
			"name": "hexadecagon",
			"from": [7.2143, 7.71875, 4.05],
			"to": [8.7857, 7.71875, 11.95],
			"rotation": {"angle": 45, "axis": "y", "origin": [8, 8, 8]},
			"faces": {
				"north": {"uv": [0, 0, 0.00195, 0.00195], "texture": "#missing"},
				"east": {"uv": [0, 0, 0.00195, 0.00195], "texture": "#missing"},
				"south": {"uv": [0, 0, 0.00195, 0.00195], "texture": "#missing"},
				"west": {"uv": [0, 0, 0.00195, 0.00195], "texture": "#missing"},
				"up": {"uv": [0, 0, 0.00195, 0.00195], "texture": "#3"},
				"down": {"uv": [0, 0, 0.00195, 0.00195], "texture": "#missing"}
			}
		},
		{
			"name": "hexadecagon",
			"from": [4.05, 7.71875, 7.2143],
			"to": [11.95, 7.71875, 8.7857],
			"rotation": {"angle": -22.5, "axis": "y", "origin": [8, 8, 8]},
			"faces": {
				"north": {"uv": [0, 0, 0.00195, 0.00195], "texture": "#missing"},
				"east": {"uv": [0, 0, 0.00195, 0.00195], "texture": "#missing"},
				"south": {"uv": [0, 0, 0.00195, 0.00195], "texture": "#missing"},
				"west": {"uv": [0, 0, 0.00195, 0.00195], "texture": "#missing"},
				"up": {"uv": [0, 0, 0.00195, 0.00195], "texture": "#3"},
				"down": {"uv": [0, 0, 0.00195, 0.00195], "texture": "#missing"}
			}
		},
		{
			"name": "hexadecagon",
			"from": [4.05, 7.71875, 7.2143],
			"to": [11.95, 7.71875, 8.7857],
			"faces": {
				"north": {"uv": [0, 0, 0.00195, 0.00195], "texture": "#missing"},
				"east": {"uv": [0, 0, 0.00195, 0.00195], "texture": "#missing"},
				"south": {"uv": [0, 0, 0.00195, 0.00195], "texture": "#missing"},
				"west": {"uv": [0, 0, 0.00195, 0.00195], "texture": "#missing"},
				"up": {"uv": [0, 0, 0.00195, 0.00195], "texture": "#3"},
				"down": {"uv": [0, 0, 0.00195, 0.00195], "texture": "#missing"}
			}
		},
		{
			"name": "hexadecagon",
			"from": [4.05, 7.71875, 7.2143],
			"to": [11.95, 7.71875, 8.7857],
			"rotation": {"angle": 22.5, "axis": "y", "origin": [8, 8, 8]},
			"faces": {
				"north": {"uv": [0, 0, 0.00195, 0.00195], "texture": "#missing"},
				"east": {"uv": [0, 0, 0.00195, 0.00195], "texture": "#missing"},
				"south": {"uv": [0, 0, 0.00195, 0.00195], "texture": "#missing"},
				"west": {"uv": [0, 0, 0.00195, 0.00195], "texture": "#missing"},
				"up": {"uv": [0, 0, 0.00195, 0.00195], "texture": "#3"},
				"down": {"uv": [0, 0, 0.00195, 0.00195], "texture": "#missing"}
			}
		}
	],
	"display": {
		"thirdperson_righthand": {
			"rotation": [65, 19, 16],
			"translation": [-1.25, 1.75, -0.25],
			"scale": [0.5, 0.5, 0.5]
		},
		"thirdperson_lefthand": {
			"rotation": [65, 19, 16],
			"translation": [-1.25, 1.75, -0.25],
			"scale": [0.5, 0.5, 0.5]
		},
		"firstperson_righthand": {
			"rotation": [0, 46, 27],
			"translation": [-1.25, 3, 3],
			"scale": [0.5, 0.5, 0.5]
		},
		"firstperson_lefthand": {
			"rotation": [0, 46, 27],
			"translation": [-1.25, 3, 3],
			"scale": [0.5, 0.5, 0.5]
		},
		"ground": {
			"translation": [0, 5, 0]
		},
		"gui": {
			"rotation": [27, 59, 16],
			"translation": [-0.5, 0.75, 0]
		},
		"head": {
			"rotation": [68, 168, 0],
			"translation": [0, -3, -10.25]
		},
		"fixed": {
			"rotation": [-90, 71, 0],
			"translation": [7, 9.5, -41]
		}
	},
	"groups": [
		{
			"name": "hexadecagon",
			"origin": [8, 8, 8],
			"children": [0, 1, 2, 3, 4, 5, 6, 7, 8, 9, 10, 11, 12, 13, 14, 15]
		},
		{
			"name": "hexadecagon",
			"origin": [8, 8, 8],
			"children": [16, 17, 18, 19, 20, 21, 22, 23]
		},
		{
			"name": "hexadecagon",
			"origin": [8, 8, 8],
			"children": [24, 25, 26, 27, 28, 29, 30, 31, 32]
		},
		{
			"name": "hexadecagon",
			"origin": [8, 8, 8],
			"children": [33, 34, 35, 36, 37, 38, 39, 40]
		}
	]
}