{
	"credit": "Made with Blockbench",
	"textures": {
		"0": "block/spruce_log",
		"2": "block/spruce_log_top",
		"3": "block/green_concrete_powder",
		"4": "block/redstone_block",
		"5": "item/nether_star",
		"6": "block/gold_block",
		"7": "block/emerald_block",
		"8": "block/diamond_block",
		"9": "block/sea_lantern",
		"particle": "block/spruce_log"
	},
	"elements": [
		{
			"name": "hexadecagon",
			"from": [7.85082, 0.125, 7.25],
			"to": [8.14918, 14.125, 8.75],
			"rotation": {"angle": -45, "axis": "y", "origin": [8, 8, 8]},
			"faces": {
				"north": {"uv": [3, 0, 6, 16], "texture": "#0"},
				"east": {"uv": [0, 0, 1, 1], "texture": "#0"},
				"south": {"uv": [0, 0, 1, 1], "texture": "#0"},
				"west": {"uv": [0, 0, 1, 1], "texture": "#0"},
				"up": {"uv": [0, 0, 16, 16], "texture": "#2"},
				"down": {"uv": [0, 0, 16, 16], "texture": "#2"}
			}
		},
		{
			"name": "hexadecagon",
			"from": [7.85082, 0.125, 7.25],
			"to": [8.14918, 14.125, 8.75],
			"rotation": {"angle": -22.5, "axis": "y", "origin": [8, 8, 8]},
			"faces": {
				"north": {"uv": [3, 0, 6, 16], "texture": "#0"},
				"east": {"uv": [0, 0, 1, 1], "texture": "#0"},
				"south": {"uv": [0, 0, 1, 1], "texture": "#0"},
				"west": {"uv": [0, 0, 1, 1], "texture": "#0"},
				"up": {"uv": [0, 0, 16, 16], "texture": "#2"},
				"down": {"uv": [0, 0, 16, 16], "texture": "#2"}
			}
		},
		{
			"name": "hexadecagon",
			"from": [7.85082, 0.125, 7.25],
			"to": [8.14918, 14.125, 8.75],
			"faces": {
				"north": {"uv": [3, 0, 6, 16], "texture": "#0"},
				"east": {"uv": [0, 0, 1, 1], "texture": "#0"},
				"south": {"uv": [0, 0, 1, 1], "texture": "#0"},
				"west": {"uv": [0, 0, 1, 1], "texture": "#0"},
				"up": {"uv": [0, 0, 16, 16], "texture": "#2"},
				"down": {"uv": [0, 0, 16, 16], "texture": "#2"}
			}
		},
		{
			"name": "hexadecagon",
			"from": [7.85082, 0.125, 7.25],
			"to": [8.14918, 14.125, 8.75],
			"rotation": {"angle": 22.5, "axis": "y", "origin": [8, 8, 8]},
			"faces": {
				"north": {"uv": [3, 0, 6, 16], "texture": "#0"},
				"east": {"uv": [0, 0, 1, 1], "texture": "#0"},
				"south": {"uv": [0, 0, 1, 1], "texture": "#0"},
				"west": {"uv": [0, 0, 1, 1], "texture": "#0"},
				"up": {"uv": [0, 0, 16, 16], "texture": "#2"},
				"down": {"uv": [0, 0, 16, 16], "texture": "#2"}
			}
		},
		{
			"name": "hexadecagon",
			"from": [7.85082, 0.125, 7.25],
			"to": [8.14918, 14.125, 8.75],
			"rotation": {"angle": 45, "axis": "y", "origin": [8, 8, 8]},
			"faces": {
				"north": {"uv": [3, 0, 6, 16], "texture": "#0"},
				"east": {"uv": [0, 0, 1, 1], "texture": "#0"},
				"south": {"uv": [0, 0, 1, 1], "texture": "#0"},
				"west": {"uv": [0, 0, 1, 1], "texture": "#0"},
				"up": {"uv": [0, 0, 16, 16], "texture": "#2"},
				"down": {"uv": [0, 0, 16, 16], "texture": "#2"}
			}
		},
		{
			"name": "hexadecagon",
			"from": [7.25, 0.125, 7.85082],
			"to": [8.75, 14.125, 8.14918],
			"rotation": {"angle": -22.5, "axis": "y", "origin": [8, 8, 8]},
			"faces": {
				"north": {"uv": [3, 0, 6, 16], "texture": "#0"},
				"east": {"uv": [0, 0, 1, 1], "texture": "#0"},
				"south": {"uv": [0, 0, 1, 1], "texture": "#0"},
				"west": {"uv": [0, 0, 1, 1], "texture": "#0"},
				"up": {"uv": [0, 0, 16, 16], "texture": "#2"},
				"down": {"uv": [0, 0, 16, 16], "texture": "#2"}
			}
		},
		{
			"name": "hexadecagon",
			"from": [7.25, 0.125, 7.85082],
			"to": [8.75, 14.125, 8.14918],
			"faces": {
				"north": {"uv": [3, 0, 6, 16], "texture": "#0"},
				"east": {"uv": [0, 0, 1, 1], "texture": "#0"},
				"south": {"uv": [0, 0, 1, 1], "texture": "#0"},
				"west": {"uv": [0, 0, 1, 1], "texture": "#0"},
				"up": {"uv": [0, 0, 16, 16], "texture": "#2"},
				"down": {"uv": [0, 0, 16, 16], "texture": "#2"}
			}
		},
		{
			"name": "hexadecagon",
			"from": [7.25, 0.125, 7.85082],
			"to": [8.75, 14.125, 8.14918],
			"rotation": {"angle": 22.5, "axis": "y", "origin": [8, 8, 8]},
			"faces": {
				"north": {"uv": [3, 0, 6, 16], "texture": "#0"},
				"east": {"uv": [0, 0, 1, 1], "texture": "#0"},
				"south": {"uv": [0, 0, 1, 1], "texture": "#0"},
				"west": {"uv": [0, 0, 1, 1], "texture": "#0"},
				"up": {"uv": [0, 0, 16, 16], "texture": "#2"},
				"down": {"uv": [0, 0, 16, 16], "texture": "#2"}
			}
		},
		{
			"name": "hexadecagon",
			"from": [7.20435, 2, 4],
			"to": [8.79565, 2.625, 12],
			"rotation": {"angle": -45, "axis": "y", "origin": [8, 3.5, 8]},
			"faces": {
				"north": {"uv": [0, 0, 8, 5], "texture": "#3"},
				"east": {"uv": [0, 0, 8, 5], "texture": "#3"},
				"south": {"uv": [0, 0, 8, 5], "texture": "#3"},
				"west": {"uv": [0, 0, 8, 5], "texture": "#3"},
				"up": {"uv": [0, 0, 1, 1], "texture": "#3"},
				"down": {"uv": [0, 0, 1, 1], "texture": "#3"}
			}
		},
		{
			"name": "hexadecagon",
			"from": [7.20435, 2, 4],
			"to": [8.79565, 2.625, 12],
			"rotation": {"angle": -22.5, "axis": "y", "origin": [8, 3.5, 8]},
			"faces": {
				"north": {"uv": [0, 0, 8, 5], "texture": "#3"},
				"east": {"uv": [0, 0, 8, 5], "texture": "#3"},
				"south": {"uv": [0, 0, 8, 5], "texture": "#3"},
				"west": {"uv": [0, 0, 8, 5], "texture": "#3"},
				"up": {"uv": [0, 0, 1, 1], "texture": "#3"},
				"down": {"uv": [0, 0, 1, 1], "texture": "#3"}
			}
		},
		{
			"name": "hexadecagon",
			"from": [7.20435, 2, 4],
			"to": [8.79565, 2.625, 12],
			"rotation": {"angle": 0, "axis": "y", "origin": [8, 3.5, 8]},
			"faces": {
				"north": {"uv": [0, 0, 8, 5], "texture": "#3"},
				"east": {"uv": [0, 0, 8, 5], "texture": "#3"},
				"south": {"uv": [0, 0, 8, 5], "texture": "#3"},
				"west": {"uv": [0, 0, 8, 5], "texture": "#3"},
				"up": {"uv": [0, 0, 1, 1], "texture": "#3"},
				"down": {"uv": [0, 0, 1, 1], "texture": "#3"}
			}
		},
		{
			"name": "hexadecagon",
			"from": [7.20435, 2, 4],
			"to": [8.79565, 2.625, 12],
			"rotation": {"angle": 22.5, "axis": "y", "origin": [8, 3.5, 8]},
			"faces": {
				"north": {"uv": [0, 0, 8, 5], "texture": "#3"},
				"east": {"uv": [0, 0, 8, 5], "texture": "#3"},
				"south": {"uv": [0, 0, 8, 5], "texture": "#3"},
				"west": {"uv": [0, 0, 8, 5], "texture": "#3"},
				"up": {"uv": [0, 0, 1, 1], "texture": "#3"},
				"down": {"uv": [0, 0, 1, 1], "texture": "#3"}
			}
		},
		{
			"name": "hexadecagon",
			"from": [7.20435, 2, 4],
			"to": [8.79565, 2.625, 12],
			"rotation": {"angle": 45, "axis": "y", "origin": [8, 3.5, 8]},
			"faces": {
				"north": {"uv": [0, 0, 8, 5], "texture": "#3"},
				"east": {"uv": [0, 0, 8, 5], "texture": "#3"},
				"south": {"uv": [0, 0, 8, 5], "texture": "#3"},
				"west": {"uv": [0, 0, 8, 5], "texture": "#3"},
				"up": {"uv": [0, 0, 1, 1], "texture": "#3"},
				"down": {"uv": [0, 0, 1, 1], "texture": "#3"}
			}
		},
		{
			"name": "hexadecagon",
			"from": [4, 2, 7.20435],
			"to": [12, 2.625, 8.79565],
			"rotation": {"angle": -22.5, "axis": "y", "origin": [8, 3.5, 8]},
			"faces": {
				"north": {"uv": [0, 0, 8, 5], "texture": "#3"},
				"east": {"uv": [0, 0, 8, 5], "texture": "#3"},
				"south": {"uv": [0, 0, 8, 5], "texture": "#3"},
				"west": {"uv": [0, 0, 8, 5], "texture": "#3"},
				"up": {"uv": [0, 0, 1, 1], "texture": "#3"},
				"down": {"uv": [0, 0, 1, 1], "texture": "#3"}
			}
		},
		{
			"name": "hexadecagon",
			"from": [4, 2, 7.20435],
			"to": [12, 2.625, 8.79565],
			"rotation": {"angle": 0, "axis": "y", "origin": [8, 3.5, 8]},
			"faces": {
				"north": {"uv": [0, 0, 8, 5], "texture": "#3"},
				"east": {"uv": [0, 0, 8, 5], "texture": "#3"},
				"south": {"uv": [0, 0, 8, 5], "texture": "#3"},
				"west": {"uv": [0, 0, 8, 5], "texture": "#3"},
				"up": {"uv": [0, 0, 1, 1], "texture": "#3"},
				"down": {"uv": [0, 0, 1, 1], "texture": "#3"}
			}
		},
		{
			"name": "hexadecagon",
			"from": [4, 2, 7.20435],
			"to": [12, 2.625, 8.79565],
			"rotation": {"angle": 22.5, "axis": "y", "origin": [8, 3.5, 8]},
			"faces": {
				"north": {"uv": [0, 0, 8, 5], "texture": "#3"},
				"east": {"uv": [0, 0, 8, 5], "texture": "#3"},
				"south": {"uv": [0, 0, 8, 5], "texture": "#3"},
				"west": {"uv": [0, 0, 8, 5], "texture": "#3"},
				"up": {"uv": [0, 0, 1, 1], "texture": "#3"},
				"down": {"uv": [0, 0, 1, 1], "texture": "#3"}
			}
		},
		{
			"name": "hexadecagon",
			"from": [7.22424, 2.625, 4.1],
			"to": [8.77576, 3.875, 11.9],
			"rotation": {"angle": -45, "axis": "y", "origin": [8, 4.125, 8]},
			"faces": {
				"north": {"uv": [0, 0, 8, 5], "texture": "#3"},
				"east": {"uv": [0, 0, 8, 5], "texture": "#3"},
				"south": {"uv": [0, 0, 8, 5], "texture": "#3"},
				"west": {"uv": [0, 0, 8, 5], "texture": "#3"},
				"up": {"uv": [0, 0, 1, 1], "texture": "#3"},
				"down": {"uv": [0, 0, 1, 1], "texture": "#3"}
			}
		},
		{
			"name": "hexadecagon",
			"from": [7.22424, 2.625, 4.1],
			"to": [8.77576, 3.875, 11.9],
			"rotation": {"angle": -22.5, "axis": "y", "origin": [8, 4.125, 8]},
			"faces": {
				"north": {"uv": [0, 0, 8, 5], "texture": "#3"},
				"east": {"uv": [0, 0, 8, 5], "texture": "#3"},
				"south": {"uv": [0, 0, 8, 5], "texture": "#3"},
				"west": {"uv": [0, 0, 8, 5], "texture": "#3"},
				"up": {"uv": [0, 0, 1, 1], "texture": "#3"},
				"down": {"uv": [0, 0, 1, 1], "texture": "#3"}
			}
		},
		{
			"name": "hexadecagon",
			"from": [7.22424, 2.625, 4.1],
			"to": [8.77576, 3.875, 11.9],
			"rotation": {"angle": 0, "axis": "y", "origin": [8, 4.125, 8]},
			"faces": {
				"north": {"uv": [0, 0, 8, 5], "texture": "#3"},
				"east": {"uv": [0, 0, 8, 5], "texture": "#3"},
				"south": {"uv": [0, 0, 8, 5], "texture": "#3"},
				"west": {"uv": [0, 0, 8, 5], "texture": "#3"},
				"up": {"uv": [0, 0, 1, 1], "texture": "#3"},
				"down": {"uv": [0, 0, 1, 1], "texture": "#3"}
			}
		},
		{
			"name": "hexadecagon",
			"from": [7.22424, 2.625, 4.1],
			"to": [8.77576, 3.875, 11.9],
			"rotation": {"angle": 22.5, "axis": "y", "origin": [8, 4.125, 8]},
			"faces": {
				"north": {"uv": [0, 0, 8, 5], "texture": "#3"},
				"east": {"uv": [0, 0, 8, 5], "texture": "#3"},
				"south": {"uv": [0, 0, 8, 5], "texture": "#3"},
				"west": {"uv": [0, 0, 8, 5], "texture": "#3"},
				"up": {"uv": [0, 0, 1, 1], "texture": "#3"},
				"down": {"uv": [0, 0, 1, 1], "texture": "#3"}
			}
		},
		{
			"name": "hexadecagon",
			"from": [7.22424, 2.625, 4.1],
			"to": [8.77576, 3.875, 11.9],
			"rotation": {"angle": 45, "axis": "y", "origin": [8, 4.125, 8]},
			"faces": {
				"north": {"uv": [0, 0, 8, 5], "texture": "#3"},
				"east": {"uv": [0, 0, 8, 5], "texture": "#3"},
				"south": {"uv": [0, 0, 8, 5], "texture": "#3"},
				"west": {"uv": [0, 0, 8, 5], "texture": "#3"},
				"up": {"uv": [0, 0, 1, 1], "texture": "#3"},
				"down": {"uv": [0, 0, 1, 1], "texture": "#3"}
			}
		},
		{
			"name": "hexadecagon",
			"from": [4.1, 2.625, 7.22424],
			"to": [11.9, 3.875, 8.77576],
			"rotation": {"angle": -22.5, "axis": "y", "origin": [8, 4.125, 8]},
			"faces": {
				"north": {"uv": [0, 0, 8, 5], "texture": "#3"},
				"east": {"uv": [0, 0, 8, 5], "texture": "#3"},
				"south": {"uv": [0, 0, 8, 5], "texture": "#3"},
				"west": {"uv": [0, 0, 8, 5], "texture": "#3"},
				"up": {"uv": [0, 0, 1, 1], "texture": "#3"},
				"down": {"uv": [0, 0, 1, 1], "texture": "#3"}
			}
		},
		{
			"name": "hexadecagon",
			"from": [4.1, 2.625, 7.22424],
			"to": [11.9, 3.875, 8.77576],
			"rotation": {"angle": 0, "axis": "y", "origin": [8, 4.125, 8]},
			"faces": {
				"north": {"uv": [0, 0, 8, 5], "texture": "#3"},
				"east": {"uv": [0, 0, 8, 5], "texture": "#3"},
				"south": {"uv": [0, 0, 8, 5], "texture": "#3"},
				"west": {"uv": [0, 0, 8, 5], "texture": "#3"},
				"up": {"uv": [0, 0, 1, 1], "texture": "#3"},
				"down": {"uv": [0, 0, 1, 1], "texture": "#3"}
			}
		},
		{
			"name": "hexadecagon",
			"from": [4.1, 2.625, 7.22424],
			"to": [11.9, 3.875, 8.77576],
			"rotation": {"angle": 22.5, "axis": "y", "origin": [8, 4.125, 8]},
			"faces": {
				"north": {"uv": [0, 0, 8, 5], "texture": "#3"},
				"east": {"uv": [0, 0, 8, 5], "texture": "#3"},
				"south": {"uv": [0, 0, 8, 5], "texture": "#3"},
				"west": {"uv": [0, 0, 8, 5], "texture": "#3"},
				"up": {"uv": [0, 0, 1, 1], "texture": "#3"},
				"down": {"uv": [0, 0, 1, 1], "texture": "#3"}
			}
		},
		{
			"name": "hexadecagon",
			"from": [7.25408, 3.875, 4.25],
			"to": [8.74592, 5.125, 11.75],
			"rotation": {"angle": -45, "axis": "y", "origin": [8, 5.375, 8]},
			"faces": {
				"north": {"uv": [0, 0, 8, 5], "texture": "#3"},
				"east": {"uv": [0, 0, 8, 5], "texture": "#3"},
				"south": {"uv": [0, 0, 8, 5], "texture": "#3"},
				"west": {"uv": [0, 0, 8, 5], "texture": "#3"},
				"up": {"uv": [0, 0, 1, 1], "texture": "#3"},
				"down": {"uv": [0, 0, 1, 1], "texture": "#3"}
			}
		},
		{
			"name": "hexadecagon",
			"from": [7.25408, 3.875, 4.25],
			"to": [8.74592, 5.125, 11.75],
			"rotation": {"angle": -22.5, "axis": "y", "origin": [8, 5.375, 8]},
			"faces": {
				"north": {"uv": [0, 0, 8, 5], "texture": "#3"},
				"east": {"uv": [0, 0, 8, 5], "texture": "#3"},
				"south": {"uv": [0, 0, 8, 5], "texture": "#3"},
				"west": {"uv": [0, 0, 8, 5], "texture": "#3"},
				"up": {"uv": [0, 0, 1, 1], "texture": "#3"},
				"down": {"uv": [0, 0, 1, 1], "texture": "#3"}
			}
		},
		{
			"name": "hexadecagon",
			"from": [7.25408, 3.875, 4.25],
			"to": [8.74592, 5.125, 11.75],
			"rotation": {"angle": 0, "axis": "y", "origin": [8, 5.375, 8]},
			"faces": {
				"north": {"uv": [0, 0, 8, 5], "texture": "#3"},
				"east": {"uv": [0, 0, 8, 5], "texture": "#3"},
				"south": {"uv": [0, 0, 8, 5], "texture": "#3"},
				"west": {"uv": [0, 0, 8, 5], "texture": "#3"},
				"up": {"uv": [0, 0, 1, 1], "texture": "#3"},
				"down": {"uv": [0, 0, 1, 1], "texture": "#3"}
			}
		},
		{
			"name": "hexadecagon",
			"from": [7.25408, 3.875, 4.25],
			"to": [8.74592, 5.125, 11.75],
			"rotation": {"angle": 22.5, "axis": "y", "origin": [8, 5.375, 8]},
			"faces": {
				"north": {"uv": [0, 0, 8, 5], "texture": "#3"},
				"east": {"uv": [0, 0, 8, 5], "texture": "#3"},
				"south": {"uv": [0, 0, 8, 5], "texture": "#3"},
				"west": {"uv": [0, 0, 8, 5], "texture": "#3"},
				"up": {"uv": [0, 0, 1, 1], "texture": "#3"},
				"down": {"uv": [0, 0, 1, 1], "texture": "#3"}
			}
		},
		{
			"name": "hexadecagon",
			"from": [7.25408, 3.875, 4.25],
			"to": [8.74592, 5.125, 11.75],
			"rotation": {"angle": 45, "axis": "y", "origin": [8, 5.375, 8]},
			"faces": {
				"north": {"uv": [0, 0, 8, 5], "texture": "#3"},
				"east": {"uv": [0, 0, 8, 5], "texture": "#3"},
				"south": {"uv": [0, 0, 8, 5], "texture": "#3"},
				"west": {"uv": [0, 0, 8, 5], "texture": "#3"},
				"up": {"uv": [0, 0, 1, 1], "texture": "#3"},
				"down": {"uv": [0, 0, 1, 1], "texture": "#3"}
			}
		},
		{
			"name": "hexadecagon",
			"from": [4.25, 3.875, 7.25408],
			"to": [11.75, 5.125, 8.74592],
			"rotation": {"angle": -22.5, "axis": "y", "origin": [8, 5.375, 8]},
			"faces": {
				"north": {"uv": [0, 0, 8, 5], "texture": "#3"},
				"east": {"uv": [0, 0, 8, 5], "texture": "#3"},
				"south": {"uv": [0, 0, 8, 5], "texture": "#3"},
				"west": {"uv": [0, 0, 8, 5], "texture": "#3"},
				"up": {"uv": [0, 0, 1, 1], "texture": "#3"},
				"down": {"uv": [0, 0, 1, 1], "texture": "#3"}
			}
		},
		{
			"name": "hexadecagon",
			"from": [4.25, 3.875, 7.25408],
			"to": [11.75, 5.125, 8.74592],
			"rotation": {"angle": 0, "axis": "y", "origin": [8, 5.375, 8]},
			"faces": {
				"north": {"uv": [0, 0, 8, 5], "texture": "#3"},
				"east": {"uv": [0, 0, 8, 5], "texture": "#3"},
				"south": {"uv": [0, 0, 8, 5], "texture": "#3"},
				"west": {"uv": [0, 0, 8, 5], "texture": "#3"},
				"up": {"uv": [0, 0, 1, 1], "texture": "#3"},
				"down": {"uv": [0, 0, 1, 1], "texture": "#3"}
			}
		},
		{
			"name": "hexadecagon",
			"from": [4.25, 3.875, 7.25408],
			"to": [11.75, 5.125, 8.74592],
			"rotation": {"angle": 22.5, "axis": "y", "origin": [8, 5.375, 8]},
			"faces": {
				"north": {"uv": [0, 0, 8, 5], "texture": "#3"},
				"east": {"uv": [0, 0, 8, 5], "texture": "#3"},
				"south": {"uv": [0, 0, 8, 5], "texture": "#3"},
				"west": {"uv": [0, 0, 8, 5], "texture": "#3"},
				"up": {"uv": [0, 0, 1, 1], "texture": "#3"},
				"down": {"uv": [0, 0, 1, 1], "texture": "#3"}
			}
		},
		{
			"name": "hexadecagon",
			"from": [7.27894, 5.125, 4.375],
			"to": [8.72106, 6.25, 11.625],
			"rotation": {"angle": -45, "axis": "y", "origin": [8, 6.625, 8]},
			"faces": {
				"north": {"uv": [0, 0, 8, 5], "texture": "#3"},
				"east": {"uv": [0, 0, 8, 5], "texture": "#3"},
				"south": {"uv": [0, 0, 8, 5], "texture": "#3"},
				"west": {"uv": [0, 0, 8, 5], "texture": "#3"},
				"up": {"uv": [0, 0, 1, 1], "texture": "#3"},
				"down": {"uv": [0, 0, 1, 1], "texture": "#3"}
			}
		},
		{
			"name": "hexadecagon",
			"from": [7.27894, 5.125, 4.375],
			"to": [8.72106, 6.25, 11.625],
			"rotation": {"angle": -22.5, "axis": "y", "origin": [8, 6.625, 8]},
			"faces": {
				"north": {"uv": [0, 0, 8, 5], "texture": "#3"},
				"east": {"uv": [0, 0, 8, 5], "texture": "#3"},
				"south": {"uv": [0, 0, 8, 5], "texture": "#3"},
				"west": {"uv": [0, 0, 8, 5], "texture": "#3"},
				"up": {"uv": [0, 0, 1, 1], "texture": "#3"},
				"down": {"uv": [0, 0, 1, 1], "texture": "#3"}
			}
		},
		{
			"name": "hexadecagon",
			"from": [7.27894, 5.125, 4.375],
			"to": [8.72106, 6.25, 11.625],
			"rotation": {"angle": 0, "axis": "y", "origin": [8, 6.625, 8]},
			"faces": {
				"north": {"uv": [0, 0, 8, 5], "texture": "#3"},
				"east": {"uv": [0, 0, 8, 5], "texture": "#3"},
				"south": {"uv": [0, 0, 8, 5], "texture": "#3"},
				"west": {"uv": [0, 0, 8, 5], "texture": "#3"},
				"up": {"uv": [0, 0, 1, 1], "texture": "#3"},
				"down": {"uv": [0, 0, 1, 1], "texture": "#3"}
			}
		},
		{
			"name": "hexadecagon",
			"from": [7.27894, 5.125, 4.375],
			"to": [8.72106, 6.25, 11.625],
			"rotation": {"angle": 22.5, "axis": "y", "origin": [8, 6.625, 8]},
			"faces": {
				"north": {"uv": [0, 0, 8, 5], "texture": "#3"},
				"east": {"uv": [0, 0, 8, 5], "texture": "#3"},
				"south": {"uv": [0, 0, 8, 5], "texture": "#3"},
				"west": {"uv": [0, 0, 8, 5], "texture": "#3"},
				"up": {"uv": [0, 0, 1, 1], "texture": "#3"},
				"down": {"uv": [0, 0, 1, 1], "texture": "#3"}
			}
		},
		{
			"name": "hexadecagon",
			"from": [7.27894, 5.125, 4.375],
			"to": [8.72106, 6.25, 11.625],
			"rotation": {"angle": 45, "axis": "y", "origin": [8, 6.625, 8]},
			"faces": {
				"north": {"uv": [0, 0, 8, 5], "texture": "#3"},
				"east": {"uv": [0, 0, 8, 5], "texture": "#3"},
				"south": {"uv": [0, 0, 8, 5], "texture": "#3"},
				"west": {"uv": [0, 0, 8, 5], "texture": "#3"},
				"up": {"uv": [0, 0, 1, 1], "texture": "#3"},
				"down": {"uv": [0, 0, 1, 1], "texture": "#3"}
			}
		},
		{
			"name": "hexadecagon",
			"from": [4.375, 5.125, 7.27894],
			"to": [11.625, 6.25, 8.72106],
			"rotation": {"angle": -22.5, "axis": "y", "origin": [8, 6.625, 8]},
			"faces": {
				"north": {"uv": [0, 0, 8, 5], "texture": "#3"},
				"east": {"uv": [0, 0, 8, 5], "texture": "#3"},
				"south": {"uv": [0, 0, 8, 5], "texture": "#3"},
				"west": {"uv": [0, 0, 8, 5], "texture": "#3"},
				"up": {"uv": [0, 0, 1, 1], "texture": "#3"},
				"down": {"uv": [0, 0, 1, 1], "texture": "#3"}
			}
		},
		{
			"name": "hexadecagon",
			"from": [4.375, 5.125, 7.27894],
			"to": [11.625, 6.25, 8.72106],
			"rotation": {"angle": 0, "axis": "y", "origin": [8, 6.625, 8]},
			"faces": {
				"north": {"uv": [0, 0, 8, 5], "texture": "#3"},
				"east": {"uv": [0, 0, 8, 5], "texture": "#3"},
				"south": {"uv": [0, 0, 8, 5], "texture": "#3"},
				"west": {"uv": [0, 0, 8, 5], "texture": "#3"},
				"up": {"uv": [0, 0, 1, 1], "texture": "#3"},
				"down": {"uv": [0, 0, 1, 1], "texture": "#3"}
			}
		},
		{
			"name": "hexadecagon",
			"from": [4.375, 5.125, 7.27894],
			"to": [11.625, 6.25, 8.72106],
			"rotation": {"angle": 22.5, "axis": "y", "origin": [8, 6.625, 8]},
			"faces": {
				"north": {"uv": [0, 0, 8, 5], "texture": "#3"},
				"east": {"uv": [0, 0, 8, 5], "texture": "#3"},
				"south": {"uv": [0, 0, 8, 5], "texture": "#3"},
				"west": {"uv": [0, 0, 8, 5], "texture": "#3"},
				"up": {"uv": [0, 0, 1, 1], "texture": "#3"},
				"down": {"uv": [0, 0, 1, 1], "texture": "#3"}
			}
		},
		{
			"name": "hexadecagon",
			"from": [7.30381, 5.75, 4.5],
			"to": [8.69619, 6.875, 11.5],
			"rotation": {"angle": -45, "axis": "y", "origin": [8, 7.25, 8]},
			"faces": {
				"north": {"uv": [0, 0, 8, 5], "texture": "#3"},
				"east": {"uv": [0, 0, 8, 5], "texture": "#3"},
				"south": {"uv": [0, 0, 8, 5], "texture": "#3"},
				"west": {"uv": [0, 0, 8, 5], "texture": "#3"},
				"up": {"uv": [0, 0, 1, 1], "texture": "#3"},
				"down": {"uv": [0, 0, 1, 1], "texture": "#3"}
			}
		},
		{
			"name": "hexadecagon",
			"from": [7.30381, 5.75, 4.5],
			"to": [8.69619, 6.875, 11.5],
			"rotation": {"angle": -22.5, "axis": "y", "origin": [8, 7.25, 8]},
			"faces": {
				"north": {"uv": [0, 0, 8, 5], "texture": "#3"},
				"east": {"uv": [0, 0, 8, 5], "texture": "#3"},
				"south": {"uv": [0, 0, 8, 5], "texture": "#3"},
				"west": {"uv": [0, 0, 8, 5], "texture": "#3"},
				"up": {"uv": [0, 0, 1, 1], "texture": "#3"},
				"down": {"uv": [0, 0, 1, 1], "texture": "#3"}
			}
		},
		{
			"name": "hexadecagon",
			"from": [7.30381, 5.75, 4.5],
			"to": [8.69619, 6.875, 11.5],
			"rotation": {"angle": 0, "axis": "y", "origin": [8, 7.25, 8]},
			"faces": {
				"north": {"uv": [0, 0, 8, 5], "texture": "#3"},
				"east": {"uv": [0, 0, 8, 5], "texture": "#3"},
				"south": {"uv": [0, 0, 8, 5], "texture": "#3"},
				"west": {"uv": [0, 0, 8, 5], "texture": "#3"},
				"up": {"uv": [0, 0, 1, 1], "texture": "#3"},
				"down": {"uv": [0, 0, 1, 1], "texture": "#3"}
			}
		},
		{
			"name": "hexadecagon",
			"from": [7.30381, 5.75, 4.5],
			"to": [8.69619, 6.875, 11.5],
			"rotation": {"angle": 22.5, "axis": "y", "origin": [8, 7.25, 8]},
			"faces": {
				"north": {"uv": [0, 0, 8, 5], "texture": "#3"},
				"east": {"uv": [0, 0, 8, 5], "texture": "#3"},
				"south": {"uv": [0, 0, 8, 5], "texture": "#3"},
				"west": {"uv": [0, 0, 8, 5], "texture": "#3"},
				"up": {"uv": [0, 0, 1, 1], "texture": "#3"},
				"down": {"uv": [0, 0, 1, 1], "texture": "#3"}
			}
		},
		{
			"name": "hexadecagon",
			"from": [7.30381, 5.75, 4.5],
			"to": [8.69619, 6.875, 11.5],
			"rotation": {"angle": 45, "axis": "y", "origin": [8, 7.25, 8]},
			"faces": {
				"north": {"uv": [0, 0, 8, 5], "texture": "#3"},
				"east": {"uv": [0, 0, 8, 5], "texture": "#3"},
				"south": {"uv": [0, 0, 8, 5], "texture": "#3"},
				"west": {"uv": [0, 0, 8, 5], "texture": "#3"},
				"up": {"uv": [0, 0, 1, 1], "texture": "#3"},
				"down": {"uv": [0, 0, 1, 1], "texture": "#3"}
			}
		},
		{
			"name": "hexadecagon",
			"from": [4.5, 5.75, 7.30381],
			"to": [11.5, 6.875, 8.69619],
			"rotation": {"angle": -22.5, "axis": "y", "origin": [8, 7.25, 8]},
			"faces": {
				"north": {"uv": [0, 0, 8, 5], "texture": "#3"},
				"east": {"uv": [0, 0, 8, 5], "texture": "#3"},
				"south": {"uv": [0, 0, 8, 5], "texture": "#3"},
				"west": {"uv": [0, 0, 8, 5], "texture": "#3"},
				"up": {"uv": [0, 0, 1, 1], "texture": "#3"},
				"down": {"uv": [0, 0, 1, 1], "texture": "#3"}
			}
		},
		{
			"name": "hexadecagon",
			"from": [4.5, 5.75, 7.30381],
			"to": [11.5, 6.875, 8.69619],
			"rotation": {"angle": 0, "axis": "y", "origin": [8, 7.25, 8]},
			"faces": {
				"north": {"uv": [0, 0, 8, 5], "texture": "#3"},
				"east": {"uv": [0, 0, 8, 5], "texture": "#3"},
				"south": {"uv": [0, 0, 8, 5], "texture": "#3"},
				"west": {"uv": [0, 0, 8, 5], "texture": "#3"},
				"up": {"uv": [0, 0, 1, 1], "texture": "#3"},
				"down": {"uv": [0, 0, 1, 1], "texture": "#3"}
			}
		},
		{
			"name": "hexadecagon",
			"from": [4.5, 5.75, 7.30381],
			"to": [11.5, 6.875, 8.69619],
			"rotation": {"angle": 22.5, "axis": "y", "origin": [8, 7.25, 8]},
			"faces": {
				"north": {"uv": [0, 0, 8, 5], "texture": "#3"},
				"east": {"uv": [0, 0, 8, 5], "texture": "#3"},
				"south": {"uv": [0, 0, 8, 5], "texture": "#3"},
				"west": {"uv": [0, 0, 8, 5], "texture": "#3"},
				"up": {"uv": [0, 0, 1, 1], "texture": "#3"},
				"down": {"uv": [0, 0, 1, 1], "texture": "#3"}
			}
		},
		{
			"name": "hexadecagon",
			"from": [7.32867, 6.5, 4.625],
			"to": [8.67133, 7.75, 11.375],
			"rotation": {"angle": -45, "axis": "y", "origin": [8, 8, 8]},
			"faces": {
				"north": {"uv": [0, 0, 8, 5], "texture": "#3"},
				"east": {"uv": [0, 0, 8, 5], "texture": "#3"},
				"south": {"uv": [0, 0, 8, 5], "texture": "#3"},
				"west": {"uv": [0, 0, 8, 5], "texture": "#3"},
				"up": {"uv": [0, 0, 1, 1], "texture": "#3"},
				"down": {"uv": [0, 0, 1, 1], "texture": "#3"}
			}
		},
		{
			"name": "hexadecagon",
			"from": [7.32867, 6.5, 4.625],
			"to": [8.67133, 7.75, 11.375],
			"rotation": {"angle": -22.5, "axis": "y", "origin": [8, 8, 8]},
			"faces": {
				"north": {"uv": [0, 0, 8, 5], "texture": "#3"},
				"east": {"uv": [0, 0, 8, 5], "texture": "#3"},
				"south": {"uv": [0, 0, 8, 5], "texture": "#3"},
				"west": {"uv": [0, 0, 8, 5], "texture": "#3"},
				"up": {"uv": [0, 0, 1, 1], "texture": "#3"},
				"down": {"uv": [0, 0, 1, 1], "texture": "#3"}
			}
		},
		{
			"name": "hexadecagon",
			"from": [7.32867, 6.5, 4.625],
			"to": [8.67133, 7.75, 11.375],
			"faces": {
				"north": {"uv": [0, 0, 8, 5], "texture": "#3"},
				"east": {"uv": [0, 0, 8, 5], "texture": "#3"},
				"south": {"uv": [0, 0, 8, 5], "texture": "#3"},
				"west": {"uv": [0, 0, 8, 5], "texture": "#3"},
				"up": {"uv": [0, 0, 1, 1], "texture": "#3"},
				"down": {"uv": [0, 0, 1, 1], "texture": "#3"}
			}
		},
		{
			"name": "hexadecagon",
			"from": [7.32867, 6.5, 4.625],
			"to": [8.67133, 7.75, 11.375],
			"rotation": {"angle": 22.5, "axis": "y", "origin": [8, 8, 8]},
			"faces": {
				"north": {"uv": [0, 0, 8, 5], "texture": "#3"},
				"east": {"uv": [0, 0, 8, 5], "texture": "#3"},
				"south": {"uv": [0, 0, 8, 5], "texture": "#3"},
				"west": {"uv": [0, 0, 8, 5], "texture": "#3"},
				"up": {"uv": [0, 0, 1, 1], "texture": "#3"},
				"down": {"uv": [0, 0, 1, 1], "texture": "#3"}
			}
		},
		{
			"name": "hexadecagon",
			"from": [7.32867, 6.5, 4.625],
			"to": [8.67133, 7.75, 11.375],
			"rotation": {"angle": 45, "axis": "y", "origin": [8, 8, 8]},
			"faces": {
				"north": {"uv": [0, 0, 8, 5], "texture": "#3"},
				"east": {"uv": [0, 0, 8, 5], "texture": "#3"},
				"south": {"uv": [0, 0, 8, 5], "texture": "#3"},
				"west": {"uv": [0, 0, 8, 5], "texture": "#3"},
				"up": {"uv": [0, 0, 1, 1], "texture": "#3"},
				"down": {"uv": [0, 0, 1, 1], "texture": "#3"}
			}
		},
		{
			"name": "hexadecagon",
			"from": [4.625, 6.5, 7.32867],
			"to": [11.375, 7.75, 8.67133],
			"rotation": {"angle": -22.5, "axis": "y", "origin": [8, 8, 8]},
			"faces": {
				"north": {"uv": [0, 0, 8, 5], "texture": "#3"},
				"east": {"uv": [0, 0, 8, 5], "texture": "#3"},
				"south": {"uv": [0, 0, 8, 5], "texture": "#3"},
				"west": {"uv": [0, 0, 8, 5], "texture": "#3"},
				"up": {"uv": [0, 0, 1, 1], "texture": "#3"},
				"down": {"uv": [0, 0, 1, 1], "texture": "#3"}
			}
		},
		{
			"name": "hexadecagon",
			"from": [4.625, 6.5, 7.32867],
			"to": [11.375, 7.75, 8.67133],
			"faces": {
				"north": {"uv": [0, 0, 8, 5], "texture": "#3"},
				"east": {"uv": [0, 0, 8, 5], "texture": "#3"},
				"south": {"uv": [0, 0, 8, 5], "texture": "#3"},
				"west": {"uv": [0, 0, 8, 5], "texture": "#3"},
				"up": {"uv": [0, 0, 1, 1], "texture": "#3"},
				"down": {"uv": [0, 0, 1, 1], "texture": "#3"}
			}
		},
		{
			"name": "hexadecagon",
			"from": [4.625, 6.5, 7.32867],
			"to": [11.375, 7.75, 8.67133],
			"rotation": {"angle": 22.5, "axis": "y", "origin": [8, 8, 8]},
			"faces": {
				"north": {"uv": [0, 0, 8, 5], "texture": "#3"},
				"east": {"uv": [0, 0, 8, 5], "texture": "#3"},
				"south": {"uv": [0, 0, 8, 5], "texture": "#3"},
				"west": {"uv": [0, 0, 8, 5], "texture": "#3"},
				"up": {"uv": [0, 0, 1, 1], "texture": "#3"},
				"down": {"uv": [0, 0, 1, 1], "texture": "#3"}
			}
		},
		{
			"name": "hexadecagon",
			"from": [7.35353, 7.125, 4.75],
			"to": [8.64647, 8.375, 11.25],
			"rotation": {"angle": -45, "axis": "y", "origin": [8, 8.625, 8]},
			"faces": {
				"north": {"uv": [0, 0, 8, 5], "texture": "#3"},
				"east": {"uv": [0, 0, 8, 5], "texture": "#3"},
				"south": {"uv": [0, 0, 8, 5], "texture": "#3"},
				"west": {"uv": [0, 0, 8, 5], "texture": "#3"},
				"up": {"uv": [0, 0, 1, 1], "texture": "#3"},
				"down": {"uv": [0, 0, 1, 1], "texture": "#3"}
			}
		},
		{
			"name": "hexadecagon",
			"from": [7.35353, 7.125, 4.75],
			"to": [8.64647, 8.375, 11.25],
			"rotation": {"angle": -22.5, "axis": "y", "origin": [8, 8.625, 8]},
			"faces": {
				"north": {"uv": [0, 0, 8, 5], "texture": "#3"},
				"east": {"uv": [0, 0, 8, 5], "texture": "#3"},
				"south": {"uv": [0, 0, 8, 5], "texture": "#3"},
				"west": {"uv": [0, 0, 8, 5], "texture": "#3"},
				"up": {"uv": [0, 0, 1, 1], "texture": "#3"},
				"down": {"uv": [0, 0, 1, 1], "texture": "#3"}
			}
		},
		{
			"name": "hexadecagon",
			"from": [7.35353, 7.125, 4.75],
			"to": [8.64647, 8.375, 11.25],
			"rotation": {"angle": 0, "axis": "y", "origin": [8, 8.625, 8]},
			"faces": {
				"north": {"uv": [0, 0, 8, 5], "texture": "#3"},
				"east": {"uv": [0, 0, 8, 5], "texture": "#3"},
				"south": {"uv": [0, 0, 8, 5], "texture": "#3"},
				"west": {"uv": [0, 0, 8, 5], "texture": "#3"},
				"up": {"uv": [0, 0, 1, 1], "texture": "#3"},
				"down": {"uv": [0, 0, 1, 1], "texture": "#3"}
			}
		},
		{
			"name": "hexadecagon",
			"from": [7.35353, 7.125, 4.75],
			"to": [8.64647, 8.375, 11.25],
			"rotation": {"angle": 22.5, "axis": "y", "origin": [8, 8.625, 8]},
			"faces": {
				"north": {"uv": [0, 0, 8, 5], "texture": "#3"},
				"east": {"uv": [0, 0, 8, 5], "texture": "#3"},
				"south": {"uv": [0, 0, 8, 5], "texture": "#3"},
				"west": {"uv": [0, 0, 8, 5], "texture": "#3"},
				"up": {"uv": [0, 0, 1, 1], "texture": "#3"},
				"down": {"uv": [0, 0, 1, 1], "texture": "#3"}
			}
		},
		{
			"name": "hexadecagon",
			"from": [7.35353, 7.125, 4.75],
			"to": [8.64647, 8.375, 11.25],
			"rotation": {"angle": 45, "axis": "y", "origin": [8, 8.625, 8]},
			"faces": {
				"north": {"uv": [0, 0, 8, 5], "texture": "#3"},
				"east": {"uv": [0, 0, 8, 5], "texture": "#3"},
				"south": {"uv": [0, 0, 8, 5], "texture": "#3"},
				"west": {"uv": [0, 0, 8, 5], "texture": "#3"},
				"up": {"uv": [0, 0, 1, 1], "texture": "#3"},
				"down": {"uv": [0, 0, 1, 1], "texture": "#3"}
			}
		},
		{
			"name": "hexadecagon",
			"from": [4.75, 7.125, 7.35353],
			"to": [11.25, 8.375, 8.64647],
			"rotation": {"angle": -22.5, "axis": "y", "origin": [8, 8.625, 8]},
			"faces": {
				"north": {"uv": [0, 0, 8, 5], "texture": "#3"},
				"east": {"uv": [0, 0, 8, 5], "texture": "#3"},
				"south": {"uv": [0, 0, 8, 5], "texture": "#3"},
				"west": {"uv": [0, 0, 8, 5], "texture": "#3"},
				"up": {"uv": [0, 0, 1, 1], "texture": "#3"},
				"down": {"uv": [0, 0, 1, 1], "texture": "#3"}
			}
		},
		{
			"name": "hexadecagon",
			"from": [4.75, 7.125, 7.35353],
			"to": [11.25, 8.375, 8.64647],
			"rotation": {"angle": 0, "axis": "y", "origin": [8, 8.625, 8]},
			"faces": {
				"north": {"uv": [0, 0, 8, 5], "texture": "#3"},
				"east": {"uv": [0, 0, 8, 5], "texture": "#3"},
				"south": {"uv": [0, 0, 8, 5], "texture": "#3"},
				"west": {"uv": [0, 0, 8, 5], "texture": "#3"},
				"up": {"uv": [0, 0, 1, 1], "texture": "#3"},
				"down": {"uv": [0, 0, 1, 1], "texture": "#3"}
			}
		},
		{
			"name": "hexadecagon",
			"from": [4.75, 7.125, 7.35353],
			"to": [11.25, 8.375, 8.64647],
			"rotation": {"angle": 22.5, "axis": "y", "origin": [8, 8.625, 8]},
			"faces": {
				"north": {"uv": [0, 0, 8, 5], "texture": "#3"},
				"east": {"uv": [0, 0, 8, 5], "texture": "#3"},
				"south": {"uv": [0, 0, 8, 5], "texture": "#3"},
				"west": {"uv": [0, 0, 8, 5], "texture": "#3"},
				"up": {"uv": [0, 0, 1, 1], "texture": "#3"},
				"down": {"uv": [0, 0, 1, 1], "texture": "#3"}
			}
		},
		{
			"name": "hexadecagon",
			"from": [7.3784, 8, 4.875],
			"to": [8.6216, 9.375, 11.125],
			"rotation": {"angle": -45, "axis": "y", "origin": [8, 9.5, 8]},
			"faces": {
				"north": {"uv": [0, 0, 8, 5], "texture": "#3"},
				"east": {"uv": [0, 0, 8, 5], "texture": "#3"},
				"south": {"uv": [0, 0, 8, 5], "texture": "#3"},
				"west": {"uv": [0, 0, 8, 5], "texture": "#3"},
				"up": {"uv": [0, 0, 1, 1], "texture": "#3"},
				"down": {"uv": [0, 0, 1, 1], "texture": "#3"}
			}
		},
		{
			"name": "hexadecagon",
			"from": [7.3784, 8, 4.875],
			"to": [8.6216, 9.375, 11.125],
			"rotation": {"angle": -22.5, "axis": "y", "origin": [8, 9.5, 8]},
			"faces": {
				"north": {"uv": [0, 0, 8, 5], "texture": "#3"},
				"east": {"uv": [0, 0, 8, 5], "texture": "#3"},
				"south": {"uv": [0, 0, 8, 5], "texture": "#3"},
				"west": {"uv": [0, 0, 8, 5], "texture": "#3"},
				"up": {"uv": [0, 0, 1, 1], "texture": "#3"},
				"down": {"uv": [0, 0, 1, 1], "texture": "#3"}
			}
		},
		{
			"name": "hexadecagon",
			"from": [7.3784, 8, 4.875],
			"to": [8.6216, 9.375, 11.125],
			"rotation": {"angle": 0, "axis": "y", "origin": [8, 9.5, 8]},
			"faces": {
				"north": {"uv": [0, 0, 8, 5], "texture": "#3"},
				"east": {"uv": [0, 0, 8, 5], "texture": "#3"},
				"south": {"uv": [0, 0, 8, 5], "texture": "#3"},
				"west": {"uv": [0, 0, 8, 5], "texture": "#3"},
				"up": {"uv": [0, 0, 1, 1], "texture": "#3"},
				"down": {"uv": [0, 0, 1, 1], "texture": "#3"}
			}
		},
		{
			"name": "hexadecagon",
			"from": [7.3784, 8, 4.875],
			"to": [8.6216, 9.375, 11.125],
			"rotation": {"angle": 22.5, "axis": "y", "origin": [8, 9.5, 8]},
			"faces": {
				"north": {"uv": [0, 0, 8, 5], "texture": "#3"},
				"east": {"uv": [0, 0, 8, 5], "texture": "#3"},
				"south": {"uv": [0, 0, 8, 5], "texture": "#3"},
				"west": {"uv": [0, 0, 8, 5], "texture": "#3"},
				"up": {"uv": [0, 0, 1, 1], "texture": "#3"},
				"down": {"uv": [0, 0, 1, 1], "texture": "#3"}
			}
		},
		{
			"name": "hexadecagon",
			"from": [7.3784, 8, 4.875],
			"to": [8.6216, 9.375, 11.125],
			"rotation": {"angle": 45, "axis": "y", "origin": [8, 9.5, 8]},
			"faces": {
				"north": {"uv": [0, 0, 8, 5], "texture": "#3"},
				"east": {"uv": [0, 0, 8, 5], "texture": "#3"},
				"south": {"uv": [0, 0, 8, 5], "texture": "#3"},
				"west": {"uv": [0, 0, 8, 5], "texture": "#3"},
				"up": {"uv": [0, 0, 1, 1], "texture": "#3"},
				"down": {"uv": [0, 0, 1, 1], "texture": "#3"}
			}
		},
		{
			"name": "hexadecagon",
			"from": [4.875, 8, 7.3784],
			"to": [11.125, 9.375, 8.6216],
			"rotation": {"angle": -22.5, "axis": "y", "origin": [8, 9.5, 8]},
			"faces": {
				"north": {"uv": [0, 0, 8, 5], "texture": "#3"},
				"east": {"uv": [0, 0, 8, 5], "texture": "#3"},
				"south": {"uv": [0, 0, 8, 5], "texture": "#3"},
				"west": {"uv": [0, 0, 8, 5], "texture": "#3"},
				"up": {"uv": [0, 0, 1, 1], "texture": "#3"},
				"down": {"uv": [0, 0, 1, 1], "texture": "#3"}
			}
		},
		{
			"name": "hexadecagon",
			"from": [4.875, 8, 7.3784],
			"to": [11.125, 9.375, 8.6216],
			"rotation": {"angle": 0, "axis": "y", "origin": [8, 9.5, 8]},
			"faces": {
				"north": {"uv": [0, 0, 8, 5], "texture": "#3"},
				"east": {"uv": [0, 0, 8, 5], "texture": "#3"},
				"south": {"uv": [0, 0, 8, 5], "texture": "#3"},
				"west": {"uv": [0, 0, 8, 5], "texture": "#3"},
				"up": {"uv": [0, 0, 1, 1], "texture": "#3"},
				"down": {"uv": [0, 0, 1, 1], "texture": "#3"}
			}
		},
		{
			"name": "hexadecagon",
			"from": [4.875, 8, 7.3784],
			"to": [11.125, 9.375, 8.6216],
			"rotation": {"angle": 22.5, "axis": "y", "origin": [8, 9.5, 8]},
			"faces": {
				"north": {"uv": [0, 0, 8, 5], "texture": "#3"},
				"east": {"uv": [0, 0, 8, 5], "texture": "#3"},
				"south": {"uv": [0, 0, 8, 5], "texture": "#3"},
				"west": {"uv": [0, 0, 8, 5], "texture": "#3"},
				"up": {"uv": [0, 0, 1, 1], "texture": "#3"},
				"down": {"uv": [0, 0, 1, 1], "texture": "#3"}
			}
		},
		{
			"name": "hexadecagon",
			"from": [7.40326, 8.5625, 5],
			"to": [8.59674, 9.9375, 11],
			"rotation": {"angle": -45, "axis": "y", "origin": [8, 9.25, 8]},
			"faces": {
				"north": {"uv": [0, 0, 8, 5], "texture": "#3"},
				"east": {"uv": [0, 0, 8, 5], "texture": "#3"},
				"south": {"uv": [0, 0, 8, 5], "texture": "#3"},
				"west": {"uv": [0, 0, 8, 5], "texture": "#3"},
				"up": {"uv": [0, 0, 1, 1], "texture": "#3"},
				"down": {"uv": [0, 0, 1, 1], "texture": "#3"}
			}
		},
		{
			"name": "hexadecagon",
			"from": [7.40326, 8.5625, 5],
			"to": [8.59674, 9.9375, 11],
			"rotation": {"angle": -22.5, "axis": "y", "origin": [8, 9.25, 8]},
			"faces": {
				"north": {"uv": [0, 0, 8, 5], "texture": "#3"},
				"east": {"uv": [0, 0, 8, 5], "texture": "#3"},
				"south": {"uv": [0, 0, 8, 5], "texture": "#3"},
				"west": {"uv": [0, 0, 8, 5], "texture": "#3"},
				"up": {"uv": [0, 0, 1, 1], "texture": "#3"},
				"down": {"uv": [0, 0, 1, 1], "texture": "#3"}
			}
		},
		{
			"name": "hexadecagon",
			"from": [7.40326, 8.5625, 5],
			"to": [8.59674, 9.9375, 11],
			"rotation": {"angle": 0, "axis": "y", "origin": [8, 9.25, 8]},
			"faces": {
				"north": {"uv": [0, 0, 8, 5], "texture": "#3"},
				"east": {"uv": [0, 0, 8, 5], "texture": "#3"},
				"south": {"uv": [0, 0, 8, 5], "texture": "#3"},
				"west": {"uv": [0, 0, 8, 5], "texture": "#3"},
				"up": {"uv": [0, 0, 1, 1], "texture": "#3"},
				"down": {"uv": [0, 0, 1, 1], "texture": "#3"}
			}
		},
		{
			"name": "hexadecagon",
			"from": [7.40326, 8.5625, 5],
			"to": [8.59674, 9.9375, 11],
			"rotation": {"angle": 22.5, "axis": "y", "origin": [8, 9.25, 8]},
			"faces": {
				"north": {"uv": [0, 0, 8, 5], "texture": "#3"},
				"east": {"uv": [0, 0, 8, 5], "texture": "#3"},
				"south": {"uv": [0, 0, 8, 5], "texture": "#3"},
				"west": {"uv": [0, 0, 8, 5], "texture": "#3"},
				"up": {"uv": [0, 0, 1, 1], "texture": "#3"},
				"down": {"uv": [0, 0, 1, 1], "texture": "#3"}
			}
		},
		{
			"name": "hexadecagon",
			"from": [7.40326, 8.5625, 5],
			"to": [8.59674, 9.9375, 11],
			"rotation": {"angle": 45, "axis": "y", "origin": [8, 9.25, 8]},
			"faces": {
				"north": {"uv": [0, 0, 8, 5], "texture": "#3"},
				"east": {"uv": [0, 0, 8, 5], "texture": "#3"},
				"south": {"uv": [0, 0, 8, 5], "texture": "#3"},
				"west": {"uv": [0, 0, 8, 5], "texture": "#3"},
				"up": {"uv": [0, 0, 1, 1], "texture": "#3"},
				"down": {"uv": [0, 0, 1, 1], "texture": "#3"}
			}
		},
		{
			"name": "hexadecagon",
			"from": [5, 8.5625, 7.40326],
			"to": [11, 9.9375, 8.59674],
			"rotation": {"angle": -22.5, "axis": "y", "origin": [8, 9.25, 8]},
			"faces": {
				"north": {"uv": [0, 0, 8, 5], "texture": "#3"},
				"east": {"uv": [0, 0, 8, 5], "texture": "#3"},
				"south": {"uv": [0, 0, 8, 5], "texture": "#3"},
				"west": {"uv": [0, 0, 8, 5], "texture": "#3"},
				"up": {"uv": [0, 0, 1, 1], "texture": "#3"},
				"down": {"uv": [0, 0, 1, 1], "texture": "#3"}
			}
		},
		{
			"name": "hexadecagon",
			"from": [5, 8.5625, 7.40326],
			"to": [11, 9.9375, 8.59674],
			"rotation": {"angle": 0, "axis": "y", "origin": [8, 9.25, 8]},
			"faces": {
				"north": {"uv": [0, 0, 8, 5], "texture": "#3"},
				"east": {"uv": [0, 0, 8, 5], "texture": "#3"},
				"south": {"uv": [0, 0, 8, 5], "texture": "#3"},
				"west": {"uv": [0, 0, 8, 5], "texture": "#3"},
				"up": {"uv": [0, 0, 1, 1], "texture": "#3"},
				"down": {"uv": [0, 0, 1, 1], "texture": "#3"}
			}
		},
		{
			"name": "hexadecagon",
			"from": [5, 8.5625, 7.40326],
			"to": [11, 9.9375, 8.59674],
			"rotation": {"angle": 22.5, "axis": "y", "origin": [8, 9.25, 8]},
			"faces": {
				"north": {"uv": [0, 0, 8, 5], "texture": "#3"},
				"east": {"uv": [0, 0, 8, 5], "texture": "#3"},
				"south": {"uv": [0, 0, 8, 5], "texture": "#3"},
				"west": {"uv": [0, 0, 8, 5], "texture": "#3"},
				"up": {"uv": [0, 0, 1, 1], "texture": "#3"},
				"down": {"uv": [0, 0, 1, 1], "texture": "#3"}
			}
		},
		{
			"name": "hexadecagon",
			"from": [7.42813, 9.5625, 5.125],
			"to": [8.57187, 10.9375, 10.875],
			"rotation": {"angle": -45, "axis": "y", "origin": [8, 10.25, 8]},
			"faces": {
				"north": {"uv": [0, 0, 8, 5], "texture": "#3"},
				"east": {"uv": [0, 0, 8, 5], "texture": "#3"},
				"south": {"uv": [0, 0, 8, 5], "texture": "#3"},
				"west": {"uv": [0, 0, 8, 5], "texture": "#3"},
				"up": {"uv": [0, 0, 1, 1], "texture": "#3"},
				"down": {"uv": [0, 0, 1, 1], "texture": "#3"}
			}
		},
		{
			"name": "hexadecagon",
			"from": [7.42813, 9.5625, 5.125],
			"to": [8.57187, 10.9375, 10.875],
			"rotation": {"angle": -22.5, "axis": "y", "origin": [8, 10.25, 8]},
			"faces": {
				"north": {"uv": [0, 0, 8, 5], "texture": "#3"},
				"east": {"uv": [0, 0, 8, 5], "texture": "#3"},
				"south": {"uv": [0, 0, 8, 5], "texture": "#3"},
				"west": {"uv": [0, 0, 8, 5], "texture": "#3"},
				"up": {"uv": [0, 0, 1, 1], "texture": "#3"},
				"down": {"uv": [0, 0, 1, 1], "texture": "#3"}
			}
		},
		{
			"name": "hexadecagon",
			"from": [7.42813, 9.5625, 5.125],
			"to": [8.57187, 10.9375, 10.875],
			"rotation": {"angle": 0, "axis": "y", "origin": [8, 10.25, 8]},
			"faces": {
				"north": {"uv": [0, 0, 8, 5], "texture": "#3"},
				"east": {"uv": [0, 0, 8, 5], "texture": "#3"},
				"south": {"uv": [0, 0, 8, 5], "texture": "#3"},
				"west": {"uv": [0, 0, 8, 5], "texture": "#3"},
				"up": {"uv": [0, 0, 1, 1], "texture": "#3"},
				"down": {"uv": [0, 0, 1, 1], "texture": "#3"}
			}
		},
		{
			"name": "hexadecagon",
			"from": [7.42813, 9.5625, 5.125],
			"to": [8.57187, 10.9375, 10.875],
			"rotation": {"angle": 22.5, "axis": "y", "origin": [8, 10.25, 8]},
			"faces": {
				"north": {"uv": [0, 0, 8, 5], "texture": "#3"},
				"east": {"uv": [0, 0, 8, 5], "texture": "#3"},
				"south": {"uv": [0, 0, 8, 5], "texture": "#3"},
				"west": {"uv": [0, 0, 8, 5], "texture": "#3"},
				"up": {"uv": [0, 0, 1, 1], "texture": "#3"},
				"down": {"uv": [0, 0, 1, 1], "texture": "#3"}
			}
		},
		{
			"name": "hexadecagon",
			"from": [7.42813, 9.5625, 5.125],
			"to": [8.57187, 10.9375, 10.875],
			"rotation": {"angle": 45, "axis": "y", "origin": [8, 10.25, 8]},
			"faces": {
				"north": {"uv": [0, 0, 8, 5], "texture": "#3"},
				"east": {"uv": [0, 0, 8, 5], "texture": "#3"},
				"south": {"uv": [0, 0, 8, 5], "texture": "#3"},
				"west": {"uv": [0, 0, 8, 5], "texture": "#3"},
				"up": {"uv": [0, 0, 1, 1], "texture": "#3"},
				"down": {"uv": [0, 0, 1, 1], "texture": "#3"}
			}
		},
		{
			"name": "hexadecagon",
			"from": [5.125, 9.5625, 7.42813],
			"to": [10.875, 10.9375, 8.57187],
			"rotation": {"angle": -22.5, "axis": "y", "origin": [8, 10.25, 8]},
			"faces": {
				"north": {"uv": [0, 0, 8, 5], "texture": "#3"},
				"east": {"uv": [0, 0, 8, 5], "texture": "#3"},
				"south": {"uv": [0, 0, 8, 5], "texture": "#3"},
				"west": {"uv": [0, 0, 8, 5], "texture": "#3"},
				"up": {"uv": [0, 0, 1, 1], "texture": "#3"},
				"down": {"uv": [0, 0, 1, 1], "texture": "#3"}
			}
		},
		{
			"name": "hexadecagon",
			"from": [5.125, 9.5625, 7.42813],
			"to": [10.875, 10.9375, 8.57187],
			"rotation": {"angle": 0, "axis": "y", "origin": [8, 10.25, 8]},
			"faces": {
				"north": {"uv": [0, 0, 8, 5], "texture": "#3"},
				"east": {"uv": [0, 0, 8, 5], "texture": "#3"},
				"south": {"uv": [0, 0, 8, 5], "texture": "#3"},
				"west": {"uv": [0, 0, 8, 5], "texture": "#3"},
				"up": {"uv": [0, 0, 1, 1], "texture": "#3"},
				"down": {"uv": [0, 0, 1, 1], "texture": "#3"}
			}
		},
		{
			"name": "hexadecagon",
			"from": [5.125, 9.5625, 7.42813],
			"to": [10.875, 10.9375, 8.57187],
			"rotation": {"angle": 22.5, "axis": "y", "origin": [8, 10.25, 8]},
			"faces": {
				"north": {"uv": [0, 0, 8, 5], "texture": "#3"},
				"east": {"uv": [0, 0, 8, 5], "texture": "#3"},
				"south": {"uv": [0, 0, 8, 5], "texture": "#3"},
				"west": {"uv": [0, 0, 8, 5], "texture": "#3"},
				"up": {"uv": [0, 0, 1, 1], "texture": "#3"},
				"down": {"uv": [0, 0, 1, 1], "texture": "#3"}
			}
		},
		{
			"name": "hexadecagon",
			"from": [7.45299, 10.3125, 5.25],
			"to": [8.54701, 11.6875, 10.75],
			"rotation": {"angle": -45, "axis": "y", "origin": [8, 11, 8]},
			"faces": {
				"north": {"uv": [0, 0, 8, 5], "texture": "#3"},
				"east": {"uv": [0, 0, 8, 5], "texture": "#3"},
				"south": {"uv": [0, 0, 8, 5], "texture": "#3"},
				"west": {"uv": [0, 0, 8, 5], "texture": "#3"},
				"up": {"uv": [0, 0, 1, 1], "texture": "#3"},
				"down": {"uv": [0, 0, 1, 1], "texture": "#3"}
			}
		},
		{
			"name": "hexadecagon",
			"from": [7.45299, 10.3125, 5.25],
			"to": [8.54701, 11.6875, 10.75],
			"rotation": {"angle": -22.5, "axis": "y", "origin": [8, 11, 8]},
			"faces": {
				"north": {"uv": [0, 0, 8, 5], "texture": "#3"},
				"east": {"uv": [0, 0, 8, 5], "texture": "#3"},
				"south": {"uv": [0, 0, 8, 5], "texture": "#3"},
				"west": {"uv": [0, 0, 8, 5], "texture": "#3"},
				"up": {"uv": [0, 0, 1, 1], "texture": "#3"},
				"down": {"uv": [0, 0, 1, 1], "texture": "#3"}
			}
		},
		{
			"name": "hexadecagon",
			"from": [7.45299, 10.3125, 5.25],
			"to": [8.54701, 11.6875, 10.75],
			"rotation": {"angle": 0, "axis": "y", "origin": [8, 11, 8]},
			"faces": {
				"north": {"uv": [0, 0, 8, 5], "texture": "#3"},
				"east": {"uv": [0, 0, 8, 5], "texture": "#3"},
				"south": {"uv": [0, 0, 8, 5], "texture": "#3"},
				"west": {"uv": [0, 0, 8, 5], "texture": "#3"},
				"up": {"uv": [0, 0, 1, 1], "texture": "#3"},
				"down": {"uv": [0, 0, 1, 1], "texture": "#3"}
			}
		},
		{
			"name": "hexadecagon",
			"from": [7.45299, 10.3125, 5.25],
			"to": [8.54701, 11.6875, 10.75],
			"rotation": {"angle": 22.5, "axis": "y", "origin": [8, 11, 8]},
			"faces": {
				"north": {"uv": [0, 0, 8, 5], "texture": "#3"},
				"east": {"uv": [0, 0, 8, 5], "texture": "#3"},
				"south": {"uv": [0, 0, 8, 5], "texture": "#3"},
				"west": {"uv": [0, 0, 8, 5], "texture": "#3"},
				"up": {"uv": [0, 0, 1, 1], "texture": "#3"},
				"down": {"uv": [0, 0, 1, 1], "texture": "#3"}
			}
		},
		{
			"name": "hexadecagon",
			"from": [7.45299, 10.3125, 5.25],
			"to": [8.54701, 11.6875, 10.75],
			"rotation": {"angle": 45, "axis": "y", "origin": [8, 11, 8]},
			"faces": {
				"north": {"uv": [0, 0, 8, 5], "texture": "#3"},
				"east": {"uv": [0, 0, 8, 5], "texture": "#3"},
				"south": {"uv": [0, 0, 8, 5], "texture": "#3"},
				"west": {"uv": [0, 0, 8, 5], "texture": "#3"},
				"up": {"uv": [0, 0, 1, 1], "texture": "#3"},
				"down": {"uv": [0, 0, 1, 1], "texture": "#3"}
			}
		},
		{
			"name": "hexadecagon",
			"from": [5.25, 10.3125, 7.45299],
			"to": [10.75, 11.6875, 8.54701],
			"rotation": {"angle": -22.5, "axis": "y", "origin": [8, 11, 8]},
			"faces": {
				"north": {"uv": [0, 0, 8, 5], "texture": "#3"},
				"east": {"uv": [0, 0, 8, 5], "texture": "#3"},
				"south": {"uv": [0, 0, 8, 5], "texture": "#3"},
				"west": {"uv": [0, 0, 8, 5], "texture": "#3"},
				"up": {"uv": [0, 0, 1, 1], "texture": "#3"},
				"down": {"uv": [0, 0, 1, 1], "texture": "#3"}
			}
		},
		{
			"name": "hexadecagon",
			"from": [5.25, 10.3125, 7.45299],
			"to": [10.75, 11.6875, 8.54701],
			"rotation": {"angle": 0, "axis": "y", "origin": [8, 11, 8]},
			"faces": {
				"north": {"uv": [0, 0, 8, 5], "texture": "#3"},
				"east": {"uv": [0, 0, 8, 5], "texture": "#3"},
				"south": {"uv": [0, 0, 8, 5], "texture": "#3"},
				"west": {"uv": [0, 0, 8, 5], "texture": "#3"},
				"up": {"uv": [0, 0, 1, 1], "texture": "#3"},
				"down": {"uv": [0, 0, 1, 1], "texture": "#3"}
			}
		},
		{
			"name": "hexadecagon",
			"from": [5.25, 10.3125, 7.45299],
			"to": [10.75, 11.6875, 8.54701],
			"rotation": {"angle": 22.5, "axis": "y", "origin": [8, 11, 8]},
			"faces": {
				"north": {"uv": [0, 0, 8, 5], "texture": "#3"},
				"east": {"uv": [0, 0, 8, 5], "texture": "#3"},
				"south": {"uv": [0, 0, 8, 5], "texture": "#3"},
				"west": {"uv": [0, 0, 8, 5], "texture": "#3"},
				"up": {"uv": [0, 0, 1, 1], "texture": "#3"},
				"down": {"uv": [0, 0, 1, 1], "texture": "#3"}
			}
		},
		{
			"name": "hexadecagon",
			"from": [7.80109, 14.1875, 7],
			"to": [8.19891, 15.5625, 9],
			"rotation": {"angle": -45, "axis": "y", "origin": [8, 14.875, 8]},
			"faces": {
				"north": {"uv": [0, 0, 8, 5], "texture": "#3"},
				"east": {"uv": [0, 0, 8, 5], "texture": "#3"},
				"south": {"uv": [0, 0, 8, 5], "texture": "#3"},
				"west": {"uv": [0, 0, 8, 5], "texture": "#3"},
				"up": {"uv": [0, 0, 1, 1], "texture": "#3"},
				"down": {"uv": [0, 0, 1, 1], "texture": "#3"}
			}
		},
		{
			"name": "hexadecagon",
			"from": [7.80109, 14.1875, 7],
			"to": [8.19891, 15.5625, 9],
			"rotation": {"angle": -22.5, "axis": "y", "origin": [8, 14.875, 8]},
			"faces": {
				"north": {"uv": [0, 0, 8, 5], "texture": "#3"},
				"east": {"uv": [0, 0, 8, 5], "texture": "#3"},
				"south": {"uv": [0, 0, 8, 5], "texture": "#3"},
				"west": {"uv": [0, 0, 8, 5], "texture": "#3"},
				"up": {"uv": [0, 0, 1, 1], "texture": "#3"},
				"down": {"uv": [0, 0, 1, 1], "texture": "#3"}
			}
		},
		{
			"name": "hexadecagon",
			"from": [7.80109, 14.1875, 7],
			"to": [8.19891, 15.5625, 9],
			"rotation": {"angle": 0, "axis": "y", "origin": [8, 14.875, 8]},
			"faces": {
				"north": {"uv": [0, 0, 8, 5], "texture": "#3"},
				"east": {"uv": [0, 0, 8, 5], "texture": "#3"},
				"south": {"uv": [0, 0, 8, 5], "texture": "#3"},
				"west": {"uv": [0, 0, 8, 5], "texture": "#3"},
				"up": {"uv": [0, 0, 1, 1], "texture": "#3"},
				"down": {"uv": [0, 0, 1, 1], "texture": "#3"}
			}
		},
		{
			"name": "hexadecagon",
			"from": [7.80109, 14.1875, 7],
			"to": [8.19891, 15.5625, 9],
			"rotation": {"angle": 22.5, "axis": "y", "origin": [8, 14.875, 8]},
			"faces": {
				"north": {"uv": [0, 0, 8, 5], "texture": "#3"},
				"east": {"uv": [0, 0, 8, 5], "texture": "#3"},
				"south": {"uv": [0, 0, 8, 5], "texture": "#3"},
				"west": {"uv": [0, 0, 8, 5], "texture": "#3"},
				"up": {"uv": [0, 0, 1, 1], "texture": "#3"},
				"down": {"uv": [0, 0, 1, 1], "texture": "#3"}
			}
		},
		{
			"name": "hexadecagon",
			"from": [7.80109, 14.1875, 7],
			"to": [8.19891, 15.5625, 9],
			"rotation": {"angle": 45, "axis": "y", "origin": [8, 14.875, 8]},
			"faces": {
				"north": {"uv": [0, 0, 8, 5], "texture": "#3"},
				"east": {"uv": [0, 0, 8, 5], "texture": "#3"},
				"south": {"uv": [0, 0, 8, 5], "texture": "#3"},
				"west": {"uv": [0, 0, 8, 5], "texture": "#3"},
				"up": {"uv": [0, 0, 1, 1], "texture": "#3"},
				"down": {"uv": [0, 0, 1, 1], "texture": "#3"}
			}
		},
		{
			"name": "hexadecagon",
			"from": [7, 14.1875, 7.80109],
			"to": [9, 15.5625, 8.19891],
			"rotation": {"angle": -22.5, "axis": "y", "origin": [8, 14.875, 8]},
			"faces": {
				"north": {"uv": [0, 0, 8, 5], "texture": "#3"},
				"east": {"uv": [0, 0, 8, 5], "texture": "#3"},
				"south": {"uv": [0, 0, 8, 5], "texture": "#3"},
				"west": {"uv": [0, 0, 8, 5], "texture": "#3"},
				"up": {"uv": [0, 0, 1, 1], "texture": "#3"},
				"down": {"uv": [0, 0, 1, 1], "texture": "#3"}
			}
		},
		{
			"name": "hexadecagon",
			"from": [7, 14.1875, 7.80109],
			"to": [9, 15.5625, 8.19891],
			"rotation": {"angle": 0, "axis": "y", "origin": [8, 14.875, 8]},
			"faces": {
				"north": {"uv": [0, 0, 8, 5], "texture": "#3"},
				"east": {"uv": [0, 0, 8, 5], "texture": "#3"},
				"south": {"uv": [0, 0, 8, 5], "texture": "#3"},
				"west": {"uv": [0, 0, 8, 5], "texture": "#3"},
				"up": {"uv": [0, 0, 1, 1], "texture": "#3"},
				"down": {"uv": [0, 0, 1, 1], "texture": "#3"}
			}
		},
		{
			"name": "hexadecagon",
			"from": [7, 14.1875, 7.80109],
			"to": [9, 15.5625, 8.19891],
			"rotation": {"angle": 22.5, "axis": "y", "origin": [8, 14.875, 8]},
			"faces": {
				"north": {"uv": [0, 0, 8, 5], "texture": "#3"},
				"east": {"uv": [0, 0, 8, 5], "texture": "#3"},
				"south": {"uv": [0, 0, 8, 5], "texture": "#3"},
				"west": {"uv": [0, 0, 8, 5], "texture": "#3"},
				"up": {"uv": [0, 0, 1, 1], "texture": "#3"},
				"down": {"uv": [0, 0, 1, 1], "texture": "#3"}
			}
		},
		{
			"name": "hexadecagon",
			"from": [7.70163, 13.8125, 6.5],
			"to": [8.29837, 15.1875, 9.5],
			"rotation": {"angle": -45, "axis": "y", "origin": [8, 14.5, 8]},
			"faces": {
				"north": {"uv": [0, 0, 8, 5], "texture": "#3"},
				"east": {"uv": [0, 0, 8, 5], "texture": "#3"},
				"south": {"uv": [0, 0, 8, 5], "texture": "#3"},
				"west": {"uv": [0, 0, 8, 5], "texture": "#3"},
				"up": {"uv": [0, 0, 1, 1], "texture": "#3"},
				"down": {"uv": [0, 0, 1, 1], "texture": "#3"}
			}
		},
		{
			"name": "hexadecagon",
			"from": [7.70163, 13.8125, 6.5],
			"to": [8.29837, 15.1875, 9.5],
			"rotation": {"angle": -22.5, "axis": "y", "origin": [8, 14.5, 8]},
			"faces": {
				"north": {"uv": [0, 0, 8, 5], "texture": "#3"},
				"east": {"uv": [0, 0, 8, 5], "texture": "#3"},
				"south": {"uv": [0, 0, 8, 5], "texture": "#3"},
				"west": {"uv": [0, 0, 8, 5], "texture": "#3"},
				"up": {"uv": [0, 0, 1, 1], "texture": "#3"},
				"down": {"uv": [0, 0, 1, 1], "texture": "#3"}
			}
		},
		{
			"name": "hexadecagon",
			"from": [7.70163, 13.8125, 6.5],
			"to": [8.29837, 15.1875, 9.5],
			"rotation": {"angle": 0, "axis": "y", "origin": [8, 14.5, 8]},
			"faces": {
				"north": {"uv": [0, 0, 8, 5], "texture": "#3"},
				"east": {"uv": [0, 0, 8, 5], "texture": "#3"},
				"south": {"uv": [0, 0, 8, 5], "texture": "#3"},
				"west": {"uv": [0, 0, 8, 5], "texture": "#3"},
				"up": {"uv": [0, 0, 1, 1], "texture": "#3"},
				"down": {"uv": [0, 0, 1, 1], "texture": "#3"}
			}
		},
		{
			"name": "hexadecagon",
			"from": [7.70163, 13.8125, 6.5],
			"to": [8.29837, 15.1875, 9.5],
			"rotation": {"angle": 22.5, "axis": "y", "origin": [8, 14.5, 8]},
			"faces": {
				"north": {"uv": [0, 0, 8, 5], "texture": "#3"},
				"east": {"uv": [0, 0, 8, 5], "texture": "#3"},
				"south": {"uv": [0, 0, 8, 5], "texture": "#3"},
				"west": {"uv": [0, 0, 8, 5], "texture": "#3"},
				"up": {"uv": [0, 0, 1, 1], "texture": "#3"},
				"down": {"uv": [0, 0, 1, 1], "texture": "#3"}
			}
		},
		{
			"name": "hexadecagon",
			"from": [7.70163, 13.8125, 6.5],
			"to": [8.29837, 15.1875, 9.5],
			"rotation": {"angle": 45, "axis": "y", "origin": [8, 14.5, 8]},
			"faces": {
				"north": {"uv": [0, 0, 8, 5], "texture": "#3"},
				"east": {"uv": [0, 0, 8, 5], "texture": "#3"},
				"south": {"uv": [0, 0, 8, 5], "texture": "#3"},
				"west": {"uv": [0, 0, 8, 5], "texture": "#3"},
				"up": {"uv": [0, 0, 1, 1], "texture": "#3"},
				"down": {"uv": [0, 0, 1, 1], "texture": "#3"}
			}
		},
		{
			"name": "hexadecagon",
			"from": [6.5, 13.8125, 7.70163],
			"to": [9.5, 15.1875, 8.29837],
			"rotation": {"angle": -22.5, "axis": "y", "origin": [8, 14.5, 8]},
			"faces": {
				"north": {"uv": [0, 0, 8, 5], "texture": "#3"},
				"east": {"uv": [0, 0, 8, 5], "texture": "#3"},
				"south": {"uv": [0, 0, 8, 5], "texture": "#3"},
				"west": {"uv": [0, 0, 8, 5], "texture": "#3"},
				"up": {"uv": [0, 0, 1, 1], "texture": "#3"},
				"down": {"uv": [0, 0, 1, 1], "texture": "#3"}
			}
		},
		{
			"name": "hexadecagon",
			"from": [6.5, 13.8125, 7.70163],
			"to": [9.5, 15.1875, 8.29837],
			"rotation": {"angle": 0, "axis": "y", "origin": [8, 14.5, 8]},
			"faces": {
				"north": {"uv": [0, 0, 8, 5], "texture": "#3"},
				"east": {"uv": [0, 0, 8, 5], "texture": "#3"},
				"south": {"uv": [0, 0, 8, 5], "texture": "#3"},
				"west": {"uv": [0, 0, 8, 5], "texture": "#3"},
				"up": {"uv": [0, 0, 1, 1], "texture": "#3"},
				"down": {"uv": [0, 0, 1, 1], "texture": "#3"}
			}
		},
		{
			"name": "hexadecagon",
			"from": [6.5, 13.8125, 7.70163],
			"to": [9.5, 15.1875, 8.29837],
			"rotation": {"angle": 22.5, "axis": "y", "origin": [8, 14.5, 8]},
			"faces": {
				"north": {"uv": [0, 0, 8, 5], "texture": "#3"},
				"east": {"uv": [0, 0, 8, 5], "texture": "#3"},
				"south": {"uv": [0, 0, 8, 5], "texture": "#3"},
				"west": {"uv": [0, 0, 8, 5], "texture": "#3"},
				"up": {"uv": [0, 0, 1, 1], "texture": "#3"},
				"down": {"uv": [0, 0, 1, 1], "texture": "#3"}
			}
		},
		{
			"name": "hexadecagon",
			"from": [7.60218, 13.4375, 6],
			"to": [8.39782, 14.8125, 10],
			"rotation": {"angle": -45, "axis": "y", "origin": [8, 14.125, 8]},
			"faces": {
				"north": {"uv": [0, 0, 8, 5], "texture": "#3"},
				"east": {"uv": [0, 0, 8, 5], "texture": "#3"},
				"south": {"uv": [0, 0, 8, 5], "texture": "#3"},
				"west": {"uv": [0, 0, 8, 5], "texture": "#3"},
				"up": {"uv": [0, 0, 1, 1], "texture": "#3"},
				"down": {"uv": [0, 0, 1, 1], "texture": "#3"}
			}
		},
		{
			"name": "hexadecagon",
			"from": [7.60218, 13.4375, 6],
			"to": [8.39782, 14.8125, 10],
			"rotation": {"angle": -22.5, "axis": "y", "origin": [8, 14.125, 8]},
			"faces": {
				"north": {"uv": [0, 0, 8, 5], "texture": "#3"},
				"east": {"uv": [0, 0, 8, 5], "texture": "#3"},
				"south": {"uv": [0, 0, 8, 5], "texture": "#3"},
				"west": {"uv": [0, 0, 8, 5], "texture": "#3"},
				"up": {"uv": [0, 0, 1, 1], "texture": "#3"},
				"down": {"uv": [0, 0, 1, 1], "texture": "#3"}
			}
		},
		{
			"name": "hexadecagon",
			"from": [7.60218, 13.4375, 6],
			"to": [8.39782, 14.8125, 10],
			"rotation": {"angle": 0, "axis": "y", "origin": [8, 14.125, 8]},
			"faces": {
				"north": {"uv": [0, 0, 8, 5], "texture": "#3"},
				"east": {"uv": [0, 0, 8, 5], "texture": "#3"},
				"south": {"uv": [0, 0, 8, 5], "texture": "#3"},
				"west": {"uv": [0, 0, 8, 5], "texture": "#3"},
				"up": {"uv": [0, 0, 1, 1], "texture": "#3"},
				"down": {"uv": [0, 0, 1, 1], "texture": "#3"}
			}
		},
		{
			"name": "hexadecagon",
			"from": [7.60218, 13.4375, 6],
			"to": [8.39782, 14.8125, 10],
			"rotation": {"angle": 22.5, "axis": "y", "origin": [8, 14.125, 8]},
			"faces": {
				"north": {"uv": [0, 0, 8, 5], "texture": "#3"},
				"east": {"uv": [0, 0, 8, 5], "texture": "#3"},
				"south": {"uv": [0, 0, 8, 5], "texture": "#3"},
				"west": {"uv": [0, 0, 8, 5], "texture": "#3"},
				"up": {"uv": [0, 0, 1, 1], "texture": "#3"},
				"down": {"uv": [0, 0, 1, 1], "texture": "#3"}
			}
		},
		{
			"name": "hexadecagon",
			"from": [7.60218, 13.4375, 6],
			"to": [8.39782, 14.8125, 10],
			"rotation": {"angle": 45, "axis": "y", "origin": [8, 14.125, 8]},
			"faces": {
				"north": {"uv": [0, 0, 8, 5], "texture": "#3"},
				"east": {"uv": [0, 0, 8, 5], "texture": "#3"},
				"south": {"uv": [0, 0, 8, 5], "texture": "#3"},
				"west": {"uv": [0, 0, 8, 5], "texture": "#3"},
				"up": {"uv": [0, 0, 1, 1], "texture": "#3"},
				"down": {"uv": [0, 0, 1, 1], "texture": "#3"}
			}
		},
		{
			"name": "hexadecagon",
			"from": [6, 13.4375, 7.60218],
			"to": [10, 14.8125, 8.39782],
			"rotation": {"angle": -22.5, "axis": "y", "origin": [8, 14.125, 8]},
			"faces": {
				"north": {"uv": [0, 0, 8, 5], "texture": "#3"},
				"east": {"uv": [0, 0, 8, 5], "texture": "#3"},
				"south": {"uv": [0, 0, 8, 5], "texture": "#3"},
				"west": {"uv": [0, 0, 8, 5], "texture": "#3"},
				"up": {"uv": [0, 0, 1, 1], "texture": "#3"},
				"down": {"uv": [0, 0, 1, 1], "texture": "#3"}
			}
		},
		{
			"name": "hexadecagon",
			"from": [6, 13.4375, 7.60218],
			"to": [10, 14.8125, 8.39782],
			"rotation": {"angle": 0, "axis": "y", "origin": [8, 14.125, 8]},
			"faces": {
				"north": {"uv": [0, 0, 8, 5], "texture": "#3"},
				"east": {"uv": [0, 0, 8, 5], "texture": "#3"},
				"south": {"uv": [0, 0, 8, 5], "texture": "#3"},
				"west": {"uv": [0, 0, 8, 5], "texture": "#3"},
				"up": {"uv": [0, 0, 1, 1], "texture": "#3"},
				"down": {"uv": [0, 0, 1, 1], "texture": "#3"}
			}
		},
		{
			"name": "hexadecagon",
			"from": [6, 13.4375, 7.60218],
			"to": [10, 14.8125, 8.39782],
			"rotation": {"angle": 22.5, "axis": "y", "origin": [8, 14.125, 8]},
			"faces": {
				"north": {"uv": [0, 0, 8, 5], "texture": "#3"},
				"east": {"uv": [0, 0, 8, 5], "texture": "#3"},
				"south": {"uv": [0, 0, 8, 5], "texture": "#3"},
				"west": {"uv": [0, 0, 8, 5], "texture": "#3"},
				"up": {"uv": [0, 0, 1, 1], "texture": "#3"},
				"down": {"uv": [0, 0, 1, 1], "texture": "#3"}
			}
		},
		{
			"name": "hexadecagon",
			"from": [7.55245, 12.9375, 5.75],
			"to": [8.44755, 14.3125, 10.25],
			"rotation": {"angle": -45, "axis": "y", "origin": [8, 13.625, 8]},
			"faces": {
				"north": {"uv": [0, 0, 8, 5], "texture": "#3"},
				"east": {"uv": [0, 0, 8, 5], "texture": "#3"},
				"south": {"uv": [0, 0, 8, 5], "texture": "#3"},
				"west": {"uv": [0, 0, 8, 5], "texture": "#3"},
				"up": {"uv": [0, 0, 1, 1], "texture": "#3"},
				"down": {"uv": [0, 0, 1, 1], "texture": "#3"}
			}
		},
		{
			"name": "hexadecagon",
			"from": [7.55245, 12.9375, 5.75],
			"to": [8.44755, 14.3125, 10.25],
			"rotation": {"angle": -22.5, "axis": "y", "origin": [8, 13.625, 8]},
			"faces": {
				"north": {"uv": [0, 0, 8, 5], "texture": "#3"},
				"east": {"uv": [0, 0, 8, 5], "texture": "#3"},
				"south": {"uv": [0, 0, 8, 5], "texture": "#3"},
				"west": {"uv": [0, 0, 8, 5], "texture": "#3"},
				"up": {"uv": [0, 0, 1, 1], "texture": "#3"},
				"down": {"uv": [0, 0, 1, 1], "texture": "#3"}
			}
		},
		{
			"name": "hexadecagon",
			"from": [7.55245, 12.9375, 5.75],
			"to": [8.44755, 14.3125, 10.25],
			"rotation": {"angle": 0, "axis": "y", "origin": [8, 13.625, 8]},
			"faces": {
				"north": {"uv": [0, 0, 8, 5], "texture": "#3"},
				"east": {"uv": [0, 0, 8, 5], "texture": "#3"},
				"south": {"uv": [0, 0, 8, 5], "texture": "#3"},
				"west": {"uv": [0, 0, 8, 5], "texture": "#3"},
				"up": {"uv": [0, 0, 1, 1], "texture": "#3"},
				"down": {"uv": [0, 0, 1, 1], "texture": "#3"}
			}
		},
		{
			"name": "hexadecagon",
			"from": [7.55245, 12.9375, 5.75],
			"to": [8.44755, 14.3125, 10.25],
			"rotation": {"angle": 22.5, "axis": "y", "origin": [8, 13.625, 8]},
			"faces": {
				"north": {"uv": [0, 0, 8, 5], "texture": "#3"},
				"east": {"uv": [0, 0, 8, 5], "texture": "#3"},
				"south": {"uv": [0, 0, 8, 5], "texture": "#3"},
				"west": {"uv": [0, 0, 8, 5], "texture": "#3"},
				"up": {"uv": [0, 0, 1, 1], "texture": "#3"},
				"down": {"uv": [0, 0, 1, 1], "texture": "#3"}
			}
		},
		{
			"name": "hexadecagon",
			"from": [7.55245, 12.9375, 5.75],
			"to": [8.44755, 14.3125, 10.25],
			"rotation": {"angle": 45, "axis": "y", "origin": [8, 13.625, 8]},
			"faces": {
				"north": {"uv": [0, 0, 8, 5], "texture": "#3"},
				"east": {"uv": [0, 0, 8, 5], "texture": "#3"},
				"south": {"uv": [0, 0, 8, 5], "texture": "#3"},
				"west": {"uv": [0, 0, 8, 5], "texture": "#3"},
				"up": {"uv": [0, 0, 1, 1], "texture": "#3"},
				"down": {"uv": [0, 0, 1, 1], "texture": "#3"}
			}
		},
		{
			"name": "hexadecagon",
			"from": [5.75, 12.9375, 7.55245],
			"to": [10.25, 14.3125, 8.44755],
			"rotation": {"angle": -22.5, "axis": "y", "origin": [8, 13.625, 8]},
			"faces": {
				"north": {"uv": [0, 0, 8, 5], "texture": "#3"},
				"east": {"uv": [0, 0, 8, 5], "texture": "#3"},
				"south": {"uv": [0, 0, 8, 5], "texture": "#3"},
				"west": {"uv": [0, 0, 8, 5], "texture": "#3"},
				"up": {"uv": [0, 0, 1, 1], "texture": "#3"},
				"down": {"uv": [0, 0, 1, 1], "texture": "#3"}
			}
		},
		{
			"name": "hexadecagon",
			"from": [5.75, 12.9375, 7.55245],
			"to": [10.25, 14.3125, 8.44755],
			"rotation": {"angle": 0, "axis": "y", "origin": [8, 13.625, 8]},
			"faces": {
				"north": {"uv": [0, 0, 8, 5], "texture": "#3"},
				"east": {"uv": [0, 0, 8, 5], "texture": "#3"},
				"south": {"uv": [0, 0, 8, 5], "texture": "#3"},
				"west": {"uv": [0, 0, 8, 5], "texture": "#3"},
				"up": {"uv": [0, 0, 1, 1], "texture": "#3"},
				"down": {"uv": [0, 0, 1, 1], "texture": "#3"}
			}
		},
		{
			"name": "hexadecagon",
			"from": [5.75, 12.9375, 7.55245],
			"to": [10.25, 14.3125, 8.44755],
			"rotation": {"angle": 22.5, "axis": "y", "origin": [8, 13.625, 8]},
			"faces": {
				"north": {"uv": [0, 0, 8, 5], "texture": "#3"},
				"east": {"uv": [0, 0, 8, 5], "texture": "#3"},
				"south": {"uv": [0, 0, 8, 5], "texture": "#3"},
				"west": {"uv": [0, 0, 8, 5], "texture": "#3"},
				"up": {"uv": [0, 0, 1, 1], "texture": "#3"},
				"down": {"uv": [0, 0, 1, 1], "texture": "#3"}
			}
		},
		{
			"name": "hexadecagon",
			"from": [7.52758, 12.3125, 5.625],
			"to": [8.47242, 13.6875, 10.375],
			"rotation": {"angle": -45, "axis": "y", "origin": [8, 13, 8]},
			"faces": {
				"north": {"uv": [0, 0, 8, 5], "texture": "#3"},
				"east": {"uv": [0, 0, 8, 5], "texture": "#3"},
				"south": {"uv": [0, 0, 8, 5], "texture": "#3"},
				"west": {"uv": [0, 0, 8, 5], "texture": "#3"},
				"up": {"uv": [0, 0, 1, 1], "texture": "#3"},
				"down": {"uv": [0, 0, 1, 1], "texture": "#3"}
			}
		},
		{
			"name": "hexadecagon",
			"from": [7.52758, 12.3125, 5.625],
			"to": [8.47242, 13.6875, 10.375],
			"rotation": {"angle": -22.5, "axis": "y", "origin": [8, 13, 8]},
			"faces": {
				"north": {"uv": [0, 0, 8, 5], "texture": "#3"},
				"east": {"uv": [0, 0, 8, 5], "texture": "#3"},
				"south": {"uv": [0, 0, 8, 5], "texture": "#3"},
				"west": {"uv": [0, 0, 8, 5], "texture": "#3"},
				"up": {"uv": [0, 0, 1, 1], "texture": "#3"},
				"down": {"uv": [0, 0, 1, 1], "texture": "#3"}
			}
		},
		{
			"name": "hexadecagon",
			"from": [7.52758, 12.3125, 5.625],
			"to": [8.47242, 13.6875, 10.375],
			"rotation": {"angle": 0, "axis": "y", "origin": [8, 13, 8]},
			"faces": {
				"north": {"uv": [0, 0, 8, 5], "texture": "#3"},
				"east": {"uv": [0, 0, 8, 5], "texture": "#3"},
				"south": {"uv": [0, 0, 8, 5], "texture": "#3"},
				"west": {"uv": [0, 0, 8, 5], "texture": "#3"},
				"up": {"uv": [0, 0, 1, 1], "texture": "#3"},
				"down": {"uv": [0, 0, 1, 1], "texture": "#3"}
			}
		},
		{
			"name": "hexadecagon",
			"from": [7.52758, 12.3125, 5.625],
			"to": [8.47242, 13.6875, 10.375],
			"rotation": {"angle": 22.5, "axis": "y", "origin": [8, 13, 8]},
			"faces": {
				"north": {"uv": [0, 0, 8, 5], "texture": "#3"},
				"east": {"uv": [0, 0, 8, 5], "texture": "#3"},
				"south": {"uv": [0, 0, 8, 5], "texture": "#3"},
				"west": {"uv": [0, 0, 8, 5], "texture": "#3"},
				"up": {"uv": [0, 0, 1, 1], "texture": "#3"},
				"down": {"uv": [0, 0, 1, 1], "texture": "#3"}
			}
		},
		{
			"name": "hexadecagon",
			"from": [7.52758, 12.3125, 5.625],
			"to": [8.47242, 13.6875, 10.375],
			"rotation": {"angle": 45, "axis": "y", "origin": [8, 13, 8]},
			"faces": {
				"north": {"uv": [0, 0, 8, 5], "texture": "#3"},
				"east": {"uv": [0, 0, 8, 5], "texture": "#3"},
				"south": {"uv": [0, 0, 8, 5], "texture": "#3"},
				"west": {"uv": [0, 0, 8, 5], "texture": "#3"},
				"up": {"uv": [0, 0, 1, 1], "texture": "#3"},
				"down": {"uv": [0, 0, 1, 1], "texture": "#3"}
			}
		},
		{
			"name": "hexadecagon",
			"from": [5.625, 12.3125, 7.52758],
			"to": [10.375, 13.6875, 8.47242],
			"rotation": {"angle": -22.5, "axis": "y", "origin": [8, 13, 8]},
			"faces": {
				"north": {"uv": [0, 0, 8, 5], "texture": "#3"},
				"east": {"uv": [0, 0, 8, 5], "texture": "#3"},
				"south": {"uv": [0, 0, 8, 5], "texture": "#3"},
				"west": {"uv": [0, 0, 8, 5], "texture": "#3"},
				"up": {"uv": [0, 0, 1, 1], "texture": "#3"},
				"down": {"uv": [0, 0, 1, 1], "texture": "#3"}
			}
		},
		{
			"name": "hexadecagon",
			"from": [5.625, 12.3125, 7.52758],
			"to": [10.375, 13.6875, 8.47242],
			"rotation": {"angle": 0, "axis": "y", "origin": [8, 13, 8]},
			"faces": {
				"north": {"uv": [0, 0, 8, 5], "texture": "#3"},
				"east": {"uv": [0, 0, 8, 5], "texture": "#3"},
				"south": {"uv": [0, 0, 8, 5], "texture": "#3"},
				"west": {"uv": [0, 0, 8, 5], "texture": "#3"},
				"up": {"uv": [0, 0, 1, 1], "texture": "#3"},
				"down": {"uv": [0, 0, 1, 1], "texture": "#3"}
			}
		},
		{
			"name": "hexadecagon",
			"from": [5.625, 12.3125, 7.52758],
			"to": [10.375, 13.6875, 8.47242],
			"rotation": {"angle": 22.5, "axis": "y", "origin": [8, 13, 8]},
			"faces": {
				"north": {"uv": [0, 0, 8, 5], "texture": "#3"},
				"east": {"uv": [0, 0, 8, 5], "texture": "#3"},
				"south": {"uv": [0, 0, 8, 5], "texture": "#3"},
				"west": {"uv": [0, 0, 8, 5], "texture": "#3"},
				"up": {"uv": [0, 0, 1, 1], "texture": "#3"},
				"down": {"uv": [0, 0, 1, 1], "texture": "#3"}
			}
		},
		{
			"name": "hexadecagon",
			"from": [7.50272, 11.9375, 5.5],
			"to": [8.49728, 13.3125, 10.5],
			"rotation": {"angle": -45, "axis": "y", "origin": [8, 12.625, 8]},
			"faces": {
				"north": {"uv": [0, 0, 8, 5], "texture": "#3"},
				"east": {"uv": [0, 0, 8, 5], "texture": "#3"},
				"south": {"uv": [0, 0, 8, 5], "texture": "#3"},
				"west": {"uv": [0, 0, 8, 5], "texture": "#3"},
				"up": {"uv": [0, 0, 1, 1], "texture": "#3"},
				"down": {"uv": [0, 0, 1, 1], "texture": "#3"}
			}
		},
		{
			"name": "hexadecagon",
			"from": [7.50272, 11.9375, 5.5],
			"to": [8.49728, 13.3125, 10.5],
			"rotation": {"angle": -22.5, "axis": "y", "origin": [8, 12.625, 8]},
			"faces": {
				"north": {"uv": [0, 0, 8, 5], "texture": "#3"},
				"east": {"uv": [0, 0, 8, 5], "texture": "#3"},
				"south": {"uv": [0, 0, 8, 5], "texture": "#3"},
				"west": {"uv": [0, 0, 8, 5], "texture": "#3"},
				"up": {"uv": [0, 0, 1, 1], "texture": "#3"},
				"down": {"uv": [0, 0, 1, 1], "texture": "#3"}
			}
		},
		{
			"name": "hexadecagon",
			"from": [7.50272, 11.9375, 5.5],
			"to": [8.49728, 13.3125, 10.5],
			"rotation": {"angle": 0, "axis": "y", "origin": [8, 12.625, 8]},
			"faces": {
				"north": {"uv": [0, 0, 8, 5], "texture": "#3"},
				"east": {"uv": [0, 0, 8, 5], "texture": "#3"},
				"south": {"uv": [0, 0, 8, 5], "texture": "#3"},
				"west": {"uv": [0, 0, 8, 5], "texture": "#3"},
				"up": {"uv": [0, 0, 1, 1], "texture": "#3"},
				"down": {"uv": [0, 0, 1, 1], "texture": "#3"}
			}
		},
		{
			"name": "hexadecagon",
			"from": [7.50272, 11.9375, 5.5],
			"to": [8.49728, 13.3125, 10.5],
			"rotation": {"angle": 22.5, "axis": "y", "origin": [8, 12.625, 8]},
			"faces": {
				"north": {"uv": [0, 0, 8, 5], "texture": "#3"},
				"east": {"uv": [0, 0, 8, 5], "texture": "#3"},
				"south": {"uv": [0, 0, 8, 5], "texture": "#3"},
				"west": {"uv": [0, 0, 8, 5], "texture": "#3"},
				"up": {"uv": [0, 0, 1, 1], "texture": "#3"},
				"down": {"uv": [0, 0, 1, 1], "texture": "#3"}
			}
		},
		{
			"name": "hexadecagon",
			"from": [7.50272, 11.9375, 5.5],
			"to": [8.49728, 13.3125, 10.5],
			"rotation": {"angle": 45, "axis": "y", "origin": [8, 12.625, 8]},
			"faces": {
				"north": {"uv": [0, 0, 8, 5], "texture": "#3"},
				"east": {"uv": [0, 0, 8, 5], "texture": "#3"},
				"south": {"uv": [0, 0, 8, 5], "texture": "#3"},
				"west": {"uv": [0, 0, 8, 5], "texture": "#3"},
				"up": {"uv": [0, 0, 1, 1], "texture": "#3"},
				"down": {"uv": [0, 0, 1, 1], "texture": "#3"}
			}
		},
		{
			"name": "hexadecagon",
			"from": [5.5, 11.9375, 7.50272],
			"to": [10.5, 13.3125, 8.49728],
			"rotation": {"angle": -22.5, "axis": "y", "origin": [8, 12.625, 8]},
			"faces": {
				"north": {"uv": [0, 0, 8, 5], "texture": "#3"},
				"east": {"uv": [0, 0, 8, 5], "texture": "#3"},
				"south": {"uv": [0, 0, 8, 5], "texture": "#3"},
				"west": {"uv": [0, 0, 8, 5], "texture": "#3"},
				"up": {"uv": [0, 0, 1, 1], "texture": "#3"},
				"down": {"uv": [0, 0, 1, 1], "texture": "#3"}
			}
		},
		{
			"name": "hexadecagon",
			"from": [5.5, 11.9375, 7.50272],
			"to": [10.5, 13.3125, 8.49728],
			"rotation": {"angle": 0, "axis": "y", "origin": [8, 12.625, 8]},
			"faces": {
				"north": {"uv": [0, 0, 8, 5], "texture": "#3"},
				"east": {"uv": [0, 0, 8, 5], "texture": "#3"},
				"south": {"uv": [0, 0, 8, 5], "texture": "#3"},
				"west": {"uv": [0, 0, 8, 5], "texture": "#3"},
				"up": {"uv": [0, 0, 1, 1], "texture": "#3"},
				"down": {"uv": [0, 0, 1, 1], "texture": "#3"}
			}
		},
		{
			"name": "hexadecagon",
			"from": [5.5, 11.9375, 7.50272],
			"to": [10.5, 13.3125, 8.49728],
			"rotation": {"angle": 22.5, "axis": "y", "origin": [8, 12.625, 8]},
			"faces": {
				"north": {"uv": [0, 0, 8, 5], "texture": "#3"},
				"east": {"uv": [0, 0, 8, 5], "texture": "#3"},
				"south": {"uv": [0, 0, 8, 5], "texture": "#3"},
				"west": {"uv": [0, 0, 8, 5], "texture": "#3"},
				"up": {"uv": [0, 0, 1, 1], "texture": "#3"},
				"down": {"uv": [0, 0, 1, 1], "texture": "#3"}
			}
		},
		{
			"name": "hexadecagon",
			"from": [7.47786, 11.0625, 5.375],
			"to": [8.52214, 12.4375, 10.625],
			"rotation": {"angle": -45, "axis": "y", "origin": [8, 11.75, 8]},
			"faces": {
				"north": {"uv": [0, 0, 8, 5], "texture": "#3"},
				"east": {"uv": [0, 0, 8, 5], "texture": "#3"},
				"south": {"uv": [0, 0, 8, 5], "texture": "#3"},
				"west": {"uv": [0, 0, 8, 5], "texture": "#3"},
				"up": {"uv": [0, 0, 1, 1], "texture": "#3"},
				"down": {"uv": [0, 0, 1, 1], "texture": "#3"}
			}
		},
		{
			"name": "hexadecagon",
			"from": [7.47786, 11.0625, 5.375],
			"to": [8.52214, 12.4375, 10.625],
			"rotation": {"angle": -22.5, "axis": "y", "origin": [8, 11.75, 8]},
			"faces": {
				"north": {"uv": [0, 0, 8, 5], "texture": "#3"},
				"east": {"uv": [0, 0, 8, 5], "texture": "#3"},
				"south": {"uv": [0, 0, 8, 5], "texture": "#3"},
				"west": {"uv": [0, 0, 8, 5], "texture": "#3"},
				"up": {"uv": [0, 0, 1, 1], "texture": "#3"},
				"down": {"uv": [0, 0, 1, 1], "texture": "#3"}
			}
		},
		{
			"name": "hexadecagon",
			"from": [7.47786, 11.0625, 5.375],
			"to": [8.52214, 12.4375, 10.625],
			"rotation": {"angle": 0, "axis": "y", "origin": [8, 11.75, 8]},
			"faces": {
				"north": {"uv": [0, 0, 8, 5], "texture": "#3"},
				"east": {"uv": [0, 0, 8, 5], "texture": "#3"},
				"south": {"uv": [0, 0, 8, 5], "texture": "#3"},
				"west": {"uv": [0, 0, 8, 5], "texture": "#3"},
				"up": {"uv": [0, 0, 1, 1], "texture": "#3"},
				"down": {"uv": [0, 0, 1, 1], "texture": "#3"}
			}
		},
		{
			"name": "hexadecagon",
			"from": [7.47786, 11.0625, 5.375],
			"to": [8.52214, 12.4375, 10.625],
			"rotation": {"angle": 22.5, "axis": "y", "origin": [8, 11.75, 8]},
			"faces": {
				"north": {"uv": [0, 0, 8, 5], "texture": "#3"},
				"east": {"uv": [0, 0, 8, 5], "texture": "#3"},
				"south": {"uv": [0, 0, 8, 5], "texture": "#3"},
				"west": {"uv": [0, 0, 8, 5], "texture": "#3"},
				"up": {"uv": [0, 0, 1, 1], "texture": "#3"},
				"down": {"uv": [0, 0, 1, 1], "texture": "#3"}
			}
		},
		{
			"name": "hexadecagon",
			"from": [7.47786, 11.0625, 5.375],
			"to": [8.52214, 12.4375, 10.625],
			"rotation": {"angle": 45, "axis": "y", "origin": [8, 11.75, 8]},
			"faces": {
				"north": {"uv": [0, 0, 8, 5], "texture": "#3"},
				"east": {"uv": [0, 0, 8, 5], "texture": "#3"},
				"south": {"uv": [0, 0, 8, 5], "texture": "#3"},
				"west": {"uv": [0, 0, 8, 5], "texture": "#3"},
				"up": {"uv": [0, 0, 1, 1], "texture": "#3"},
				"down": {"uv": [0, 0, 1, 1], "texture": "#3"}
			}
		},
		{
			"name": "hexadecagon",
			"from": [5.375, 11.0625, 7.47786],
			"to": [10.625, 12.4375, 8.52214],
			"rotation": {"angle": -22.5, "axis": "y", "origin": [8, 11.75, 8]},
			"faces": {
				"north": {"uv": [0, 0, 8, 5], "texture": "#3"},
				"east": {"uv": [0, 0, 8, 5], "texture": "#3"},
				"south": {"uv": [0, 0, 8, 5], "texture": "#3"},
				"west": {"uv": [0, 0, 8, 5], "texture": "#3"},
				"up": {"uv": [0, 0, 1, 1], "texture": "#3"},
				"down": {"uv": [0, 0, 1, 1], "texture": "#3"}
			}
		},
		{
			"name": "hexadecagon",
			"from": [5.375, 11.0625, 7.47786],
			"to": [10.625, 12.4375, 8.52214],
			"rotation": {"angle": 0, "axis": "y", "origin": [8, 11.75, 8]},
			"faces": {
				"north": {"uv": [0, 0, 8, 5], "texture": "#3"},
				"east": {"uv": [0, 0, 8, 5], "texture": "#3"},
				"south": {"uv": [0, 0, 8, 5], "texture": "#3"},
				"west": {"uv": [0, 0, 8, 5], "texture": "#3"},
				"up": {"uv": [0, 0, 1, 1], "texture": "#3"},
				"down": {"uv": [0, 0, 1, 1], "texture": "#3"}
			}
		},
		{
			"name": "hexadecagon",
			"from": [5.375, 11.0625, 7.47786],
			"to": [10.625, 12.4375, 8.52214],
			"rotation": {"angle": 22.5, "axis": "y", "origin": [8, 11.75, 8]},
			"faces": {
				"north": {"uv": [0, 0, 8, 5], "texture": "#3"},
				"east": {"uv": [0, 0, 8, 5], "texture": "#3"},
				"south": {"uv": [0, 0, 8, 5], "texture": "#3"},
				"west": {"uv": [0, 0, 8, 5], "texture": "#3"},
				"up": {"uv": [0, 0, 1, 1], "texture": "#3"},
				"down": {"uv": [0, 0, 1, 1], "texture": "#3"}
			}
		},
		{
			"name": "nether_star_0",
			"from": [6.70313, 16.6875, 7.75],
			"to": [9.30313, 16.8875, 8.15],
			"rotation": {"angle": 0, "axis": "y", "origin": [9.3, 16.8875, 7.95]},
			"faces": {
				"north": {"uv": [8, 2, 9, 15], "rotation": 270, "texture": "#5"},
				"east": {"uv": [9, 2, 8, 3], "rotation": 90, "texture": "#5"},
				"south": {"uv": [8, 15, 9, 2], "rotation": 270, "texture": "#5"},
				"west": {"uv": [8, 14, 9, 15], "rotation": 270, "texture": "#5"},
				"up": {"uv": [8, 2, 9, 15], "rotation": 90, "texture": "#5"},
				"down": {"uv": [8, 2, 9, 15], "rotation": 90, "texture": "#5"}
			}
		},
		{
			"name": "nether_star_1",
			"from": [6.90313, 16.4875, 7.75],
			"to": [9.10313, 16.6875, 8.15],
			"rotation": {"angle": 0, "axis": "y", "origin": [9.12813, 17.1375, 7.95]},
			"faces": {
				"north": {"uv": [7, 3, 8, 14], "rotation": 270, "texture": "#5"},
				"east": {"uv": [8, 3, 7, 4], "rotation": 90, "texture": "#5"},
				"south": {"uv": [7, 14, 8, 3], "rotation": 270, "texture": "#5"},
				"west": {"uv": [7, 13, 8, 14], "rotation": 270, "texture": "#5"},
				"up": {"uv": [7, 3, 8, 14], "rotation": 90, "texture": "#5"},
				"down": {"uv": [7, 3, 8, 14], "rotation": 90, "texture": "#5"}
			}
		},
		{
			"name": "nether_star_2",
			"from": [6.90313, 16.88438, 7.75],
			"to": [9.10313, 17.08438, 8.15],
			"rotation": {"angle": 0, "axis": "y", "origin": [9.09688, 16.68438, 7.95]},
			"faces": {
				"north": {"uv": [9, 3, 10, 14], "rotation": 270, "texture": "#5"},
				"east": {"uv": [10, 3, 9, 4], "rotation": 90, "texture": "#5"},
				"south": {"uv": [9, 14, 10, 3], "rotation": 270, "texture": "#5"},
				"west": {"uv": [9, 13, 10, 14], "rotation": 270, "texture": "#5"},
				"up": {"uv": [9, 3, 10, 14], "rotation": 90, "texture": "#5"},
				"down": {"uv": [9, 3, 10, 14], "rotation": 90, "texture": "#5"}
			}
		},
		{
			"name": "nether_star_3",
			"from": [7.10313, 16.2875, 7.75],
			"to": [8.90312, 16.4875, 8.15],
			"rotation": {"angle": 0, "axis": "y", "origin": [8.90938, 17.29375, 7.95]},
			"faces": {
				"north": {"uv": [6, 4, 7, 13], "rotation": 270, "texture": "#5"},
				"east": {"uv": [7, 4, 6, 5], "rotation": 90, "texture": "#5"},
				"south": {"uv": [6, 13, 7, 4], "rotation": 270, "texture": "#5"},
				"west": {"uv": [6, 12, 7, 13], "rotation": 270, "texture": "#5"},
				"up": {"uv": [6, 4, 7, 13], "rotation": 90, "texture": "#5"},
				"down": {"uv": [6, 4, 7, 13], "rotation": 90, "texture": "#5"}
			}
		},
		{
			"name": "nether_star_4",
			"from": [7.10313, 17.0825, 7.75],
			"to": [8.90312, 17.2825, 8.15],
			"rotation": {"angle": 0, "axis": "y", "origin": [9.00313, 17.52813, 7.95]},
			"faces": {
				"north": {"uv": [10, 4, 11, 13], "rotation": 270, "texture": "#5"},
				"east": {"uv": [11, 4, 10, 5], "rotation": 90, "texture": "#5"},
				"south": {"uv": [10, 13, 11, 4], "rotation": 270, "texture": "#5"},
				"west": {"uv": [10, 12, 11, 13], "rotation": 270, "texture": "#5"},
				"up": {"uv": [10, 4, 11, 13], "rotation": 90, "texture": "#5"},
				"down": {"uv": [10, 4, 11, 13], "rotation": 90, "texture": "#5"}
			}
		},
		{
			"name": "nether_star_5",
			"from": [7.50313, 15.8875, 7.75],
			"to": [8.50313, 16.2875, 8.15],
			"rotation": {"angle": 0, "axis": "y", "origin": [8.50313, 17.68438, 7.95]},
			"faces": {
				"north": {"uv": [4, 6, 6, 11], "rotation": 270, "texture": "#5"},
				"east": {"uv": [6, 6, 4, 7], "rotation": 90, "texture": "#5"},
				"south": {"uv": [4, 11, 6, 6], "rotation": 270, "texture": "#5"},
				"west": {"uv": [4, 10, 6, 11], "rotation": 270, "texture": "#5"},
				"up": {"uv": [5, 6, 6, 11], "rotation": 90, "texture": "#5"},
				"down": {"uv": [4, 6, 5, 11], "rotation": 90, "texture": "#5"}
			}
		},
		{
			"name": "nether_star_6",
			"from": [7.50313, 17.2825, 7.75],
			"to": [8.50313, 17.6825, 8.15],
			"rotation": {"angle": 0, "axis": "y", "origin": [8.50313, 16.2625, 7.95]},
			"faces": {
				"north": {"uv": [11, 6, 13, 11], "rotation": 270, "texture": "#5"},
				"east": {"uv": [13, 6, 11, 7], "rotation": 90, "texture": "#5"},
				"south": {"uv": [11, 11, 13, 6], "rotation": 270, "texture": "#5"},
				"west": {"uv": [11, 10, 13, 11], "rotation": 270, "texture": "#5"},
				"up": {"uv": [12, 6, 13, 11], "rotation": 90, "texture": "#5"},
				"down": {"uv": [11, 6, 12, 11], "rotation": 90, "texture": "#5"}
			}
		},
		{
			"name": "nether_star_7",
			"from": [7.70313, 15.6875, 7.75],
			"to": [8.30313, 15.8875, 8.15],
			"rotation": {"angle": 0, "axis": "y", "origin": [8.33125, 17.8875, 7.95]},
			"faces": {
				"north": {"uv": [3, 7, 4, 10], "rotation": 270, "texture": "#5"},
				"east": {"uv": [4, 7, 3, 8], "rotation": 90, "texture": "#5"},
				"south": {"uv": [3, 10, 4, 7], "rotation": 270, "texture": "#5"},
				"west": {"uv": [3, 9, 4, 10], "rotation": 270, "texture": "#5"},
				"up": {"uv": [3, 7, 4, 10], "rotation": 90, "texture": "#5"},
				"down": {"uv": [3, 7, 4, 10], "rotation": 90, "texture": "#5"}
			}
		},
		{
			"name": "nether_star_8",
			"from": [7.70313, 17.6825, 7.75],
			"to": [8.30313, 17.8825, 8.15],
			"rotation": {"angle": 0, "axis": "y", "origin": [8.31563, 15.8875, 7.95]},
			"faces": {
				"north": {"uv": [13, 7, 14, 10], "rotation": 270, "texture": "#5"},
				"east": {"uv": [14, 7, 13, 8], "rotation": 90, "texture": "#5"},
				"south": {"uv": [13, 10, 14, 7], "rotation": 270, "texture": "#5"},
				"west": {"uv": [13, 9, 14, 10], "rotation": 270, "texture": "#5"},
				"up": {"uv": [13, 7, 14, 10], "rotation": 90, "texture": "#5"},
				"down": {"uv": [13, 7, 14, 10], "rotation": 90, "texture": "#5"}
			}
		},
		{
			"name": "nether_star_9",
			"from": [7.90312, 15.4875, 7.75],
			"to": [8.10312, 15.6875, 8.15],
			"rotation": {"angle": 0, "axis": "y", "origin": [8.09688, 18.09063, 7.95]},
			"faces": {
				"north": {"uv": [2, 8, 3, 9], "rotation": 270, "texture": "#5"},
				"east": {"uv": [3, 8, 2, 9], "rotation": 90, "texture": "#5"},
				"south": {"uv": [2, 9, 3, 8], "rotation": 270, "texture": "#5"},
				"west": {"uv": [2, 8, 3, 9], "rotation": 270, "texture": "#5"},
				"up": {"uv": [2, 8, 3, 9], "rotation": 90, "texture": "#5"},
				"down": {"uv": [2, 8, 3, 9], "rotation": 90, "texture": "#5"}
			}
		},
		{
			"name": "nether_star_10",
			"from": [7.90312, 17.8825, 7.75],
			"to": [8.10312, 18.0825, 8.15],
			"rotation": {"angle": 0, "axis": "y", "origin": [8.00313, 15.68438, 7.95]},
			"faces": {
				"north": {"uv": [14, 8, 15, 9], "rotation": 270, "texture": "#5"},
				"east": {"uv": [15, 8, 14, 9], "rotation": 90, "texture": "#5"},
				"south": {"uv": [14, 9, 15, 8], "rotation": 270, "texture": "#5"},
				"west": {"uv": [14, 8, 15, 9], "rotation": 270, "texture": "#5"},
				"up": {"uv": [14, 8, 15, 9], "rotation": 90, "texture": "#5"},
				"down": {"uv": [14, 8, 15, 9], "rotation": 90, "texture": "#5"}
			}
		},
		{
			"from": [4.96875, 6.25, 5.28125],
			"to": [5.96875, 7.25, 6.28125],
			"rotation": {"angle": 22.5, "axis": "y", "origin": [5.46875, 6.75, 5.78125]},
			"faces": {
				"north": {"uv": [0, 0, 16, 16], "texture": "#4"},
				"east": {"uv": [0, 0, 16, 16], "texture": "#4"},
				"south": {"uv": [0, 0, 16, 16], "texture": "#4"},
				"west": {"uv": [0, 0, 16, 16], "texture": "#4"},
				"up": {"uv": [0, 0, 16, 16], "rotation": 180, "texture": "#4"},
				"down": {"uv": [0, 0, 16, 16], "rotation": 180, "texture": "#4"}
			}
		},
		{
			"from": [8, 8.46875, 4.39063],
			"to": [9, 9.46875, 5.39063],
			"rotation": {"angle": 22.5, "axis": "y", "origin": [8.5, 8.96875, 4.89063]},
			"faces": {
				"north": {"uv": [0, 0, 16, 16], "texture": "#6"},
				"east": {"uv": [0, 0, 16, 16], "texture": "#6"},
				"south": {"uv": [0, 0, 16, 16], "texture": "#6"},
				"west": {"uv": [0, 0, 16, 16], "texture": "#6"},
				"up": {"uv": [0, 0, 16, 16], "texture": "#6"},
				"down": {"uv": [0, 0, 16, 16], "texture": "#6"}
			}
		},
		{
			"from": [10.23438, 5.375, 5.29688],
			"to": [11.23438, 6.375, 6.29688],
			"rotation": {"angle": 0, "axis": "y", "origin": [10.73438, 5.875, 5.79688]},
			"faces": {
				"north": {"uv": [0, 0, 16, 16], "texture": "#7"},
				"east": {"uv": [0, 0, 16, 16], "texture": "#7"},
				"south": {"uv": [0, 0, 16, 16], "texture": "#7"},
				"west": {"uv": [0, 0, 16, 16], "texture": "#7"},
				"up": {"uv": [0, 0, 16, 16], "texture": "#7"},
				"down": {"uv": [0, 0, 16, 16], "texture": "#7"}
			}
		},
		{
			"from": [7.23438, 3.29688, 3.73438],
			"to": [8.23438, 4.29688, 4.73438],
			"rotation": {"angle": 22.5, "axis": "y", "origin": [7.73438, 3.79688, 4.23438]},
			"faces": {
				"north": {"uv": [0, 0, 16, 16], "texture": "#8"},
				"east": {"uv": [0, 0, 16, 16], "texture": "#8"},
				"south": {"uv": [0, 0, 16, 16], "texture": "#8"},
				"west": {"uv": [0, 0, 16, 16], "texture": "#8"},
				"up": {"uv": [0, 0, 16, 16], "texture": "#8"},
				"down": {"uv": [0, 0, 16, 16], "texture": "#8"}
			}
		},
		{
			"from": [5.45313, 10.85938, 6.29688],
			"to": [6.45313, 11.85938, 7.29688],
			"rotation": {"angle": 45, "axis": "y", "origin": [5.95313, 11.35938, 6.79688]},
			"faces": {
				"north": {"uv": [0, 0, 16, 16], "texture": "#8"},
				"east": {"uv": [0, 0, 16, 16], "texture": "#8"},
				"south": {"uv": [0, 0, 16, 16], "texture": "#8"},
				"west": {"uv": [0, 0, 16, 16], "texture": "#8"},
				"up": {"uv": [0, 0, 16, 16], "texture": "#8"},
				"down": {"uv": [0, 0, 16, 16], "texture": "#8"}
			}
		},
		{
			"from": [4.14063, 4.4375, 8.25],
			"to": [5.14063, 5.4375, 9.25],
			"rotation": {"angle": -22.5, "axis": "y", "origin": [4.64063, 4.9375, 8.75]},
			"faces": {
				"north": {"uv": [0, 0, 16, 16], "texture": "#9"},
				"east": {"uv": [0, 0, 16, 16], "texture": "#9"},
				"south": {"uv": [0, 0, 16, 16], "texture": "#9"},
				"west": {"uv": [0, 0, 16, 16], "texture": "#9"},
				"up": {"uv": [0, 0, 16, 16], "texture": "#9"},
				"down": {"uv": [0, 0, 16, 16], "texture": "#9"}
			}
		},
		{
			"from": [5.60938, 9.71875, 9.34375],
			"to": [6.60938, 10.71875, 10.34375],
			"rotation": {"angle": 22.5, "axis": "y", "origin": [6.10938, 10.21875, 9.84375]},
			"faces": {
				"north": {"uv": [0, 0, 16, 16], "texture": "#6"},
				"east": {"uv": [0, 0, 16, 16], "texture": "#6"},
				"south": {"uv": [0, 0, 16, 16], "texture": "#6"},
				"west": {"uv": [0, 0, 16, 16], "texture": "#6"},
				"up": {"uv": [0, 0, 16, 16], "texture": "#6"},
				"down": {"uv": [0, 0, 16, 16], "texture": "#6"}
			}
		},
		{
			"from": [5.98438, 5.53125, 10.48438],
			"to": [6.98438, 6.53125, 11.48438],
			"rotation": {"angle": 22.5, "axis": "y", "origin": [6.48438, 6.03125, 10.98438]},
			"faces": {
				"north": {"uv": [0, 0, 16, 16], "texture": "#7"},
				"east": {"uv": [0, 0, 16, 16], "texture": "#7"},
				"south": {"uv": [0, 0, 16, 16], "texture": "#7"},
				"west": {"uv": [0, 0, 16, 16], "texture": "#7"},
				"up": {"uv": [0, 0, 16, 16], "texture": "#7"},
				"down": {"uv": [0, 0, 16, 16], "texture": "#7"}
			}
		},
		{
			"from": [8.76563, 8.125, 10.04688],
			"to": [9.76563, 9.125, 11.04688],
			"rotation": {"angle": 0, "axis": "y", "origin": [9.26563, 8.625, 10.54688]},
			"faces": {
				"north": {"uv": [0, 0, 16, 16], "texture": "#8"},
				"east": {"uv": [0, 0, 16, 16], "texture": "#8"},
				"south": {"uv": [0, 0, 16, 16], "texture": "#8"},
				"west": {"uv": [0, 0, 16, 16], "texture": "#8"},
				"up": {"uv": [0, 0, 16, 16], "texture": "#8"},
				"down": {"uv": [0, 0, 16, 16], "texture": "#8"}
			}
		},
		{
			"from": [8.6875, 12.21875, 9.46875],
			"to": [9.6875, 13.21875, 10.46875],
			"rotation": {"angle": -22.5, "axis": "y", "origin": [9.1875, 12.71875, 9.96875]},
			"faces": {
				"north": {"uv": [0, 0, 16, 16], "texture": "#9"},
				"east": {"uv": [0, 0, 16, 16], "texture": "#9"},
				"south": {"uv": [0, 0, 16, 16], "texture": "#9"},
				"west": {"uv": [0, 0, 16, 16], "texture": "#9"},
				"up": {"uv": [0, 0, 16, 16], "texture": "#9"},
				"down": {"uv": [0, 0, 16, 16], "texture": "#9"}
			}
		},
		{
			"from": [11, 4.26563, 8.6875],
			"to": [12, 5.26563, 9.6875],
			"rotation": {"angle": 22.5, "axis": "y", "origin": [11.5, 4.76563, 9.1875]},
			"faces": {
				"north": {"uv": [0, 0, 16, 16], "texture": "#6"},
				"east": {"uv": [0, 0, 16, 16], "texture": "#6"},
				"south": {"uv": [0, 0, 16, 16], "texture": "#6"},
				"west": {"uv": [0, 0, 16, 16], "texture": "#6"},
				"up": {"uv": [0, 0, 16, 16], "texture": "#6"},
				"down": {"uv": [0, 0, 16, 16], "texture": "#6"}
			}
		},
		{
			"from": [9.85938, 9.95313, 6.34375],
			"to": [10.85938, 10.95313, 7.34375],
			"rotation": {"angle": -22.5, "axis": "y", "origin": [10.35938, 10.45313, 6.84375]},
			"faces": {
				"north": {"uv": [0, 0, 16, 16], "texture": "#4"},
				"east": {"uv": [0, 0, 16, 16], "texture": "#4"},
				"south": {"uv": [0, 0, 16, 16], "texture": "#4"},
				"west": {"uv": [0, 0, 16, 16], "texture": "#4"},
				"up": {"uv": [0, 0, 16, 16], "texture": "#4"},
				"down": {"uv": [0, 0, 16, 16], "texture": "#4"}
			}
		},
		{
			"from": [8.875, 3.82813, 10.92188],
			"to": [9.875, 4.82813, 11.92188],
			"rotation": {"angle": 0, "axis": "y", "origin": [9.375, 4.32813, 11.42188]},
			"faces": {
				"north": {"uv": [0, 0, 16, 16], "texture": "#4"},
				"east": {"uv": [0, 0, 16, 16], "texture": "#4"},
				"south": {"uv": [0, 0, 16, 16], "texture": "#4"},
				"west": {"uv": [0, 0, 16, 16], "texture": "#4"},
				"up": {"uv": [0, 0, 16, 16], "texture": "#4"},
				"down": {"uv": [0, 0, 16, 16], "texture": "#4"}
			}
		},
		{
			"from": [8.32813, 13.14063, 5.60938],
			"to": [9.32813, 14.14063, 6.60938],
			"rotation": {"angle": -22.5, "axis": "y", "origin": [8.82813, 13.64063, 6.10938]},
			"faces": {
				"north": {"uv": [0, 0, 16, 16], "texture": "#9"},
				"east": {"uv": [0, 0, 16, 16], "texture": "#9"},
				"south": {"uv": [0, 0, 16, 16], "texture": "#9"},
				"west": {"uv": [0, 0, 16, 16], "texture": "#9"},
				"up": {"uv": [0, 0, 16, 16], "texture": "#9"},
				"down": {"uv": [0, 0, 16, 16], "texture": "#9"}
			}
		}
	],
	"display": {
		"thirdperson_righthand": {
			"translation": [0, 3.75, 1.25],
			"scale": [0.5, 0.5, 0.5]
		},
		"thirdperson_lefthand": {
			"translation": [0, 3.75, 1.25],
			"scale": [0.5, 0.5, 0.5]
		},
		"firstperson_righthand": {
			"rotation": [17, -2.25, -16.5],
			"translation": [-0.25, 5.5, 1.75],
			"scale": [0.5, 0.5, 0.5]
		},
		"firstperson_lefthand": {
			"rotation": [17, -2.25, -16.5],
			"translation": [-0.25, 5.5, 1.75],
			"scale": [0.5, 0.5, 0.5]
		},
		"ground": {
			"translation": [0, 4.25, 0]
		},
		"gui": {
			"rotation": [-1.25, 8.25, -43],
			"translation": [-0.25, -0.5, 0],
			"scale": [0.8418, 0.8418, 0.8418]
		},
		"head": {
			"translation": [0, -1.5, 0],
			"scale": [4, 4, 4]
		},
		"fixed": {
			"translation": [0, -1, 0]
		}
	},
	"groups": [
		{
			"name": "miki",
			"origin": [8, 8, 8],
			"children": [
				{
					"name": "hexadecagon",
					"origin": [8, 8, 8],
					"children": [0, 1, 2, 3, 4, 5, 6, 7]
				}
			]
		},
		{
			"name": "happa",
			"origin": [8, 8, 8],
			"children": [
				{
					"name": "hexadecagon",
					"origin": [8, 8, 8],
					"children": [8, 9, 10, 11, 12, 13, 14, 15]
				},
				{
					"name": "hexadecagon",
					"origin": [8, 8, 8],
					"children": [16, 17, 18, 19, 20, 21, 22, 23]
				},
				{
					"name": "hexadecagon",
					"origin": [8, 8, 8],
					"children": [24, 25, 26, 27, 28, 29, 30, 31]
				},
				{
					"name": "hexadecagon",
					"origin": [8, 8, 8],
					"children": [32, 33, 34, 35, 36, 37, 38, 39]
				},
				{
					"name": "hexadecagon",
					"origin": [8, 8, 8],
					"children": [40, 41, 42, 43, 44, 45, 46, 47]
				},
				{
					"name": "hexadecagon",
					"origin": [8, 8, 8],
					"children": [48, 49, 50, 51, 52, 53, 54, 55]
				},
				{
					"name": "hexadecagon",
					"origin": [8, 8, 8],
					"children": [56, 57, 58, 59, 60, 61, 62, 63]
				},
				{
					"name": "hexadecagon",
					"origin": [8, 8, 8],
					"children": [64, 65, 66, 67, 68, 69, 70, 71]
				},
				{
					"name": "hexadecagon",
					"origin": [8, 8, 8],
					"children": [72, 73, 74, 75, 76, 77, 78, 79]
				},
				{
					"name": "hexadecagon",
					"origin": [8, 8, 8],
					"children": [80, 81, 82, 83, 84, 85, 86, 87]
				},
				{
					"name": "hexadecagon",
					"origin": [8, 8, 8],
					"children": [88, 89, 90, 91, 92, 93, 94, 95]
				},
				{
					"name": "hexadecagon",
					"origin": [8, 8, 8],
					"children": [96, 97, 98, 99, 100, 101, 102, 103]
				},
				{
					"name": "hexadecagon",
					"origin": [8, 8, 8],
					"children": [104, 105, 106, 107, 108, 109, 110, 111]
				},
				{
					"name": "hexadecagon",
					"origin": [8, 8, 8],
					"children": [112, 113, 114, 115, 116, 117, 118, 119]
				},
				{
					"name": "hexadecagon",
					"origin": [8, 8, 8],
					"children": [120, 121, 122, 123, 124, 125, 126, 127]
				},
				{
					"name": "hexadecagon",
					"origin": [8, 8, 8],
					"children": [128, 129, 130, 131, 132, 133, 134, 135]
				},
				{
					"name": "hexadecagon",
					"origin": [8, 8, 8],
					"children": [136, 137, 138, 139, 140, 141, 142, 143]
				},
				{
					"name": "hexadecagon",
					"origin": [8, 8, 8],
					"children": [144, 145, 146, 147, 148, 149, 150, 151]
				}
			]
		},
		{
			"name": "nether_star",
			"origin": [8, 8, 8],
			"children": [152, 153, 154, 155, 156, 157, 158, 159, 160, 161, 162]
		},
		{
			"name": "kazari",
			"origin": [8, 8, 8],
			"children": [163, 164, 165, 166, 167, 168, 169, 170, 171, 172, 173, 174, 175, 176]
		}
	]
}