{
	"credit": "Made with Blockbench",
	"textures": {
		"0": "block/green_concrete",
		"particle": "block/green_concrete"
	},
	"elements": [
		{
			"from": [0, 0, 0],
			"to": [0.15, 0.15, 0.15],
			"faces": {
				"north": {"uv": [0, 0, 16, 16], "texture": "#0"},
				"east": {"uv": [0, 0, 16, 16], "texture": "#0"},
				"south": {"uv": [0, 0, 16, 16], "texture": "#0"},
				"west": {"uv": [0, 0, 16, 16], "texture": "#0"},
				"up": {"uv": [0, 0, 16, 16], "texture": "#0"},
				"down": {"uv": [0, 0, 16, 16], "texture": "#0"}
			}
		}
	],
	"display": {
		"ground": {
			"translation": [0, 4.5, 0]
		},
		"head": {
			"translation": [31.5, 36.75, 31.75],
			"scale": [4, 4, 4]
		}
	}
}