{
	"credit": "Made with Blockbench",
	"ambientocclusion": false,
	"textures": {
		"0": "block/anvil",
		"1": "block/brown_wool",
		"2": "item/beef",
		"particle": "block/anvil"
	},
	"elements": [
		{
			"from": [8.01141, 7.5, 11.98859],
			"to": [11.19891, 8.5, 12.80109],
			"rotation": {"angle": 0, "axis": "y", "origin": [16.01141, 3.5, 15.98859]},
			"faces": {
				"north": {"uv": [0, 0, 8, 2], "texture": "#1"},
				"east": {"uv": [0, 0, 8, 2], "texture": "#1"},
				"south": {"uv": [0, 0, 8, 2], "texture": "#1"},
				"west": {"uv": [0, 0, 8, 2], "texture": "#1"},
				"up": {"uv": [0, 0, 8, 2], "texture": "#1"},
				"down": {"uv": [0, 0, 8, 2], "texture": "#1"}
			}
		},
		{
			"from": [8, 7.5, 8],
			"to": [12, 8.5, 12],
			"rotation": {"angle": 0, "axis": "y", "origin": [16, 3.5, 16]},
			"faces": {
				"north": {"uv": [0, 0, 8, 2], "texture": "#1"},
				"east": {"uv": [0, 0, 8, 2], "texture": "#1"},
				"south": {"uv": [0, 0, 8, 2], "texture": "#1"},
				"west": {"uv": [0, 0, 8, 2], "texture": "#1"},
				"up": {"uv": [0, 0, 8, 2], "texture": "#1"},
				"down": {"uv": [0, 0, 8, 2], "texture": "#1"}
			}
		},
		{
			"name": "hexadecagon",
			"from": [10.80109, 7.5, 11.80109],
			"to": [11.19891, 8.5, 12.80109],
			"rotation": {"angle": 22.5, "axis": "y", "origin": [11, 8, 11.80109]},
			"faces": {
				"north": {"uv": [0, 0, 1, 1], "texture": "#1"},
				"east": {"uv": [0, 0, 1, 1], "texture": "#1"},
				"south": {"uv": [0, 0, 1, 1], "texture": "#1"},
				"west": {"uv": [0, 0, 1, 1], "texture": "#1"},
				"up": {"uv": [0, 0, 1, 1], "texture": "#1"},
				"down": {"uv": [0, 0, 1, 1], "texture": "#1"}
			}
		},
		{
			"name": "hexadecagon",
			"from": [10.80109, 7.5, 11.80109],
			"to": [11.19891, 8.5, 12.80109],
			"rotation": {"angle": 45, "axis": "y", "origin": [11, 8, 11.80109]},
			"faces": {
				"north": {"uv": [0, 0, 1, 1], "texture": "#1"},
				"east": {"uv": [0, 0, 1, 1], "texture": "#1"},
				"south": {"uv": [0, 0, 1, 1], "texture": "#1"},
				"west": {"uv": [0, 0, 1, 1], "texture": "#1"},
				"up": {"uv": [0, 0, 1, 1], "texture": "#1"},
				"down": {"uv": [0, 0, 1, 1], "texture": "#1"}
			}
		},
		{
			"name": "hexadecagon",
			"from": [11, 7.5, 11.60218],
			"to": [12, 8.5, 12],
			"rotation": {"angle": -22.5, "axis": "y", "origin": [11, 8, 11.80109]},
			"faces": {
				"north": {"uv": [0, 0, 1, 1], "texture": "#1"},
				"east": {"uv": [0, 0, 1, 1], "texture": "#1"},
				"south": {"uv": [0, 0, 1, 1], "texture": "#1"},
				"west": {"uv": [0, 0, 1, 1], "texture": "#1"},
				"up": {"uv": [0, 0, 1, 1], "texture": "#1"},
				"down": {"uv": [0, 0, 1, 1], "texture": "#1"}
			}
		},
		{
			"from": [4.80109, 7.5, 11.98859],
			"to": [8.05109, 8.5, 12.80109],
			"rotation": {"angle": 0, "axis": "y", "origin": [-0.01141, 3.5, 15.98859]},
			"faces": {
				"north": {"uv": [0, 0, 8, 2], "texture": "#1"},
				"east": {"uv": [0, 0, 8, 2], "texture": "#1"},
				"south": {"uv": [0, 0, 8, 2], "texture": "#1"},
				"west": {"uv": [0, 0, 8, 2], "texture": "#1"},
				"up": {"uv": [0, 0, 8, 2], "texture": "#1"},
				"down": {"uv": [0, 0, 8, 2], "texture": "#1"}
			}
		},
		{
			"from": [4, 7.5, 8],
			"to": [8, 8.5, 12],
			"rotation": {"angle": 0, "axis": "y", "origin": [0, 3.5, 16]},
			"faces": {
				"north": {"uv": [0, 0, 8, 2], "texture": "#1"},
				"east": {"uv": [0, 0, 8, 2], "texture": "#1"},
				"south": {"uv": [0, 0, 8, 2], "texture": "#1"},
				"west": {"uv": [0, 0, 8, 2], "texture": "#1"},
				"up": {"uv": [0, 0, 8, 2], "texture": "#1"},
				"down": {"uv": [0, 0, 8, 2], "texture": "#1"}
			}
		},
		{
			"name": "hexadecagon",
			"from": [4.80109, 7.5, 11.80109],
			"to": [5.19891, 8.5, 12.80109],
			"rotation": {"angle": -22.5, "axis": "y", "origin": [5, 8, 11.80109]},
			"faces": {
				"north": {"uv": [0, 0, 1, 1], "texture": "#1"},
				"east": {"uv": [0, 0, 1, 1], "texture": "#1"},
				"south": {"uv": [0, 0, 1, 1], "texture": "#1"},
				"west": {"uv": [0, 0, 1, 1], "texture": "#1"},
				"up": {"uv": [0, 0, 1, 1], "texture": "#1"},
				"down": {"uv": [0, 0, 1, 1], "texture": "#1"}
			}
		},
		{
			"name": "hexadecagon",
			"from": [4.80109, 7.5, 11.80109],
			"to": [5.19891, 8.5, 12.80109],
			"rotation": {"angle": -45, "axis": "y", "origin": [5, 8, 11.80109]},
			"faces": {
				"north": {"uv": [0, 0, 1, 1], "texture": "#1"},
				"east": {"uv": [0, 0, 1, 1], "texture": "#1"},
				"south": {"uv": [0, 0, 1, 1], "texture": "#1"},
				"west": {"uv": [0, 0, 1, 1], "texture": "#1"},
				"up": {"uv": [0, 0, 1, 1], "texture": "#1"},
				"down": {"uv": [0, 0, 1, 1], "texture": "#1"}
			}
		},
		{
			"name": "hexadecagon",
			"from": [4, 7.5, 11.60218],
			"to": [5, 8.5, 12],
			"rotation": {"angle": 22.5, "axis": "y", "origin": [5, 8, 11.80109]},
			"faces": {
				"north": {"uv": [0, 0, 1, 1], "texture": "#1"},
				"east": {"uv": [0, 0, 1, 1], "texture": "#1"},
				"south": {"uv": [0, 0, 1, 1], "texture": "#1"},
				"west": {"uv": [0, 0, 1, 1], "texture": "#1"},
				"up": {"uv": [0, 0, 1, 1], "texture": "#1"},
				"down": {"uv": [0, 0, 1, 1], "texture": "#1"}
			}
		},
		{
			"from": [8.01141, 7.5, 3.19891],
			"to": [11.19891, 8.5, 4.01141],
			"rotation": {"angle": 0, "axis": "y", "origin": [16.01141, 3.5, 0.01141]},
			"faces": {
				"north": {"uv": [0, 0, 8, 2], "texture": "#1"},
				"east": {"uv": [0, 0, 8, 2], "texture": "#1"},
				"south": {"uv": [0, 0, 8, 2], "texture": "#1"},
				"west": {"uv": [0, 0, 8, 2], "texture": "#1"},
				"up": {"uv": [0, 0, 8, 2], "texture": "#1"},
				"down": {"uv": [0, 0, 8, 2], "texture": "#1"}
			}
		},
		{
			"from": [8, 7.5, 4],
			"to": [12, 8.5, 8],
			"rotation": {"angle": 0, "axis": "y", "origin": [16, 3.5, 0]},
			"faces": {
				"north": {"uv": [0, 0, 8, 2], "texture": "#1"},
				"east": {"uv": [0, 0, 8, 2], "texture": "#1"},
				"south": {"uv": [0, 0, 8, 2], "texture": "#1"},
				"west": {"uv": [0, 0, 8, 2], "texture": "#1"},
				"up": {"uv": [0, 0, 8, 2], "texture": "#1"},
				"down": {"uv": [0, 0, 8, 2], "texture": "#1"}
			}
		},
		{
			"name": "hexadecagon",
			"from": [10.80109, 7.5, 3.19891],
			"to": [11.19891, 8.5, 4.19891],
			"rotation": {"angle": -22.5, "axis": "y", "origin": [11, 8, 4.19891]},
			"faces": {
				"north": {"uv": [0, 0, 1, 1], "texture": "#1"},
				"east": {"uv": [0, 0, 1, 1], "texture": "#1"},
				"south": {"uv": [0, 0, 1, 1], "texture": "#1"},
				"west": {"uv": [0, 0, 1, 1], "texture": "#1"},
				"up": {"uv": [0, 0, 1, 1], "texture": "#1"},
				"down": {"uv": [0, 0, 1, 1], "texture": "#1"}
			}
		},
		{
			"name": "hexadecagon",
			"from": [10.80109, 7.5, 3.19891],
			"to": [11.19891, 8.5, 4.19891],
			"rotation": {"angle": -45, "axis": "y", "origin": [11, 8, 4.19891]},
			"faces": {
				"north": {"uv": [0, 0, 1, 1], "texture": "#1"},
				"east": {"uv": [0, 0, 1, 1], "texture": "#1"},
				"south": {"uv": [0, 0, 1, 1], "texture": "#1"},
				"west": {"uv": [0, 0, 1, 1], "texture": "#1"},
				"up": {"uv": [0, 0, 1, 1], "texture": "#1"},
				"down": {"uv": [0, 0, 1, 1], "texture": "#1"}
			}
		},
		{
			"name": "hexadecagon",
			"from": [11, 7.5, 4],
			"to": [12, 8.5, 4.39782],
			"rotation": {"angle": 22.5, "axis": "y", "origin": [11, 8, 4.19891]},
			"faces": {
				"north": {"uv": [0, 0, 1, 1], "texture": "#1"},
				"east": {"uv": [0, 0, 1, 1], "texture": "#1"},
				"south": {"uv": [0, 0, 1, 1], "texture": "#1"},
				"west": {"uv": [0, 0, 1, 1], "texture": "#1"},
				"up": {"uv": [0, 0, 1, 1], "texture": "#1"},
				"down": {"uv": [0, 0, 1, 1], "texture": "#1"}
			}
		},
		{
			"from": [4.80109, 7.5, 3.19891],
			"to": [8.05109, 8.5, 4.01141],
			"rotation": {"angle": 0, "axis": "y", "origin": [-0.01141, 3.5, 0.01141]},
			"faces": {
				"north": {"uv": [0, 0, 8, 2], "texture": "#1"},
				"east": {"uv": [0, 0, 8, 2], "texture": "#1"},
				"south": {"uv": [0, 0, 8, 2], "texture": "#1"},
				"west": {"uv": [0, 0, 8, 2], "texture": "#1"},
				"up": {"uv": [0, 0, 8, 2], "texture": "#1"},
				"down": {"uv": [0, 0, 8, 2], "texture": "#1"}
			}
		},
		{
			"from": [4, 7.5, 4],
			"to": [8, 8.5, 8],
			"rotation": {"angle": 0, "axis": "y", "origin": [0, 3.5, 0]},
			"faces": {
				"north": {"uv": [0, 0, 8, 2], "texture": "#1"},
				"east": {"uv": [0, 0, 8, 2], "texture": "#1"},
				"south": {"uv": [0, 0, 8, 2], "texture": "#1"},
				"west": {"uv": [0, 0, 8, 2], "texture": "#1"},
				"up": {"uv": [0, 0, 8, 2], "texture": "#1"},
				"down": {"uv": [0, 0, 8, 2], "texture": "#1"}
			}
		},
		{
			"name": "hexadecagon",
			"from": [4.80109, 7.5, 3.19891],
			"to": [5.19891, 8.5, 4.19891],
			"rotation": {"angle": 22.5, "axis": "y", "origin": [5, 8, 4.19891]},
			"faces": {
				"north": {"uv": [0, 0, 1, 1], "texture": "#1"},
				"east": {"uv": [0, 0, 1, 1], "texture": "#1"},
				"south": {"uv": [0, 0, 1, 1], "texture": "#1"},
				"west": {"uv": [0, 0, 1, 1], "texture": "#1"},
				"up": {"uv": [0, 0, 1, 1], "texture": "#1"},
				"down": {"uv": [0, 0, 1, 1], "texture": "#1"}
			}
		},
		{
			"name": "hexadecagon",
			"from": [4.80109, 7.5, 3.19891],
			"to": [5.19891, 8.5, 4.19891],
			"rotation": {"angle": 45, "axis": "y", "origin": [5, 8, 4.19891]},
			"faces": {
				"north": {"uv": [0, 0, 1, 1], "texture": "#1"},
				"east": {"uv": [0, 0, 1, 1], "texture": "#1"},
				"south": {"uv": [0, 0, 1, 1], "texture": "#1"},
				"west": {"uv": [0, 0, 1, 1], "texture": "#1"},
				"up": {"uv": [0, 0, 1, 1], "texture": "#1"},
				"down": {"uv": [0, 0, 1, 1], "texture": "#1"}
			}
		},
		{
			"name": "hexadecagon",
			"from": [4, 7.5, 4],
			"to": [5, 8.5, 4.39782],
			"rotation": {"angle": -22.5, "axis": "y", "origin": [5, 8, 4.19891]},
			"faces": {
				"north": {"uv": [0, 0, 1, 1], "texture": "#1"},
				"east": {"uv": [0, 0, 1, 1], "texture": "#1"},
				"south": {"uv": [0, 0, 1, 1], "texture": "#1"},
				"west": {"uv": [0, 0, 1, 1], "texture": "#1"},
				"up": {"uv": [0, 0, 1, 1], "texture": "#1"},
				"down": {"uv": [0, 0, 1, 1], "texture": "#1"}
			}
		},
		{
			"from": [4.80109, 8.375, 3.32391],
			"to": [8.05109, 8.625, 4.01141],
			"rotation": {"angle": 0, "axis": "y", "origin": [-0.01141, 3.625, 0.01141]},
			"faces": {
				"north": {"uv": [0, 0, 8, 2], "texture": "#1"},
				"east": {"uv": [0, 0, 8, 2], "texture": "#1"},
				"south": {"uv": [0, 0, 8, 2], "texture": "#1"},
				"west": {"uv": [0, 0, 8, 2], "texture": "#1"},
				"up": {"uv": [0, 0, 8, 2], "texture": "#1"},
				"down": {"uv": [0, 0, 8, 2], "texture": "#1"}
			}
		},
		{
			"name": "hexadecagon",
			"from": [4.81575, 8.375, 3.33343],
			"to": [5.15108, 8.625, 4.20843],
			"rotation": {"angle": 22.5, "axis": "y", "origin": [4.95216, 8.125, 4.20843]},
			"faces": {
				"north": {"uv": [0, 0, 1, 1], "texture": "#1"},
				"east": {"uv": [0, 0, 1, 1], "texture": "#1"},
				"south": {"uv": [0, 0, 1, 1], "texture": "#1"},
				"west": {"uv": [0, 0, 1, 1], "texture": "#1"},
				"up": {"uv": [0, 0, 1, 1], "texture": "#1"},
				"down": {"uv": [0, 0, 1, 1], "texture": "#1"}
			}
		},
		{
			"name": "hexadecagon",
			"from": [4.81378, 8.375, 3.29327],
			"to": [5.14911, 8.625, 4.16827],
			"rotation": {"angle": 45, "axis": "y", "origin": [5.01269, 8.125, 4.16827]},
			"faces": {
				"north": {"uv": [0, 0, 1, 1], "texture": "#1"},
				"east": {"uv": [0, 0, 1, 1], "texture": "#1"},
				"south": {"uv": [0, 0, 1, 1], "texture": "#1"},
				"west": {"uv": [0, 0, 1, 1], "texture": "#1"},
				"up": {"uv": [0, 0, 1, 1], "texture": "#1"},
				"down": {"uv": [0, 0, 1, 1], "texture": "#1"}
			}
		},
		{
			"name": "hexadecagon",
			"from": [4.13452, 8.375, 4.01466],
			"to": [5.00952, 8.625, 4.34999],
			"rotation": {"angle": -22.5, "axis": "y", "origin": [5.00952, 8.125, 4.15108]},
			"faces": {
				"north": {"uv": [0, 0, 1, 1], "texture": "#1"},
				"east": {"uv": [0, 0, 1, 1], "texture": "#1"},
				"south": {"uv": [0, 0, 1, 1], "texture": "#1"},
				"west": {"uv": [0, 0, 1, 1], "texture": "#1"},
				"up": {"uv": [0, 0, 1, 1], "texture": "#1"},
				"down": {"uv": [0, 0, 1, 1], "texture": "#1"}
			}
		},
		{
			"from": [4.125, 8.375, 4],
			"to": [8, 8.625, 8],
			"rotation": {"angle": 0, "axis": "y", "origin": [0, 3.625, 0]},
			"faces": {
				"north": {"uv": [0, 0, 8, 2], "texture": "#1"},
				"east": {"uv": [0, 0, 8, 2], "texture": "#1"},
				"south": {"uv": [0, 0, 8, 2], "texture": "#1"},
				"west": {"uv": [0, 0, 8, 2], "texture": "#1"},
				"up": {"uv": [0, 0, 8, 2], "texture": "#1"},
				"down": {"uv": [0, 0, 8, 2], "texture": "#1"}
			}
		},
		{
			"from": [7.94891, 8.375, 3.32391],
			"to": [11.19891, 8.625, 4.01141],
			"rotation": {"angle": 0, "axis": "y", "origin": [16.01141, 3.625, 0.01141]},
			"faces": {
				"north": {"uv": [0, 0, 8, 2], "texture": "#1"},
				"east": {"uv": [0, 0, 8, 2], "texture": "#1"},
				"south": {"uv": [0, 0, 8, 2], "texture": "#1"},
				"west": {"uv": [0, 0, 8, 2], "texture": "#1"},
				"up": {"uv": [0, 0, 8, 2], "texture": "#1"},
				"down": {"uv": [0, 0, 8, 2], "texture": "#1"}
			}
		},
		{
			"name": "hexadecagon",
			"from": [10.84892, 8.375, 3.33343],
			"to": [11.18425, 8.625, 4.20843],
			"rotation": {"angle": -22.5, "axis": "y", "origin": [11.04784, 8.125, 4.20843]},
			"faces": {
				"north": {"uv": [0, 0, 1, 1], "texture": "#1"},
				"east": {"uv": [0, 0, 1, 1], "texture": "#1"},
				"south": {"uv": [0, 0, 1, 1], "texture": "#1"},
				"west": {"uv": [0, 0, 1, 1], "texture": "#1"},
				"up": {"uv": [0, 0, 1, 1], "texture": "#1"},
				"down": {"uv": [0, 0, 1, 1], "texture": "#1"}
			}
		},
		{
			"name": "hexadecagon",
			"from": [10.85089, 8.375, 3.29327],
			"to": [11.18622, 8.625, 4.16827],
			"rotation": {"angle": -45, "axis": "y", "origin": [10.98731, 8.125, 4.16827]},
			"faces": {
				"north": {"uv": [0, 0, 1, 1], "texture": "#1"},
				"east": {"uv": [0, 0, 1, 1], "texture": "#1"},
				"south": {"uv": [0, 0, 1, 1], "texture": "#1"},
				"west": {"uv": [0, 0, 1, 1], "texture": "#1"},
				"up": {"uv": [0, 0, 1, 1], "texture": "#1"},
				"down": {"uv": [0, 0, 1, 1], "texture": "#1"}
			}
		},
		{
			"name": "hexadecagon",
			"from": [10.99048, 8.375, 4.01466],
			"to": [11.86548, 8.625, 4.34999],
			"rotation": {"angle": 22.5, "axis": "y", "origin": [10.99048, 8.125, 4.15108]},
			"faces": {
				"north": {"uv": [0, 0, 1, 1], "texture": "#1"},
				"east": {"uv": [0, 0, 1, 1], "texture": "#1"},
				"south": {"uv": [0, 0, 1, 1], "texture": "#1"},
				"west": {"uv": [0, 0, 1, 1], "texture": "#1"},
				"up": {"uv": [0, 0, 1, 1], "texture": "#1"},
				"down": {"uv": [0, 0, 1, 1], "texture": "#1"}
			}
		},
		{
			"from": [8, 8.375, 4],
			"to": [11.875, 8.625, 8],
			"rotation": {"angle": 0, "axis": "y", "origin": [16, 3.625, 0]},
			"faces": {
				"north": {"uv": [0, 0, 8, 2], "texture": "#1"},
				"east": {"uv": [0, 0, 8, 2], "texture": "#1"},
				"south": {"uv": [0, 0, 8, 2], "texture": "#1"},
				"west": {"uv": [0, 0, 8, 2], "texture": "#1"},
				"up": {"uv": [0, 0, 8, 2], "texture": "#1"},
				"down": {"uv": [0, 0, 8, 2], "texture": "#1"}
			}
		},
		{
			"from": [4.80109, 8.375, 11.98859],
			"to": [8.05109, 8.625, 12.67609],
			"rotation": {"angle": 0, "axis": "y", "origin": [-0.01141, 3.625, 15.98859]},
			"faces": {
				"north": {"uv": [0, 0, 8, 2], "texture": "#1"},
				"east": {"uv": [0, 0, 8, 2], "texture": "#1"},
				"south": {"uv": [0, 0, 8, 2], "texture": "#1"},
				"west": {"uv": [0, 0, 8, 2], "texture": "#1"},
				"up": {"uv": [0, 0, 8, 2], "texture": "#1"},
				"down": {"uv": [0, 0, 8, 2], "texture": "#1"}
			}
		},
		{
			"name": "hexadecagon",
			"from": [4.81575, 8.375, 11.79157],
			"to": [5.15108, 8.625, 12.66657],
			"rotation": {"angle": -22.5, "axis": "y", "origin": [4.95216, 8.125, 11.79157]},
			"faces": {
				"north": {"uv": [0, 0, 1, 1], "texture": "#1"},
				"east": {"uv": [0, 0, 1, 1], "texture": "#1"},
				"south": {"uv": [0, 0, 1, 1], "texture": "#1"},
				"west": {"uv": [0, 0, 1, 1], "texture": "#1"},
				"up": {"uv": [0, 0, 1, 1], "texture": "#1"},
				"down": {"uv": [0, 0, 1, 1], "texture": "#1"}
			}
		},
		{
			"name": "hexadecagon",
			"from": [4.81378, 8.375, 11.83173],
			"to": [5.14911, 8.625, 12.70673],
			"rotation": {"angle": -45, "axis": "y", "origin": [5.01269, 8.125, 11.83173]},
			"faces": {
				"north": {"uv": [0, 0, 1, 1], "texture": "#1"},
				"east": {"uv": [0, 0, 1, 1], "texture": "#1"},
				"south": {"uv": [0, 0, 1, 1], "texture": "#1"},
				"west": {"uv": [0, 0, 1, 1], "texture": "#1"},
				"up": {"uv": [0, 0, 1, 1], "texture": "#1"},
				"down": {"uv": [0, 0, 1, 1], "texture": "#1"}
			}
		},
		{
			"name": "hexadecagon",
			"from": [4.13452, 8.375, 11.65001],
			"to": [5.00952, 8.625, 11.98534],
			"rotation": {"angle": 22.5, "axis": "y", "origin": [5.00952, 8.125, 11.84892]},
			"faces": {
				"north": {"uv": [0, 0, 1, 1], "texture": "#1"},
				"east": {"uv": [0, 0, 1, 1], "texture": "#1"},
				"south": {"uv": [0, 0, 1, 1], "texture": "#1"},
				"west": {"uv": [0, 0, 1, 1], "texture": "#1"},
				"up": {"uv": [0, 0, 1, 1], "texture": "#1"},
				"down": {"uv": [0, 0, 1, 1], "texture": "#1"}
			}
		},
		{
			"from": [4.125, 8.375, 8],
			"to": [8, 8.625, 12],
			"rotation": {"angle": 0, "axis": "y", "origin": [0, 3.625, 16]},
			"faces": {
				"north": {"uv": [0, 0, 8, 2], "texture": "#1"},
				"east": {"uv": [0, 0, 8, 2], "texture": "#1"},
				"south": {"uv": [0, 0, 8, 2], "texture": "#1"},
				"west": {"uv": [0, 0, 8, 2], "texture": "#1"},
				"up": {"uv": [0, 0, 8, 2], "texture": "#1"},
				"down": {"uv": [0, 0, 8, 2], "texture": "#1"}
			}
		},
		{
			"from": [7.94891, 8.375, 11.98859],
			"to": [11.19891, 8.625, 12.67609],
			"rotation": {"angle": 0, "axis": "y", "origin": [16.01141, 3.625, 15.98859]},
			"faces": {
				"north": {"uv": [0, 0, 8, 2], "texture": "#1"},
				"east": {"uv": [0, 0, 8, 2], "texture": "#1"},
				"south": {"uv": [0, 0, 8, 2], "texture": "#1"},
				"west": {"uv": [0, 0, 8, 2], "texture": "#1"},
				"up": {"uv": [0, 0, 8, 2], "texture": "#1"},
				"down": {"uv": [0, 0, 8, 2], "texture": "#1"}
			}
		},
		{
			"name": "hexadecagon",
			"from": [10.84892, 8.375, 11.79157],
			"to": [11.18425, 8.625, 12.66657],
			"rotation": {"angle": 22.5, "axis": "y", "origin": [11.04784, 8.125, 11.79157]},
			"faces": {
				"north": {"uv": [0, 0, 1, 1], "texture": "#1"},
				"east": {"uv": [0, 0, 1, 1], "texture": "#1"},
				"south": {"uv": [0, 0, 1, 1], "texture": "#1"},
				"west": {"uv": [0, 0, 1, 1], "texture": "#1"},
				"up": {"uv": [0, 0, 1, 1], "texture": "#1"},
				"down": {"uv": [0, 0, 1, 1], "texture": "#1"}
			}
		},
		{
			"name": "hexadecagon",
			"from": [10.85089, 8.375, 11.83173],
			"to": [11.18622, 8.625, 12.70673],
			"rotation": {"angle": 45, "axis": "y", "origin": [10.98731, 8.125, 11.83173]},
			"faces": {
				"north": {"uv": [0, 0, 1, 1], "texture": "#1"},
				"east": {"uv": [0, 0, 1, 1], "texture": "#1"},
				"south": {"uv": [0, 0, 1, 1], "texture": "#1"},
				"west": {"uv": [0, 0, 1, 1], "texture": "#1"},
				"up": {"uv": [0, 0, 1, 1], "texture": "#1"},
				"down": {"uv": [0, 0, 1, 1], "texture": "#1"}
			}
		},
		{
			"name": "hexadecagon",
			"from": [10.99048, 8.375, 11.65001],
			"to": [11.86548, 8.625, 11.98534],
			"rotation": {"angle": -22.5, "axis": "y", "origin": [10.99048, 8.125, 11.84892]},
			"faces": {
				"north": {"uv": [0, 0, 1, 1], "texture": "#1"},
				"east": {"uv": [0, 0, 1, 1], "texture": "#1"},
				"south": {"uv": [0, 0, 1, 1], "texture": "#1"},
				"west": {"uv": [0, 0, 1, 1], "texture": "#1"},
				"up": {"uv": [0, 0, 1, 1], "texture": "#1"},
				"down": {"uv": [0, 0, 1, 1], "texture": "#1"}
			}
		},
		{
			"from": [8, 8.375, 8],
			"to": [11.875, 8.625, 12],
			"rotation": {"angle": 0, "axis": "y", "origin": [16, 3.625, 16]},
			"faces": {
				"north": {"uv": [0, 0, 8, 2], "texture": "#1"},
				"east": {"uv": [0, 0, 8, 2], "texture": "#1"},
				"south": {"uv": [0, 0, 8, 2], "texture": "#1"},
				"west": {"uv": [0, 0, 8, 2], "texture": "#1"},
				"up": {"uv": [0, 0, 8, 2], "texture": "#1"},
				"down": {"uv": [0, 0, 8, 2], "texture": "#1"}
			}
		},
		{
			"from": [4.80109, 7.375, 3.32391],
			"to": [8.05109, 7.625, 4.01141],
			"rotation": {"angle": 0, "axis": "y", "origin": [-0.01141, 2.625, 0.01141]},
			"faces": {
				"north": {"uv": [0, 0, 8, 2], "texture": "#1"},
				"east": {"uv": [0, 0, 8, 2], "texture": "#1"},
				"south": {"uv": [0, 0, 8, 2], "texture": "#1"},
				"west": {"uv": [0, 0, 8, 2], "texture": "#1"},
				"up": {"uv": [0, 0, 8, 2], "texture": "#1"},
				"down": {"uv": [0, 0, 8, 2], "texture": "#1"}
			}
		},
		{
			"name": "hexadecagon",
			"from": [4.81575, 7.375, 3.33343],
			"to": [5.15108, 7.625, 4.20843],
			"rotation": {"angle": 22.5, "axis": "y", "origin": [4.95216, 7.125, 4.20843]},
			"faces": {
				"north": {"uv": [0, 0, 1, 1], "texture": "#1"},
				"east": {"uv": [0, 0, 1, 1], "texture": "#1"},
				"south": {"uv": [0, 0, 1, 1], "texture": "#1"},
				"west": {"uv": [0, 0, 1, 1], "texture": "#1"},
				"up": {"uv": [0, 0, 1, 1], "texture": "#1"},
				"down": {"uv": [0, 0, 1, 1], "texture": "#1"}
			}
		},
		{
			"name": "hexadecagon",
			"from": [4.81378, 7.375, 3.29327],
			"to": [5.14911, 7.625, 4.16827],
			"rotation": {"angle": 45, "axis": "y", "origin": [5.01269, 7.125, 4.16827]},
			"faces": {
				"north": {"uv": [0, 0, 1, 1], "texture": "#1"},
				"east": {"uv": [0, 0, 1, 1], "texture": "#1"},
				"south": {"uv": [0, 0, 1, 1], "texture": "#1"},
				"west": {"uv": [0, 0, 1, 1], "texture": "#1"},
				"up": {"uv": [0, 0, 1, 1], "texture": "#1"},
				"down": {"uv": [0, 0, 1, 1], "texture": "#1"}
			}
		},
		{
			"name": "hexadecagon",
			"from": [4.13452, 7.375, 4.01466],
			"to": [5.00952, 7.625, 4.34999],
			"rotation": {"angle": -22.5, "axis": "y", "origin": [5.00952, 7.125, 4.15108]},
			"faces": {
				"north": {"uv": [0, 0, 1, 1], "texture": "#1"},
				"east": {"uv": [0, 0, 1, 1], "texture": "#1"},
				"south": {"uv": [0, 0, 1, 1], "texture": "#1"},
				"west": {"uv": [0, 0, 1, 1], "texture": "#1"},
				"up": {"uv": [0, 0, 1, 1], "texture": "#1"},
				"down": {"uv": [0, 0, 1, 1], "texture": "#1"}
			}
		},
		{
			"from": [4.125, 7.375, 4],
			"to": [8, 7.625, 8],
			"rotation": {"angle": 0, "axis": "y", "origin": [0, 2.625, 0]},
			"faces": {
				"north": {"uv": [0, 0, 8, 2], "texture": "#1"},
				"east": {"uv": [0, 0, 8, 2], "texture": "#1"},
				"south": {"uv": [0, 0, 8, 2], "texture": "#1"},
				"west": {"uv": [0, 0, 8, 2], "texture": "#1"},
				"up": {"uv": [0, 0, 8, 2], "texture": "#1"},
				"down": {"uv": [0, 0, 8, 2], "texture": "#1"}
			}
		},
		{
			"from": [7.94891, 7.375, 3.32391],
			"to": [11.19891, 7.625, 4.01141],
			"rotation": {"angle": 0, "axis": "y", "origin": [16.01141, 2.625, 0.01141]},
			"faces": {
				"north": {"uv": [0, 0, 8, 2], "texture": "#1"},
				"east": {"uv": [0, 0, 8, 2], "texture": "#1"},
				"south": {"uv": [0, 0, 8, 2], "texture": "#1"},
				"west": {"uv": [0, 0, 8, 2], "texture": "#1"},
				"up": {"uv": [0, 0, 8, 2], "texture": "#1"},
				"down": {"uv": [0, 0, 8, 2], "texture": "#1"}
			}
		},
		{
			"name": "hexadecagon",
			"from": [10.84892, 7.375, 3.33343],
			"to": [11.18425, 7.625, 4.20843],
			"rotation": {"angle": -22.5, "axis": "y", "origin": [11.04784, 7.125, 4.20843]},
			"faces": {
				"north": {"uv": [0, 0, 1, 1], "texture": "#1"},
				"east": {"uv": [0, 0, 1, 1], "texture": "#1"},
				"south": {"uv": [0, 0, 1, 1], "texture": "#1"},
				"west": {"uv": [0, 0, 1, 1], "texture": "#1"},
				"up": {"uv": [0, 0, 1, 1], "texture": "#1"},
				"down": {"uv": [0, 0, 1, 1], "texture": "#1"}
			}
		},
		{
			"name": "hexadecagon",
			"from": [10.85089, 7.375, 3.29327],
			"to": [11.18622, 7.625, 4.16827],
			"rotation": {"angle": -45, "axis": "y", "origin": [10.98731, 7.125, 4.16827]},
			"faces": {
				"north": {"uv": [0, 0, 1, 1], "texture": "#1"},
				"east": {"uv": [0, 0, 1, 1], "texture": "#1"},
				"south": {"uv": [0, 0, 1, 1], "texture": "#1"},
				"west": {"uv": [0, 0, 1, 1], "texture": "#1"},
				"up": {"uv": [0, 0, 1, 1], "texture": "#1"},
				"down": {"uv": [0, 0, 1, 1], "texture": "#1"}
			}
		},
		{
			"name": "hexadecagon",
			"from": [10.99048, 7.375, 4.01466],
			"to": [11.86548, 7.625, 4.34999],
			"rotation": {"angle": 22.5, "axis": "y", "origin": [10.99048, 7.125, 4.15108]},
			"faces": {
				"north": {"uv": [0, 0, 1, 1], "texture": "#1"},
				"east": {"uv": [0, 0, 1, 1], "texture": "#1"},
				"south": {"uv": [0, 0, 1, 1], "texture": "#1"},
				"west": {"uv": [0, 0, 1, 1], "texture": "#1"},
				"up": {"uv": [0, 0, 1, 1], "texture": "#1"},
				"down": {"uv": [0, 0, 1, 1], "texture": "#1"}
			}
		},
		{
			"from": [8, 7.375, 4],
			"to": [11.875, 7.625, 8],
			"rotation": {"angle": 0, "axis": "y", "origin": [16, 2.625, 0]},
			"faces": {
				"north": {"uv": [0, 0, 8, 2], "texture": "#1"},
				"east": {"uv": [0, 0, 8, 2], "texture": "#1"},
				"south": {"uv": [0, 0, 8, 2], "texture": "#1"},
				"west": {"uv": [0, 0, 8, 2], "texture": "#1"},
				"up": {"uv": [0, 0, 8, 2], "texture": "#1"},
				"down": {"uv": [0, 0, 8, 2], "texture": "#1"}
			}
		},
		{
			"from": [4.80109, 7.375, 11.98859],
			"to": [8.05109, 7.625, 12.67609],
			"rotation": {"angle": 0, "axis": "y", "origin": [-0.01141, 2.625, 15.98859]},
			"faces": {
				"north": {"uv": [0, 0, 8, 2], "texture": "#1"},
				"east": {"uv": [0, 0, 8, 2], "texture": "#1"},
				"south": {"uv": [0, 0, 8, 2], "texture": "#1"},
				"west": {"uv": [0, 0, 8, 2], "texture": "#1"},
				"up": {"uv": [0, 0, 8, 2], "texture": "#1"},
				"down": {"uv": [0, 0, 8, 2], "texture": "#1"}
			}
		},
		{
			"name": "hexadecagon",
			"from": [4.81575, 7.375, 11.79157],
			"to": [5.15108, 7.625, 12.66657],
			"rotation": {"angle": -22.5, "axis": "y", "origin": [4.95216, 7.125, 11.79157]},
			"faces": {
				"north": {"uv": [0, 0, 1, 1], "texture": "#1"},
				"east": {"uv": [0, 0, 1, 1], "texture": "#1"},
				"south": {"uv": [0, 0, 1, 1], "texture": "#1"},
				"west": {"uv": [0, 0, 1, 1], "texture": "#1"},
				"up": {"uv": [0, 0, 1, 1], "texture": "#1"},
				"down": {"uv": [0, 0, 1, 1], "texture": "#1"}
			}
		},
		{
			"name": "hexadecagon",
			"from": [4.81378, 7.375, 11.83173],
			"to": [5.14911, 7.625, 12.70673],
			"rotation": {"angle": -45, "axis": "y", "origin": [5.01269, 7.125, 11.83173]},
			"faces": {
				"north": {"uv": [0, 0, 1, 1], "texture": "#1"},
				"east": {"uv": [0, 0, 1, 1], "texture": "#1"},
				"south": {"uv": [0, 0, 1, 1], "texture": "#1"},
				"west": {"uv": [0, 0, 1, 1], "texture": "#1"},
				"up": {"uv": [0, 0, 1, 1], "texture": "#1"},
				"down": {"uv": [0, 0, 1, 1], "texture": "#1"}
			}
		},
		{
			"name": "hexadecagon",
			"from": [4.13452, 7.375, 11.65001],
			"to": [5.00952, 7.625, 11.98534],
			"rotation": {"angle": 22.5, "axis": "y", "origin": [5.00952, 7.125, 11.84892]},
			"faces": {
				"north": {"uv": [0, 0, 1, 1], "texture": "#1"},
				"east": {"uv": [0, 0, 1, 1], "texture": "#1"},
				"south": {"uv": [0, 0, 1, 1], "texture": "#1"},
				"west": {"uv": [0, 0, 1, 1], "texture": "#1"},
				"up": {"uv": [0, 0, 1, 1], "texture": "#1"},
				"down": {"uv": [0, 0, 1, 1], "texture": "#1"}
			}
		},
		{
			"from": [4.125, 7.375, 8],
			"to": [8, 7.625, 12],
			"rotation": {"angle": 0, "axis": "y", "origin": [0, 2.625, 16]},
			"faces": {
				"north": {"uv": [0, 0, 8, 2], "texture": "#1"},
				"east": {"uv": [0, 0, 8, 2], "texture": "#1"},
				"south": {"uv": [0, 0, 8, 2], "texture": "#1"},
				"west": {"uv": [0, 0, 8, 2], "texture": "#1"},
				"up": {"uv": [0, 0, 8, 2], "texture": "#1"},
				"down": {"uv": [0, 0, 8, 2], "texture": "#1"}
			}
		},
		{
			"from": [7.94891, 7.375, 11.98859],
			"to": [11.19891, 7.625, 12.67609],
			"rotation": {"angle": 0, "axis": "y", "origin": [16.01141, 2.625, 15.98859]},
			"faces": {
				"north": {"uv": [0, 0, 8, 2], "texture": "#1"},
				"east": {"uv": [0, 0, 8, 2], "texture": "#1"},
				"south": {"uv": [0, 0, 8, 2], "texture": "#1"},
				"west": {"uv": [0, 0, 8, 2], "texture": "#1"},
				"up": {"uv": [0, 0, 8, 2], "texture": "#1"},
				"down": {"uv": [0, 0, 8, 2], "texture": "#1"}
			}
		},
		{
			"name": "hexadecagon",
			"from": [10.84892, 7.375, 11.79157],
			"to": [11.18425, 7.625, 12.66657],
			"rotation": {"angle": 22.5, "axis": "y", "origin": [11.04784, 7.125, 11.79157]},
			"faces": {
				"north": {"uv": [0, 0, 1, 1], "texture": "#1"},
				"east": {"uv": [0, 0, 1, 1], "texture": "#1"},
				"south": {"uv": [0, 0, 1, 1], "texture": "#1"},
				"west": {"uv": [0, 0, 1, 1], "texture": "#1"},
				"up": {"uv": [0, 0, 1, 1], "texture": "#1"},
				"down": {"uv": [0, 0, 1, 1], "texture": "#1"}
			}
		},
		{
			"name": "hexadecagon",
			"from": [10.85089, 7.375, 11.83173],
			"to": [11.18622, 7.625, 12.70673],
			"rotation": {"angle": 45, "axis": "y", "origin": [10.98731, 7.125, 11.83173]},
			"faces": {
				"north": {"uv": [0, 0, 1, 1], "texture": "#1"},
				"east": {"uv": [0, 0, 1, 1], "texture": "#1"},
				"south": {"uv": [0, 0, 1, 1], "texture": "#1"},
				"west": {"uv": [0, 0, 1, 1], "texture": "#1"},
				"up": {"uv": [0, 0, 1, 1], "texture": "#1"},
				"down": {"uv": [0, 0, 1, 1], "texture": "#1"}
			}
		},
		{
			"name": "hexadecagon",
			"from": [10.99048, 7.375, 11.65001],
			"to": [11.86548, 7.625, 11.98534],
			"rotation": {"angle": -22.5, "axis": "y", "origin": [10.99048, 7.125, 11.84892]},
			"faces": {
				"north": {"uv": [0, 0, 1, 1], "texture": "#1"},
				"east": {"uv": [0, 0, 1, 1], "texture": "#1"},
				"south": {"uv": [0, 0, 1, 1], "texture": "#1"},
				"west": {"uv": [0, 0, 1, 1], "texture": "#1"},
				"up": {"uv": [0, 0, 1, 1], "texture": "#1"},
				"down": {"uv": [0, 0, 1, 1], "texture": "#1"}
			}
		},
		{
			"from": [8, 7.375, 8],
			"to": [11.875, 7.625, 12],
			"rotation": {"angle": 0, "axis": "y", "origin": [16, 2.625, 16]},
			"faces": {
				"north": {"uv": [0, 0, 8, 2], "texture": "#1"},
				"east": {"uv": [0, 0, 8, 2], "texture": "#1"},
				"south": {"uv": [0, 0, 8, 2], "texture": "#1"},
				"west": {"uv": [0, 0, 8, 2], "texture": "#1"},
				"up": {"uv": [0, 0, 8, 2], "texture": "#1"},
				"down": {"uv": [0, 0, 8, 2], "texture": "#1"}
			}
		},
		{
			"from": [4.80109, 8.5, 3.57391],
			"to": [8.05109, 8.75, 4.13641],
			"rotation": {"angle": 0, "axis": "y", "origin": [-0.01141, 3.75, 0.13641]},
			"faces": {
				"north": {"uv": [0, 0, 1, 1], "texture": "#1"},
				"east": {"uv": [0, 0, 1, 1], "texture": "#1"},
				"south": {"uv": [0, 0, 1, 1], "texture": "#1"},
				"west": {"uv": [0, 0, 1, 1], "texture": "#1"},
				"up": {"uv": [0, 0, 8, 2], "texture": "#1"},
				"down": {"uv": [0, 0, 8, 2], "texture": "#1"}
			}
		},
		{
			"name": "hexadecagon",
			"from": [4.83042, 8.5, 3.59294],
			"to": [5.10324, 8.75, 4.34294],
			"rotation": {"angle": 22.5, "axis": "y", "origin": [4.90433, 8.25, 4.34294]},
			"faces": {
				"north": {"uv": [0, 0, 1, 1], "texture": "#1"},
				"east": {"uv": [0, 0, 1, 1], "texture": "#1"},
				"south": {"uv": [0, 0, 1, 1], "texture": "#1"},
				"west": {"uv": [0, 0, 1, 1], "texture": "#1"},
				"up": {"uv": [0, 0, 1, 1], "texture": "#1"},
				"down": {"uv": [0, 0, 1, 1], "texture": "#1"}
			}
		},
		{
			"name": "hexadecagon",
			"from": [4.84478, 8.5, 3.55681],
			"to": [5.11761, 8.75, 4.30681],
			"rotation": {"angle": 45, "axis": "y", "origin": [4.98119, 8.25, 4.30681]},
			"faces": {
				"north": {"uv": [0, 0, 1, 1], "texture": "#1"},
				"east": {"uv": [0, 0, 1, 1], "texture": "#1"},
				"south": {"uv": [0, 0, 1, 1], "texture": "#1"},
				"west": {"uv": [0, 0, 1, 1], "texture": "#1"},
				"up": {"uv": [0, 0, 1, 1], "texture": "#1"},
				"down": {"uv": [0, 0, 1, 1], "texture": "#1"}
			}
		},
		{
			"name": "hexadecagon",
			"from": [4.24511, 8.5, 4.14957],
			"to": [4.99511, 8.75, 4.4224],
			"rotation": {"angle": -22.5, "axis": "y", "origin": [4.99511, 8.25, 4.28598]},
			"faces": {
				"north": {"uv": [0, 0, 1, 1], "texture": "#1"},
				"east": {"uv": [0, 0, 1, 1], "texture": "#1"},
				"south": {"uv": [0, 0, 1, 1], "texture": "#1"},
				"west": {"uv": [0, 0, 1, 1], "texture": "#1"},
				"up": {"uv": [0, 0, 1, 1], "texture": "#1"},
				"down": {"uv": [0, 0, 1, 1], "texture": "#1"}
			}
		},
		{
			"from": [4.25, 8.5, 4.125],
			"to": [8, 8.75, 8.125],
			"rotation": {"angle": 0, "axis": "y", "origin": [0, 3.75, 0.125]},
			"faces": {
				"north": {"uv": [0, 0, 1, 1], "texture": "#1"},
				"east": {"uv": [0, 0, 1, 1], "texture": "#1"},
				"south": {"uv": [0, 0, 1, 1], "texture": "#1"},
				"west": {"uv": [0, 0, 1, 1], "texture": "#1"},
				"up": {"uv": [0, 0, 9, 10], "texture": "#1"},
				"down": {"uv": [0, 0, 9, 10], "texture": "#1"}
			}
		},
		{
			"from": [7.94891, 8.5, 3.57391],
			"to": [11.19891, 8.75, 4.13641],
			"rotation": {"angle": 0, "axis": "y", "origin": [16.01141, 3.75, 0.13641]},
			"faces": {
				"north": {"uv": [0, 0, 1, 1], "texture": "#1"},
				"east": {"uv": [0, 0, 1, 1], "texture": "#1"},
				"south": {"uv": [0, 0, 1, 1], "texture": "#1"},
				"west": {"uv": [0, 0, 1, 1], "texture": "#1"},
				"up": {"uv": [0, 0, 8, 2], "texture": "#1"},
				"down": {"uv": [0, 0, 8, 2], "texture": "#1"}
			}
		},
		{
			"name": "hexadecagon",
			"from": [10.89676, 8.5, 3.59294],
			"to": [11.16958, 8.75, 4.34294],
			"rotation": {"angle": -22.5, "axis": "y", "origin": [11.09567, 8.25, 4.34294]},
			"faces": {
				"north": {"uv": [0, 0, 1, 1], "texture": "#1"},
				"east": {"uv": [0, 0, 1, 1], "texture": "#1"},
				"south": {"uv": [0, 0, 1, 1], "texture": "#1"},
				"west": {"uv": [0, 0, 1, 1], "texture": "#1"},
				"up": {"uv": [0, 0, 1, 1], "texture": "#1"},
				"down": {"uv": [0, 0, 1, 1], "texture": "#1"}
			}
		},
		{
			"name": "hexadecagon",
			"from": [10.88239, 8.5, 3.55681],
			"to": [11.15522, 8.75, 4.30681],
			"rotation": {"angle": -45, "axis": "y", "origin": [11.01881, 8.25, 4.30681]},
			"faces": {
				"north": {"uv": [0, 0, 1, 1], "texture": "#1"},
				"east": {"uv": [0, 0, 1, 1], "texture": "#1"},
				"south": {"uv": [0, 0, 1, 1], "texture": "#1"},
				"west": {"uv": [0, 0, 1, 1], "texture": "#1"},
				"up": {"uv": [0, 0, 1, 1], "texture": "#1"},
				"down": {"uv": [0, 0, 1, 1], "texture": "#1"}
			}
		},
		{
			"name": "hexadecagon",
			"from": [11.00489, 8.5, 4.14957],
			"to": [11.75489, 8.75, 4.4224],
			"rotation": {"angle": 22.5, "axis": "y", "origin": [11.00489, 8.25, 4.28598]},
			"faces": {
				"north": {"uv": [0, 0, 1, 1], "texture": "#1"},
				"east": {"uv": [0, 0, 1, 1], "texture": "#1"},
				"south": {"uv": [0, 0, 1, 1], "texture": "#1"},
				"west": {"uv": [0, 0, 1, 1], "texture": "#1"},
				"up": {"uv": [0, 0, 1, 1], "texture": "#1"},
				"down": {"uv": [0, 0, 1, 1], "texture": "#1"}
			}
		},
		{
			"from": [8, 8.5, 4.125],
			"to": [11.75, 8.75, 8.125],
			"rotation": {"angle": 0, "axis": "y", "origin": [16, 3.75, 0.125]},
			"faces": {
				"north": {"uv": [0, 0, 1, 1], "texture": "#1"},
				"east": {"uv": [0, 0, 1, 1], "texture": "#1"},
				"south": {"uv": [0, 0, 1, 1], "texture": "#1"},
				"west": {"uv": [0, 0, 1, 1], "texture": "#1"},
				"up": {"uv": [0, 0, 9, 10], "texture": "#1"},
				"down": {"uv": [0, 0, 9, 10], "texture": "#1"}
			}
		},
		{
			"from": [7.94891, 8.5, 11.86359],
			"to": [11.19891, 8.75, 12.42609],
			"rotation": {"angle": 0, "axis": "y", "origin": [16.01141, 3.75, 15.86359]},
			"faces": {
				"north": {"uv": [0, 0, 1, 1], "texture": "#1"},
				"east": {"uv": [0, 0, 1, 1], "texture": "#1"},
				"south": {"uv": [0, 0, 1, 1], "texture": "#1"},
				"west": {"uv": [0, 0, 1, 1], "texture": "#1"},
				"up": {"uv": [0, 0, 8, 2], "texture": "#1"},
				"down": {"uv": [0, 0, 8, 2], "texture": "#1"}
			}
		},
		{
			"name": "hexadecagon",
			"from": [10.89676, 8.5, 11.65706],
			"to": [11.16958, 8.75, 12.40706],
			"rotation": {"angle": 22.5, "axis": "y", "origin": [11.09567, 8.25, 11.65706]},
			"faces": {
				"north": {"uv": [0, 0, 1, 1], "texture": "#1"},
				"east": {"uv": [0, 0, 1, 1], "texture": "#1"},
				"south": {"uv": [0, 0, 1, 1], "texture": "#1"},
				"west": {"uv": [0, 0, 1, 1], "texture": "#1"},
				"up": {"uv": [0, 0, 1, 1], "texture": "#1"},
				"down": {"uv": [0, 0, 1, 1], "texture": "#1"}
			}
		},
		{
			"name": "hexadecagon",
			"from": [10.88239, 8.5, 11.69319],
			"to": [11.15522, 8.75, 12.44319],
			"rotation": {"angle": 45, "axis": "y", "origin": [11.01881, 8.25, 11.69319]},
			"faces": {
				"north": {"uv": [0, 0, 1, 1], "texture": "#1"},
				"east": {"uv": [0, 0, 1, 1], "texture": "#1"},
				"south": {"uv": [0, 0, 1, 1], "texture": "#1"},
				"west": {"uv": [0, 0, 1, 1], "texture": "#1"},
				"up": {"uv": [0, 0, 1, 1], "texture": "#1"},
				"down": {"uv": [0, 0, 1, 1], "texture": "#1"}
			}
		},
		{
			"name": "hexadecagon",
			"from": [11.00489, 8.5, 11.5776],
			"to": [11.75489, 8.75, 11.85043],
			"rotation": {"angle": -22.5, "axis": "y", "origin": [11.00489, 8.25, 11.71402]},
			"faces": {
				"north": {"uv": [0, 0, 1, 1], "texture": "#1"},
				"east": {"uv": [0, 0, 1, 1], "texture": "#1"},
				"south": {"uv": [0, 0, 1, 1], "texture": "#1"},
				"west": {"uv": [0, 0, 1, 1], "texture": "#1"},
				"up": {"uv": [0, 0, 1, 1], "texture": "#1"},
				"down": {"uv": [0, 0, 1, 1], "texture": "#1"}
			}
		},
		{
			"from": [8, 8.5, 7.875],
			"to": [11.75, 8.75, 11.875],
			"rotation": {"angle": 0, "axis": "y", "origin": [16, 3.75, 15.875]},
			"faces": {
				"north": {"uv": [0, 0, 1, 1], "texture": "#1"},
				"east": {"uv": [0, 0, 1, 1], "texture": "#1"},
				"south": {"uv": [0, 0, 1, 1], "texture": "#1"},
				"west": {"uv": [0, 0, 1, 1], "texture": "#1"},
				"up": {"uv": [0, 0, 9, 10], "texture": "#1"},
				"down": {"uv": [0, 0, 9, 10], "texture": "#1"}
			}
		},
		{
			"from": [4.80109, 8.5, 11.86359],
			"to": [8.05109, 8.75, 12.42609],
			"rotation": {"angle": 0, "axis": "y", "origin": [-0.01141, 3.75, 15.86359]},
			"faces": {
				"north": {"uv": [0, 0, 1, 1], "texture": "#1"},
				"east": {"uv": [0, 0, 1, 1], "texture": "#1"},
				"south": {"uv": [0, 0, 1, 1], "texture": "#1"},
				"west": {"uv": [0, 0, 1, 1], "texture": "#1"},
				"up": {"uv": [0, 0, 8, 2], "texture": "#1"},
				"down": {"uv": [0, 0, 8, 2], "texture": "#1"}
			}
		},
		{
			"name": "hexadecagon",
			"from": [4.83042, 8.5, 11.65706],
			"to": [5.10324, 8.75, 12.40706],
			"rotation": {"angle": -22.5, "axis": "y", "origin": [4.90433, 8.25, 11.65706]},
			"faces": {
				"north": {"uv": [0, 0, 1, 1], "texture": "#1"},
				"east": {"uv": [0, 0, 1, 1], "texture": "#1"},
				"south": {"uv": [0, 0, 1, 1], "texture": "#1"},
				"west": {"uv": [0, 0, 1, 1], "texture": "#1"},
				"up": {"uv": [0, 0, 1, 1], "texture": "#1"},
				"down": {"uv": [0, 0, 1, 1], "texture": "#1"}
			}
		},
		{
			"name": "hexadecagon",
			"from": [4.84478, 8.5, 11.69319],
			"to": [5.11761, 8.75, 12.44319],
			"rotation": {"angle": -45, "axis": "y", "origin": [4.98119, 8.25, 11.69319]},
			"faces": {
				"north": {"uv": [0, 0, 1, 1], "texture": "#1"},
				"east": {"uv": [0, 0, 1, 1], "texture": "#1"},
				"south": {"uv": [0, 0, 1, 1], "texture": "#1"},
				"west": {"uv": [0, 0, 1, 1], "texture": "#1"},
				"up": {"uv": [0, 0, 1, 1], "texture": "#1"},
				"down": {"uv": [0, 0, 1, 1], "texture": "#1"}
			}
		},
		{
			"name": "hexadecagon",
			"from": [4.24511, 8.5, 11.5776],
			"to": [4.99511, 8.75, 11.85043],
			"rotation": {"angle": 22.5, "axis": "y", "origin": [4.99511, 8.25, 11.71402]},
			"faces": {
				"north": {"uv": [0, 0, 1, 1], "texture": "#1"},
				"east": {"uv": [0, 0, 1, 1], "texture": "#1"},
				"south": {"uv": [0, 0, 1, 1], "texture": "#1"},
				"west": {"uv": [0, 0, 1, 1], "texture": "#1"},
				"up": {"uv": [0, 0, 1, 1], "texture": "#1"},
				"down": {"uv": [0, 0, 1, 1], "texture": "#1"}
			}
		},
		{
			"from": [4.25, 8.5, 7.875],
			"to": [8, 8.75, 11.875],
			"rotation": {"angle": 0, "axis": "y", "origin": [0, 3.75, 15.875]},
			"faces": {
				"north": {"uv": [0, 0, 1, 1], "texture": "#1"},
				"east": {"uv": [0, 0, 1, 1], "texture": "#1"},
				"south": {"uv": [0, 0, 1, 1], "texture": "#1"},
				"west": {"uv": [0, 0, 1, 1], "texture": "#1"},
				"up": {"uv": [0, 0, 9, 10], "texture": "#1"},
				"down": {"uv": [0, 0, 9, 10], "texture": "#1"}
			}
		},
		{
			"from": [4.80109, 7.25, 3.57391],
			"to": [8.05109, 7.5, 4.13641],
			"rotation": {"angle": 0, "axis": "y", "origin": [-0.01141, 2.5, 0.13641]},
			"faces": {
				"north": {"uv": [0, 0, 8, 2], "texture": "#1"},
				"east": {"uv": [0, 0, 8, 2], "texture": "#1"},
				"south": {"uv": [0, 0, 8, 2], "texture": "#1"},
				"west": {"uv": [0, 0, 8, 2], "texture": "#1"},
				"up": {"uv": [0, 0, 8, 2], "texture": "#1"},
				"down": {"uv": [0, 0, 8, 2], "texture": "#1"}
			}
		},
		{
			"name": "hexadecagon",
			"from": [4.83042, 7.25, 3.59294],
			"to": [5.10324, 7.5, 4.34294],
			"rotation": {"angle": 22.5, "axis": "y", "origin": [4.90433, 7, 4.34294]},
			"faces": {
				"north": {"uv": [0, 0, 1, 1], "texture": "#1"},
				"east": {"uv": [0, 0, 1, 1], "texture": "#1"},
				"south": {"uv": [0, 0, 1, 1], "texture": "#1"},
				"west": {"uv": [0, 0, 1, 1], "texture": "#1"},
				"up": {"uv": [0, 0, 1, 1], "texture": "#1"},
				"down": {"uv": [0, 0, 1, 1], "texture": "#1"}
			}
		},
		{
			"name": "hexadecagon",
			"from": [4.84478, 7.25, 3.55681],
			"to": [5.11761, 7.5, 4.30681],
			"rotation": {"angle": 45, "axis": "y", "origin": [4.98119, 7, 4.30681]},
			"faces": {
				"north": {"uv": [0, 0, 1, 1], "texture": "#1"},
				"east": {"uv": [0, 0, 1, 1], "texture": "#1"},
				"south": {"uv": [0, 0, 1, 1], "texture": "#1"},
				"west": {"uv": [0, 0, 1, 1], "texture": "#1"},
				"up": {"uv": [0, 0, 1, 1], "texture": "#1"},
				"down": {"uv": [0, 0, 1, 1], "texture": "#1"}
			}
		},
		{
			"name": "hexadecagon",
			"from": [4.24511, 7.25, 4.14957],
			"to": [4.99511, 7.5, 4.4224],
			"rotation": {"angle": -22.5, "axis": "y", "origin": [4.99511, 7, 4.28598]},
			"faces": {
				"north": {"uv": [0, 0, 1, 1], "texture": "#1"},
				"east": {"uv": [0, 0, 1, 1], "texture": "#1"},
				"south": {"uv": [0, 0, 1, 1], "texture": "#1"},
				"west": {"uv": [0, 0, 1, 1], "texture": "#1"},
				"up": {"uv": [0, 0, 1, 1], "texture": "#1"},
				"down": {"uv": [0, 0, 1, 1], "texture": "#1"}
			}
		},
		{
			"from": [4.25, 7.25, 4.125],
			"to": [8, 7.5, 8.125],
			"rotation": {"angle": 0, "axis": "y", "origin": [0, 2.5, 0.125]},
			"faces": {
				"north": {"uv": [0, 0, 9, 10], "texture": "#1"},
				"east": {"uv": [0, 0, 9, 10], "texture": "#1"},
				"south": {"uv": [0, 0, 9, 10], "texture": "#1"},
				"west": {"uv": [0, 0, 9, 10], "texture": "#1"},
				"up": {"uv": [0, 0, 9, 10], "texture": "#1"},
				"down": {"uv": [0, 0, 9, 10], "texture": "#1"}
			}
		},
		{
			"from": [7.94891, 7.25, 3.57391],
			"to": [11.19891, 7.5, 4.13641],
			"rotation": {"angle": 0, "axis": "y", "origin": [16.01141, 2.5, 0.13641]},
			"faces": {
				"north": {"uv": [0, 0, 8, 2], "texture": "#1"},
				"east": {"uv": [0, 0, 8, 2], "texture": "#1"},
				"south": {"uv": [0, 0, 8, 2], "texture": "#1"},
				"west": {"uv": [0, 0, 8, 2], "texture": "#1"},
				"up": {"uv": [0, 0, 8, 2], "texture": "#1"},
				"down": {"uv": [0, 0, 8, 2], "texture": "#1"}
			}
		},
		{
			"name": "hexadecagon",
			"from": [10.89676, 7.25, 3.59294],
			"to": [11.16958, 7.5, 4.34294],
			"rotation": {"angle": -22.5, "axis": "y", "origin": [11.09567, 7, 4.34294]},
			"faces": {
				"north": {"uv": [0, 0, 1, 1], "texture": "#1"},
				"east": {"uv": [0, 0, 1, 1], "texture": "#1"},
				"south": {"uv": [0, 0, 1, 1], "texture": "#1"},
				"west": {"uv": [0, 0, 1, 1], "texture": "#1"},
				"up": {"uv": [0, 0, 1, 1], "texture": "#1"},
				"down": {"uv": [0, 0, 1, 1], "texture": "#1"}
			}
		},
		{
			"name": "hexadecagon",
			"from": [10.88239, 7.25, 3.55681],
			"to": [11.15522, 7.5, 4.30681],
			"rotation": {"angle": -45, "axis": "y", "origin": [11.01881, 7, 4.30681]},
			"faces": {
				"north": {"uv": [0, 0, 1, 1], "texture": "#1"},
				"east": {"uv": [0, 0, 1, 1], "texture": "#1"},
				"south": {"uv": [0, 0, 1, 1], "texture": "#1"},
				"west": {"uv": [0, 0, 1, 1], "texture": "#1"},
				"up": {"uv": [0, 0, 1, 1], "texture": "#1"},
				"down": {"uv": [0, 0, 1, 1], "texture": "#1"}
			}
		},
		{
			"name": "hexadecagon",
			"from": [11.00489, 7.25, 4.14957],
			"to": [11.75489, 7.5, 4.4224],
			"rotation": {"angle": 22.5, "axis": "y", "origin": [11.00489, 7, 4.28598]},
			"faces": {
				"north": {"uv": [0, 0, 1, 1], "texture": "#1"},
				"east": {"uv": [0, 0, 1, 1], "texture": "#1"},
				"south": {"uv": [0, 0, 1, 1], "texture": "#1"},
				"west": {"uv": [0, 0, 1, 1], "texture": "#1"},
				"up": {"uv": [0, 0, 1, 1], "texture": "#1"},
				"down": {"uv": [0, 0, 1, 1], "texture": "#1"}
			}
		},
		{
			"from": [8, 7.25, 4.125],
			"to": [11.75, 7.5, 8.125],
			"rotation": {"angle": 0, "axis": "y", "origin": [16, 2.5, 0.125]},
			"faces": {
				"north": {"uv": [0, 0, 9, 10], "texture": "#1"},
				"east": {"uv": [0, 0, 9, 10], "texture": "#1"},
				"south": {"uv": [0, 0, 9, 10], "texture": "#1"},
				"west": {"uv": [0, 0, 9, 10], "texture": "#1"},
				"up": {"uv": [0, 0, 9, 10], "texture": "#1"},
				"down": {"uv": [0, 0, 9, 10], "texture": "#1"}
			}
		},
		{
			"from": [7.94891, 7.25, 11.86359],
			"to": [11.19891, 7.5, 12.42609],
			"rotation": {"angle": 0, "axis": "y", "origin": [16.01141, 2.5, 15.86359]},
			"faces": {
				"north": {"uv": [0, 0, 8, 2], "texture": "#1"},
				"east": {"uv": [0, 0, 8, 2], "texture": "#1"},
				"south": {"uv": [0, 0, 8, 2], "texture": "#1"},
				"west": {"uv": [0, 0, 8, 2], "texture": "#1"},
				"up": {"uv": [0, 0, 8, 2], "texture": "#1"},
				"down": {"uv": [0, 0, 8, 2], "texture": "#1"}
			}
		},
		{
			"name": "hexadecagon",
			"from": [10.89676, 7.25, 11.65706],
			"to": [11.16958, 7.5, 12.40706],
			"rotation": {"angle": 22.5, "axis": "y", "origin": [11.09567, 7, 11.65706]},
			"faces": {
				"north": {"uv": [0, 0, 1, 1], "texture": "#1"},
				"east": {"uv": [0, 0, 1, 1], "texture": "#1"},
				"south": {"uv": [0, 0, 1, 1], "texture": "#1"},
				"west": {"uv": [0, 0, 1, 1], "texture": "#1"},
				"up": {"uv": [0, 0, 1, 1], "texture": "#1"},
				"down": {"uv": [0, 0, 1, 1], "texture": "#1"}
			}
		},
		{
			"name": "hexadecagon",
			"from": [10.88239, 7.25, 11.69319],
			"to": [11.15522, 7.5, 12.44319],
			"rotation": {"angle": 45, "axis": "y", "origin": [11.01881, 7, 11.69319]},
			"faces": {
				"north": {"uv": [0, 0, 1, 1], "texture": "#1"},
				"east": {"uv": [0, 0, 1, 1], "texture": "#1"},
				"south": {"uv": [0, 0, 1, 1], "texture": "#1"},
				"west": {"uv": [0, 0, 1, 1], "texture": "#1"},
				"up": {"uv": [0, 0, 1, 1], "texture": "#1"},
				"down": {"uv": [0, 0, 1, 1], "texture": "#1"}
			}
		},
		{
			"name": "hexadecagon",
			"from": [11.00489, 7.25, 11.5776],
			"to": [11.75489, 7.5, 11.85043],
			"rotation": {"angle": -22.5, "axis": "y", "origin": [11.00489, 7, 11.71402]},
			"faces": {
				"north": {"uv": [0, 0, 1, 1], "texture": "#1"},
				"east": {"uv": [0, 0, 1, 1], "texture": "#1"},
				"south": {"uv": [0, 0, 1, 1], "texture": "#1"},
				"west": {"uv": [0, 0, 1, 1], "texture": "#1"},
				"up": {"uv": [0, 0, 1, 1], "texture": "#1"},
				"down": {"uv": [0, 0, 1, 1], "texture": "#1"}
			}
		},
		{
			"from": [8, 7.25, 7.875],
			"to": [11.75, 7.5, 11.875],
			"rotation": {"angle": 0, "axis": "y", "origin": [16, 2.5, 15.875]},
			"faces": {
				"north": {"uv": [0, 0, 9, 10], "texture": "#1"},
				"east": {"uv": [0, 0, 9, 10], "texture": "#1"},
				"south": {"uv": [0, 0, 9, 10], "texture": "#1"},
				"west": {"uv": [0, 0, 9, 10], "texture": "#1"},
				"up": {"uv": [0, 0, 9, 10], "texture": "#1"},
				"down": {"uv": [0, 0, 9, 10], "texture": "#1"}
			}
		},
		{
			"from": [4.80109, 7.25, 11.86359],
			"to": [8.05109, 7.5, 12.42609],
			"rotation": {"angle": 0, "axis": "y", "origin": [-0.01141, 2.5, 15.86359]},
			"faces": {
				"north": {"uv": [0, 0, 8, 2], "texture": "#1"},
				"east": {"uv": [0, 0, 8, 2], "texture": "#1"},
				"south": {"uv": [0, 0, 8, 2], "texture": "#1"},
				"west": {"uv": [0, 0, 8, 2], "texture": "#1"},
				"up": {"uv": [0, 0, 8, 2], "texture": "#1"},
				"down": {"uv": [0, 0, 8, 2], "texture": "#1"}
			}
		},
		{
			"name": "hexadecagon",
			"from": [4.83042, 7.25, 11.65706],
			"to": [5.10324, 7.5, 12.40706],
			"rotation": {"angle": -22.5, "axis": "y", "origin": [4.90433, 7, 11.65706]},
			"faces": {
				"north": {"uv": [0, 0, 1, 1], "texture": "#1"},
				"east": {"uv": [0, 0, 1, 1], "texture": "#1"},
				"south": {"uv": [0, 0, 1, 1], "texture": "#1"},
				"west": {"uv": [0, 0, 1, 1], "texture": "#1"},
				"up": {"uv": [0, 0, 1, 1], "texture": "#1"},
				"down": {"uv": [0, 0, 1, 1], "texture": "#1"}
			}
		},
		{
			"name": "hexadecagon",
			"from": [4.84478, 7.25, 11.69319],
			"to": [5.11761, 7.5, 12.44319],
			"rotation": {"angle": -45, "axis": "y", "origin": [4.98119, 7, 11.69319]},
			"faces": {
				"north": {"uv": [0, 0, 1, 1], "texture": "#1"},
				"east": {"uv": [0, 0, 1, 1], "texture": "#1"},
				"south": {"uv": [0, 0, 1, 1], "texture": "#1"},
				"west": {"uv": [0, 0, 1, 1], "texture": "#1"},
				"up": {"uv": [0, 0, 1, 1], "texture": "#1"},
				"down": {"uv": [0, 0, 1, 1], "texture": "#1"}
			}
		},
		{
			"name": "hexadecagon",
			"from": [4.24511, 7.25, 11.5776],
			"to": [4.99511, 7.5, 11.85043],
			"rotation": {"angle": 22.5, "axis": "y", "origin": [4.99511, 7, 11.71402]},
			"faces": {
				"north": {"uv": [0, 0, 1, 1], "texture": "#1"},
				"east": {"uv": [0, 0, 1, 1], "texture": "#1"},
				"south": {"uv": [0, 0, 1, 1], "texture": "#1"},
				"west": {"uv": [0, 0, 1, 1], "texture": "#1"},
				"up": {"uv": [0, 0, 1, 1], "texture": "#1"},
				"down": {"uv": [0, 0, 1, 1], "texture": "#1"}
			}
		},
		{
			"from": [4.25, 7.25, 7.875],
			"to": [8, 7.5, 11.875],
			"rotation": {"angle": 0, "axis": "y", "origin": [0, 2.5, 15.875]},
			"faces": {
				"north": {"uv": [0, 0, 9, 10], "texture": "#1"},
				"east": {"uv": [0, 0, 9, 10], "texture": "#1"},
				"south": {"uv": [0, 0, 9, 10], "texture": "#1"},
				"west": {"uv": [0, 0, 9, 10], "texture": "#1"},
				"up": {"uv": [0, 0, 9, 10], "texture": "#1"},
				"down": {"uv": [0, 0, 9, 10], "texture": "#1"}
			}
		},
		{
			"name": "zip",
			"from": [3.90163, 7.875, 10.95282],
			"to": [3.96413, 7.895, 11.09782],
			"rotation": {"angle": 45, "axis": "y", "origin": [3.96413, 7.8125, 11.30798]},
			"faces": {
				"north": {"uv": [16, 0, 0, 16], "texture": "#0"},
				"east": {"uv": [16, 0, 0, 16], "texture": "#0"},
				"south": {"uv": [16, 0, 0, 16], "texture": "#0"},
				"west": {"uv": [16, 0, 0, 16], "texture": "#0"},
				"up": {"uv": [16, 0, 0, 16], "texture": "#0"},
				"down": {"uv": [16, 0, 0, 16], "texture": "#0"}
			}
		},
		{
			"name": "zip",
			"from": [3.90163, 8.105, 10.95282],
			"to": [3.96413, 8.125, 11.09782],
			"rotation": {"angle": 45, "axis": "y", "origin": [3.96413, 8.0425, 11.30798]},
			"faces": {
				"north": {"uv": [16, 0, 0, 16], "texture": "#0"},
				"east": {"uv": [16, 0, 0, 16], "texture": "#0"},
				"south": {"uv": [16, 0, 0, 16], "texture": "#0"},
				"west": {"uv": [16, 0, 0, 16], "texture": "#0"},
				"up": {"uv": [16, 0, 0, 16], "texture": "#0"},
				"down": {"uv": [16, 0, 0, 16], "texture": "#0"}
			}
		},
		{
			"name": "zip",
			"from": [3.94582, 7.875, 10.93451],
			"to": [4.00832, 8.125, 10.95451],
			"rotation": {"angle": 45, "axis": "y", "origin": [4.00832, 8, 11.35217]},
			"faces": {
				"north": {"uv": [16, 0, 0, 16], "texture": "#0"},
				"east": {"uv": [16, 0, 0, 16], "texture": "#0"},
				"south": {"uv": [16, 0, 0, 16], "texture": "#0"},
				"west": {"uv": [16, 0, 0, 16], "texture": "#0"},
				"up": {"uv": [16, 0, 0, 16], "texture": "#0"},
				"down": {"uv": [16, 0, 0, 16], "texture": "#0"}
			}
		},
		{
			"name": "zip",
			"from": [3.94582, 7.875, 11.05951],
			"to": [4.00832, 8.125, 11.39484],
			"rotation": {"angle": 45, "axis": "y", "origin": [4.00832, 8, 11.35217]},
			"faces": {
				"north": {"uv": [16, 0, 0, 16], "texture": "#0"},
				"east": {"uv": [16, 0, 0, 16], "texture": "#0"},
				"south": {"uv": [16, 0, 0, 16], "texture": "#0"},
				"west": {"uv": [16, 0, 0, 16], "texture": "#0"},
				"up": {"uv": [16, 0, 0, 16], "texture": "#0"},
				"down": {"uv": [16, 0, 0, 16], "texture": "#0"}
			}
		},
		{
			"name": "zip",
			"from": [7.77437, 7.875, 12.75814],
			"to": [7.9222, 8.125, 12.88314],
			"rotation": {"angle": 0, "axis": "y", "origin": [4.84829, 8, 12.82064]},
			"faces": {
				"north": {"uv": [16, 0, 0, 16], "texture": "#0"},
				"east": {"uv": [16, 0, 0, 16], "texture": "#0"},
				"south": {"uv": [16, 0, 0, 16], "texture": "#0"},
				"west": {"uv": [16, 0, 0, 16], "texture": "#0"},
				"up": {"uv": [16, 0, 0, 16], "texture": "#0"},
				"down": {"uv": [16, 0, 0, 16], "texture": "#0"}
			}
		},
		{
			"name": "zip",
			"from": [4.25945, 7.875, 12.45646],
			"to": [4.40727, 8.125, 12.58146],
			"rotation": {"angle": -45, "axis": "y", "origin": [4.27086, 8, 12.58146]},
			"faces": {
				"north": {"uv": [16, 0, 0, 16], "texture": "#0"},
				"east": {"uv": [16, 0, 0, 16], "texture": "#0"},
				"south": {"uv": [16, 0, 0, 16], "texture": "#0"},
				"west": {"uv": [16, 0, 0, 16], "texture": "#0"},
				"up": {"uv": [16, 0, 0, 16], "texture": "#0"},
				"down": {"uv": [16, 0, 0, 16], "texture": "#0"}
			}
		},
		{
			"name": "zip",
			"from": [4.07195, 7.875, 12.45646],
			"to": [4.21977, 8.125, 12.58146],
			"rotation": {"angle": -45, "axis": "y", "origin": [4.27086, 8, 12.58146]},
			"faces": {
				"north": {"uv": [16, 0, 0, 16], "texture": "#0"},
				"east": {"uv": [16, 0, 0, 16], "texture": "#0"},
				"south": {"uv": [16, 0, 0, 16], "texture": "#0"},
				"west": {"uv": [16, 0, 0, 16], "texture": "#0"},
				"up": {"uv": [16, 0, 0, 16], "texture": "#0"},
				"down": {"uv": [16, 0, 0, 16], "texture": "#0"}
			}
		},
		{
			"name": "zip",
			"from": [4.09409, 7.875, 12.24238],
			"to": [4.21909, 8.125, 12.39021],
			"rotation": {"angle": 22.5, "axis": "y", "origin": [4.09409, 8, 12.3163]},
			"faces": {
				"north": {"uv": [16, 0, 0, 16], "texture": "#0"},
				"east": {"uv": [16, 0, 0, 16], "texture": "#0"},
				"south": {"uv": [16, 0, 0, 16], "texture": "#0"},
				"west": {"uv": [16, 0, 0, 16], "texture": "#0"},
				"up": {"uv": [16, 0, 0, 16], "texture": "#0"},
				"down": {"uv": [16, 0, 0, 16], "texture": "#0"}
			}
		},
		{
			"name": "zip",
			"from": [4.09409, 7.875, 12.05488],
			"to": [4.21909, 8.125, 12.20271],
			"rotation": {"angle": 22.5, "axis": "y", "origin": [4.09409, 8, 12.3163]},
			"faces": {
				"north": {"uv": [16, 0, 0, 16], "texture": "#0"},
				"east": {"uv": [16, 0, 0, 16], "texture": "#0"},
				"south": {"uv": [16, 0, 0, 16], "texture": "#0"},
				"west": {"uv": [16, 0, 0, 16], "texture": "#0"},
				"up": {"uv": [16, 0, 0, 16], "texture": "#0"},
				"down": {"uv": [16, 0, 0, 16], "texture": "#0"}
			}
		},
		{
			"name": "zip",
			"from": [3.94582, 7.875, 11.87201],
			"to": [4.07082, 8.125, 12.01984],
			"rotation": {"angle": 0, "axis": "y", "origin": [4.00832, 8, 11.94592]},
			"faces": {
				"north": {"uv": [16, 0, 0, 16], "texture": "#0"},
				"east": {"uv": [16, 0, 0, 16], "texture": "#0"},
				"south": {"uv": [16, 0, 0, 16], "texture": "#0"},
				"west": {"uv": [16, 0, 0, 16], "texture": "#0"},
				"up": {"uv": [16, 0, 0, 16], "texture": "#0"},
				"down": {"uv": [16, 0, 0, 16], "texture": "#0"}
			}
		},
		{
			"name": "zip",
			"from": [3.94582, 7.875, 11.68451],
			"to": [4.07082, 8.125, 11.83234],
			"rotation": {"angle": 0, "axis": "y", "origin": [4.00832, 8, 11.94592]},
			"faces": {
				"north": {"uv": [16, 0, 0, 16], "texture": "#0"},
				"east": {"uv": [16, 0, 0, 16], "texture": "#0"},
				"south": {"uv": [16, 0, 0, 16], "texture": "#0"},
				"west": {"uv": [16, 0, 0, 16], "texture": "#0"},
				"up": {"uv": [16, 0, 0, 16], "texture": "#0"},
				"down": {"uv": [16, 0, 0, 16], "texture": "#0"}
			}
		},
		{
			"name": "zip",
			"from": [3.94582, 7.875, 11.49701],
			"to": [4.07082, 8.125, 11.64484],
			"rotation": {"angle": 0, "axis": "y", "origin": [4.00832, 8, 11.94592]},
			"faces": {
				"north": {"uv": [16, 0, 0, 16], "texture": "#0"},
				"east": {"uv": [16, 0, 0, 16], "texture": "#0"},
				"south": {"uv": [16, 0, 0, 16], "texture": "#0"},
				"west": {"uv": [16, 0, 0, 16], "texture": "#0"},
				"up": {"uv": [16, 0, 0, 16], "texture": "#0"},
				"down": {"uv": [16, 0, 0, 16], "texture": "#0"}
			}
		},
		{
			"name": "zip",
			"from": [4.80109, 7.875, 12.73859],
			"to": [4.94891, 8.125, 12.86359],
			"rotation": {"angle": -22.5, "axis": "y", "origin": [5, 8.0625, 11.80109]},
			"faces": {
				"north": {"uv": [16, 0, 0, 16], "texture": "#0"},
				"east": {"uv": [16, 0, 0, 16], "texture": "#0"},
				"south": {"uv": [16, 0, 0, 16], "texture": "#0"},
				"west": {"uv": [16, 0, 0, 16], "texture": "#0"},
				"up": {"uv": [16, 0, 0, 16], "texture": "#0"},
				"down": {"uv": [16, 0, 0, 16], "texture": "#0"}
			}
		},
		{
			"name": "zip",
			"from": [4.98859, 7.875, 12.73859],
			"to": [5.13641, 8.125, 12.86359],
			"rotation": {"angle": -22.5, "axis": "y", "origin": [5, 8.0625, 11.80109]},
			"faces": {
				"north": {"uv": [16, 0, 0, 16], "texture": "#0"},
				"east": {"uv": [16, 0, 0, 16], "texture": "#0"},
				"south": {"uv": [16, 0, 0, 16], "texture": "#0"},
				"west": {"uv": [16, 0, 0, 16], "texture": "#0"},
				"up": {"uv": [16, 0, 0, 16], "texture": "#0"},
				"down": {"uv": [16, 0, 0, 16], "texture": "#0"}
			}
		},
		{
			"name": "zip",
			"from": [4.77437, 7.875, 12.75814],
			"to": [4.9222, 8.125, 12.88314],
			"rotation": {"angle": 0, "axis": "y", "origin": [4.84829, 8, 12.82064]},
			"faces": {
				"north": {"uv": [16, 0, 0, 16], "texture": "#0"},
				"east": {"uv": [16, 0, 0, 16], "texture": "#0"},
				"south": {"uv": [16, 0, 0, 16], "texture": "#0"},
				"west": {"uv": [16, 0, 0, 16], "texture": "#0"},
				"up": {"uv": [16, 0, 0, 16], "texture": "#0"},
				"down": {"uv": [16, 0, 0, 16], "texture": "#0"}
			}
		},
		{
			"name": "zip",
			"from": [4.96187, 7.875, 12.75814],
			"to": [5.1097, 8.125, 12.88314],
			"rotation": {"angle": 0, "axis": "y", "origin": [4.84829, 8, 12.82064]},
			"faces": {
				"north": {"uv": [16, 0, 0, 16], "texture": "#0"},
				"east": {"uv": [16, 0, 0, 16], "texture": "#0"},
				"south": {"uv": [16, 0, 0, 16], "texture": "#0"},
				"west": {"uv": [16, 0, 0, 16], "texture": "#0"},
				"up": {"uv": [16, 0, 0, 16], "texture": "#0"},
				"down": {"uv": [16, 0, 0, 16], "texture": "#0"}
			}
		},
		{
			"name": "zip",
			"from": [5.14937, 7.875, 12.75814],
			"to": [5.2972, 8.125, 12.88314],
			"rotation": {"angle": 0, "axis": "y", "origin": [4.84829, 8, 12.82064]},
			"faces": {
				"north": {"uv": [16, 0, 0, 16], "texture": "#0"},
				"east": {"uv": [16, 0, 0, 16], "texture": "#0"},
				"south": {"uv": [16, 0, 0, 16], "texture": "#0"},
				"west": {"uv": [16, 0, 0, 16], "texture": "#0"},
				"up": {"uv": [16, 0, 0, 16], "texture": "#0"},
				"down": {"uv": [16, 0, 0, 16], "texture": "#0"}
			}
		},
		{
			"name": "zip",
			"from": [5.33687, 7.875, 12.75814],
			"to": [5.4847, 8.125, 12.88314],
			"rotation": {"angle": 0, "axis": "y", "origin": [4.84829, 8, 12.82064]},
			"faces": {
				"north": {"uv": [16, 0, 0, 16], "texture": "#0"},
				"east": {"uv": [16, 0, 0, 16], "texture": "#0"},
				"south": {"uv": [16, 0, 0, 16], "texture": "#0"},
				"west": {"uv": [16, 0, 0, 16], "texture": "#0"},
				"up": {"uv": [16, 0, 0, 16], "texture": "#0"},
				"down": {"uv": [16, 0, 0, 16], "texture": "#0"}
			}
		},
		{
			"name": "zip",
			"from": [5.52437, 7.875, 12.75814],
			"to": [5.6722, 8.125, 12.88314],
			"rotation": {"angle": 0, "axis": "y", "origin": [4.84829, 8, 12.82064]},
			"faces": {
				"north": {"uv": [16, 0, 0, 16], "texture": "#0"},
				"east": {"uv": [16, 0, 0, 16], "texture": "#0"},
				"south": {"uv": [16, 0, 0, 16], "texture": "#0"},
				"west": {"uv": [16, 0, 0, 16], "texture": "#0"},
				"up": {"uv": [16, 0, 0, 16], "texture": "#0"},
				"down": {"uv": [16, 0, 0, 16], "texture": "#0"}
			}
		},
		{
			"name": "zip",
			"from": [5.71187, 7.875, 12.75814],
			"to": [5.8597, 8.125, 12.88314],
			"rotation": {"angle": 0, "axis": "y", "origin": [4.84829, 8, 12.82064]},
			"faces": {
				"north": {"uv": [16, 0, 0, 16], "texture": "#0"},
				"east": {"uv": [16, 0, 0, 16], "texture": "#0"},
				"south": {"uv": [16, 0, 0, 16], "texture": "#0"},
				"west": {"uv": [16, 0, 0, 16], "texture": "#0"},
				"up": {"uv": [16, 0, 0, 16], "texture": "#0"},
				"down": {"uv": [16, 0, 0, 16], "texture": "#0"}
			}
		},
		{
			"name": "zip",
			"from": [5.89937, 7.875, 12.75814],
			"to": [6.0472, 8.125, 12.88314],
			"rotation": {"angle": 0, "axis": "y", "origin": [4.84829, 8, 12.82064]},
			"faces": {
				"north": {"uv": [16, 0, 0, 16], "texture": "#0"},
				"east": {"uv": [16, 0, 0, 16], "texture": "#0"},
				"south": {"uv": [16, 0, 0, 16], "texture": "#0"},
				"west": {"uv": [16, 0, 0, 16], "texture": "#0"},
				"up": {"uv": [16, 0, 0, 16], "texture": "#0"},
				"down": {"uv": [16, 0, 0, 16], "texture": "#0"}
			}
		},
		{
			"name": "zip",
			"from": [6.08687, 7.875, 12.75814],
			"to": [6.2347, 8.125, 12.88314],
			"rotation": {"angle": 0, "axis": "y", "origin": [4.84829, 8, 12.82064]},
			"faces": {
				"north": {"uv": [16, 0, 0, 16], "texture": "#0"},
				"east": {"uv": [16, 0, 0, 16], "texture": "#0"},
				"south": {"uv": [16, 0, 0, 16], "texture": "#0"},
				"west": {"uv": [16, 0, 0, 16], "texture": "#0"},
				"up": {"uv": [16, 0, 0, 16], "texture": "#0"},
				"down": {"uv": [16, 0, 0, 16], "texture": "#0"}
			}
		},
		{
			"name": "zip",
			"from": [6.27437, 7.875, 12.75814],
			"to": [6.4222, 8.125, 12.88314],
			"rotation": {"angle": 0, "axis": "y", "origin": [4.84829, 8, 12.82064]},
			"faces": {
				"north": {"uv": [16, 0, 0, 16], "texture": "#0"},
				"east": {"uv": [16, 0, 0, 16], "texture": "#0"},
				"south": {"uv": [16, 0, 0, 16], "texture": "#0"},
				"west": {"uv": [16, 0, 0, 16], "texture": "#0"},
				"up": {"uv": [16, 0, 0, 16], "texture": "#0"},
				"down": {"uv": [16, 0, 0, 16], "texture": "#0"}
			}
		},
		{
			"name": "zip",
			"from": [6.46187, 7.875, 12.75814],
			"to": [6.6097, 8.125, 12.88314],
			"rotation": {"angle": 0, "axis": "y", "origin": [4.84829, 8, 12.82064]},
			"faces": {
				"north": {"uv": [16, 0, 0, 16], "texture": "#0"},
				"east": {"uv": [16, 0, 0, 16], "texture": "#0"},
				"south": {"uv": [16, 0, 0, 16], "texture": "#0"},
				"west": {"uv": [16, 0, 0, 16], "texture": "#0"},
				"up": {"uv": [16, 0, 0, 16], "texture": "#0"},
				"down": {"uv": [16, 0, 0, 16], "texture": "#0"}
			}
		},
		{
			"name": "zip",
			"from": [6.83687, 7.875, 12.75814],
			"to": [6.9847, 8.125, 12.88314],
			"rotation": {"angle": 0, "axis": "y", "origin": [4.84829, 8, 12.82064]},
			"faces": {
				"north": {"uv": [16, 0, 0, 16], "texture": "#0"},
				"east": {"uv": [16, 0, 0, 16], "texture": "#0"},
				"south": {"uv": [16, 0, 0, 16], "texture": "#0"},
				"west": {"uv": [16, 0, 0, 16], "texture": "#0"},
				"up": {"uv": [16, 0, 0, 16], "texture": "#0"},
				"down": {"uv": [16, 0, 0, 16], "texture": "#0"}
			}
		},
		{
			"name": "zip",
			"from": [7.02437, 7.875, 12.75814],
			"to": [7.1722, 8.125, 12.88314],
			"rotation": {"angle": 0, "axis": "y", "origin": [4.84829, 8, 12.82064]},
			"faces": {
				"north": {"uv": [16, 0, 0, 16], "texture": "#0"},
				"east": {"uv": [16, 0, 0, 16], "texture": "#0"},
				"south": {"uv": [16, 0, 0, 16], "texture": "#0"},
				"west": {"uv": [16, 0, 0, 16], "texture": "#0"},
				"up": {"uv": [16, 0, 0, 16], "texture": "#0"},
				"down": {"uv": [16, 0, 0, 16], "texture": "#0"}
			}
		},
		{
			"name": "zip",
			"from": [7.21187, 7.875, 12.75814],
			"to": [7.3597, 8.125, 12.88314],
			"rotation": {"angle": 0, "axis": "y", "origin": [4.84829, 8, 12.82064]},
			"faces": {
				"north": {"uv": [16, 0, 0, 16], "texture": "#0"},
				"east": {"uv": [16, 0, 0, 16], "texture": "#0"},
				"south": {"uv": [16, 0, 0, 16], "texture": "#0"},
				"west": {"uv": [16, 0, 0, 16], "texture": "#0"},
				"up": {"uv": [16, 0, 0, 16], "texture": "#0"},
				"down": {"uv": [16, 0, 0, 16], "texture": "#0"}
			}
		},
		{
			"name": "zip",
			"from": [7.39937, 7.875, 12.75814],
			"to": [7.5472, 8.125, 12.88314],
			"rotation": {"angle": 0, "axis": "y", "origin": [4.84829, 8, 12.82064]},
			"faces": {
				"north": {"uv": [16, 0, 0, 16], "texture": "#0"},
				"east": {"uv": [16, 0, 0, 16], "texture": "#0"},
				"south": {"uv": [16, 0, 0, 16], "texture": "#0"},
				"west": {"uv": [16, 0, 0, 16], "texture": "#0"},
				"up": {"uv": [16, 0, 0, 16], "texture": "#0"},
				"down": {"uv": [16, 0, 0, 16], "texture": "#0"}
			}
		},
		{
			"name": "zip",
			"from": [7.58687, 7.875, 12.75814],
			"to": [7.7347, 8.125, 12.88314],
			"rotation": {"angle": 0, "axis": "y", "origin": [4.84829, 8, 12.82064]},
			"faces": {
				"north": {"uv": [16, 0, 0, 16], "texture": "#0"},
				"east": {"uv": [16, 0, 0, 16], "texture": "#0"},
				"south": {"uv": [16, 0, 0, 16], "texture": "#0"},
				"west": {"uv": [16, 0, 0, 16], "texture": "#0"},
				"up": {"uv": [16, 0, 0, 16], "texture": "#0"},
				"down": {"uv": [16, 0, 0, 16], "texture": "#0"}
			}
		},
		{
			"name": "zip",
			"from": [6.64937, 7.875, 12.75814],
			"to": [6.7972, 8.125, 12.88314],
			"rotation": {"angle": 0, "axis": "y", "origin": [4.84829, 8, 12.82064]},
			"faces": {
				"north": {"uv": [16, 0, 0, 16], "texture": "#0"},
				"east": {"uv": [16, 0, 0, 16], "texture": "#0"},
				"south": {"uv": [16, 0, 0, 16], "texture": "#0"},
				"west": {"uv": [16, 0, 0, 16], "texture": "#0"},
				"up": {"uv": [16, 0, 0, 16], "texture": "#0"},
				"down": {"uv": [16, 0, 0, 16], "texture": "#0"}
			}
		},
		{
			"name": "zip",
			"from": [8.0153, 7.875, 12.75814],
			"to": [8.16313, 8.125, 12.88314],
			"rotation": {"angle": 0, "axis": "y", "origin": [11.15171, 8, 12.82064]},
			"faces": {
				"north": {"uv": [16, 0, 0, 16], "texture": "#0"},
				"east": {"uv": [16, 0, 0, 16], "texture": "#0"},
				"south": {"uv": [16, 0, 0, 16], "texture": "#0"},
				"west": {"uv": [16, 0, 0, 16], "texture": "#0"},
				"up": {"uv": [16, 0, 0, 16], "texture": "#0"},
				"down": {"uv": [16, 0, 0, 16], "texture": "#0"}
			}
		},
		{
			"name": "zip",
			"from": [11.59273, 7.875, 12.45646],
			"to": [11.74055, 8.125, 12.58146],
			"rotation": {"angle": 45, "axis": "y", "origin": [11.72914, 8, 12.58146]},
			"faces": {
				"north": {"uv": [16, 0, 0, 16], "texture": "#0"},
				"east": {"uv": [16, 0, 0, 16], "texture": "#0"},
				"south": {"uv": [16, 0, 0, 16], "texture": "#0"},
				"west": {"uv": [16, 0, 0, 16], "texture": "#0"},
				"up": {"uv": [16, 0, 0, 16], "texture": "#0"},
				"down": {"uv": [16, 0, 0, 16], "texture": "#0"}
			}
		},
		{
			"name": "zip",
			"from": [11.78023, 7.875, 12.45646],
			"to": [11.92805, 8.125, 12.58146],
			"rotation": {"angle": 45, "axis": "y", "origin": [11.72914, 8, 12.58146]},
			"faces": {
				"north": {"uv": [16, 0, 0, 16], "texture": "#0"},
				"east": {"uv": [16, 0, 0, 16], "texture": "#0"},
				"south": {"uv": [16, 0, 0, 16], "texture": "#0"},
				"west": {"uv": [16, 0, 0, 16], "texture": "#0"},
				"up": {"uv": [16, 0, 0, 16], "texture": "#0"},
				"down": {"uv": [16, 0, 0, 16], "texture": "#0"}
			}
		},
		{
			"name": "zip",
			"from": [11.78091, 7.875, 12.24238],
			"to": [11.90591, 8.125, 12.39021],
			"rotation": {"angle": -22.5, "axis": "y", "origin": [11.90591, 8, 12.3163]},
			"faces": {
				"north": {"uv": [16, 0, 0, 16], "texture": "#0"},
				"east": {"uv": [16, 0, 0, 16], "texture": "#0"},
				"south": {"uv": [16, 0, 0, 16], "texture": "#0"},
				"west": {"uv": [16, 0, 0, 16], "texture": "#0"},
				"up": {"uv": [16, 0, 0, 16], "texture": "#0"},
				"down": {"uv": [16, 0, 0, 16], "texture": "#0"}
			}
		},
		{
			"name": "zip",
			"from": [11.78091, 7.875, 12.05488],
			"to": [11.90591, 8.125, 12.20271],
			"rotation": {"angle": -22.5, "axis": "y", "origin": [11.90591, 8, 12.3163]},
			"faces": {
				"north": {"uv": [16, 0, 0, 16], "texture": "#0"},
				"east": {"uv": [16, 0, 0, 16], "texture": "#0"},
				"south": {"uv": [16, 0, 0, 16], "texture": "#0"},
				"west": {"uv": [16, 0, 0, 16], "texture": "#0"},
				"up": {"uv": [16, 0, 0, 16], "texture": "#0"},
				"down": {"uv": [16, 0, 0, 16], "texture": "#0"}
			}
		},
		{
			"name": "zip",
			"from": [11.92918, 7.875, 11.87201],
			"to": [12.05418, 8.125, 12.01984],
			"rotation": {"angle": 0, "axis": "y", "origin": [11.99168, 8, 11.94592]},
			"faces": {
				"north": {"uv": [16, 0, 0, 16], "texture": "#0"},
				"east": {"uv": [16, 0, 0, 16], "texture": "#0"},
				"south": {"uv": [16, 0, 0, 16], "texture": "#0"},
				"west": {"uv": [16, 0, 0, 16], "texture": "#0"},
				"up": {"uv": [16, 0, 0, 16], "texture": "#0"},
				"down": {"uv": [16, 0, 0, 16], "texture": "#0"}
			}
		},
		{
			"name": "zip",
			"from": [11.92918, 7.875, 11.68451],
			"to": [12.05418, 8.125, 11.83234],
			"rotation": {"angle": 0, "axis": "y", "origin": [11.99168, 8, 11.94592]},
			"faces": {
				"north": {"uv": [16, 0, 0, 16], "texture": "#0"},
				"east": {"uv": [16, 0, 0, 16], "texture": "#0"},
				"south": {"uv": [16, 0, 0, 16], "texture": "#0"},
				"west": {"uv": [16, 0, 0, 16], "texture": "#0"},
				"up": {"uv": [16, 0, 0, 16], "texture": "#0"},
				"down": {"uv": [16, 0, 0, 16], "texture": "#0"}
			}
		},
		{
			"name": "zip",
			"from": [11.92918, 7.875, 11.49701],
			"to": [12.05418, 8.125, 11.64484],
			"rotation": {"angle": 0, "axis": "y", "origin": [11.99168, 8, 11.94592]},
			"faces": {
				"north": {"uv": [16, 0, 0, 16], "texture": "#0"},
				"east": {"uv": [16, 0, 0, 16], "texture": "#0"},
				"south": {"uv": [16, 0, 0, 16], "texture": "#0"},
				"west": {"uv": [16, 0, 0, 16], "texture": "#0"},
				"up": {"uv": [16, 0, 0, 16], "texture": "#0"},
				"down": {"uv": [16, 0, 0, 16], "texture": "#0"}
			}
		},
		{
			"name": "zip",
			"from": [11.05109, 7.875, 12.73859],
			"to": [11.19891, 8.125, 12.86359],
			"rotation": {"angle": 22.5, "axis": "y", "origin": [11, 8.0625, 11.80109]},
			"faces": {
				"north": {"uv": [16, 0, 0, 16], "texture": "#0"},
				"east": {"uv": [16, 0, 0, 16], "texture": "#0"},
				"south": {"uv": [16, 0, 0, 16], "texture": "#0"},
				"west": {"uv": [16, 0, 0, 16], "texture": "#0"},
				"up": {"uv": [16, 0, 0, 16], "texture": "#0"},
				"down": {"uv": [16, 0, 0, 16], "texture": "#0"}
			}
		},
		{
			"name": "zip",
			"from": [10.86359, 7.875, 12.73859],
			"to": [11.01141, 8.125, 12.86359],
			"rotation": {"angle": 22.5, "axis": "y", "origin": [11, 8.0625, 11.80109]},
			"faces": {
				"north": {"uv": [16, 0, 0, 16], "texture": "#0"},
				"east": {"uv": [16, 0, 0, 16], "texture": "#0"},
				"south": {"uv": [16, 0, 0, 16], "texture": "#0"},
				"west": {"uv": [16, 0, 0, 16], "texture": "#0"},
				"up": {"uv": [16, 0, 0, 16], "texture": "#0"},
				"down": {"uv": [16, 0, 0, 16], "texture": "#0"}
			}
		},
		{
			"name": "zip",
			"from": [11.0778, 7.875, 12.75814],
			"to": [11.22563, 8.125, 12.88314],
			"rotation": {"angle": 0, "axis": "y", "origin": [11.15171, 8, 12.82064]},
			"faces": {
				"north": {"uv": [16, 0, 0, 16], "texture": "#0"},
				"east": {"uv": [16, 0, 0, 16], "texture": "#0"},
				"south": {"uv": [16, 0, 0, 16], "texture": "#0"},
				"west": {"uv": [16, 0, 0, 16], "texture": "#0"},
				"up": {"uv": [16, 0, 0, 16], "texture": "#0"},
				"down": {"uv": [16, 0, 0, 16], "texture": "#0"}
			}
		},
		{
			"name": "zip",
			"from": [10.8903, 7.875, 12.75814],
			"to": [11.03813, 8.125, 12.88314],
			"rotation": {"angle": 0, "axis": "y", "origin": [11.15171, 8, 12.82064]},
			"faces": {
				"north": {"uv": [16, 0, 0, 16], "texture": "#0"},
				"east": {"uv": [16, 0, 0, 16], "texture": "#0"},
				"south": {"uv": [16, 0, 0, 16], "texture": "#0"},
				"west": {"uv": [16, 0, 0, 16], "texture": "#0"},
				"up": {"uv": [16, 0, 0, 16], "texture": "#0"},
				"down": {"uv": [16, 0, 0, 16], "texture": "#0"}
			}
		},
		{
			"name": "zip",
			"from": [10.7028, 7.875, 12.75814],
			"to": [10.85063, 8.125, 12.88314],
			"rotation": {"angle": 0, "axis": "y", "origin": [11.15171, 8, 12.82064]},
			"faces": {
				"north": {"uv": [16, 0, 0, 16], "texture": "#0"},
				"east": {"uv": [16, 0, 0, 16], "texture": "#0"},
				"south": {"uv": [16, 0, 0, 16], "texture": "#0"},
				"west": {"uv": [16, 0, 0, 16], "texture": "#0"},
				"up": {"uv": [16, 0, 0, 16], "texture": "#0"},
				"down": {"uv": [16, 0, 0, 16], "texture": "#0"}
			}
		},
		{
			"name": "zip",
			"from": [10.5153, 7.875, 12.75814],
			"to": [10.66313, 8.125, 12.88314],
			"rotation": {"angle": 0, "axis": "y", "origin": [11.15171, 8, 12.82064]},
			"faces": {
				"north": {"uv": [16, 0, 0, 16], "texture": "#0"},
				"east": {"uv": [16, 0, 0, 16], "texture": "#0"},
				"south": {"uv": [16, 0, 0, 16], "texture": "#0"},
				"west": {"uv": [16, 0, 0, 16], "texture": "#0"},
				"up": {"uv": [16, 0, 0, 16], "texture": "#0"},
				"down": {"uv": [16, 0, 0, 16], "texture": "#0"}
			}
		},
		{
			"name": "zip",
			"from": [10.3278, 7.875, 12.75814],
			"to": [10.47563, 8.125, 12.88314],
			"rotation": {"angle": 0, "axis": "y", "origin": [11.15171, 8, 12.82064]},
			"faces": {
				"north": {"uv": [16, 0, 0, 16], "texture": "#0"},
				"east": {"uv": [16, 0, 0, 16], "texture": "#0"},
				"south": {"uv": [16, 0, 0, 16], "texture": "#0"},
				"west": {"uv": [16, 0, 0, 16], "texture": "#0"},
				"up": {"uv": [16, 0, 0, 16], "texture": "#0"},
				"down": {"uv": [16, 0, 0, 16], "texture": "#0"}
			}
		},
		{
			"name": "zip",
			"from": [10.1403, 7.875, 12.75814],
			"to": [10.28813, 8.125, 12.88314],
			"rotation": {"angle": 0, "axis": "y", "origin": [11.15171, 8, 12.82064]},
			"faces": {
				"north": {"uv": [16, 0, 0, 16], "texture": "#0"},
				"east": {"uv": [16, 0, 0, 16], "texture": "#0"},
				"south": {"uv": [16, 0, 0, 16], "texture": "#0"},
				"west": {"uv": [16, 0, 0, 16], "texture": "#0"},
				"up": {"uv": [16, 0, 0, 16], "texture": "#0"},
				"down": {"uv": [16, 0, 0, 16], "texture": "#0"}
			}
		},
		{
			"name": "zip",
			"from": [9.9528, 7.875, 12.75814],
			"to": [10.10063, 8.125, 12.88314],
			"rotation": {"angle": 0, "axis": "y", "origin": [11.15171, 8, 12.82064]},
			"faces": {
				"north": {"uv": [16, 0, 0, 16], "texture": "#0"},
				"east": {"uv": [16, 0, 0, 16], "texture": "#0"},
				"south": {"uv": [16, 0, 0, 16], "texture": "#0"},
				"west": {"uv": [16, 0, 0, 16], "texture": "#0"},
				"up": {"uv": [16, 0, 0, 16], "texture": "#0"},
				"down": {"uv": [16, 0, 0, 16], "texture": "#0"}
			}
		},
		{
			"name": "zip",
			"from": [9.7653, 7.875, 12.75814],
			"to": [9.91313, 8.125, 12.88314],
			"rotation": {"angle": 0, "axis": "y", "origin": [11.15171, 8, 12.82064]},
			"faces": {
				"north": {"uv": [16, 0, 0, 16], "texture": "#0"},
				"east": {"uv": [16, 0, 0, 16], "texture": "#0"},
				"south": {"uv": [16, 0, 0, 16], "texture": "#0"},
				"west": {"uv": [16, 0, 0, 16], "texture": "#0"},
				"up": {"uv": [16, 0, 0, 16], "texture": "#0"},
				"down": {"uv": [16, 0, 0, 16], "texture": "#0"}
			}
		},
		{
			"name": "zip",
			"from": [9.5778, 7.875, 12.75814],
			"to": [9.72563, 8.125, 12.88314],
			"rotation": {"angle": 0, "axis": "y", "origin": [11.15171, 8, 12.82064]},
			"faces": {
				"north": {"uv": [16, 0, 0, 16], "texture": "#0"},
				"east": {"uv": [16, 0, 0, 16], "texture": "#0"},
				"south": {"uv": [16, 0, 0, 16], "texture": "#0"},
				"west": {"uv": [16, 0, 0, 16], "texture": "#0"},
				"up": {"uv": [16, 0, 0, 16], "texture": "#0"},
				"down": {"uv": [16, 0, 0, 16], "texture": "#0"}
			}
		},
		{
			"name": "zip",
			"from": [9.3903, 7.875, 12.75814],
			"to": [9.53813, 8.125, 12.88314],
			"rotation": {"angle": 0, "axis": "y", "origin": [11.15171, 8, 12.82064]},
			"faces": {
				"north": {"uv": [16, 0, 0, 16], "texture": "#0"},
				"east": {"uv": [16, 0, 0, 16], "texture": "#0"},
				"south": {"uv": [16, 0, 0, 16], "texture": "#0"},
				"west": {"uv": [16, 0, 0, 16], "texture": "#0"},
				"up": {"uv": [16, 0, 0, 16], "texture": "#0"},
				"down": {"uv": [16, 0, 0, 16], "texture": "#0"}
			}
		},
		{
			"name": "zip",
			"from": [9.0153, 7.875, 12.75814],
			"to": [9.16313, 8.125, 12.88314],
			"rotation": {"angle": 0, "axis": "y", "origin": [11.15171, 8, 12.82064]},
			"faces": {
				"north": {"uv": [16, 0, 0, 16], "texture": "#0"},
				"east": {"uv": [16, 0, 0, 16], "texture": "#0"},
				"south": {"uv": [16, 0, 0, 16], "texture": "#0"},
				"west": {"uv": [16, 0, 0, 16], "texture": "#0"},
				"up": {"uv": [16, 0, 0, 16], "texture": "#0"},
				"down": {"uv": [16, 0, 0, 16], "texture": "#0"}
			}
		},
		{
			"name": "zip",
			"from": [8.8278, 7.875, 12.75814],
			"to": [8.97563, 8.125, 12.88314],
			"rotation": {"angle": 0, "axis": "y", "origin": [11.15171, 8, 12.82064]},
			"faces": {
				"north": {"uv": [16, 0, 0, 16], "texture": "#0"},
				"east": {"uv": [16, 0, 0, 16], "texture": "#0"},
				"south": {"uv": [16, 0, 0, 16], "texture": "#0"},
				"west": {"uv": [16, 0, 0, 16], "texture": "#0"},
				"up": {"uv": [16, 0, 0, 16], "texture": "#0"},
				"down": {"uv": [16, 0, 0, 16], "texture": "#0"}
			}
		},
		{
			"name": "zip",
			"from": [8.6403, 7.875, 12.75814],
			"to": [8.78813, 8.125, 12.88314],
			"rotation": {"angle": 0, "axis": "y", "origin": [11.15171, 8, 12.82064]},
			"faces": {
				"north": {"uv": [16, 0, 0, 16], "texture": "#0"},
				"east": {"uv": [16, 0, 0, 16], "texture": "#0"},
				"south": {"uv": [16, 0, 0, 16], "texture": "#0"},
				"west": {"uv": [16, 0, 0, 16], "texture": "#0"},
				"up": {"uv": [16, 0, 0, 16], "texture": "#0"},
				"down": {"uv": [16, 0, 0, 16], "texture": "#0"}
			}
		},
		{
			"name": "zip",
			"from": [8.4528, 7.875, 12.75814],
			"to": [8.60063, 8.125, 12.88314],
			"rotation": {"angle": 0, "axis": "y", "origin": [11.15171, 8, 12.82064]},
			"faces": {
				"north": {"uv": [16, 0, 0, 16], "texture": "#0"},
				"east": {"uv": [16, 0, 0, 16], "texture": "#0"},
				"south": {"uv": [16, 0, 0, 16], "texture": "#0"},
				"west": {"uv": [16, 0, 0, 16], "texture": "#0"},
				"up": {"uv": [16, 0, 0, 16], "texture": "#0"},
				"down": {"uv": [16, 0, 0, 16], "texture": "#0"}
			}
		},
		{
			"name": "zip",
			"from": [8.2028, 7.875, 12.75814],
			"to": [8.35063, 8.125, 12.88314],
			"rotation": {"angle": 0, "axis": "y", "origin": [11.15171, 8, 12.82064]},
			"faces": {
				"north": {"uv": [16, 0, 0, 16], "texture": "#0"},
				"east": {"uv": [16, 0, 0, 16], "texture": "#0"},
				"south": {"uv": [16, 0, 0, 16], "texture": "#0"},
				"west": {"uv": [16, 0, 0, 16], "texture": "#0"},
				"up": {"uv": [16, 0, 0, 16], "texture": "#0"},
				"down": {"uv": [16, 0, 0, 16], "texture": "#0"}
			}
		},
		{
			"name": "zip",
			"from": [9.2028, 7.875, 12.75814],
			"to": [9.35063, 8.125, 12.88314],
			"rotation": {"angle": 0, "axis": "y", "origin": [11.15171, 8, 12.82064]},
			"faces": {
				"north": {"uv": [16, 0, 0, 16], "texture": "#0"},
				"east": {"uv": [16, 0, 0, 16], "texture": "#0"},
				"south": {"uv": [16, 0, 0, 16], "texture": "#0"},
				"west": {"uv": [16, 0, 0, 16], "texture": "#0"},
				"up": {"uv": [16, 0, 0, 16], "texture": "#0"},
				"down": {"uv": [16, 0, 0, 16], "texture": "#0"}
			}
		},
		{
			"from": [6.25, 8.625, 8.25],
			"to": [9.75, 8.875, 9.25],
			"rotation": {"angle": 0, "axis": "y", "origin": [8, 8.75, 8]},
			"faces": {
				"north": {"uv": [9, 8, 10, 9], "texture": "#2"},
				"east": {"uv": [9, 8, 10, 9], "texture": "#2"},
				"south": {"uv": [9, 8, 10, 9], "texture": "#2"},
				"west": {"uv": [9, 8, 10, 9], "texture": "#2"},
				"up": {"uv": [9, 8, 10, 9], "texture": "#2"},
				"down": {"uv": [9, 8, 10, 9], "texture": "#2"}
			}
		},
		{
			"from": [7.5, 8.625, 7],
			"to": [8.5, 8.875, 10.5],
			"rotation": {"angle": 0, "axis": "y", "origin": [8, 8.75, 8]},
			"faces": {
				"north": {"uv": [9, 8, 10, 9], "texture": "#2"},
				"east": {"uv": [9, 8, 10, 9], "texture": "#2"},
				"south": {"uv": [9, 8, 10, 9], "texture": "#2"},
				"west": {"uv": [9, 8, 10, 9], "texture": "#2"},
				"up": {"uv": [9, 8, 10, 9], "rotation": 90, "texture": "#2"},
				"down": {"uv": [9, 8, 10, 9], "rotation": 270, "texture": "#2"}
			}
		}
	],
	"display": {
		"thirdperson_righthand": {
			"rotation": [90, -180, 0],
			"translation": [0, 1.75, 0.75],
			"scale": [0.45, 0.8, 0.45]
		},
		"thirdperson_lefthand": {
			"rotation": [90, -180, 0],
			"translation": [0, 1.75, 0.75],
			"scale": [0.45, 0.8, 0.45]
		},
		"firstperson_righthand": {
			"rotation": [76.25, -158.5, 0],
			"translation": [0, 1.75, 0.75],
			"scale": [0.45, 0.8, 0.45]
		},
		"firstperson_lefthand": {
			"rotation": [76.25, -158.5, 0],
			"translation": [0, 1.75, 0.75],
			"scale": [0.45, 0.8, 0.45]
		},
		"ground": {
			"rotation": [0, 30.25, 0],
			"translation": [0, -1, 0],
			"scale": [0.5, 1, 0.5]
		},
		"gui": {
			"rotation": [116, -180, 26],
			"scale": [1, 2, 1]
		},
		"head": {
			"rotation": [0, 30.25, 0],
			"translation": [0, -41, -1.25],
			"scale": [0.8, 1.6, 0.8]
		},
		"fixed": {
			"rotation": [-90, 0, 0],
			"scale": [1, 2, 1]
		}
	},
	"groups": [
		{
			"name": "middle",
			"origin": [5, 4.5, 12.29289],
			"children": [
				{
					"name": "group",
					"origin": [5, 4.5, 12.29289],
					"children": [0, 1, 2, 3, 4]
				},
				{
					"name": "group",
					"origin": [5, 4.5, 12.29289],
					"children": [5, 6, 7, 8, 9]
				},
				{
					"name": "group",
					"origin": [5, 4.5, 12.29289],
					"children": [10, 11, 12, 13, 14]
				},
				{
					"name": "group",
					"origin": [5, 4.5, 12.29289],
					"children": [15, 16, 17, 18, 19]
				}
			]
		},
		{
			"name": "middle2",
			"origin": [0, 0.625, 0],
			"children": [
				{
					"name": "group",
					"origin": [0, 0.125, 0],
					"children": [20, 21, 22, 23, 24]
				},
				{
					"name": "group",
					"origin": [0, 0.125, 0],
					"children": [25, 26, 27, 28, 29]
				},
				{
					"name": "group",
					"origin": [0, 0.125, 0],
					"children": [30, 31, 32, 33, 34]
				},
				{
					"name": "group",
					"origin": [0, 0.125, 0],
					"children": [35, 36, 37, 38, 39]
				}
			]
		},
		{
			"name": "middle2",
			"origin": [0, 0.625, 0],
			"children": [
				{
					"name": "group",
					"origin": [0, 0.125, 0],
					"children": [40, 41, 42, 43, 44]
				},
				{
					"name": "group",
					"origin": [0, 0.125, 0],
					"children": [45, 46, 47, 48, 49]
				},
				{
					"name": "group",
					"origin": [0, 0.125, 0],
					"children": [50, 51, 52, 53, 54]
				},
				{
					"name": "group",
					"origin": [0, 0.125, 0],
					"children": [55, 56, 57, 58, 59]
				}
			]
		},
		{
			"name": "middle3",
			"origin": [0, 0.625, 0],
			"children": [
				{
					"name": "group",
					"origin": [0, 0.125, 0],
					"children": [60, 61, 62, 63, 64]
				},
				{
					"name": "group",
					"origin": [0, 0.125, 0],
					"children": [65, 66, 67, 68, 69]
				},
				{
					"name": "group",
					"origin": [0, 0.125, 0],
					"children": [70, 71, 72, 73, 74]
				},
				{
					"name": "group",
					"origin": [0, 0.125, 0],
					"children": [75, 76, 77, 78, 79]
				}
			]
		},
		{
			"name": "middle3",
			"origin": [0, 0.625, 0],
			"children": [
				{
					"name": "group",
					"origin": [0, 0.125, 0],
					"children": [80, 81, 82, 83, 84]
				},
				{
					"name": "group",
					"origin": [0, 0.125, 0],
					"children": [85, 86, 87, 88, 89]
				},
				{
					"name": "group",
					"origin": [0, 0.125, 0],
					"children": [90, 91, 92, 93, 94]
				},
				{
					"name": "group",
					"origin": [0, 0.125, 0],
					"children": [95, 96, 97, 98, 99]
				}
			]
		},
		{
			"name": "zippe",
			"origin": [5, 4.5, 11.80109],
			"children": [
				{
					"name": "slider",
					"origin": [4.00832, 8, 11.35217],
					"children": [100, 101, 102, 103]
				},
				{
					"name": "element",
					"origin": [4.84829, 8, 12.82064],
					"children": [104, 105, 106, 107, 108, 109, 110, 111, 112, 113, 114, 115, 116, 117, 118, 119, 120, 121, 122, 123, 124, 125, 126, 127, 128, 129, 130, 131, 132, 133, 134, 135, 136, 137, 138, 139, 140, 141, 142, 143, 144, 145, 146, 147, 148, 149, 150, 151, 152, 153, 154, 155]
				}
			]
		},
		{
			"name": "redcross",
			"origin": [0, 3.75, 15.5],
			"children": [156, 157]
		}
	]
}