{
	"credit": "Made with Blockbench",
	"textures": {
		"4": "block/black_concrete",
		"5": "block/white_concrete",
		"7": "block/blue_concrete",
		"particle": "block/red_concrete"
	},
	"elements": [
		{
			"from": [6, 9, 6],
			"to": [10, 9.5, 10],
			"rotation": {"angle": 0, "axis": "y", "origin": [16, 17, 16]},
			"faces": {
				"north": {"uv": [0, 0, 16, 16], "texture": "#4"},
				"east": {"uv": [0, 0, 16, 16], "texture": "#4"},
				"south": {"uv": [0, 0, 16, 16], "texture": "#4"},
				"west": {"uv": [0, 0, 16, 16], "texture": "#4"},
				"up": {"uv": [0, 0, 16, 16], "texture": "#4"},
				"down": {"uv": [0, 0, 16, 16], "texture": "#4"}
			}
		},
		{
			"from": [6.5, 9.5, 6.5],
			"to": [9.5, 10, 9.5],
			"rotation": {"angle": 0, "axis": "y", "origin": [16, 17.5, 16]},
			"faces": {
				"north": {"uv": [0, 0, 16, 16], "texture": "#4"},
				"east": {"uv": [0, 0, 16, 16], "texture": "#4"},
				"south": {"uv": [0, 0, 16, 16], "texture": "#4"},
				"west": {"uv": [0, 0, 16, 16], "texture": "#4"},
				"up": {"uv": [0, 0, 16, 16], "texture": "#4"},
				"down": {"uv": [0, 0, 16, 16], "texture": "#4"}
			}
		},
		{
			"from": [6.5, 0, 6.5],
			"to": [9.5, 0.5, 9.5],
			"rotation": {"angle": 0, "axis": "y", "origin": [16, 8, 16]},
			"faces": {
				"north": {"uv": [0, 0, 16, 16], "texture": "#4"},
				"east": {"uv": [0, 0, 16, 16], "texture": "#4"},
				"south": {"uv": [0, 0, 16, 16], "texture": "#4"},
				"west": {"uv": [0, 0, 16, 16], "texture": "#4"},
				"up": {"uv": [0, 0, 16, 16], "texture": "#4"},
				"down": {"uv": [0, 0, 16, 16], "texture": "#4"}
			}
		},
		{
			"from": [6.5, 9, 5.5],
			"to": [9.5, 9.5, 6],
			"rotation": {"angle": 0, "axis": "y", "origin": [16, 17, 13]},
			"faces": {
				"north": {"uv": [0, 0, 16, 16], "texture": "#4"},
				"east": {"uv": [0, 0, 16, 16], "texture": "#4"},
				"south": {"uv": [0, 0, 16, 16], "texture": "#4"},
				"west": {"uv": [0, 0, 16, 16], "texture": "#4"},
				"up": {"uv": [0, 0, 16, 16], "texture": "#4"},
				"down": {"uv": [0, 0, 16, 16], "texture": "#4"}
			}
		},
		{
			"from": [10, 9, 6.5],
			"to": [10.5, 9.5, 9.5],
			"rotation": {"angle": 0, "axis": "y", "origin": [17.5, 17, 0]},
			"faces": {
				"north": {"uv": [0, 0, 16, 16], "texture": "#4"},
				"east": {"uv": [0, 0, 16, 16], "texture": "#4"},
				"south": {"uv": [0, 0, 16, 16], "texture": "#4"},
				"west": {"uv": [0, 0, 16, 16], "texture": "#4"},
				"up": {"uv": [0, 0, 16, 16], "texture": "#4"},
				"down": {"uv": [0, 0, 16, 16], "texture": "#4"}
			}
		},
		{
			"from": [5.5, 9, 6.5],
			"to": [6, 9.5, 9.5],
			"rotation": {"angle": 0, "axis": "y", "origin": [13, 17, 0]},
			"faces": {
				"north": {"uv": [0, 0, 16, 16], "texture": "#4"},
				"east": {"uv": [0, 0, 16, 16], "texture": "#4"},
				"south": {"uv": [0, 0, 16, 16], "texture": "#4"},
				"west": {"uv": [0, 0, 16, 16], "texture": "#4"},
				"up": {"uv": [0, 0, 16, 16], "texture": "#4"},
				"down": {"uv": [0, 0, 16, 16], "texture": "#4"}
			}
		},
		{
			"from": [6.5, 9, 10],
			"to": [9.5, 9.5, 10.5],
			"rotation": {"angle": 0, "axis": "y", "origin": [16, 17, 17.5]},
			"faces": {
				"north": {"uv": [0, 0, 16, 16], "texture": "#4"},
				"east": {"uv": [0, 0, 16, 16], "texture": "#4"},
				"south": {"uv": [0, 0, 16, 16], "texture": "#4"},
				"west": {"uv": [0, 0, 16, 16], "texture": "#4"},
				"up": {"uv": [0, 0, 16, 16], "texture": "#4"},
				"down": {"uv": [0, 0, 16, 16], "texture": "#4"}
			}
		},
		{
			"from": [7, 1.75, 4.5],
			"to": [9, 8.25, 5],
			"rotation": {"angle": 0, "axis": "y", "origin": [13, 10, 1.5]},
			"faces": {
				"north": {"uv": [0, 0, 0.5, 4], "texture": "#5"},
				"east": {"uv": [0, 0, 0.5, 4], "texture": "#5"},
				"south": {"uv": [0, 0, 0.5, 4], "texture": "#5"},
				"west": {"uv": [0, 0, 0.5, 4], "texture": "#5"},
				"up": {"uv": [0, 0, 0.5, 4], "texture": "#5"},
				"down": {"uv": [0, 0, 0.5, 4], "texture": "#5"}
			}
		},
		{
			"from": [7, 1, 5],
			"to": [9, 9, 11],
			"rotation": {"angle": 0, "axis": "y", "origin": [14, 9, 12]},
			"faces": {
				"north": {"uv": [0, 0, 16, 16], "texture": "#5"},
				"east": {"uv": [0, 0, 16, 16], "texture": "#5"},
				"south": {"uv": [0, 0, 16, 16], "texture": "#5"},
				"west": {"uv": [0, 0, 16, 16], "texture": "#5"},
				"up": {"uv": [0, 0, 16, 16], "texture": "#5"},
				"down": {"uv": [0, 0, 16, 16], "texture": "#5"}
			}
		},
		{
			"from": [6.5, 0.5, 10],
			"to": [9.5, 1, 10.5],
			"rotation": {"angle": 0, "axis": "y", "origin": [16, 8.5, 17.5]},
			"faces": {
				"north": {"uv": [0, 0, 16, 16], "texture": "#4"},
				"east": {"uv": [0, 0, 16, 16], "texture": "#4"},
				"south": {"uv": [0, 0, 16, 16], "texture": "#4"},
				"west": {"uv": [0, 0, 16, 16], "texture": "#4"},
				"up": {"uv": [0, 0, 16, 16], "texture": "#4"},
				"down": {"uv": [0, 0, 16, 16], "texture": "#4"}
			}
		},
		{
			"from": [5.5, 0.5, 6.5],
			"to": [6, 1, 9.5],
			"rotation": {"angle": 0, "axis": "y", "origin": [13, 8.5, 0]},
			"faces": {
				"north": {"uv": [0, 0, 16, 16], "texture": "#4"},
				"east": {"uv": [0, 0, 16, 16], "texture": "#4"},
				"south": {"uv": [0, 0, 16, 16], "texture": "#4"},
				"west": {"uv": [0, 0, 16, 16], "texture": "#4"},
				"up": {"uv": [0, 0, 16, 16], "texture": "#4"},
				"down": {"uv": [0, 0, 16, 16], "texture": "#4"}
			}
		},
		{
			"from": [6, 0.5, 6],
			"to": [10, 1, 10],
			"rotation": {"angle": 0, "axis": "y", "origin": [16, 8.5, 16]},
			"faces": {
				"north": {"uv": [0, 0, 16, 16], "texture": "#4"},
				"east": {"uv": [0, 0, 16, 16], "texture": "#4"},
				"south": {"uv": [0, 0, 16, 16], "texture": "#4"},
				"west": {"uv": [0, 0, 16, 16], "texture": "#4"},
				"up": {"uv": [0, 0, 16, 16], "texture": "#4"},
				"down": {"uv": [0, 0, 16, 16], "texture": "#4"}
			}
		},
		{
			"from": [6.5, 0.5, 5.5],
			"to": [9.5, 1, 6],
			"rotation": {"angle": 0, "axis": "y", "origin": [16, 8.5, 13]},
			"faces": {
				"north": {"uv": [0, 0, 16, 16], "texture": "#4"},
				"east": {"uv": [0, 0, 16, 16], "texture": "#4"},
				"south": {"uv": [0, 0, 16, 16], "texture": "#4"},
				"west": {"uv": [0, 0, 16, 16], "texture": "#4"},
				"up": {"uv": [0, 0, 16, 16], "texture": "#4"},
				"down": {"uv": [0, 0, 16, 16], "texture": "#4"}
			}
		},
		{
			"from": [10, 0.5, 6.5],
			"to": [10.5, 1, 9.5],
			"rotation": {"angle": 0, "axis": "y", "origin": [17.5, 8.5, 0]},
			"faces": {
				"north": {"uv": [0, 0, 16, 16], "texture": "#4"},
				"east": {"uv": [0, 0, 16, 16], "texture": "#4"},
				"south": {"uv": [0, 0, 16, 16], "texture": "#4"},
				"west": {"uv": [0, 0, 16, 16], "texture": "#4"},
				"up": {"uv": [0, 0, 16, 16], "texture": "#4"},
				"down": {"uv": [0, 0, 16, 16], "texture": "#4"}
			}
		},
		{
			"from": [5.25, 9, 7.75],
			"to": [5.5, 9.75, 8.25],
			"rotation": {"angle": 0, "axis": "y", "origin": [12.5, 17, 15.75]},
			"faces": {
				"north": {"uv": [0, 0, 0.25, 0.75], "texture": "#4"},
				"east": {"uv": [0, 0, 0.25, 0.75], "texture": "#4"},
				"south": {"uv": [0, 0, 0.25, 0.75], "texture": "#4"},
				"west": {"uv": [0, 0, 0.25, 0.75], "texture": "#4"},
				"up": {"uv": [0, 0, 0.25, 0.75], "texture": "#4"},
				"down": {"uv": [0, 0, 0.25, 0.75], "texture": "#4"}
			}
		},
		{
			"from": [9, 1, 7],
			"to": [11, 9, 9],
			"rotation": {"angle": 0, "axis": "y", "origin": [16, 9, 14]},
			"faces": {
				"north": {"uv": [0, 0, 16, 16], "texture": "#5"},
				"east": {"uv": [0, 0, 16, 16], "texture": "#5"},
				"south": {"uv": [0, 0, 16, 16], "texture": "#5"},
				"west": {"uv": [0, 0, 16, 16], "texture": "#5"},
				"up": {"uv": [0, 0, 16, 16], "texture": "#5"},
				"down": {"uv": [0, 0, 16, 16], "texture": "#5"}
			}
		},
		{
			"from": [11, 1.75, 7],
			"to": [11.5, 8.25, 9],
			"rotation": {"angle": 0, "axis": "y", "origin": [14.5, 10, 12.75]},
			"faces": {
				"north": {"uv": [0, 0, 0.5, 4], "texture": "#5"},
				"east": {"uv": [0, 0, 0.5, 4], "texture": "#5"},
				"south": {"uv": [0, 0, 0.5, 4], "texture": "#5"},
				"west": {"uv": [0, 0, 0.5, 4], "texture": "#5"},
				"up": {"uv": [0, 0, 0.5, 4], "texture": "#5"},
				"down": {"uv": [0, 0, 0.5, 4], "texture": "#5"}
			}
		},
		{
			"from": [4.5, 1.75, 7],
			"to": [5, 8.25, 9],
			"rotation": {"angle": 0, "axis": "y", "origin": [8, 10, 15.25]},
			"faces": {
				"north": {"uv": [0, 0, 0.5, 4], "texture": "#5"},
				"east": {"uv": [0, 0, 0.5, 4], "texture": "#5"},
				"south": {"uv": [0, 0, 0.5, 4], "texture": "#5"},
				"west": {"uv": [0, 0, 0.5, 4], "texture": "#5"},
				"up": {"uv": [0, 0, 0.5, 4], "texture": "#5"},
				"down": {"uv": [0, 0, 0.5, 4], "texture": "#5"}
			}
		},
		{
			"from": [5, 1, 7],
			"to": [7, 9, 9],
			"rotation": {"angle": 0, "axis": "y", "origin": [12, 9, 14]},
			"faces": {
				"north": {"uv": [0, 0, 16, 16], "texture": "#5"},
				"east": {"uv": [0, 0, 16, 16], "texture": "#5"},
				"south": {"uv": [0, 0, 16, 16], "texture": "#5"},
				"west": {"uv": [0, 0, 16, 16], "texture": "#5"},
				"up": {"uv": [0, 0, 16, 16], "texture": "#5"},
				"down": {"uv": [0, 0, 16, 16], "texture": "#5"}
			}
		},
		{
			"from": [10.5, 9, 7.75],
			"to": [10.75, 9.75, 8.25],
			"rotation": {"angle": 0, "axis": "y", "origin": [17.75, 17, 15.75]},
			"faces": {
				"north": {"uv": [0, 0, 0.25, 0.75], "texture": "#4"},
				"east": {"uv": [0, 0, 0.25, 0.75], "texture": "#4"},
				"south": {"uv": [0, 0, 0.25, 0.75], "texture": "#4"},
				"west": {"uv": [0, 0, 0.25, 0.75], "texture": "#4"},
				"up": {"uv": [0, 0, 0.25, 0.75], "texture": "#4"},
				"down": {"uv": [0, 0, 0.25, 0.75], "texture": "#4"}
			}
		},
		{
			"from": [6.08191, 11.0084, 7.75],
			"to": [9.93191, 11.2584, 8.25],
			"rotation": {"angle": 0, "axis": "y", "origin": [16.58191, 19.0084, 15.75]},
			"faces": {
				"north": {"uv": [0, 0, 3.85, 0.25], "texture": "#4"},
				"east": {"uv": [0, 0, 3.85, 0.25], "texture": "#4"},
				"south": {"uv": [0, 0, 3.85, 0.25], "texture": "#4"},
				"west": {"uv": [0, 0, 3.85, 0.25], "texture": "#4"},
				"up": {"uv": [0, 0, 3.85, 0.25], "texture": "#4"},
				"down": {"uv": [0, 0, 3.85, 0.25], "texture": "#4"}
			}
		},
		{
			"from": [9.5711, 11.97362, 7.75],
			"to": [9.8211, 13.22362, 8.25],
			"rotation": {"angle": -22.5, "axis": "z", "origin": [1.8211, 21.72362, 15.75]},
			"faces": {
				"north": {"uv": [0, 0, 1.25, 0.25], "rotation": 90, "texture": "#4"},
				"east": {"uv": [0, 0, 1.25, 0.25], "rotation": 90, "texture": "#4"},
				"south": {"uv": [0, 0, 1.25, 0.25], "rotation": 90, "texture": "#4"},
				"west": {"uv": [0, 0, 1.25, 0.25], "rotation": 90, "texture": "#4"},
				"up": {"uv": [0, 0, 1.25, 0.25], "rotation": 90, "texture": "#4"},
				"down": {"uv": [0, 0, 1.25, 0.25], "rotation": 90, "texture": "#4"}
			}
		},
		{
			"from": [7, 1.75, 11],
			"to": [9, 8.25, 11.5],
			"rotation": {"angle": 0, "axis": "y", "origin": [15.5, 10, 8]},
			"faces": {
				"north": {"uv": [0, 0, 0.5, 4], "texture": "#5"},
				"east": {"uv": [0, 0, 0.5, 4], "texture": "#5"},
				"south": {"uv": [0, 0, 0.5, 4], "texture": "#5"},
				"west": {"uv": [0, 0, 0.5, 4], "texture": "#5"},
				"up": {"uv": [0, 0, 0.5, 4], "texture": "#5"},
				"down": {"uv": [0, 0, 0.5, 4], "texture": "#5"}
			}
		},
		{
			"from": [13.0672, 13.34379, 7.75],
			"to": [13.3172, 14.59379, 8.25],
			"rotation": {"angle": 22.5, "axis": "z", "origin": [21.0672, 5.09379, 15.75]},
			"faces": {
				"north": {"uv": [0, 0, 1.25, 0.25], "rotation": 270, "texture": "#4"},
				"east": {"uv": [0, 0, 1.25, 0.25], "rotation": 270, "texture": "#4"},
				"south": {"uv": [0, 0, 1.25, 0.25], "rotation": 270, "texture": "#4"},
				"west": {"uv": [0, 0, 1.25, 0.25], "rotation": 270, "texture": "#4"},
				"up": {"uv": [0, 0, 1.25, 0.25], "rotation": 270, "texture": "#4"},
				"down": {"uv": [0, 0, 1.25, 0.25], "rotation": 270, "texture": "#4"}
			}
		},
		{
			"from": [13.58535, 18.8013, 7.75],
			"to": [13.83535, 19.3013, 8.25],
			"rotation": {"angle": 45, "axis": "z", "origin": [21.58535, 10.5513, 15.75]},
			"faces": {
				"north": {"uv": [0, 0, 0.5, 0.25], "rotation": 270, "texture": "#4"},
				"east": {"uv": [0, 0, 0.5, 0.25], "rotation": 270, "texture": "#4"},
				"south": {"uv": [0, 0, 0.5, 0.25], "rotation": 270, "texture": "#4"},
				"west": {"uv": [0, 0, 0.5, 0.25], "rotation": 270, "texture": "#4"},
				"up": {"uv": [0, 0, 0.5, 0.25], "rotation": 270, "texture": "#4"},
				"down": {"uv": [0, 0, 0.5, 0.25], "rotation": 270, "texture": "#4"}
			}
		},
		{
			"from": [-2.44842, 7.66436, 7.75],
			"to": [-2.19842, 8.16436, 8.25],
			"rotation": {"angle": -45, "axis": "z", "origin": [5.55158, -0.58564, 15.75]},
			"faces": {
				"north": {"uv": [0, 0, 0.5, 0.25], "rotation": 270, "texture": "#4"},
				"east": {"uv": [0, 0, 0.5, 0.25], "rotation": 270, "texture": "#4"},
				"south": {"uv": [0, 0, 0.5, 0.25], "rotation": 270, "texture": "#4"},
				"west": {"uv": [0, 0, 0.5, 0.25], "rotation": 270, "texture": "#4"},
				"up": {"uv": [0, 0, 0.5, 0.25], "rotation": 270, "texture": "#4"},
				"down": {"uv": [0, 0, 0.5, 0.25], "rotation": 270, "texture": "#4"}
			}
		},
		{
			"from": [5.75, 1.75, 11],
			"to": [7, 8.25, 11.5],
			"rotation": {"angle": 0, "axis": "y", "origin": [14.25, 10, 8]},
			"faces": {
				"north": {"uv": [0, 0, 0.5, 4], "texture": "#7"},
				"east": {"uv": [0, 0, 0.5, 4], "texture": "#7"},
				"south": {"uv": [0, 0, 0.5, 4], "texture": "#7"},
				"west": {"uv": [0, 0, 0.5, 4], "texture": "#7"},
				"up": {"uv": [0, 0, 0.5, 4], "texture": "#7"},
				"down": {"uv": [0, 0, 0.5, 4], "texture": "#7"}
			}
		},
		{
			"from": [9, 1.75, 11],
			"to": [10.25, 8.25, 11.5],
			"rotation": {"angle": 0, "axis": "y", "origin": [17.5, 10, 8]},
			"faces": {
				"north": {"uv": [0, 0, 0.5, 4], "texture": "#7"},
				"east": {"uv": [0, 0, 0.5, 4], "texture": "#7"},
				"south": {"uv": [0, 0, 0.5, 4], "texture": "#7"},
				"west": {"uv": [0, 0, 0.5, 4], "texture": "#7"},
				"up": {"uv": [0, 0, 0.5, 4], "texture": "#7"},
				"down": {"uv": [0, 0, 0.5, 4], "texture": "#7"}
			}
		},
		{
			"from": [11, 1.75, 9],
			"to": [11.5, 8.25, 10.25],
			"rotation": {"angle": 0, "axis": "y", "origin": [14.5, 10, 14]},
			"faces": {
				"north": {"uv": [0, 0, 0.5, 4], "texture": "#7"},
				"east": {"uv": [0, 0, 0.5, 4], "texture": "#7"},
				"south": {"uv": [0, 0, 0.5, 4], "texture": "#7"},
				"west": {"uv": [0, 0, 0.5, 4], "texture": "#7"},
				"up": {"uv": [0, 0, 0.5, 4], "texture": "#7"},
				"down": {"uv": [0, 0, 0.5, 4], "texture": "#7"}
			}
		},
		{
			"from": [11, 1.75, 5.75],
			"to": [11.5, 8.25, 7],
			"rotation": {"angle": 0, "axis": "y", "origin": [14.5, 10, 10.75]},
			"faces": {
				"north": {"uv": [0, 0, 0.5, 4], "texture": "#7"},
				"east": {"uv": [0, 0, 0.5, 4], "texture": "#7"},
				"south": {"uv": [0, 0, 0.5, 4], "texture": "#7"},
				"west": {"uv": [0, 0, 0.5, 4], "texture": "#7"},
				"up": {"uv": [0, 0, 0.5, 4], "texture": "#7"},
				"down": {"uv": [0, 0, 0.5, 4], "texture": "#7"}
			}
		},
		{
			"from": [9, 1.75, 4.5],
			"to": [10.25, 8.25, 5],
			"rotation": {"angle": 0, "axis": "y", "origin": [14.25, 10, 1.5]},
			"faces": {
				"north": {"uv": [0, 0, 0.5, 4], "texture": "#7"},
				"east": {"uv": [0, 0, 0.5, 4], "texture": "#7"},
				"south": {"uv": [0, 0, 0.5, 4], "texture": "#7"},
				"west": {"uv": [0, 0, 0.5, 4], "texture": "#7"},
				"up": {"uv": [0, 0, 0.5, 4], "texture": "#7"},
				"down": {"uv": [0, 0, 0.5, 4], "texture": "#7"}
			}
		},
		{
			"from": [5.75, 1.75, 4.5],
			"to": [7, 8.25, 5],
			"rotation": {"angle": 0, "axis": "y", "origin": [11, 10, 1.5]},
			"faces": {
				"north": {"uv": [0, 0, 0.5, 4], "texture": "#7"},
				"east": {"uv": [0, 0, 0.5, 4], "texture": "#7"},
				"south": {"uv": [0, 0, 0.5, 4], "texture": "#7"},
				"west": {"uv": [0, 0, 0.5, 4], "texture": "#7"},
				"up": {"uv": [0, 0, 0.5, 4], "texture": "#7"},
				"down": {"uv": [0, 0, 0.5, 4], "texture": "#7"}
			}
		},
		{
			"from": [9, 1.25, 9],
			"to": [11, 8.75, 10.75],
			"rotation": {"angle": 0, "axis": "y", "origin": [16, 9, 16]},
			"faces": {
				"north": {"uv": [0, 0, 16, 16], "texture": "#7"},
				"east": {"uv": [0, 0, 16, 16], "texture": "#7"},
				"south": {"uv": [0, 0, 16, 16], "texture": "#7"},
				"west": {"uv": [0, 0, 16, 16], "texture": "#7"},
				"up": {"uv": [0, 0, 16, 16], "texture": "#7"},
				"down": {"uv": [0, 0, 16, 16], "texture": "#7"}
			}
		},
		{
			"from": [5, 1.25, 9],
			"to": [7, 8.75, 10.75],
			"rotation": {"angle": 0, "axis": "y", "origin": [12, 9, 16]},
			"faces": {
				"north": {"uv": [0, 0, 16, 16], "texture": "#7"},
				"east": {"uv": [0, 0, 16, 16], "texture": "#7"},
				"south": {"uv": [0, 0, 16, 16], "texture": "#7"},
				"west": {"uv": [0, 0, 16, 16], "texture": "#7"},
				"up": {"uv": [0, 0, 16, 16], "texture": "#7"},
				"down": {"uv": [0, 0, 16, 16], "texture": "#7"}
			}
		},
		{
			"from": [5.25, 1.25, 10.75],
			"to": [7, 8.75, 11],
			"rotation": {"angle": 0, "axis": "y", "origin": [12, 9, 16.25]},
			"faces": {
				"north": {"uv": [0, 0, 16, 16], "texture": "#7"},
				"east": {"uv": [0, 0, 16, 16], "texture": "#7"},
				"south": {"uv": [0, 0, 16, 16], "texture": "#7"},
				"west": {"uv": [0, 0, 16, 16], "texture": "#7"},
				"up": {"uv": [0, 0, 16, 16], "texture": "#7"},
				"down": {"uv": [0, 0, 16, 16], "texture": "#7"}
			}
		},
		{
			"from": [9, 1.25, 10.75],
			"to": [10.75, 8.75, 11],
			"rotation": {"angle": 0, "axis": "y", "origin": [15.75, 9, 16.25]},
			"faces": {
				"north": {"uv": [0, 0, 16, 16], "texture": "#7"},
				"east": {"uv": [0, 0, 16, 16], "texture": "#7"},
				"south": {"uv": [0, 0, 16, 16], "texture": "#7"},
				"west": {"uv": [0, 0, 16, 16], "texture": "#7"},
				"up": {"uv": [0, 0, 16, 16], "texture": "#7"},
				"down": {"uv": [0, 0, 16, 16], "texture": "#7"}
			}
		},
		{
			"from": [9, 1.25, 5.25],
			"to": [11, 8.75, 7],
			"rotation": {"angle": 0, "axis": "y", "origin": [16, 9, 12]},
			"faces": {
				"north": {"uv": [0, 0, 16, 16], "texture": "#7"},
				"east": {"uv": [0, 0, 16, 16], "texture": "#7"},
				"south": {"uv": [0, 0, 16, 16], "texture": "#7"},
				"west": {"uv": [0, 0, 16, 16], "texture": "#7"},
				"up": {"uv": [0, 0, 16, 16], "texture": "#7"},
				"down": {"uv": [0, 0, 16, 16], "texture": "#7"}
			}
		},
		{
			"from": [5, 1.25, 5.25],
			"to": [7, 8.75, 7],
			"rotation": {"angle": 0, "axis": "y", "origin": [12, 9, 12]},
			"faces": {
				"north": {"uv": [0, 0, 16, 16], "texture": "#7"},
				"east": {"uv": [0, 0, 16, 16], "texture": "#7"},
				"south": {"uv": [0, 0, 16, 16], "texture": "#7"},
				"west": {"uv": [0, 0, 16, 16], "texture": "#7"},
				"up": {"uv": [0, 0, 16, 16], "texture": "#7"},
				"down": {"uv": [0, 0, 16, 16], "texture": "#7"}
			}
		},
		{
			"from": [6.5, 8.75, 5.5],
			"to": [7, 9, 7],
			"rotation": {"angle": 0, "axis": "y", "origin": [12, 9.25, 12]},
			"faces": {
				"north": {"uv": [0, 0, 16, 16], "texture": "#7"},
				"east": {"uv": [0, 0, 16, 16], "texture": "#7"},
				"south": {"uv": [0, 0, 16, 16], "texture": "#7"},
				"west": {"uv": [0, 0, 16, 16], "texture": "#7"},
				"up": {"uv": [0, 0, 16, 16], "texture": "#7"},
				"down": {"uv": [0, 0, 16, 16], "texture": "#7"}
			}
		},
		{
			"from": [9, 8.75, 5.5],
			"to": [9.5, 9, 7],
			"rotation": {"angle": 0, "axis": "y", "origin": [14.5, 9.25, 12]},
			"faces": {
				"north": {"uv": [0, 0, 16, 16], "texture": "#7"},
				"east": {"uv": [0, 0, 16, 16], "texture": "#7"},
				"south": {"uv": [0, 0, 16, 16], "texture": "#7"},
				"west": {"uv": [0, 0, 16, 16], "texture": "#7"},
				"up": {"uv": [0, 0, 16, 16], "texture": "#7"},
				"down": {"uv": [0, 0, 16, 16], "texture": "#7"}
			}
		},
		{
			"from": [9, 8.75, 9],
			"to": [9.5, 9, 10.5],
			"rotation": {"angle": 0, "axis": "y", "origin": [14.5, 9.25, 15.5]},
			"faces": {
				"north": {"uv": [0, 0, 16, 16], "texture": "#7"},
				"east": {"uv": [0, 0, 16, 16], "texture": "#7"},
				"south": {"uv": [0, 0, 16, 16], "texture": "#7"},
				"west": {"uv": [0, 0, 16, 16], "texture": "#7"},
				"up": {"uv": [0, 0, 16, 16], "texture": "#7"},
				"down": {"uv": [0, 0, 16, 16], "texture": "#7"}
			}
		},
		{
			"from": [6.5, 8.75, 9],
			"to": [7, 9, 10.5],
			"rotation": {"angle": 0, "axis": "y", "origin": [12, 9.25, 15.5]},
			"faces": {
				"north": {"uv": [0, 0, 16, 16], "texture": "#7"},
				"east": {"uv": [0, 0, 16, 16], "texture": "#7"},
				"south": {"uv": [0, 0, 16, 16], "texture": "#7"},
				"west": {"uv": [0, 0, 16, 16], "texture": "#7"},
				"up": {"uv": [0, 0, 16, 16], "texture": "#7"},
				"down": {"uv": [0, 0, 16, 16], "texture": "#7"}
			}
		},
		{
			"from": [6.5, 1, 9],
			"to": [7, 1.25, 10.5],
			"rotation": {"angle": 0, "axis": "y", "origin": [12, 1.5, 15.5]},
			"faces": {
				"north": {"uv": [0, 0, 16, 16], "texture": "#7"},
				"east": {"uv": [0, 0, 16, 16], "texture": "#7"},
				"south": {"uv": [0, 0, 16, 16], "texture": "#7"},
				"west": {"uv": [0, 0, 16, 16], "texture": "#7"},
				"up": {"uv": [0, 0, 16, 16], "texture": "#7"},
				"down": {"uv": [0, 0, 16, 16], "texture": "#7"}
			}
		},
		{
			"from": [9, 1, 9],
			"to": [9.5, 1.25, 10.5],
			"rotation": {"angle": 0, "axis": "y", "origin": [14.5, 1.5, 15.5]},
			"faces": {
				"north": {"uv": [0, 0, 16, 16], "texture": "#7"},
				"east": {"uv": [0, 0, 16, 16], "texture": "#7"},
				"south": {"uv": [0, 0, 16, 16], "texture": "#7"},
				"west": {"uv": [0, 0, 16, 16], "texture": "#7"},
				"up": {"uv": [0, 0, 16, 16], "texture": "#7"},
				"down": {"uv": [0, 0, 16, 16], "texture": "#7"}
			}
		},
		{
			"from": [9, 1, 5.5],
			"to": [9.5, 1.25, 7],
			"rotation": {"angle": 0, "axis": "y", "origin": [14.5, 1.5, 12]},
			"faces": {
				"north": {"uv": [0, 0, 16, 16], "texture": "#7"},
				"east": {"uv": [0, 0, 16, 16], "texture": "#7"},
				"south": {"uv": [0, 0, 16, 16], "texture": "#7"},
				"west": {"uv": [0, 0, 16, 16], "texture": "#7"},
				"up": {"uv": [0, 0, 16, 16], "texture": "#7"},
				"down": {"uv": [0, 0, 16, 16], "texture": "#7"}
			}
		},
		{
			"from": [6.5, 1, 5.5],
			"to": [7, 1.25, 7],
			"rotation": {"angle": 0, "axis": "y", "origin": [12, 1.5, 12]},
			"faces": {
				"north": {"uv": [0, 0, 16, 16], "texture": "#7"},
				"east": {"uv": [0, 0, 16, 16], "texture": "#7"},
				"south": {"uv": [0, 0, 16, 16], "texture": "#7"},
				"west": {"uv": [0, 0, 16, 16], "texture": "#7"},
				"up": {"uv": [0, 0, 16, 16], "texture": "#7"},
				"down": {"uv": [0, 0, 16, 16], "texture": "#7"}
			}
		},
		{
			"from": [6, 8.75, 6],
			"to": [6.5, 9, 7],
			"rotation": {"angle": 0, "axis": "y", "origin": [11.5, 9.25, 12]},
			"faces": {
				"north": {"uv": [0, 0, 16, 16], "texture": "#7"},
				"east": {"uv": [0, 0, 16, 16], "texture": "#7"},
				"south": {"uv": [0, 0, 16, 16], "texture": "#7"},
				"west": {"uv": [0, 0, 16, 16], "texture": "#7"},
				"up": {"uv": [0, 0, 16, 16], "texture": "#7"},
				"down": {"uv": [0, 0, 16, 16], "texture": "#7"}
			}
		},
		{
			"from": [9.5, 8.75, 6],
			"to": [10, 9, 7],
			"rotation": {"angle": 0, "axis": "y", "origin": [15, 9.25, 12]},
			"faces": {
				"north": {"uv": [0, 0, 16, 16], "texture": "#7"},
				"east": {"uv": [0, 0, 16, 16], "texture": "#7"},
				"south": {"uv": [0, 0, 16, 16], "texture": "#7"},
				"west": {"uv": [0, 0, 16, 16], "texture": "#7"},
				"up": {"uv": [0, 0, 16, 16], "texture": "#7"},
				"down": {"uv": [0, 0, 16, 16], "texture": "#7"}
			}
		},
		{
			"from": [9.5, 8.75, 9],
			"to": [10, 9, 10],
			"rotation": {"angle": 0, "axis": "y", "origin": [15, 9.25, 15]},
			"faces": {
				"north": {"uv": [0, 0, 16, 16], "texture": "#7"},
				"east": {"uv": [0, 0, 16, 16], "texture": "#7"},
				"south": {"uv": [0, 0, 16, 16], "texture": "#7"},
				"west": {"uv": [0, 0, 16, 16], "texture": "#7"},
				"up": {"uv": [0, 0, 16, 16], "texture": "#7"},
				"down": {"uv": [0, 0, 16, 16], "texture": "#7"}
			}
		},
		{
			"from": [6, 8.75, 9],
			"to": [6.5, 9, 10],
			"rotation": {"angle": 0, "axis": "y", "origin": [11.5, 9.25, 15]},
			"faces": {
				"north": {"uv": [0, 0, 16, 16], "texture": "#7"},
				"east": {"uv": [0, 0, 16, 16], "texture": "#7"},
				"south": {"uv": [0, 0, 16, 16], "texture": "#7"},
				"west": {"uv": [0, 0, 16, 16], "texture": "#7"},
				"up": {"uv": [0, 0, 16, 16], "texture": "#7"},
				"down": {"uv": [0, 0, 16, 16], "texture": "#7"}
			}
		},
		{
			"from": [6, 1, 9],
			"to": [6.5, 1.25, 10],
			"rotation": {"angle": 0, "axis": "y", "origin": [11.5, 1.5, 15]},
			"faces": {
				"north": {"uv": [0, 0, 16, 16], "texture": "#7"},
				"east": {"uv": [0, 0, 16, 16], "texture": "#7"},
				"south": {"uv": [0, 0, 16, 16], "texture": "#7"},
				"west": {"uv": [0, 0, 16, 16], "texture": "#7"},
				"up": {"uv": [0, 0, 16, 16], "texture": "#7"},
				"down": {"uv": [0, 0, 16, 16], "texture": "#7"}
			}
		},
		{
			"from": [9.5, 1, 9],
			"to": [10, 1.25, 10],
			"rotation": {"angle": 0, "axis": "y", "origin": [15, 1.5, 15]},
			"faces": {
				"north": {"uv": [0, 0, 16, 16], "texture": "#7"},
				"east": {"uv": [0, 0, 16, 16], "texture": "#7"},
				"south": {"uv": [0, 0, 16, 16], "texture": "#7"},
				"west": {"uv": [0, 0, 16, 16], "texture": "#7"},
				"up": {"uv": [0, 0, 16, 16], "texture": "#7"},
				"down": {"uv": [0, 0, 16, 16], "texture": "#7"}
			}
		},
		{
			"from": [9.5, 1, 6],
			"to": [10, 1.25, 7],
			"rotation": {"angle": 0, "axis": "y", "origin": [15, 1.5, 12]},
			"faces": {
				"north": {"uv": [0, 0, 16, 16], "texture": "#7"},
				"east": {"uv": [0, 0, 16, 16], "texture": "#7"},
				"south": {"uv": [0, 0, 16, 16], "texture": "#7"},
				"west": {"uv": [0, 0, 16, 16], "texture": "#7"},
				"up": {"uv": [0, 0, 16, 16], "texture": "#7"},
				"down": {"uv": [0, 0, 16, 16], "texture": "#7"}
			}
		},
		{
			"from": [6, 1, 6],
			"to": [6.5, 1.25, 7],
			"rotation": {"angle": 0, "axis": "y", "origin": [11.5, 1.5, 12]},
			"faces": {
				"north": {"uv": [0, 0, 16, 16], "texture": "#7"},
				"east": {"uv": [0, 0, 16, 16], "texture": "#7"},
				"south": {"uv": [0, 0, 16, 16], "texture": "#7"},
				"west": {"uv": [0, 0, 16, 16], "texture": "#7"},
				"up": {"uv": [0, 0, 16, 16], "texture": "#7"},
				"down": {"uv": [0, 0, 16, 16], "texture": "#7"}
			}
		},
		{
			"from": [5.5, 8.75, 6.5],
			"to": [6, 9, 7],
			"rotation": {"angle": 0, "axis": "y", "origin": [11, 9.25, 12]},
			"faces": {
				"north": {"uv": [0, 0, 16, 16], "texture": "#7"},
				"east": {"uv": [0, 0, 16, 16], "texture": "#7"},
				"south": {"uv": [0, 0, 16, 16], "texture": "#7"},
				"west": {"uv": [0, 0, 16, 16], "texture": "#7"},
				"up": {"uv": [0, 0, 16, 16], "texture": "#7"},
				"down": {"uv": [0, 0, 16, 16], "texture": "#7"}
			}
		},
		{
			"from": [10, 8.75, 6.5],
			"to": [10.5, 9, 7],
			"rotation": {"angle": 0, "axis": "y", "origin": [15.5, 9.25, 12]},
			"faces": {
				"north": {"uv": [0, 0, 16, 16], "texture": "#7"},
				"east": {"uv": [0, 0, 16, 16], "texture": "#7"},
				"south": {"uv": [0, 0, 16, 16], "texture": "#7"},
				"west": {"uv": [0, 0, 16, 16], "texture": "#7"},
				"up": {"uv": [0, 0, 16, 16], "texture": "#7"},
				"down": {"uv": [0, 0, 16, 16], "texture": "#7"}
			}
		},
		{
			"from": [10, 8.75, 9],
			"to": [10.5, 9, 9.5],
			"rotation": {"angle": 0, "axis": "y", "origin": [15.5, 9.25, 14.5]},
			"faces": {
				"north": {"uv": [0, 0, 16, 16], "texture": "#7"},
				"east": {"uv": [0, 0, 16, 16], "texture": "#7"},
				"south": {"uv": [0, 0, 16, 16], "texture": "#7"},
				"west": {"uv": [0, 0, 16, 16], "texture": "#7"},
				"up": {"uv": [0, 0, 16, 16], "texture": "#7"},
				"down": {"uv": [0, 0, 16, 16], "texture": "#7"}
			}
		},
		{
			"from": [5.5, 8.75, 9],
			"to": [6, 9, 9.5],
			"rotation": {"angle": 0, "axis": "y", "origin": [11, 9.25, 14.5]},
			"faces": {
				"north": {"uv": [0, 0, 16, 16], "texture": "#7"},
				"east": {"uv": [0, 0, 16, 16], "texture": "#7"},
				"south": {"uv": [0, 0, 16, 16], "texture": "#7"},
				"west": {"uv": [0, 0, 16, 16], "texture": "#7"},
				"up": {"uv": [0, 0, 16, 16], "texture": "#7"},
				"down": {"uv": [0, 0, 16, 16], "texture": "#7"}
			}
		},
		{
			"from": [5.5, 1, 9],
			"to": [6, 1.25, 9.5],
			"rotation": {"angle": 0, "axis": "y", "origin": [11, 1.5, 14.5]},
			"faces": {
				"north": {"uv": [0, 0, 16, 16], "texture": "#7"},
				"east": {"uv": [0, 0, 16, 16], "texture": "#7"},
				"south": {"uv": [0, 0, 16, 16], "texture": "#7"},
				"west": {"uv": [0, 0, 16, 16], "texture": "#7"},
				"up": {"uv": [0, 0, 16, 16], "texture": "#7"},
				"down": {"uv": [0, 0, 16, 16], "texture": "#7"}
			}
		},
		{
			"from": [10, 1, 9],
			"to": [10.5, 1.25, 9.5],
			"rotation": {"angle": 0, "axis": "y", "origin": [15.5, 1.5, 14.5]},
			"faces": {
				"north": {"uv": [0, 0, 16, 16], "texture": "#7"},
				"east": {"uv": [0, 0, 16, 16], "texture": "#7"},
				"south": {"uv": [0, 0, 16, 16], "texture": "#7"},
				"west": {"uv": [0, 0, 16, 16], "texture": "#7"},
				"up": {"uv": [0, 0, 16, 16], "texture": "#7"},
				"down": {"uv": [0, 0, 16, 16], "texture": "#7"}
			}
		},
		{
			"from": [10, 1, 6.5],
			"to": [10.5, 1.25, 7],
			"rotation": {"angle": 0, "axis": "y", "origin": [15.5, 1.5, 12]},
			"faces": {
				"north": {"uv": [0, 0, 16, 16], "texture": "#7"},
				"east": {"uv": [0, 0, 16, 16], "texture": "#7"},
				"south": {"uv": [0, 0, 16, 16], "texture": "#7"},
				"west": {"uv": [0, 0, 16, 16], "texture": "#7"},
				"up": {"uv": [0, 0, 16, 16], "texture": "#7"},
				"down": {"uv": [0, 0, 16, 16], "texture": "#7"}
			}
		},
		{
			"from": [5.5, 1, 6.5],
			"to": [6, 1.25, 7],
			"rotation": {"angle": 0, "axis": "y", "origin": [11, 1.5, 12]},
			"faces": {
				"north": {"uv": [0, 0, 16, 16], "texture": "#7"},
				"east": {"uv": [0, 0, 16, 16], "texture": "#7"},
				"south": {"uv": [0, 0, 16, 16], "texture": "#7"},
				"west": {"uv": [0, 0, 16, 16], "texture": "#7"},
				"up": {"uv": [0, 0, 16, 16], "texture": "#7"},
				"down": {"uv": [0, 0, 16, 16], "texture": "#7"}
			}
		},
		{
			"from": [9, 1.25, 5],
			"to": [10.75, 8.75, 5.25],
			"rotation": {"angle": 0, "axis": "y", "origin": [16, 9, 11.75]},
			"faces": {
				"north": {"uv": [0, 0, 16, 16], "texture": "#7"},
				"east": {"uv": [0, 0, 16, 16], "texture": "#7"},
				"south": {"uv": [0, 0, 16, 16], "texture": "#7"},
				"west": {"uv": [0, 0, 16, 16], "texture": "#7"},
				"up": {"uv": [0, 0, 16, 16], "texture": "#7"},
				"down": {"uv": [0, 0, 16, 16], "texture": "#7"}
			}
		},
		{
			"from": [5.25, 1.25, 5],
			"to": [7, 8.75, 5.25],
			"rotation": {"angle": 0, "axis": "y", "origin": [12.25, 9, 11.75]},
			"faces": {
				"north": {"uv": [0, 0, 16, 16], "texture": "#7"},
				"east": {"uv": [0, 0, 16, 16], "texture": "#7"},
				"south": {"uv": [0, 0, 16, 16], "texture": "#7"},
				"west": {"uv": [0, 0, 16, 16], "texture": "#7"},
				"up": {"uv": [0, 0, 16, 16], "texture": "#7"},
				"down": {"uv": [0, 0, 16, 16], "texture": "#7"}
			}
		},
		{
			"from": [4.5, 1.75, 5.75],
			"to": [5, 8.25, 7],
			"rotation": {"angle": 0, "axis": "y", "origin": [8, 10, 14]},
			"faces": {
				"north": {"uv": [0, 0, 0.5, 4], "texture": "#7"},
				"east": {"uv": [0, 0, 0.5, 4], "texture": "#7"},
				"south": {"uv": [0, 0, 0.5, 4], "texture": "#7"},
				"west": {"uv": [0, 0, 0.5, 4], "texture": "#7"},
				"up": {"uv": [0, 0, 0.5, 4], "texture": "#7"},
				"down": {"uv": [0, 0, 0.5, 4], "texture": "#7"}
			}
		},
		{
			"from": [4.5, 1.75, 9],
			"to": [5, 8.25, 10.25],
			"rotation": {"angle": 0, "axis": "y", "origin": [8, 10, 17.25]},
			"faces": {
				"north": {"uv": [0, 0, 0.5, 4], "texture": "#7"},
				"east": {"uv": [0, 0, 0.5, 4], "texture": "#7"},
				"south": {"uv": [0, 0, 0.5, 4], "texture": "#7"},
				"west": {"uv": [0, 0, 0.5, 4], "texture": "#7"},
				"up": {"uv": [0, 0, 0.5, 4], "texture": "#7"},
				"down": {"uv": [0, 0, 0.5, 4], "texture": "#7"}
			}
		}
	],
	"display": {
		"thirdperson_righthand": {
			"rotation": [69, 0, 0],
			"translation": [0, -2.25, -2]
		},
		"thirdperson_lefthand": {
			"rotation": [69, 0, 0],
			"translation": [0, -2.25, -2]
		},
		"firstperson_righthand": {
			"translation": [0, 0.75, 0]
		},
		"firstperson_lefthand": {
			"translation": [0, 0.75, 0]
		},
		"ground": {
			"translation": [0, 4, 0]
		},
		"gui": {
			"rotation": [21, 137, 0],
			"translation": [0, 2.5, 0]
		},
		"head": {
			"translation": [0, -6.5, 0],
			"scale": [3.38, 3.38, 3.38]
		},
		"fixed": {
			"translation": [0, 2.25, -1.5]
		}
	},
	"groups": [
		{
			"name": "group",
			"origin": [8, 8, 8],
			"color": 0,
			"children": [0, 1, 2, 3, 4, 5, 6, 7, 8, 9, 10, 11, 12, 13, 14, 15, 16, 17, 18, 19, 20, 21, 22, 23, 24, 25]
		},
		{
			"name": "group",
			"origin": [8, 8, 8],
			"color": 0,
			"children": [26, 27, 28, 29, 30, 31, 32, 33, 34, 35, 36, 37, 38, 39, 40, 41, 42, 43, 44, 45, 46, 47, 48, 49, 50, 51, 52, 53, 54, 55, 56, 57, 58, 59, 60, 61, 62, 63, 64, 65]
		}
	]
}