{
	"credit": "Made with Blockbench",
	"textures": {
		"0": "block/iron_block",
		"1": "block/anvil",
		"2": "block/coal_block",
		"particle": "block/iron_block"
	},
	"elements": [
		{
			"from": [10.5, 0, 0.5],
			"to": [16, 10, 6],
			"rotation": {"angle": 0, "axis": "y", "origin": [15.75, 8, 8.25]},
			"faces": {
				"north": {"uv": [0, 0, 5.5, 10], "texture": "#1"},
				"east": {"uv": [5, 0, 10.5, 10], "texture": "#1"},
				"south": {"uv": [0, 0, 5.5, 10], "texture": "#1"},
				"west": {"uv": [0, 0, 5.5, 10], "texture": "#1"},
				"up": {"uv": [5, 1, 10.5, 6.5], "texture": "#1"},
				"down": {"uv": [0, 0, 5.5, 5.5], "texture": "#1"}
			}
		},
		{
			"from": [13, 6, 0],
			"to": [13.5, 6.5, 0.5],
			"rotation": {"angle": 0, "axis": "y", "origin": [15.75, 8, 8.25]},
			"faces": {
				"north": {"uv": [0, 0, 16, 16], "texture": "#0"},
				"east": {"uv": [0, 0, 16, 16], "texture": "#0"},
				"south": {"uv": [0, 0, 16, 16], "texture": "#0"},
				"west": {"uv": [0, 0, 16, 16], "texture": "#0"},
				"up": {"uv": [0, 0, 16, 16], "texture": "#0"},
				"down": {"uv": [0, 0, 16, 16], "texture": "#0"}
			}
		},
		{
			"from": [12, 7, 0],
			"to": [12.5, 7.5, 0.5],
			"rotation": {"angle": 0, "axis": "y", "origin": [15.75, 8, 8.25]},
			"faces": {
				"north": {"uv": [0, 0, 16, 16], "texture": "#0"},
				"east": {"uv": [0, 0, 16, 16], "texture": "#0"},
				"south": {"uv": [0, 0, 16, 16], "texture": "#0"},
				"west": {"uv": [0, 0, 16, 16], "texture": "#0"},
				"up": {"uv": [0, 0, 16, 16], "texture": "#0"},
				"down": {"uv": [0, 0, 16, 16], "texture": "#0"}
			}
		},
		{
			"from": [14, 7, 0],
			"to": [14.5, 7.5, 0.5],
			"rotation": {"angle": 0, "axis": "y", "origin": [15.75, 8, 8.25]},
			"faces": {
				"north": {"uv": [0, 0, 16, 16], "texture": "#0"},
				"east": {"uv": [0, 0, 16, 16], "texture": "#0"},
				"south": {"uv": [0, 0, 16, 16], "texture": "#0"},
				"west": {"uv": [0, 0, 16, 16], "texture": "#0"},
				"up": {"uv": [0, 0, 16, 16], "texture": "#0"},
				"down": {"uv": [0, 0, 16, 16], "texture": "#0"}
			}
		},
		{
			"from": [13, 8, 0],
			"to": [13.5, 8.5, 0.5],
			"rotation": {"angle": 0, "axis": "y", "origin": [15.75, 8, 8.25]},
			"faces": {
				"north": {"uv": [0, 0, 16, 16], "texture": "#0"},
				"east": {"uv": [0, 0, 16, 16], "texture": "#0"},
				"south": {"uv": [0, 0, 16, 16], "texture": "#0"},
				"west": {"uv": [0, 0, 16, 16], "texture": "#0"},
				"up": {"uv": [0, 0, 16, 16], "texture": "#0"},
				"down": {"uv": [0, 0, 16, 16], "texture": "#0"}
			}
		},
		{
			"from": [0, 0, 6],
			"to": [16, 12, 13],
			"rotation": {"angle": 0, "axis": "y", "origin": [15.75, 8, 8.25]},
			"faces": {
				"north": {"uv": [0, 0, 16, 12], "texture": "#2"},
				"east": {"uv": [0, 0, 7, 12], "texture": "#2"},
				"south": {"uv": [0, 0, 16, 12], "texture": "#2"},
				"west": {"uv": [0, 0, 7, 12], "texture": "#2"},
				"up": {"uv": [0, 0, 16, 7], "texture": "#2"},
				"down": {"uv": [0, 0, 16, 7], "texture": "#2"}
			}
		},
		{
			"from": [0, 6.5, 1.5],
			"to": [10.5, 10, 6],
			"rotation": {"angle": 0, "axis": "y", "origin": [15.75, 8, 8.25]},
			"faces": {
				"north": {"uv": [0, 0, 10.5, 3.5], "texture": "#1"},
				"east": {"uv": [0, 0, 4.5, 3.5], "texture": "#missing"},
				"south": {"uv": [0, 0, 10.5, 3.5], "texture": "#missing"},
				"west": {"uv": [0, 0, 4.5, 5.5], "texture": "#1"},
				"up": {"uv": [0, 0, 10.5, 4.5], "texture": "#1"},
				"down": {"uv": [0, 0, 10.5, 4.5], "texture": "#1"}
			}
		},
		{
			"from": [0, 6, 1.5],
			"to": [10.5, 6.5, 2],
			"rotation": {"angle": 0, "axis": "y", "origin": [15.75, 8, 8.25]},
			"faces": {
				"north": {"uv": [0, 3, 10.5, 4.5], "texture": "#1"},
				"east": {"uv": [0, 3, 10.5, 4.5], "texture": "#1"},
				"south": {"uv": [0, 3, 10.5, 4.5], "texture": "#1"},
				"west": {"uv": [0, 3, 10.5, 4.5], "texture": "#1"},
				"up": {"uv": [0, 3, 10.5, 4.5], "texture": "#1"},
				"down": {"uv": [0, 3, 10.5, 4.5], "texture": "#1"}
			}
		},
		{
			"from": [0, 6, 2],
			"to": [0.5, 6.5, 6],
			"rotation": {"angle": 0, "axis": "y", "origin": [15.75, 8, 8.25]},
			"faces": {
				"north": {"uv": [0, 3, 10.5, 4.5], "texture": "#1"},
				"east": {"uv": [0, 3, 10.5, 4.5], "texture": "#1"},
				"south": {"uv": [0, 3, 10.5, 4.5], "texture": "#1"},
				"west": {"uv": [0, 3, 10.5, 4.5], "texture": "#1"},
				"up": {"uv": [0, 3, 10.5, 4.5], "texture": "#1"},
				"down": {"uv": [0, 3, 10.5, 4.5], "texture": "#1"}
			}
		},
		{
			"from": [5, 5.5, 4],
			"to": [5.5, 6.5, 4.5],
			"rotation": {"angle": 0, "axis": "y", "origin": [15.75, 8, 8.25]},
			"faces": {
				"north": {"uv": [0, 3, 10.5, 4.5], "texture": "#1"},
				"east": {"uv": [0, 3, 10.5, 4.5], "texture": "#1"},
				"south": {"uv": [0, 3, 10.5, 4.5], "texture": "#1"},
				"west": {"uv": [0, 3, 10.5, 4.5], "texture": "#1"},
				"up": {"uv": [0, 3, 10.5, 4.5], "texture": "#1"},
				"down": {"uv": [0, 3, 10.5, 4.5], "texture": "#1"}
			}
		},
		{
			"from": [5.125, 5.125, 4.125],
			"to": [5.375, 6.125, 4.375],
			"rotation": {"angle": 0, "axis": "y", "origin": [15.75, 8, 8.25]},
			"faces": {
				"north": {"uv": [0, 3, 10.5, 4.5], "texture": "#1"},
				"east": {"uv": [0, 3, 10.5, 4.5], "texture": "#1"},
				"south": {"uv": [0, 3, 10.5, 4.5], "texture": "#1"},
				"west": {"uv": [0, 3, 10.5, 4.5], "texture": "#1"},
				"up": {"uv": [0, 3, 10.5, 4.5], "texture": "#1"},
				"down": {"uv": [0, 3, 10.5, 4.5], "texture": "#1"}
			}
		},
		{
			"from": [4.875, 6, 3.875],
			"to": [5.625, 6.5, 4.625],
			"rotation": {"angle": 0, "axis": "y", "origin": [15.75, 8, 8.25]},
			"faces": {
				"north": {"uv": [0, 3, 10.5, 4.5], "texture": "#1"},
				"east": {"uv": [0, 3, 10.5, 4.5], "texture": "#1"},
				"south": {"uv": [0, 3, 10.5, 4.5], "texture": "#1"},
				"west": {"uv": [0, 3, 10.5, 4.5], "texture": "#1"},
				"up": {"uv": [0, 3, 10.5, 4.5], "texture": "#1"},
				"down": {"uv": [0, 3, 10.5, 4.5], "texture": "#1"}
			}
		},
		{
			"from": [0, 0.5, 0.5],
			"to": [0.5, 1, 5.5],
			"rotation": {"angle": 0, "axis": "y", "origin": [15.75, 8, 8.25]},
			"faces": {
				"north": {"uv": [0, 0, 16, 16], "texture": "#0"},
				"east": {"uv": [0, 0, 16, 16], "texture": "#0"},
				"south": {"uv": [0, 0, 16, 16], "texture": "#0"},
				"west": {"uv": [0, 0, 16, 16], "texture": "#0"},
				"up": {"uv": [0, 0, 16, 16], "texture": "#0"},
				"down": {"uv": [0, 0, 16, 16], "texture": "#0"}
			}
		},
		{
			"from": [0, 0.5, 5.5],
			"to": [10.5, 1, 6],
			"rotation": {"angle": 0, "axis": "y", "origin": [15.75, 8, 8.25]},
			"faces": {
				"north": {"uv": [0, 0, 16, 16], "texture": "#0"},
				"east": {"uv": [0, 0, 16, 16], "texture": "#0"},
				"south": {"uv": [0, 0, 16, 16], "texture": "#0"},
				"west": {"uv": [0, 0, 16, 16], "texture": "#0"},
				"up": {"uv": [0, 0, 16, 16], "texture": "#0"},
				"down": {"uv": [0, 0, 16, 16], "texture": "#0"}
			}
		},
		{
			"from": [10, 0.5, 0.5],
			"to": [10.5, 1, 5.5],
			"rotation": {"angle": 0, "axis": "y", "origin": [15.75, 8, 8.25]},
			"faces": {
				"north": {"uv": [0, 0, 16, 16], "texture": "#0"},
				"east": {"uv": [0, 0, 16, 16], "texture": "#0"},
				"south": {"uv": [0, 0, 16, 16], "texture": "#0"},
				"west": {"uv": [0, 0, 16, 16], "texture": "#0"},
				"up": {"uv": [0, 0, 16, 16], "texture": "#0"},
				"down": {"uv": [0, 0, 16, 16], "texture": "#0"}
			}
		},
		{
			"from": [0, 0.5, 0],
			"to": [10.5, 1, 0.5],
			"rotation": {"angle": 0, "axis": "y", "origin": [15.75, 8, 8.25]},
			"faces": {
				"north": {"uv": [0, 0, 16, 16], "texture": "#0"},
				"east": {"uv": [0, 0, 16, 16], "texture": "#0"},
				"south": {"uv": [0, 0, 16, 16], "texture": "#0"},
				"west": {"uv": [0, 0, 16, 16], "texture": "#0"},
				"up": {"uv": [0, 0, 16, 16], "texture": "#0"},
				"down": {"uv": [0, 0, 16, 16], "texture": "#0"}
			}
		},
		{
			"from": [0.5, 0.875, 0.875],
			"to": [10, 1, 1],
			"rotation": {"angle": 0, "axis": "y", "origin": [15.75, 8, 8.25]},
			"faces": {
				"north": {"uv": [0, 0, 16, 16], "texture": "#0"},
				"east": {"uv": [0, 0, 16, 16], "texture": "#0"},
				"south": {"uv": [0, 0, 16, 16], "texture": "#0"},
				"west": {"uv": [0, 0, 16, 16], "texture": "#0"},
				"up": {"uv": [0, 0, 16, 16], "texture": "#0"},
				"down": {"uv": [0, 0, 16, 16], "texture": "#0"}
			}
		},
		{
			"from": [0, 0, 0],
			"to": [10.5, 0.5, 6],
			"rotation": {"angle": 0, "axis": "y", "origin": [15.75, 8, 8.25]},
			"faces": {
				"north": {"uv": [0, 0, 16, 16], "texture": "#0"},
				"east": {"uv": [0, 0, 16, 16], "texture": "#0"},
				"south": {"uv": [0, 0, 16, 16], "texture": "#0"},
				"west": {"uv": [0, 0, 16, 16], "texture": "#0"},
				"up": {"uv": [0, 0, 16, 16], "texture": "#0"},
				"down": {"uv": [0, 0, 16, 16], "texture": "#0"}
			}
		},
		{
			"from": [0.5, 0.875, 1.375],
			"to": [10, 1, 1.5],
			"rotation": {"angle": 0, "axis": "y", "origin": [15.75, 8, 8.25]},
			"faces": {
				"north": {"uv": [0, 0, 16, 16], "texture": "#0"},
				"east": {"uv": [0, 0, 16, 16], "texture": "#0"},
				"south": {"uv": [0, 0, 16, 16], "texture": "#0"},
				"west": {"uv": [0, 0, 16, 16], "texture": "#0"},
				"up": {"uv": [0, 0, 16, 16], "texture": "#0"},
				"down": {"uv": [0, 0, 16, 16], "texture": "#0"}
			}
		},
		{
			"from": [0.5, 0.875, 1.875],
			"to": [10, 1, 2],
			"rotation": {"angle": 0, "axis": "y", "origin": [15.75, 8, 8.25]},
			"faces": {
				"north": {"uv": [0, 0, 16, 16], "texture": "#0"},
				"east": {"uv": [0, 0, 16, 16], "texture": "#0"},
				"south": {"uv": [0, 0, 16, 16], "texture": "#0"},
				"west": {"uv": [0, 0, 16, 16], "texture": "#0"},
				"up": {"uv": [0, 0, 16, 16], "texture": "#0"},
				"down": {"uv": [0, 0, 16, 16], "texture": "#0"}
			}
		},
		{
			"from": [0.5, 0.875, 2.375],
			"to": [10, 1, 2.5],
			"rotation": {"angle": 0, "axis": "y", "origin": [15.75, 8, 8.25]},
			"faces": {
				"north": {"uv": [0, 0, 16, 16], "texture": "#0"},
				"east": {"uv": [0, 0, 16, 16], "texture": "#0"},
				"south": {"uv": [0, 0, 16, 16], "texture": "#0"},
				"west": {"uv": [0, 0, 16, 16], "texture": "#0"},
				"up": {"uv": [0, 0, 16, 16], "texture": "#0"},
				"down": {"uv": [0, 0, 16, 16], "texture": "#0"}
			}
		},
		{
			"from": [0.5, 0.875, 2.875],
			"to": [10, 1, 3],
			"rotation": {"angle": 0, "axis": "y", "origin": [15.75, 8, 8.25]},
			"faces": {
				"north": {"uv": [0, 0, 16, 16], "texture": "#0"},
				"east": {"uv": [0, 0, 16, 16], "texture": "#0"},
				"south": {"uv": [0, 0, 16, 16], "texture": "#0"},
				"west": {"uv": [0, 0, 16, 16], "texture": "#0"},
				"up": {"uv": [0, 0, 16, 16], "texture": "#0"},
				"down": {"uv": [0, 0, 16, 16], "texture": "#0"}
			}
		},
		{
			"from": [0.5, 0.875, 3.375],
			"to": [10, 1, 3.5],
			"rotation": {"angle": 0, "axis": "y", "origin": [15.75, 8, 8.25]},
			"faces": {
				"north": {"uv": [0, 0, 16, 16], "texture": "#0"},
				"east": {"uv": [0, 0, 16, 16], "texture": "#0"},
				"south": {"uv": [0, 0, 16, 16], "texture": "#0"},
				"west": {"uv": [0, 0, 16, 16], "texture": "#0"},
				"up": {"uv": [0, 0, 16, 16], "texture": "#0"},
				"down": {"uv": [0, 0, 16, 16], "texture": "#0"}
			}
		},
		{
			"from": [0.5, 0.875, 3.875],
			"to": [10, 1, 4],
			"rotation": {"angle": 0, "axis": "y", "origin": [15.75, 8, 8.25]},
			"faces": {
				"north": {"uv": [0, 0, 16, 16], "texture": "#0"},
				"east": {"uv": [0, 0, 16, 16], "texture": "#0"},
				"south": {"uv": [0, 0, 16, 16], "texture": "#0"},
				"west": {"uv": [0, 0, 16, 16], "texture": "#0"},
				"up": {"uv": [0, 0, 16, 16], "texture": "#0"},
				"down": {"uv": [0, 0, 16, 16], "texture": "#0"}
			}
		},
		{
			"from": [0.5, 0.875, 4.375],
			"to": [10, 1, 4.5],
			"rotation": {"angle": 0, "axis": "y", "origin": [15.75, 8, 8.25]},
			"faces": {
				"north": {"uv": [0, 0, 16, 16], "texture": "#0"},
				"east": {"uv": [0, 0, 16, 16], "texture": "#0"},
				"south": {"uv": [0, 0, 16, 16], "texture": "#0"},
				"west": {"uv": [0, 0, 16, 16], "texture": "#0"},
				"up": {"uv": [0, 0, 16, 16], "texture": "#0"},
				"down": {"uv": [0, 0, 16, 16], "texture": "#0"}
			}
		},
		{
			"from": [0.5, 0.875, 4.875],
			"to": [10, 1, 5],
			"rotation": {"angle": 0, "axis": "y", "origin": [15.75, 8, 8.25]},
			"faces": {
				"north": {"uv": [0, 0, 16, 16], "texture": "#0"},
				"east": {"uv": [0, 0, 16, 16], "texture": "#0"},
				"south": {"uv": [0, 0, 16, 16], "texture": "#0"},
				"west": {"uv": [0, 0, 16, 16], "texture": "#0"},
				"up": {"uv": [0, 0, 16, 16], "texture": "#0"},
				"down": {"uv": [0, 0, 16, 16], "texture": "#0"}
			}
		}
	],
	"display": {
		"thirdperson_righthand": {
			"rotation": [0, -180, 0],
			"translation": [-1.5, 2.25, 0],
			"scale": [0.31, 0.31, 0.31]
		},
		"thirdperson_lefthand": {
			"rotation": [0, -180, 0],
			"translation": [-1.5, 2.25, 0],
			"scale": [0.31, 0.31, 0.31]
		},
		"firstperson_righthand": {
			"rotation": [0, -180, 0],
			"translation": [1, 3.75, 0],
			"scale": [0.31, 0.31, 0.31]
		},
		"firstperson_lefthand": {
			"rotation": [0, -180, 0],
			"translation": [1, 3.75, 0],
			"scale": [0.31, 0.31, 0.31]
		},
		"ground": {
			"translation": [0, 11, 0],
			"scale": [0.64, 0.64, 0.64]
		},
		"gui": {
			"rotation": [23, 135, 0],
			"translation": [0.75, 1.75, 0],
			"scale": [0.72, 0.72, 0.72]
		},
		"head": {
			"translation": [0, -15.25, 0],
			"scale": [2.29, 2.29, 2.29]
		},
		"fixed": {
			"translation": [0, 2.5, 0],
			"scale": [0.84, 0.84, 0.84]
		}
	},
	"groups": [0, 1, 2, 3, 4, 5, 6, 7, 8, 9, 10, 11,
		{
			"name": "tray",
			"origin": [15.75, 8, 8.25],
			"children": [12, 13, 14, 15, 16, 17, 18, 19, 20, 21, 22, 23, 24, 25]
		}
	]
}