{
	"__name": "フリ鯖３周年フィギュア",
	"credit": "Made with Blockbench",
	"textures": {
		"1": "item/3rdanniversary",
		"2": "block/barrel_side",
		"3": "item/fs3rd",
		"particle": "item/fs3rd"
	},
	"elements": [
		{
			"name": "hexadecagon",
			"from": [7.35899, 0, 2.64645],
			"to": [9.34812, 2, 12.64645],
			"rotation": {"angle": -45, "axis": "y", "origin": [8, 8, 8]},
			"faces": {
				"north": {"uv": [11.313, 1.282, 16, 6.059], "texture": "#1"},
				"east": {"uv": [0, 0, 0.5, 0.5], "texture": "#missing"},
				"south": {"uv": [11.313, 1.282, 16, 6.059], "texture": "#1"},
				"west": {"uv": [0, 0, 0.5, 0.5], "texture": "#missing"},
				"up": {"uv": [11.313, 1.282, 16, 6.059], "texture": "#1"},
				"down": {"uv": [11.313, 1.282, 16, 6.059], "texture": "#1"}
			}
		},
		{
			"name": "hexadecagon",
			"from": [7.46738, 0, 2.80866],
			"to": [9.4565, 2, 12.80866],
			"rotation": {"angle": -22.5, "axis": "y", "origin": [8, 8, 8]},
			"faces": {
				"north": {"uv": [11.313, 1.282, 16, 6.059], "texture": "#1"},
				"east": {"uv": [0, 0, 0.5, 0.5], "texture": "#missing"},
				"south": {"uv": [0.78125, 5.063, 5.50125, 9.841], "texture": "#1"},
				"west": {"uv": [0, 0, 0.5, 0.5], "texture": "#missing"},
				"up": {"uv": [11.313, 1.282, 16, 6.059], "texture": "#1"},
				"down": {"uv": [11.313, 1.282, 16, 6.059], "texture": "#1"}
			}
		},
		{
			"name": "hexadecagon",
			"from": [7.50544, 0, 3],
			"to": [9.49456, 2, 13],
			"faces": {
				"north": {"uv": [11.313, 1.282, 16, 6.059], "texture": "#1"},
				"east": {"uv": [0, 0, 0.5, 0.5], "texture": "#missing"},
				"south": {"uv": [5.5, 5.063, 10.22, 9.841], "texture": "#1"},
				"west": {"uv": [0, 0, 0.5, 0.5], "texture": "#missing"},
				"up": {"uv": [11.313, 1.282, 16, 6.059], "texture": "#1"},
				"down": {"uv": [11.313, 1.282, 16, 6.059], "texture": "#1"}
			}
		},
		{
			"name": "hexadecagon",
			"from": [7.46738, 0, 3.19134],
			"to": [9.4565, 2, 13.19134],
			"rotation": {"angle": 22.5, "axis": "y", "origin": [8, 8, 8]},
			"faces": {
				"north": {"uv": [11.313, 1.282, 16, 6.059], "texture": "#1"},
				"east": {"uv": [0, 0, 0.5, 0.5], "texture": "#missing"},
				"south": {"uv": [10.25, 5.063, 14.97, 9.841], "texture": "#1"},
				"west": {"uv": [0, 0, 0.5, 0.5], "texture": "#missing"},
				"up": {"uv": [11.313, 1.282, 16, 6.059], "texture": "#1"},
				"down": {"uv": [11.313, 1.282, 16, 6.059], "texture": "#1"}
			}
		},
		{
			"name": "hexadecagon",
			"from": [7.35899, 0, 3.35355],
			"to": [9.34812, 2, 13.35355],
			"rotation": {"angle": 45, "axis": "y", "origin": [8, 8, 8]},
			"faces": {
				"north": {"uv": [11.313, 1.282, 16, 6.059], "texture": "#1"},
				"east": {"uv": [0, 0, 0.5, 0.5], "texture": "#missing"},
				"south": {"uv": [11.313, 1.282, 16, 6.059], "texture": "#1"},
				"west": {"uv": [0, 0, 0.5, 0.5], "texture": "#missing"},
				"up": {"uv": [11.313, 1.282, 16, 6.059], "texture": "#1"},
				"down": {"uv": [11.313, 1.282, 16, 6.059], "texture": "#1"}
			}
		},
		{
			"name": "hexadecagon",
			"from": [3.46194, 0, 6.8141],
			"to": [13.46194, 2, 8.80322],
			"rotation": {"angle": -22.5, "axis": "y", "origin": [8, 8, 8]},
			"faces": {
				"north": {"uv": [0, 0, 0.5, 0.5], "texture": "#missing"},
				"east": {"uv": [11.313, 1.282, 16, 6.059], "texture": "#1"},
				"south": {"uv": [0, 0, 0.5, 0.5], "texture": "#missing"},
				"west": {"uv": [11.313, 1.282, 16, 6.059], "texture": "#1"},
				"up": {"uv": [11.313, 1.282, 16, 6.059], "texture": "#1"},
				"down": {"uv": [11.313, 1.282, 16, 6.059], "texture": "#1"}
			}
		},
		{
			"name": "hexadecagon",
			"from": [3.5, 0, 7.00544],
			"to": [13.5, 2, 8.99456],
			"faces": {
				"north": {"uv": [0, 0, 0.5, 0.5], "texture": "#missing"},
				"east": {"uv": [11.313, 1.282, 16, 6.059], "texture": "#1"},
				"south": {"uv": [0, 0, 0.5, 0.5], "texture": "#missing"},
				"west": {"uv": [11.313, 1.282, 16, 6.059], "texture": "#1"},
				"up": {"uv": [11.313, 1.282, 16, 6.059], "texture": "#1"},
				"down": {"uv": [11.313, 1.282, 16, 6.059], "texture": "#1"}
			}
		},
		{
			"name": "hexadecagon",
			"from": [3.46194, 0, 7.19678],
			"to": [13.46194, 2, 9.1859],
			"rotation": {"angle": 22.5, "axis": "y", "origin": [8, 8, 8]},
			"faces": {
				"north": {"uv": [0, 0, 0.5, 0.5], "texture": "#missing"},
				"east": {"uv": [11.313, 1.282, 16, 6.059], "texture": "#1"},
				"south": {"uv": [0, 0, 0.5, 0.5], "texture": "#missing"},
				"west": {"uv": [11.313, 1.282, 16, 6.059], "texture": "#1"},
				"up": {"uv": [11.313, 1.282, 16, 6.059], "texture": "#1"},
				"down": {"uv": [11.313, 1.282, 16, 6.059], "texture": "#1"}
			}
		},
		{
			"name": "hexadecagon",
			"from": [8.2541, 1.5, 7.14645],
			"to": [8.45301, 5.5, 8.14645],
			"rotation": {"angle": -45, "axis": "y", "origin": [8, 8, 8]},
			"faces": {
				"north": {"uv": [1, 0, 1.5, 16], "texture": "#2"},
				"east": {"uv": [0, 0, 1, 1], "texture": "#2"},
				"south": {"uv": [2, 0, 2.5, 16], "texture": "#2"},
				"west": {"uv": [0, 0, 1, 1], "texture": "#2"},
				"up": {"uv": [0, 0, 1, 1], "texture": "#2"},
				"down": {"uv": [0, 0, 1, 1], "texture": "#2"}
			}
		},
		{
			"name": "hexadecagon",
			"from": [8.36248, 1.5, 7.30866],
			"to": [8.5614, 5.5, 8.30866],
			"rotation": {"angle": -22.5, "axis": "y", "origin": [8, 8, 8]},
			"faces": {
				"north": {"uv": [1, 0, 1.5, 16], "texture": "#2"},
				"east": {"uv": [0, 0, 1, 1], "texture": "#2"},
				"south": {"uv": [1, 0, 1.5, 16], "texture": "#2"},
				"west": {"uv": [0, 0, 1, 1], "texture": "#2"},
				"up": {"uv": [0, 0, 1, 1], "texture": "#2"},
				"down": {"uv": [0, 0, 1, 1], "texture": "#2"}
			}
		},
		{
			"name": "hexadecagon",
			"from": [8.40054, 1.5, 7.5],
			"to": [8.59946, 5.5, 8.5],
			"faces": {
				"north": {"uv": [4, 0, 4.5, 16], "texture": "#2"},
				"east": {"uv": [0, 0, 1, 1], "texture": "#2"},
				"south": {"uv": [0, 0, 0.5, 16], "texture": "#2"},
				"west": {"uv": [0, 0, 1, 1], "texture": "#2"},
				"up": {"uv": [0, 0, 1, 1], "texture": "#2"},
				"down": {"uv": [0, 0, 1, 1], "texture": "#2"}
			}
		},
		{
			"name": "hexadecagon",
			"from": [8.36248, 1.5, 7.69134],
			"to": [8.5614, 5.5, 8.69134],
			"rotation": {"angle": 22.5, "axis": "y", "origin": [8, 8, 8]},
			"faces": {
				"north": {"uv": [5, 0, 5.5, 16], "texture": "#2"},
				"east": {"uv": [0, 0, 1, 1], "texture": "#2"},
				"south": {"uv": [1, 0, 1.5, 16], "texture": "#2"},
				"west": {"uv": [0, 0, 1, 1], "texture": "#2"},
				"up": {"uv": [0, 0, 1, 1], "texture": "#2"},
				"down": {"uv": [0, 0, 1, 1], "texture": "#2"}
			}
		},
		{
			"name": "hexadecagon",
			"from": [8.2541, 1.5, 7.85355],
			"to": [8.45301, 5.5, 8.85355],
			"rotation": {"angle": 45, "axis": "y", "origin": [8, 8, 8]},
			"faces": {
				"north": {"uv": [4, 0, 4.5, 16], "texture": "#2"},
				"east": {"uv": [0, 0, 1, 1], "texture": "#2"},
				"south": {"uv": [1, 0, 1.5, 16], "texture": "#2"},
				"west": {"uv": [0, 0, 1, 1], "texture": "#2"},
				"up": {"uv": [0, 0, 1, 1], "texture": "#2"},
				"down": {"uv": [0, 0, 1, 1], "texture": "#2"}
			}
		},
		{
			"name": "hexadecagon",
			"from": [7.96194, 1.5, 7.7092],
			"to": [8.96194, 5.5, 7.90811],
			"rotation": {"angle": -22.5, "axis": "y", "origin": [8, 8, 8]},
			"faces": {
				"north": {"uv": [0, 0, 1, 1], "texture": "#2"},
				"east": {"uv": [4, 0, 4.5, 16], "texture": "#2"},
				"south": {"uv": [0, 0, 1, 1], "texture": "#2"},
				"west": {"uv": [3, 0, 3.5, 16], "texture": "#2"},
				"up": {"uv": [0, 0, 1, 1], "texture": "#2"},
				"down": {"uv": [0, 0, 1, 1], "texture": "#2"}
			}
		},
		{
			"name": "hexadecagon",
			"from": [8, 1.5, 7.90054],
			"to": [9, 5.5, 8.09946],
			"faces": {
				"north": {"uv": [0, 0, 1, 1], "texture": "#2"},
				"east": {"uv": [6, 0, 6.5, 16], "texture": "#2"},
				"south": {"uv": [0, 0, 1, 1], "texture": "#2"},
				"west": {"uv": [1, 0, 1.5, 16], "texture": "#2"},
				"up": {"uv": [0, 0, 1, 1], "texture": "#2"},
				"down": {"uv": [0, 0, 1, 1], "texture": "#2"}
			}
		},
		{
			"name": "hexadecagon",
			"from": [7.96194, 1.5, 8.09189],
			"to": [8.96194, 5.5, 8.2908],
			"rotation": {"angle": 22.5, "axis": "y", "origin": [8, 8, 8]},
			"faces": {
				"north": {"uv": [0, 0, 1, 1], "texture": "#2"},
				"east": {"uv": [1, 0, 1.5, 16], "texture": "#2"},
				"south": {"uv": [0, 0, 1, 1], "texture": "#2"},
				"west": {"uv": [3, 0, 3.5, 16], "texture": "#2"},
				"up": {"uv": [0, 0, 1, 1], "texture": "#2"},
				"down": {"uv": [0, 0, 1, 1], "texture": "#2"}
			}
		},
		{
			"name": "fs3rd_0",
			"from": [7.5, 4.25, 7],
			"to": [9.5, 11.75, 9],
			"faces": {
				"north": {"uv": [7.5, 11.75, 9.5, 4.5], "rotation": 180, "texture": "#3"},
				"east": {"uv": [9.25, 4.5, 9.5, 11.75], "texture": "#3"},
				"south": {"uv": [7.5, 4.5, 9.5, 11.75], "texture": "#3"},
				"west": {"uv": [7.5, 4.25, 7.75, 11.75], "texture": "#3"},
				"up": {"uv": [9.25, 4.25, 7.5, 4.5], "rotation": 180, "texture": "#3"},
				"down": {"uv": [7.5, 11.5, 9.5, 11.75], "texture": "#3"}
			}
		},
		{
			"name": "fs3rd_1",
			"from": [6.75, 4.5, 7],
			"to": [7.5, 11.5, 9],
			"faces": {
				"north": {"uv": [6.75, 11.5, 7.5, 4.5], "rotation": 180, "texture": "#3"},
				"east": {"uv": [7.25, 4.5, 7.5, 11.5], "texture": "#3"},
				"south": {"uv": [6.75, 4.5, 7.5, 11.5], "texture": "#3"},
				"west": {"uv": [6.75, 4.5, 7, 11.5], "texture": "#3"},
				"up": {"uv": [7.5, 4.5, 6.75, 4.75], "rotation": 180, "texture": "#3"},
				"down": {"uv": [6.75, 11.25, 7.5, 11.5], "texture": "#3"}
			}
		},
		{
			"name": "fs3rd_2",
			"from": [9.5, 4.5, 7],
			"to": [10, 11.5, 9],
			"faces": {
				"north": {"uv": [9.5, 11.5, 10, 4.5], "rotation": 180, "texture": "#3"},
				"east": {"uv": [9.75, 4.5, 10, 11.5], "texture": "#3"},
				"south": {"uv": [9.5, 4.5, 10, 11.5], "texture": "#3"},
				"west": {"uv": [9.5, 4.5, 9.75, 11.5], "texture": "#3"},
				"up": {"uv": [10, 4.5, 9.5, 4.75], "rotation": 180, "texture": "#3"},
				"down": {"uv": [9.5, 11.25, 10, 11.5], "texture": "#3"}
			}
		},
		{
			"name": "fs3rd_3",
			"from": [6.25, 4.75, 7],
			"to": [6.75, 11.25, 9],
			"faces": {
				"north": {"uv": [6.25, 11.25, 6.75, 4.75], "rotation": 180, "texture": "#3"},
				"east": {"uv": [6.5, 4.75, 6.75, 11.25], "texture": "#3"},
				"south": {"uv": [6.25, 4.75, 6.75, 11.25], "texture": "#3"},
				"west": {"uv": [6.25, 4.75, 6.5, 11.25], "texture": "#3"},
				"up": {"uv": [6.75, 4.75, 6.25, 5], "rotation": 180, "texture": "#3"},
				"down": {"uv": [6.25, 11, 6.75, 11.25], "texture": "#3"}
			}
		},
		{
			"name": "fs3rd_4",
			"from": [10, 4.75, 7],
			"to": [10.5, 11.25, 9],
			"faces": {
				"north": {"uv": [10, 11.25, 10.5, 4.75], "rotation": 180, "texture": "#3"},
				"east": {"uv": [10.25, 4.75, 10.5, 11.25], "texture": "#3"},
				"south": {"uv": [10, 4.75, 10.5, 11.25], "texture": "#3"},
				"west": {"uv": [10, 4.75, 10.25, 11.25], "texture": "#3"},
				"up": {"uv": [10.5, 4.75, 10, 5], "rotation": 180, "texture": "#3"},
				"down": {"uv": [10, 11, 10.5, 11.25], "texture": "#3"}
			}
		},
		{
			"name": "fs3rd_5",
			"from": [6, 4.75, 7],
			"to": [6.25, 11, 9],
			"faces": {
				"north": {"uv": [6, 11.25, 6.25, 5], "rotation": 180, "texture": "#3"},
				"east": {"uv": [6, 5, 6.25, 11.25], "texture": "#3"},
				"south": {"uv": [6, 5, 6.25, 11.25], "texture": "#3"},
				"west": {"uv": [6, 5, 6.25, 11.25], "texture": "#3"},
				"up": {"uv": [6.25, 5, 6, 5.25], "rotation": 180, "texture": "#3"},
				"down": {"uv": [6, 11, 6.25, 11.25], "texture": "#3"}
			}
		},
		{
			"name": "fs3rd_6",
			"from": [10.5, 4.75, 7],
			"to": [10.75, 11, 9],
			"faces": {
				"north": {"uv": [10.5, 11.25, 10.75, 5], "rotation": 180, "texture": "#3"},
				"east": {"uv": [10.5, 5, 10.75, 11.25], "texture": "#3"},
				"south": {"uv": [10.5, 5, 10.75, 11.25], "texture": "#3"},
				"west": {"uv": [10.5, 5, 10.75, 11.25], "texture": "#3"},
				"up": {"uv": [10.75, 5, 10.5, 5.25], "rotation": 180, "texture": "#3"},
				"down": {"uv": [10.5, 11, 10.75, 11.25], "texture": "#3"}
			}
		},
		{
			"name": "fs3rd_7",
			"from": [5.75, 5, 7],
			"to": [6, 10.75, 9],
			"faces": {
				"north": {"uv": [5.75, 11, 6, 5.25], "rotation": 180, "texture": "#3"},
				"east": {"uv": [5.75, 5.25, 6, 11], "texture": "#3"},
				"south": {"uv": [5.75, 5.25, 6, 11], "texture": "#3"},
				"west": {"uv": [5.75, 5.25, 6, 11], "texture": "#3"},
				"up": {"uv": [6, 5.25, 5.75, 5.5], "rotation": 180, "texture": "#3"},
				"down": {"uv": [5.75, 10.75, 6, 11], "texture": "#3"}
			}
		},
		{
			"name": "fs3rd_8",
			"from": [10.75, 5, 7],
			"to": [12.75, 10.75, 9],
			"faces": {
				"north": {"uv": [10.75, 11, 12.75, 5.25], "rotation": 180, "texture": "#3"},
				"east": {"uv": [12.5, 5.25, 12.75, 11], "texture": "#3"},
				"south": {"uv": [10.75, 5.25, 12.75, 11], "texture": "#3"},
				"west": {"uv": [10.75, 5.25, 11, 11], "texture": "#3"},
				"up": {"uv": [12.75, 5.25, 10.75, 5.5], "rotation": 180, "texture": "#3"},
				"down": {"uv": [10.75, 10.75, 12.75, 11], "texture": "#3"}
			}
		},
		{
			"name": "fs3rd_9",
			"from": [5.5, 5.25, 7],
			"to": [5.75, 10.5, 9],
			"faces": {
				"north": {"uv": [5.5, 10.75, 5.75, 5.5], "rotation": 180, "texture": "#3"},
				"east": {"uv": [5.5, 5.5, 5.75, 10.75], "texture": "#3"},
				"south": {"uv": [5.5, 5.5, 5.75, 10.75], "texture": "#3"},
				"west": {"uv": [5.5, 5.5, 5.75, 10.75], "texture": "#3"},
				"up": {"uv": [5.75, 5.5, 5.5, 5.75], "rotation": 180, "texture": "#3"},
				"down": {"uv": [5.5, 10.5, 5.75, 10.75], "texture": "#3"}
			}
		},
		{
			"name": "fs3rd_10",
			"from": [12.75, 5, 7],
			"to": [13.25, 10.5, 9],
			"faces": {
				"north": {"uv": [12.75, 11, 13.25, 5.5], "rotation": 180, "texture": "#3"},
				"east": {"uv": [13, 5.5, 13.25, 11], "texture": "#3"},
				"south": {"uv": [12.75, 5.5, 13.25, 11], "texture": "#3"},
				"west": {"uv": [12.75, 5.5, 13, 11], "texture": "#3"},
				"up": {"uv": [13.25, 5.5, 12.75, 5.75], "rotation": 180, "texture": "#3"},
				"down": {"uv": [12.75, 10.75, 13.25, 11], "texture": "#3"}
			}
		},
		{
			"name": "fs3rd_11",
			"from": [5.25, 5.5, 7],
			"to": [5.5, 10.25, 9],
			"faces": {
				"north": {"uv": [5.25, 10.5, 5.5, 5.75], "rotation": 180, "texture": "#3"},
				"east": {"uv": [5.25, 5.75, 5.5, 10.5], "texture": "#3"},
				"south": {"uv": [5.25, 5.75, 5.5, 10.5], "texture": "#3"},
				"west": {"uv": [5.25, 5.75, 5.5, 10.5], "texture": "#3"},
				"up": {"uv": [5.5, 5.75, 5.25, 6], "rotation": 180, "texture": "#3"},
				"down": {"uv": [5.25, 10.25, 5.5, 10.5], "texture": "#3"}
			}
		},
		{
			"name": "fs3rd_12",
			"from": [13.25, 5.25, 7],
			"to": [13.5, 10.25, 9],
			"faces": {
				"north": {"uv": [13.25, 10.75, 13.5, 5.75], "rotation": 180, "texture": "#3"},
				"east": {"uv": [13.25, 5.75, 13.5, 10.75], "texture": "#3"},
				"south": {"uv": [13.25, 5.75, 13.5, 10.75], "texture": "#3"},
				"west": {"uv": [13.25, 5.75, 13.5, 10.75], "texture": "#3"},
				"up": {"uv": [13.5, 5.75, 13.25, 6], "rotation": 180, "texture": "#3"},
				"down": {"uv": [13.25, 10.5, 13.5, 10.75], "texture": "#3"}
			}
		},
		{
			"name": "fs3rd_13",
			"from": [5, 6, 7],
			"to": [5.25, 10, 9],
			"faces": {
				"north": {"uv": [5, 10, 5.25, 6.25], "rotation": 180, "texture": "#3"},
				"east": {"uv": [5, 6, 5.25, 10], "texture": "#3"},
				"south": {"uv": [5, 6.25, 5.25, 10], "texture": "#3"},
				"west": {"uv": [5, 6.25, 5.25, 10], "texture": "#3"},
				"up": {"uv": [5.25, 6.25, 5, 6.5], "rotation": 180, "texture": "#3"},
				"down": {"uv": [5, 9.75, 5.25, 10], "texture": "#3"}
			}
		},
		{
			"name": "fs3rd_14",
			"from": [13.5, 5.5, 7],
			"to": [13.75, 10, 9],
			"faces": {
				"north": {"uv": [13.5, 10.5, 13.75, 6], "rotation": 180, "texture": "#3"},
				"east": {"uv": [13.5, 6, 13.75, 10.5], "texture": "#3"},
				"south": {"uv": [13.5, 6, 13.75, 10.5], "texture": "#3"},
				"west": {"uv": [13.5, 6, 13.75, 10.5], "texture": "#3"},
				"up": {"uv": [13.75, 6, 13.5, 6.25], "rotation": 180, "texture": "#3"},
				"down": {"uv": [13.5, 10.25, 13.75, 10.5], "texture": "#3"}
			}
		},
		{
			"name": "fs3rd_15",
			"from": [13.75, 5.75, 7],
			"to": [14, 9.75, 9],
			"faces": {
				"north": {"uv": [13.75, 10.25, 14, 6.25], "rotation": 180, "texture": "#3"},
				"east": {"uv": [13.75, 6.25, 14, 10.25], "texture": "#3"},
				"south": {"uv": [13.75, 6.25, 14, 10.25], "texture": "#3"},
				"west": {"uv": [13.75, 6.25, 14, 10.25], "texture": "#3"},
				"up": {"uv": [14, 6.25, 13.75, 6.5], "rotation": 180, "texture": "#3"},
				"down": {"uv": [13.75, 10, 14, 10.25], "texture": "#3"}
			}
		},
		{
			"name": "fs3rd_16",
			"from": [4.75, 6.25, 7],
			"to": [5, 9.5, 9],
			"faces": {
				"north": {"uv": [4.75, 9.75, 5, 6.75], "rotation": 180, "texture": "#3"},
				"east": {"uv": [4.75, 6.5, 5, 9.75], "texture": "#3"},
				"south": {"uv": [4.75, 6.75, 5, 9.75], "texture": "#3"},
				"west": {"uv": [4.75, 6.75, 5, 9.75], "texture": "#3"},
				"up": {"uv": [5, 6.75, 4.75, 7], "rotation": 180, "texture": "#3"},
				"down": {"uv": [4.75, 9.5, 5, 9.75], "texture": "#3"}
			}
		},
		{
			"name": "fs3rd_17",
			"from": [14, 6, 7],
			"to": [14.25, 9.5, 9],
			"faces": {
				"north": {"uv": [14, 10, 14.25, 6.5], "rotation": 180, "texture": "#3"},
				"east": {"uv": [14, 6.5, 14.25, 10], "texture": "#3"},
				"south": {"uv": [14, 6.5, 14.25, 10], "texture": "#3"},
				"west": {"uv": [14, 6.5, 14.25, 10], "texture": "#3"},
				"up": {"uv": [14.25, 6.5, 14, 6.75], "rotation": 180, "texture": "#3"},
				"down": {"uv": [14, 9.75, 14.25, 10], "texture": "#3"}
			}
		},
		{
			"name": "fs3rd_18",
			"from": [4.25, 6.5, 7],
			"to": [4.75, 9.25, 9],
			"faces": {
				"north": {"uv": [4.25, 9.5, 4.75, 7], "rotation": 180, "texture": "#3"},
				"east": {"uv": [4.5, 6.75, 4.75, 9.5], "texture": "#3"},
				"south": {"uv": [4.25, 7, 4.75, 9.5], "texture": "#3"},
				"west": {"uv": [4.25, 7, 4.5, 9.5], "texture": "#3"},
				"up": {"uv": [4.75, 6.75, 4.5, 7], "rotation": 180, "texture": "#3"},
				"down": {"uv": [4.25, 9.25, 4.75, 9.5], "texture": "#3"}
			}
		},
		{
			"name": "fs3rd_19",
			"from": [4, 6.5, 7],
			"to": [4.25, 9, 9],
			"faces": {
				"north": {"uv": [4, 9.5, 4.25, 7], "rotation": 180, "texture": "#3"},
				"east": {"uv": [4, 7, 4.25, 9.5], "texture": "#3"},
				"south": {"uv": [4, 7, 4.25, 9.5], "texture": "#3"},
				"west": {"uv": [4, 7, 4.25, 9.5], "texture": "#3"},
				"up": {"uv": [4.25, 7, 4, 7.25], "rotation": 180, "texture": "#3"},
				"down": {"uv": [4, 9.25, 4.25, 9.5], "texture": "#3"}
			}
		},
		{
			"name": "fs3rd_20",
			"from": [14.25, 6.5, 7],
			"to": [14.5, 9, 9],
			"faces": {
				"north": {"uv": [14.25, 9.5, 14.5, 7], "rotation": 180, "texture": "#3"},
				"east": {"uv": [14.25, 7, 14.5, 9.5], "texture": "#3"},
				"south": {"uv": [14.25, 7, 14.5, 9.5], "texture": "#3"},
				"west": {"uv": [14.25, 7, 14.5, 9.5], "texture": "#3"},
				"up": {"uv": [14.5, 7, 14.25, 7.25], "rotation": 180, "texture": "#3"},
				"down": {"uv": [14.25, 9.25, 14.5, 9.5], "texture": "#3"}
			}
		},
		{
			"name": "fs3rd_21",
			"from": [3.75, 6.75, 7],
			"to": [4, 8.75, 9],
			"faces": {
				"north": {"uv": [3.75, 9.25, 4, 7.25], "rotation": 180, "texture": "#3"},
				"east": {"uv": [3.75, 7.25, 4, 9.25], "texture": "#3"},
				"south": {"uv": [3.75, 7.25, 4, 9.25], "texture": "#3"},
				"west": {"uv": [3.75, 7.25, 4, 9.25], "texture": "#3"},
				"up": {"uv": [4, 7.25, 3.75, 7.5], "rotation": 180, "texture": "#3"},
				"down": {"uv": [3.75, 9, 4, 9.25], "texture": "#3"}
			}
		},
		{
			"name": "fs3rd_22",
			"from": [14.5, 7, 7],
			"to": [14.75, 8.5, 9],
			"faces": {
				"north": {"uv": [14.5, 9, 14.75, 7.5], "rotation": 180, "texture": "#3"},
				"east": {"uv": [14.5, 7.5, 14.75, 9], "texture": "#3"},
				"south": {"uv": [14.5, 7.5, 14.75, 9], "texture": "#3"},
				"west": {"uv": [14.5, 7.5, 14.75, 9], "texture": "#3"},
				"up": {"uv": [14.75, 7.5, 14.5, 7.75], "rotation": 180, "texture": "#3"},
				"down": {"uv": [14.5, 8.75, 14.75, 9], "texture": "#3"}
			}
		},
		{
			"name": "fs3rd_23",
			"from": [2, 7.25, 7],
			"to": [2.5, 8.25, 9],
			"faces": {
				"north": {"uv": [2, 8.75, 2.5, 7.75], "rotation": 180, "texture": "#3"},
				"east": {"uv": [2.25, 7.75, 2.5, 8.75], "texture": "#3"},
				"south": {"uv": [2, 7.75, 2.5, 8.75], "texture": "#3"},
				"west": {"uv": [2, 7.75, 2.25, 8.75], "texture": "#3"},
				"up": {"uv": [2.5, 7.75, 2, 8], "rotation": 180, "texture": "#3"},
				"down": {"uv": [2, 8.5, 2.5, 8.75], "texture": "#3"}
			}
		},
		{
			"name": "fs3rd_24",
			"from": [3.5, 7.25, 7],
			"to": [3.75, 8.25, 9],
			"faces": {
				"north": {"uv": [3.5, 8.75, 3.75, 7.75], "rotation": 180, "texture": "#3"},
				"east": {"uv": [3.5, 7.75, 3.75, 8.75], "texture": "#3"},
				"south": {"uv": [3.5, 7.75, 3.75, 8.75], "texture": "#3"},
				"west": {"uv": [3.5, 7.75, 3.75, 8.75], "texture": "#3"},
				"up": {"uv": [3.75, 7.75, 3.5, 8], "rotation": 180, "texture": "#3"},
				"down": {"uv": [3.5, 8.5, 3.75, 8.75], "texture": "#3"}
			}
		},
		{
			"name": "fs3rd_25",
			"from": [1.75, 7.5, 7],
			"to": [2, 8, 9],
			"faces": {
				"north": {"uv": [1.75, 8.5, 2, 8], "rotation": 180, "texture": "#3"},
				"east": {"uv": [1.75, 8, 2, 8.5], "texture": "#3"},
				"south": {"uv": [1.75, 8, 2, 8.5], "texture": "#3"},
				"west": {"uv": [1.75, 8, 2, 8.5], "texture": "#3"},
				"up": {"uv": [2, 8, 1.75, 8.25], "rotation": 180, "texture": "#3"},
				"down": {"uv": [1.75, 8.25, 2, 8.5], "texture": "#3"}
			}
		},
		{
			"name": "fs3rd_26",
			"from": [2.5, 7.5, 7],
			"to": [2.75, 8, 9],
			"faces": {
				"north": {"uv": [2.5, 8.5, 2.75, 8], "rotation": 180, "texture": "#3"},
				"east": {"uv": [2.5, 8, 2.75, 8.5], "texture": "#3"},
				"south": {"uv": [2.5, 8, 2.75, 8.5], "texture": "#3"},
				"west": {"uv": [2.5, 8, 2.75, 8.5], "texture": "#3"},
				"up": {"uv": [2.75, 8, 2.5, 8.25], "rotation": 180, "texture": "#3"},
				"down": {"uv": [2.5, 8.25, 2.75, 8.5], "texture": "#3"}
			}
		},
		{
			"name": "fs3rd_27",
			"from": [4.5, 6.25, 7],
			"to": [4.75, 6.5, 9],
			"faces": {
				"north": {"uv": [4.5, 9.75, 4.75, 9.5], "rotation": 180, "texture": "#3"},
				"east": {"uv": [4.5, 9.5, 4.75, 9.75], "texture": "#3"},
				"south": {"uv": [4.5, 9.5, 4.75, 9.75], "texture": "#3"},
				"west": {"uv": [4.5, 9.5, 4.75, 9.75], "texture": "#3"},
				"up": {"uv": [4.75, 9.5, 4.5, 9.75], "rotation": 180, "texture": "#3"},
				"down": {"uv": [4.5, 9.5, 4.75, 9.75], "texture": "#3"}
			}
		},
		{
			"name": "fs3rd_28",
			"from": [10.75, 4.75, 7],
			"to": [12.5, 5, 9],
			"faces": {
				"north": {"uv": [11.25, 11.25, 12.5, 11], "rotation": 180, "texture": "#3"},
				"east": {"uv": [12.25, 11, 12.5, 11.25], "texture": "#3"},
				"south": {"uv": [11.25, 11, 12.5, 11.25], "texture": "#3"},
				"west": {"uv": [11.25, 11, 11.5, 11.25], "texture": "#3"},
				"up": {"uv": [12.5, 11, 11.25, 11.25], "rotation": 180, "texture": "#3"},
				"down": {"uv": [11.25, 11, 12.5, 11.25], "texture": "#3"}
			}
		},
		{
			"name": "fs3rd_29",
			"from": [6.5, 4.5, 7],
			"to": [6.75, 4.75, 9],
			"faces": {
				"north": {"uv": [6.5, 11.5, 6.75, 11.25], "rotation": 180, "texture": "#3"},
				"east": {"uv": [6.5, 11.25, 6.75, 11.5], "texture": "#3"},
				"south": {"uv": [6.5, 11.25, 6.75, 11.5], "texture": "#3"},
				"west": {"uv": [6.5, 11.25, 6.75, 11.5], "texture": "#3"},
				"up": {"uv": [6.75, 11.25, 6.5, 11.5], "rotation": 180, "texture": "#3"},
				"down": {"uv": [6.5, 11.25, 6.75, 11.5], "texture": "#3"}
			}
		},
		{
			"name": "fs3rd_30",
			"from": [10, 4.5, 7],
			"to": [10.25, 4.75, 9],
			"faces": {
				"north": {"uv": [10, 11.5, 10.25, 11.25], "rotation": 180, "texture": "#3"},
				"east": {"uv": [10, 11.25, 10.25, 11.5], "texture": "#3"},
				"south": {"uv": [10, 11.25, 10.25, 11.5], "texture": "#3"},
				"west": {"uv": [10, 11.25, 10.25, 11.5], "texture": "#3"},
				"up": {"uv": [10.25, 11.25, 10, 11.5], "rotation": 180, "texture": "#3"},
				"down": {"uv": [10, 11.25, 10.25, 11.5], "texture": "#3"}
			}
		},
		{
			"name": "fs3rd_31",
			"from": [7, 4.25, 7],
			"to": [7.5, 4.5, 9],
			"faces": {
				"north": {"uv": [7, 11.75, 7.5, 11.5], "rotation": 180, "texture": "#3"},
				"east": {"uv": [7.25, 11.5, 7.5, 11.75], "texture": "#3"},
				"south": {"uv": [7, 11.5, 7.5, 11.75], "texture": "#3"},
				"west": {"uv": [7, 11.5, 7.25, 11.75], "texture": "#3"},
				"up": {"uv": [7.5, 11.5, 7, 11.75], "rotation": 180, "texture": "#3"},
				"down": {"uv": [7, 11.5, 7.5, 11.75], "texture": "#3"}
			}
		},
		{
			"name": "fs3rd_32",
			"from": [9.5, 4.25, 7],
			"to": [9.75, 4.5, 9],
			"faces": {
				"north": {"uv": [9.5, 11.75, 9.75, 11.5], "rotation": 180, "texture": "#3"},
				"east": {"uv": [9.5, 11.5, 9.75, 11.75], "texture": "#3"},
				"south": {"uv": [9.5, 11.5, 9.75, 11.75], "texture": "#3"},
				"west": {"uv": [9.5, 11.5, 9.75, 11.75], "texture": "#3"},
				"up": {"uv": [9.75, 11.5, 9.5, 11.75], "rotation": 180, "texture": "#3"},
				"down": {"uv": [9.5, 11.5, 9.75, 11.75], "texture": "#3"}
			}
		},
		{
			"name": "fs3rd_33",
			"from": [7.75, 4, 7],
			"to": [9, 4.25, 9],
			"faces": {
				"north": {"uv": [8, 12, 9, 11.75], "rotation": 180, "texture": "#3"},
				"east": {"uv": [8.75, 11.75, 9, 12], "texture": "#3"},
				"south": {"uv": [8, 11.75, 9, 12], "texture": "#3"},
				"west": {"uv": [7.75, 11.5, 8, 11.75], "texture": "#3"},
				"up": {"uv": [9, 11.75, 8, 12], "rotation": 180, "texture": "#3"},
				"down": {"uv": [8, 11.75, 9, 12], "texture": "#3"}
			}
		}
	],
	"gui_light": "front",
	"display": {
		"thirdperson_righthand": {
			"translation": [0, 2.25, 0.75],
			"scale": [0.31, 0.31, 0.31]
		},
		"thirdperson_lefthand": {
			"translation": [0, 2.25, 0.75],
			"scale": [0.31, 0.31, 0.31]
		},
		"firstperson_righthand": {
			"translation": [0, 7.25, 0.75],
			"scale": [0.58, 0.58, 0.58]
		},
		"firstperson_lefthand": {
			"translation": [0.5, 7.25, 0.75],
			"scale": [0.58, 0.58, 0.58]
		},
		"ground": {
			"translation": [0, 7.75, 0]
		},
		"gui": {
			"translation": [-0.5, 0.25, 0]
		},
		"head": {
			"rotation": [0, -180, 0],
			"translation": [0.5, -20.5, 0],
			"scale": [1.52, 1.52, 1.52]
		},
		"fixed": {
			"rotation": [0, -180, 0]
		}
	},
	"groups": [
		{
			"name": "hexadecagon",
			"origin": [8, 8, 8],
			"children": [0, 1, 2, 3, 4, 5, 6, 7]
		},
		{
			"name": "hexadecagon",
			"origin": [8, 8, 8],
			"children": [8, 9, 10, 11, 12, 13, 14, 15]
		},
		{
			"name": "fs3rd",
			"origin": [8, 8, 8],
			"children": [16, 17, 18, 19, 20, 21, 22, 23, 24, 25, 26, 27, 28, 29, 30, 31, 32, 33, 34, 35, 36, 37, 38, 39, 40, 41, 42, 43, 44, 45, 46, 47, 48, 49]
		}
	]
}