{
	"credit": "Made with Blockbench",
	"textures": {
		"0": "block/red_wool",
		"1": "block/bell_bottom",
		"2": "block/bell_side",
		"3": "block/bell_top",
		"4": "block/spruce_log",
		"5": "block/spruce_log_top",
		"6": "block/green_concrete_powder",
		"7": "block/gold_block",
		"8": "block/emerald_block",
		"9": "block/redstone_block",
		"particle": "block/red_wool"
	},
	"elements": [
		{
			"name": "hexadecagon",
			"from": [6.60761, 6.375, 1],
			"to": [9.39239, 9.5, 3],
			"rotation": {"angle": -45, "axis": "y", "origin": [8, 7, 8]},
			"faces": {
				"north": {"uv": [0, 0, 9, 9], "texture": "#6"},
				"east": {"uv": [0, 0, 9, 9], "texture": "#6"},
				"south": {"uv": [0, 0, 9, 9], "texture": "#6"},
				"west": {"uv": [0, 0, 9, 9], "texture": "#6"},
				"up": {"uv": [0, 0, 9, 9], "texture": "#6"},
				"down": {"uv": [0, 0, 9, 9], "texture": "#6"}
			}
		},
		{
			"name": "hexadecagon",
			"from": [6.60761, 6.375, 1],
			"to": [9.39239, 9.5, 3],
			"rotation": {"angle": -22.5, "axis": "y", "origin": [8, 7, 8]},
			"faces": {
				"north": {"uv": [0, 0, 9, 9], "texture": "#6"},
				"east": {"uv": [0, 0, 9, 9], "texture": "#6"},
				"south": {"uv": [0, 0, 9, 9], "texture": "#6"},
				"west": {"uv": [0, 0, 9, 9], "texture": "#6"},
				"up": {"uv": [0, 0, 9, 9], "texture": "#6"},
				"down": {"uv": [0, 0, 9, 9], "texture": "#6"}
			}
		},
		{
			"name": "hexadecagon",
			"from": [6.60761, 6.375, 1],
			"to": [9.39239, 9.5, 3],
			"rotation": {"angle": 0, "axis": "y", "origin": [8, 7, 8]},
			"faces": {
				"north": {"uv": [0, 0, 9, 9], "texture": "#6"},
				"east": {"uv": [0, 0, 9, 9], "texture": "#6"},
				"south": {"uv": [0, 0, 9, 9], "texture": "#6"},
				"west": {"uv": [0, 0, 9, 9], "texture": "#6"},
				"up": {"uv": [0, 0, 9, 9], "texture": "#6"},
				"down": {"uv": [0, 0, 9, 9], "texture": "#6"}
			}
		},
		{
			"name": "hexadecagon",
			"from": [6.60761, 6.375, 1],
			"to": [9.39239, 9.5, 3],
			"rotation": {"angle": 22.5, "axis": "y", "origin": [8, 7, 8]},
			"faces": {
				"north": {"uv": [0, 0, 9, 9], "texture": "#6"},
				"east": {"uv": [0, 0, 9, 9], "texture": "#6"},
				"south": {"uv": [0, 0, 9, 9], "texture": "#6"},
				"west": {"uv": [0, 0, 9, 9], "texture": "#6"},
				"up": {"uv": [0, 0, 9, 9], "texture": "#6"},
				"down": {"uv": [0, 0, 9, 9], "texture": "#6"}
			}
		},
		{
			"name": "hexadecagon",
			"from": [6.60761, 6.375, 1],
			"to": [9.39239, 9.5, 3],
			"rotation": {"angle": 45, "axis": "y", "origin": [8, 7, 8]},
			"faces": {
				"north": {"uv": [0, 0, 9, 9], "texture": "#6"},
				"east": {"uv": [0, 0, 9, 9], "texture": "#6"},
				"south": {"uv": [0, 0, 9, 9], "texture": "#6"},
				"west": {"uv": [0, 0, 9, 9], "texture": "#6"},
				"up": {"uv": [0, 0, 9, 9], "texture": "#6"},
				"down": {"uv": [0, 0, 9, 9], "texture": "#6"}
			}
		},
		{
			"name": "hexadecagon",
			"from": [6.60761, 6.375, 13],
			"to": [9.39239, 9.5, 15],
			"rotation": {"angle": -45, "axis": "y", "origin": [8, 7, 8]},
			"faces": {
				"north": {"uv": [0, 0, 9, 9], "texture": "#6"},
				"east": {"uv": [0, 0, 9, 9], "texture": "#6"},
				"south": {"uv": [0, 0, 9, 9], "texture": "#6"},
				"west": {"uv": [0, 0, 9, 9], "texture": "#6"},
				"up": {"uv": [0, 0, 9, 9], "texture": "#6"},
				"down": {"uv": [0, 0, 9, 9], "texture": "#6"}
			}
		},
		{
			"name": "hexadecagon",
			"from": [6.60761, 6.375, 13],
			"to": [9.39239, 9.5, 15],
			"rotation": {"angle": -22.5, "axis": "y", "origin": [8, 7, 8]},
			"faces": {
				"north": {"uv": [0, 0, 9, 9], "texture": "#6"},
				"east": {"uv": [0, 0, 9, 9], "texture": "#6"},
				"south": {"uv": [0, 0, 9, 9], "texture": "#6"},
				"west": {"uv": [0, 0, 9, 9], "texture": "#6"},
				"up": {"uv": [0, 0, 9, 9], "texture": "#6"},
				"down": {"uv": [0, 0, 9, 9], "texture": "#6"}
			}
		},
		{
			"name": "hexadecagon",
			"from": [6.60761, 6.375, 13],
			"to": [9.39239, 9.5, 15],
			"rotation": {"angle": 0, "axis": "y", "origin": [8, 7, 8]},
			"faces": {
				"north": {"uv": [0, 0, 9, 9], "texture": "#6"},
				"east": {"uv": [0, 0, 9, 9], "texture": "#6"},
				"south": {"uv": [0, 0, 9, 9], "texture": "#6"},
				"west": {"uv": [0, 0, 9, 9], "texture": "#6"},
				"up": {"uv": [0, 0, 9, 9], "texture": "#6"},
				"down": {"uv": [0, 0, 9, 9], "texture": "#6"}
			}
		},
		{
			"name": "hexadecagon",
			"from": [6.60761, 6.375, 13],
			"to": [9.39239, 9.5, 15],
			"rotation": {"angle": 22.5, "axis": "y", "origin": [8, 7, 8]},
			"faces": {
				"north": {"uv": [0, 0, 9, 9], "texture": "#6"},
				"east": {"uv": [0, 0, 9, 9], "texture": "#6"},
				"south": {"uv": [0, 0, 9, 9], "texture": "#6"},
				"west": {"uv": [0, 0, 9, 9], "texture": "#6"},
				"up": {"uv": [0, 0, 9, 9], "texture": "#6"},
				"down": {"uv": [0, 0, 9, 9], "texture": "#6"}
			}
		},
		{
			"name": "hexadecagon",
			"from": [6.60761, 6.375, 13],
			"to": [9.39239, 9.5, 15],
			"rotation": {"angle": 45, "axis": "y", "origin": [8, 7, 8]},
			"faces": {
				"north": {"uv": [0, 0, 9, 9], "texture": "#6"},
				"east": {"uv": [0, 0, 9, 9], "texture": "#6"},
				"south": {"uv": [0, 0, 9, 9], "texture": "#6"},
				"west": {"uv": [0, 0, 9, 9], "texture": "#6"},
				"up": {"uv": [0, 0, 9, 9], "texture": "#6"},
				"down": {"uv": [0, 0, 9, 9], "texture": "#6"}
			}
		},
		{
			"name": "hexadecagon",
			"from": [1, 6.375, 6.60761],
			"to": [3, 9.5, 9.39239],
			"rotation": {"angle": -22.5, "axis": "y", "origin": [8, 7, 8]},
			"faces": {
				"north": {"uv": [0, 0, 9, 9], "texture": "#6"},
				"east": {"uv": [0, 0, 9, 9], "texture": "#6"},
				"south": {"uv": [0, 0, 9, 9], "texture": "#6"},
				"west": {"uv": [0, 0, 9, 9], "texture": "#6"},
				"up": {"uv": [0, 0, 9, 9], "texture": "#6"},
				"down": {"uv": [0, 0, 9, 9], "texture": "#6"}
			}
		},
		{
			"name": "hexadecagon",
			"from": [1, 6.375, 6.60761],
			"to": [3, 9.5, 9.39239],
			"rotation": {"angle": 0, "axis": "y", "origin": [8, 7, 8]},
			"faces": {
				"north": {"uv": [0, 0, 9, 9], "texture": "#6"},
				"east": {"uv": [0, 0, 9, 9], "texture": "#6"},
				"south": {"uv": [0, 0, 9, 9], "texture": "#6"},
				"west": {"uv": [0, 0, 9, 9], "texture": "#6"},
				"up": {"uv": [0, 0, 9, 9], "texture": "#6"},
				"down": {"uv": [0, 0, 9, 9], "texture": "#6"}
			}
		},
		{
			"name": "hexadecagon",
			"from": [1, 6.375, 6.60761],
			"to": [3, 9.5, 9.39239],
			"rotation": {"angle": 22.5, "axis": "y", "origin": [8, 7, 8]},
			"faces": {
				"north": {"uv": [0, 0, 9, 9], "texture": "#6"},
				"east": {"uv": [0, 0, 9, 9], "texture": "#6"},
				"south": {"uv": [0, 0, 9, 9], "texture": "#6"},
				"west": {"uv": [0, 0, 9, 9], "texture": "#6"},
				"up": {"uv": [0, 0, 9, 9], "texture": "#6"},
				"down": {"uv": [0, 0, 9, 9], "texture": "#6"}
			}
		},
		{
			"name": "hexadecagon",
			"from": [13, 6.375, 6.60761],
			"to": [15, 9.5, 9.39239],
			"rotation": {"angle": -22.5, "axis": "y", "origin": [8, 7, 8]},
			"faces": {
				"north": {"uv": [0, 0, 9, 9], "texture": "#6"},
				"east": {"uv": [0, 0, 9, 9], "texture": "#6"},
				"south": {"uv": [0, 0, 9, 9], "texture": "#6"},
				"west": {"uv": [0, 0, 9, 9], "texture": "#6"},
				"up": {"uv": [0, 0, 9, 9], "texture": "#6"},
				"down": {"uv": [0, 0, 9, 9], "texture": "#6"}
			}
		},
		{
			"name": "hexadecagon",
			"from": [13, 6.375, 6.60761],
			"to": [15, 9.5, 9.39239],
			"rotation": {"angle": 0, "axis": "y", "origin": [8, 7, 8]},
			"faces": {
				"north": {"uv": [0, 0, 9, 9], "texture": "#6"},
				"east": {"uv": [0, 0, 9, 9], "texture": "#6"},
				"south": {"uv": [0, 0, 9, 9], "texture": "#6"},
				"west": {"uv": [0, 0, 9, 9], "texture": "#6"},
				"up": {"uv": [0, 0, 9, 9], "texture": "#6"},
				"down": {"uv": [0, 0, 9, 9], "texture": "#6"}
			}
		},
		{
			"name": "hexadecagon",
			"from": [13, 6.375, 6.60761],
			"to": [15, 9.5, 9.39239],
			"rotation": {"angle": 22.5, "axis": "y", "origin": [8, 7, 8]},
			"faces": {
				"north": {"uv": [0, 0, 9, 9], "texture": "#6"},
				"east": {"uv": [0, 0, 9, 9], "texture": "#6"},
				"south": {"uv": [0, 0, 9, 9], "texture": "#6"},
				"west": {"uv": [0, 0, 9, 9], "texture": "#6"},
				"up": {"uv": [0, 0, 9, 9], "texture": "#6"},
				"down": {"uv": [0, 0, 9, 9], "texture": "#6"}
			}
		},
		{
			"name": "hexadecagon",
			"from": [6.50816, 6.625, 0.5],
			"to": [9.49184, 9.25, 3.5],
			"rotation": {"angle": -45, "axis": "y", "origin": [8, 8, 8]},
			"faces": {
				"north": {"uv": [0, 0, 9, 9], "texture": "#6"},
				"east": {"uv": [0, 0, 9, 9], "texture": "#6"},
				"south": {"uv": [0, 0, 9, 9], "texture": "#6"},
				"west": {"uv": [0, 0, 9, 9], "texture": "#6"},
				"up": {"uv": [0, 0, 9, 9], "texture": "#6"},
				"down": {"uv": [0, 0, 9, 9], "texture": "#6"}
			}
		},
		{
			"name": "hexadecagon",
			"from": [6.50816, 6.625, 0.5],
			"to": [9.49184, 9.25, 3.5],
			"rotation": {"angle": -22.5, "axis": "y", "origin": [8, 8, 8]},
			"faces": {
				"north": {"uv": [0, 0, 9, 9], "texture": "#6"},
				"east": {"uv": [0, 0, 9, 9], "texture": "#6"},
				"south": {"uv": [0, 0, 9, 9], "texture": "#6"},
				"west": {"uv": [0, 0, 9, 9], "texture": "#6"},
				"up": {"uv": [0, 0, 9, 9], "texture": "#6"},
				"down": {"uv": [0, 0, 9, 9], "texture": "#6"}
			}
		},
		{
			"name": "hexadecagon",
			"from": [6.50816, 6.625, 0.5],
			"to": [9.49184, 9.25, 3.5],
			"faces": {
				"north": {"uv": [0, 0, 9, 9], "texture": "#6"},
				"east": {"uv": [0, 0, 9, 9], "texture": "#6"},
				"south": {"uv": [0, 0, 9, 9], "texture": "#6"},
				"west": {"uv": [0, 0, 9, 9], "texture": "#6"},
				"up": {"uv": [0, 0, 9, 9], "texture": "#6"},
				"down": {"uv": [0, 0, 9, 9], "texture": "#6"}
			}
		},
		{
			"name": "hexadecagon",
			"from": [6.50816, 6.625, 0.5],
			"to": [9.49184, 9.25, 3.5],
			"rotation": {"angle": 22.5, "axis": "y", "origin": [8, 8, 8]},
			"faces": {
				"north": {"uv": [0, 0, 9, 9], "texture": "#6"},
				"east": {"uv": [0, 0, 9, 9], "texture": "#6"},
				"south": {"uv": [0, 0, 9, 9], "texture": "#6"},
				"west": {"uv": [0, 0, 9, 9], "texture": "#6"},
				"up": {"uv": [0, 0, 9, 9], "texture": "#6"},
				"down": {"uv": [0, 0, 9, 9], "texture": "#6"}
			}
		},
		{
			"name": "hexadecagon",
			"from": [6.50816, 6.625, 0.5],
			"to": [9.49184, 9.25, 3.5],
			"rotation": {"angle": 45, "axis": "y", "origin": [8, 8, 8]},
			"faces": {
				"north": {"uv": [0, 0, 9, 9], "texture": "#6"},
				"east": {"uv": [0, 0, 9, 9], "texture": "#6"},
				"south": {"uv": [0, 0, 9, 9], "texture": "#6"},
				"west": {"uv": [0, 0, 9, 9], "texture": "#6"},
				"up": {"uv": [0, 0, 9, 9], "texture": "#6"},
				"down": {"uv": [0, 0, 9, 9], "texture": "#6"}
			}
		},
		{
			"name": "hexadecagon",
			"from": [6.50816, 6.625, 12.5],
			"to": [9.49184, 9.25, 15.5],
			"rotation": {"angle": -45, "axis": "y", "origin": [8, 8, 8]},
			"faces": {
				"north": {"uv": [0, 0, 9, 9], "texture": "#6"},
				"east": {"uv": [0, 0, 9, 9], "texture": "#6"},
				"south": {"uv": [0, 0, 9, 9], "texture": "#6"},
				"west": {"uv": [0, 0, 9, 9], "texture": "#6"},
				"up": {"uv": [0, 0, 9, 9], "texture": "#6"},
				"down": {"uv": [0, 0, 9, 9], "texture": "#6"}
			}
		},
		{
			"name": "hexadecagon",
			"from": [6.50816, 6.625, 12.5],
			"to": [9.49184, 9.25, 15.5],
			"rotation": {"angle": -22.5, "axis": "y", "origin": [8, 8, 8]},
			"faces": {
				"north": {"uv": [0, 0, 9, 9], "texture": "#6"},
				"east": {"uv": [0, 0, 9, 9], "texture": "#6"},
				"south": {"uv": [0, 0, 9, 9], "texture": "#6"},
				"west": {"uv": [0, 0, 9, 9], "texture": "#6"},
				"up": {"uv": [0, 0, 9, 9], "texture": "#6"},
				"down": {"uv": [0, 0, 9, 9], "texture": "#6"}
			}
		},
		{
			"name": "hexadecagon",
			"from": [6.50816, 6.625, 12.5],
			"to": [9.49184, 9.25, 15.5],
			"faces": {
				"north": {"uv": [0, 0, 9, 9], "texture": "#6"},
				"east": {"uv": [0, 0, 9, 9], "texture": "#6"},
				"south": {"uv": [0, 0, 9, 9], "texture": "#6"},
				"west": {"uv": [0, 0, 9, 9], "texture": "#6"},
				"up": {"uv": [0, 0, 9, 9], "texture": "#6"},
				"down": {"uv": [0, 0, 9, 9], "texture": "#6"}
			}
		},
		{
			"name": "hexadecagon",
			"from": [6.50816, 6.625, 12.5],
			"to": [9.49184, 9.25, 15.5],
			"rotation": {"angle": 22.5, "axis": "y", "origin": [8, 8, 8]},
			"faces": {
				"north": {"uv": [0, 0, 9, 9], "texture": "#6"},
				"east": {"uv": [0, 0, 9, 9], "texture": "#6"},
				"south": {"uv": [0, 0, 9, 9], "texture": "#6"},
				"west": {"uv": [0, 0, 9, 9], "texture": "#6"},
				"up": {"uv": [0, 0, 9, 9], "texture": "#6"},
				"down": {"uv": [0, 0, 9, 9], "texture": "#6"}
			}
		},
		{
			"name": "hexadecagon",
			"from": [6.50816, 6.625, 12.5],
			"to": [9.49184, 9.25, 15.5],
			"rotation": {"angle": 45, "axis": "y", "origin": [8, 8, 8]},
			"faces": {
				"north": {"uv": [0, 0, 9, 9], "texture": "#6"},
				"east": {"uv": [0, 0, 9, 9], "texture": "#6"},
				"south": {"uv": [0, 0, 9, 9], "texture": "#6"},
				"west": {"uv": [0, 0, 9, 9], "texture": "#6"},
				"up": {"uv": [0, 0, 9, 9], "texture": "#6"},
				"down": {"uv": [0, 0, 9, 9], "texture": "#6"}
			}
		},
		{
			"name": "hexadecagon",
			"from": [0.5, 6.625, 6.50816],
			"to": [3.5, 9.25, 9.49184],
			"rotation": {"angle": -22.5, "axis": "y", "origin": [8, 8, 8]},
			"faces": {
				"north": {"uv": [0, 0, 9, 9], "texture": "#6"},
				"east": {"uv": [0, 0, 9, 9], "texture": "#6"},
				"south": {"uv": [0, 0, 9, 9], "texture": "#6"},
				"west": {"uv": [0, 0, 9, 9], "texture": "#6"},
				"up": {"uv": [0, 0, 9, 9], "texture": "#6"},
				"down": {"uv": [0, 0, 9, 9], "texture": "#6"}
			}
		},
		{
			"name": "hexadecagon",
			"from": [0.5, 6.625, 6.50816],
			"to": [3.5, 9.25, 9.49184],
			"faces": {
				"north": {"uv": [0, 0, 9, 9], "texture": "#6"},
				"east": {"uv": [0, 0, 9, 9], "texture": "#6"},
				"south": {"uv": [0, 0, 9, 9], "texture": "#6"},
				"west": {"uv": [0, 0, 9, 9], "texture": "#6"},
				"up": {"uv": [0, 0, 9, 9], "texture": "#6"},
				"down": {"uv": [0, 0, 9, 9], "texture": "#6"}
			}
		},
		{
			"name": "hexadecagon",
			"from": [0.5, 6.625, 6.50816],
			"to": [3.5, 9.25, 9.49184],
			"rotation": {"angle": 22.5, "axis": "y", "origin": [8, 8, 8]},
			"faces": {
				"north": {"uv": [0, 0, 9, 9], "texture": "#6"},
				"east": {"uv": [0, 0, 9, 9], "texture": "#6"},
				"south": {"uv": [0, 0, 9, 9], "texture": "#6"},
				"west": {"uv": [0, 0, 9, 9], "texture": "#6"},
				"up": {"uv": [0, 0, 9, 9], "texture": "#6"},
				"down": {"uv": [0, 0, 9, 9], "texture": "#6"}
			}
		},
		{
			"name": "hexadecagon",
			"from": [12.5, 6.625, 6.50816],
			"to": [15.5, 9.25, 9.49184],
			"rotation": {"angle": -22.5, "axis": "y", "origin": [8, 8, 8]},
			"faces": {
				"north": {"uv": [0, 0, 9, 9], "texture": "#6"},
				"east": {"uv": [0, 0, 9, 9], "texture": "#6"},
				"south": {"uv": [0, 0, 9, 9], "texture": "#6"},
				"west": {"uv": [0, 0, 9, 9], "texture": "#6"},
				"up": {"uv": [0, 0, 9, 9], "texture": "#6"},
				"down": {"uv": [0, 0, 9, 9], "texture": "#6"}
			}
		},
		{
			"name": "hexadecagon",
			"from": [12.5, 6.625, 6.50816],
			"to": [15.5, 9.25, 9.49184],
			"faces": {
				"north": {"uv": [0, 0, 9, 9], "texture": "#6"},
				"east": {"uv": [0, 0, 9, 9], "texture": "#6"},
				"south": {"uv": [0, 0, 9, 9], "texture": "#6"},
				"west": {"uv": [0, 0, 9, 9], "texture": "#6"},
				"up": {"uv": [0, 0, 9, 9], "texture": "#6"},
				"down": {"uv": [0, 0, 9, 9], "texture": "#6"}
			}
		},
		{
			"name": "hexadecagon",
			"from": [12.5, 6.625, 6.50816],
			"to": [15.5, 9.25, 9.49184],
			"rotation": {"angle": 22.5, "axis": "y", "origin": [8, 8, 8]},
			"faces": {
				"north": {"uv": [0, 0, 9, 9], "texture": "#6"},
				"east": {"uv": [0, 0, 9, 9], "texture": "#6"},
				"south": {"uv": [0, 0, 9, 9], "texture": "#6"},
				"west": {"uv": [0, 0, 9, 9], "texture": "#6"},
				"up": {"uv": [0, 0, 9, 9], "texture": "#6"},
				"down": {"uv": [0, 0, 9, 9], "texture": "#6"}
			}
		},
		{
			"name": "hexadecagon",
			"from": [6.4087, 7.25, 0],
			"to": [9.5913, 8.875, 4],
			"rotation": {"angle": -45, "axis": "y", "origin": [8, 8, 8]},
			"faces": {
				"north": {"uv": [0, 0, 9, 9], "texture": "#6"},
				"east": {"uv": [0, 0, 9, 9], "texture": "#6"},
				"south": {"uv": [0, 0, 9, 9], "texture": "#6"},
				"west": {"uv": [0, 0, 9, 9], "texture": "#6"},
				"up": {"uv": [0, 0, 9, 9], "texture": "#6"},
				"down": {"uv": [0, 0, 9, 9], "texture": "#6"}
			}
		},
		{
			"name": "hexadecagon",
			"from": [6.4087, 7.25, 0],
			"to": [9.5913, 8.875, 4],
			"rotation": {"angle": -22.5, "axis": "y", "origin": [8, 8, 8]},
			"faces": {
				"north": {"uv": [0, 0, 9, 9], "texture": "#6"},
				"east": {"uv": [0, 0, 9, 9], "texture": "#6"},
				"south": {"uv": [0, 0, 9, 9], "texture": "#6"},
				"west": {"uv": [0, 0, 9, 9], "texture": "#6"},
				"up": {"uv": [0, 0, 9, 9], "texture": "#6"},
				"down": {"uv": [0, 0, 9, 9], "texture": "#6"}
			}
		},
		{
			"name": "hexadecagon",
			"from": [6.4087, 7.25, 0],
			"to": [9.5913, 8.875, 4],
			"faces": {
				"north": {"uv": [0, 0, 9, 9], "texture": "#6"},
				"east": {"uv": [0, 0, 9, 9], "texture": "#6"},
				"south": {"uv": [0, 0, 9, 9], "texture": "#6"},
				"west": {"uv": [0, 0, 9, 9], "texture": "#6"},
				"up": {"uv": [0, 0, 9, 9], "texture": "#6"},
				"down": {"uv": [0, 0, 9, 9], "texture": "#6"}
			}
		},
		{
			"name": "hexadecagon",
			"from": [6.4087, 7.25, 0],
			"to": [9.5913, 8.875, 4],
			"rotation": {"angle": 22.5, "axis": "y", "origin": [8, 8, 8]},
			"faces": {
				"north": {"uv": [0, 0, 9, 9], "texture": "#6"},
				"east": {"uv": [0, 0, 9, 9], "texture": "#6"},
				"south": {"uv": [0, 0, 9, 9], "texture": "#6"},
				"west": {"uv": [0, 0, 9, 9], "texture": "#6"},
				"up": {"uv": [0, 0, 9, 9], "texture": "#6"},
				"down": {"uv": [0, 0, 9, 9], "texture": "#6"}
			}
		},
		{
			"name": "hexadecagon",
			"from": [6.4087, 7.25, 0],
			"to": [9.5913, 8.875, 4],
			"rotation": {"angle": 45, "axis": "y", "origin": [8, 8, 8]},
			"faces": {
				"north": {"uv": [0, 0, 9, 9], "texture": "#6"},
				"east": {"uv": [0, 0, 9, 9], "texture": "#6"},
				"south": {"uv": [0, 0, 9, 9], "texture": "#6"},
				"west": {"uv": [0, 0, 9, 9], "texture": "#6"},
				"up": {"uv": [0, 0, 9, 9], "texture": "#6"},
				"down": {"uv": [0, 0, 9, 9], "texture": "#6"}
			}
		},
		{
			"name": "hexadecagon",
			"from": [6.4087, 7.25, 12],
			"to": [9.5913, 8.875, 16],
			"rotation": {"angle": -45, "axis": "y", "origin": [8, 8, 8]},
			"faces": {
				"north": {"uv": [0, 0, 9, 9], "texture": "#6"},
				"east": {"uv": [0, 0, 9, 9], "texture": "#6"},
				"south": {"uv": [0, 0, 9, 9], "texture": "#6"},
				"west": {"uv": [0, 0, 9, 9], "texture": "#6"},
				"up": {"uv": [0, 0, 9, 9], "texture": "#6"},
				"down": {"uv": [0, 0, 9, 9], "texture": "#6"}
			}
		},
		{
			"name": "hexadecagon",
			"from": [6.4087, 7.25, 12],
			"to": [9.5913, 8.875, 16],
			"rotation": {"angle": -22.5, "axis": "y", "origin": [8, 8, 8]},
			"faces": {
				"north": {"uv": [0, 0, 9, 9], "texture": "#6"},
				"east": {"uv": [0, 0, 9, 9], "texture": "#6"},
				"south": {"uv": [0, 0, 9, 9], "texture": "#6"},
				"west": {"uv": [0, 0, 9, 9], "texture": "#6"},
				"up": {"uv": [0, 0, 9, 9], "texture": "#6"},
				"down": {"uv": [0, 0, 9, 9], "texture": "#6"}
			}
		},
		{
			"name": "hexadecagon",
			"from": [6.4087, 7.25, 12],
			"to": [9.5913, 8.875, 16],
			"faces": {
				"north": {"uv": [0, 0, 9, 9], "texture": "#6"},
				"east": {"uv": [0, 0, 9, 9], "texture": "#6"},
				"south": {"uv": [0, 0, 9, 9], "texture": "#6"},
				"west": {"uv": [0, 0, 9, 9], "texture": "#6"},
				"up": {"uv": [0, 0, 9, 9], "texture": "#6"},
				"down": {"uv": [0, 0, 9, 9], "texture": "#6"}
			}
		},
		{
			"name": "hexadecagon",
			"from": [6.4087, 7.25, 12],
			"to": [9.5913, 8.875, 16],
			"rotation": {"angle": 22.5, "axis": "y", "origin": [8, 8, 8]},
			"faces": {
				"north": {"uv": [0, 0, 9, 9], "texture": "#6"},
				"east": {"uv": [0, 0, 9, 9], "texture": "#6"},
				"south": {"uv": [0, 0, 9, 9], "texture": "#6"},
				"west": {"uv": [0, 0, 9, 9], "texture": "#6"},
				"up": {"uv": [0, 0, 9, 9], "texture": "#6"},
				"down": {"uv": [0, 0, 9, 9], "texture": "#6"}
			}
		},
		{
			"name": "hexadecagon",
			"from": [6.4087, 7.25, 12],
			"to": [9.5913, 8.875, 16],
			"rotation": {"angle": 45, "axis": "y", "origin": [8, 8, 8]},
			"faces": {
				"north": {"uv": [0, 0, 9, 9], "texture": "#6"},
				"east": {"uv": [0, 0, 9, 9], "texture": "#6"},
				"south": {"uv": [0, 0, 9, 9], "texture": "#6"},
				"west": {"uv": [0, 0, 9, 9], "texture": "#6"},
				"up": {"uv": [0, 0, 9, 9], "texture": "#6"},
				"down": {"uv": [0, 0, 9, 9], "texture": "#6"}
			}
		},
		{
			"name": "hexadecagon",
			"from": [0, 7.25, 6.4087],
			"to": [4, 8.875, 9.5913],
			"rotation": {"angle": -22.5, "axis": "y", "origin": [8, 8, 8]},
			"faces": {
				"north": {"uv": [0, 0, 9, 9], "texture": "#6"},
				"east": {"uv": [0, 0, 9, 9], "texture": "#6"},
				"south": {"uv": [0, 0, 9, 9], "texture": "#6"},
				"west": {"uv": [0, 0, 9, 9], "texture": "#6"},
				"up": {"uv": [0, 0, 9, 9], "texture": "#6"},
				"down": {"uv": [0, 0, 9, 9], "texture": "#6"}
			}
		},
		{
			"name": "hexadecagon",
			"from": [0, 7.25, 6.4087],
			"to": [4, 8.875, 9.5913],
			"faces": {
				"north": {"uv": [0, 0, 9, 9], "texture": "#6"},
				"east": {"uv": [0, 0, 9, 9], "texture": "#6"},
				"south": {"uv": [0, 0, 9, 9], "texture": "#6"},
				"west": {"uv": [0, 0, 9, 9], "texture": "#6"},
				"up": {"uv": [0, 0, 9, 9], "texture": "#6"},
				"down": {"uv": [0, 0, 9, 9], "texture": "#6"}
			}
		},
		{
			"name": "hexadecagon",
			"from": [0, 7.25, 6.4087],
			"to": [4, 8.875, 9.5913],
			"rotation": {"angle": 22.5, "axis": "y", "origin": [8, 8, 8]},
			"faces": {
				"north": {"uv": [0, 0, 9, 9], "texture": "#6"},
				"east": {"uv": [0, 0, 9, 9], "texture": "#6"},
				"south": {"uv": [0, 0, 9, 9], "texture": "#6"},
				"west": {"uv": [0, 0, 9, 9], "texture": "#6"},
				"up": {"uv": [0, 0, 9, 9], "texture": "#6"},
				"down": {"uv": [0, 0, 9, 9], "texture": "#6"}
			}
		},
		{
			"name": "hexadecagon",
			"from": [12, 7.25, 6.4087],
			"to": [16, 8.875, 9.5913],
			"rotation": {"angle": -22.5, "axis": "y", "origin": [8, 8, 8]},
			"faces": {
				"north": {"uv": [0, 0, 9, 9], "texture": "#6"},
				"east": {"uv": [0, 0, 9, 9], "texture": "#6"},
				"south": {"uv": [0, 0, 9, 9], "texture": "#6"},
				"west": {"uv": [0, 0, 9, 9], "texture": "#6"},
				"up": {"uv": [0, 0, 9, 9], "texture": "#6"},
				"down": {"uv": [0, 0, 9, 9], "texture": "#6"}
			}
		},
		{
			"name": "hexadecagon",
			"from": [12, 7.25, 6.4087],
			"to": [16, 8.875, 9.5913],
			"faces": {
				"north": {"uv": [0, 0, 9, 9], "texture": "#6"},
				"east": {"uv": [0, 0, 9, 9], "texture": "#6"},
				"south": {"uv": [0, 0, 9, 9], "texture": "#6"},
				"west": {"uv": [0, 0, 9, 9], "texture": "#6"},
				"up": {"uv": [0, 0, 9, 9], "texture": "#6"},
				"down": {"uv": [0, 0, 9, 9], "texture": "#6"}
			}
		},
		{
			"name": "hexadecagon",
			"from": [12, 7.25, 6.4087],
			"to": [16, 8.875, 9.5913],
			"rotation": {"angle": 22.5, "axis": "y", "origin": [8, 8, 8]},
			"faces": {
				"north": {"uv": [0, 0, 9, 9], "texture": "#6"},
				"east": {"uv": [0, 0, 9, 9], "texture": "#6"},
				"south": {"uv": [0, 0, 9, 9], "texture": "#6"},
				"west": {"uv": [0, 0, 9, 9], "texture": "#6"},
				"up": {"uv": [0, 0, 9, 9], "texture": "#6"},
				"down": {"uv": [0, 0, 9, 9], "texture": "#6"}
			}
		},
		{
			"from": [4, 9.496, 2.336],
			"to": [8, 10, 3.928],
			"rotation": {"angle": 22.5, "axis": "y", "origin": [6, 9.5, 3.132]},
			"faces": {
				"north": {"uv": [0, 0, 16, 6], "texture": "#0"},
				"east": {"uv": [0, 0, 16, 6], "texture": "#0"},
				"south": {"uv": [0, 0, 16, 6], "texture": "#0"},
				"west": {"uv": [0, 0, 16, 6], "texture": "#0"},
				"up": {"uv": [0, 0, 16, 6], "texture": "#0"},
				"down": {"uv": [0, 0, 16, 6], "texture": "#0"}
			}
		},
		{
			"from": [3.392, 10.488, 2.624],
			"to": [7.392, 10.992, 4.216],
			"rotation": {"angle": -22.5, "axis": "z", "origin": [5.392, 10.492, 3.42]},
			"faces": {
				"north": {"uv": [0, 0, 16, 6], "texture": "#0"},
				"east": {"uv": [0, 0, 16, 6], "texture": "#0"},
				"south": {"uv": [0, 0, 16, 6], "texture": "#0"},
				"west": {"uv": [0, 0, 16, 6], "texture": "#0"},
				"up": {"uv": [0, 0, 16, 6], "texture": "#0"},
				"down": {"uv": [0, 0, 16, 6], "texture": "#0"}
			}
		},
		{
			"from": [8.448, 10.6, 2.624],
			"to": [12.448, 11.104, 4.216],
			"rotation": {"angle": 22.5, "axis": "z", "origin": [10.448, 11.1, 3.42]},
			"faces": {
				"north": {"uv": [0, 0, 16, 6], "texture": "#0"},
				"east": {"uv": [0, 0, 16, 6], "texture": "#0"},
				"south": {"uv": [0, 0, 16, 6], "texture": "#0"},
				"west": {"uv": [0, 0, 16, 6], "texture": "#0"},
				"up": {"uv": [0, 0, 16, 6], "texture": "#0"},
				"down": {"uv": [0, 0, 16, 6], "texture": "#0"}
			}
		},
		{
			"from": [3.404, 8.876, 2.864],
			"to": [3.908, 11.452, 4.456],
			"rotation": {"angle": 22.5, "axis": "z", "origin": [3.904, 10.876, 3.66]},
			"faces": {
				"north": {"uv": [0, 0, 16, 6], "texture": "#0"},
				"east": {"uv": [0, 0, 16, 12], "texture": "#0"},
				"south": {"uv": [0, 0, 16, 6], "texture": "#0"},
				"west": {"uv": [0, 0, 16, 14], "texture": "#0"},
				"up": {"uv": [0, 0, 16, 6], "texture": "#0"},
				"down": {"uv": [0, 0, 16, 6], "texture": "#0"}
			}
		},
		{
			"from": [12.124, 8.876, 2.864],
			"to": [12.628, 11.324, 4.456],
			"rotation": {"angle": -22.5, "axis": "z", "origin": [12.624, 10.876, 3.66]},
			"faces": {
				"north": {"uv": [0, 0, 16, 6], "texture": "#0"},
				"east": {"uv": [0, 0, 16, 15], "texture": "#0"},
				"south": {"uv": [0, 0, 16, 6], "texture": "#0"},
				"west": {"uv": [0, 0, 16, 13], "texture": "#0"},
				"up": {"uv": [0, 0, 16, 6], "texture": "#0"},
				"down": {"uv": [0, 0, 16, 6], "texture": "#0"}
			}
		},
		{
			"from": [8, 9.512, 2.496],
			"to": [12, 10, 4.088],
			"rotation": {"angle": -22.5, "axis": "y", "origin": [10, 9.5, 3.292]},
			"faces": {
				"north": {"uv": [0, 0, 16, 6], "texture": "#0"},
				"east": {"uv": [0, 0, 16, 6], "texture": "#0"},
				"south": {"uv": [0, 0, 16, 6], "texture": "#0"},
				"west": {"uv": [0, 0, 16, 6], "texture": "#0"},
				"up": {"uv": [0, 0, 16, 6], "texture": "#0"},
				"down": {"uv": [0, 0, 16, 6], "texture": "#0"}
			}
		},
		{
			"from": [5.204, 9.304, 3.196],
			"to": [6.796, 9.808, 7.196],
			"rotation": {"angle": -45, "axis": "y", "origin": [6, 9.308, 5.196]},
			"faces": {
				"north": {"uv": [0, 0, 16, 6], "texture": "#0"},
				"east": {"uv": [0, 0, 16, 6], "texture": "#0"},
				"south": {"uv": [0, 0, 16, 6], "texture": "#0"},
				"west": {"uv": [0, 0, 16, 6], "texture": "#0"},
				"up": {"uv": [0, 0, 16, 6], "texture": "#0"},
				"down": {"uv": [0, 0, 16, 6], "texture": "#0"}
			}
		},
		{
			"from": [8.032, 9.32, 4.256],
			"to": [12.032, 9.808, 5.848],
			"rotation": {"angle": -45, "axis": "y", "origin": [10.032, 9.308, 5.052]},
			"faces": {
				"north": {"uv": [0, 0, 16, 6], "texture": "#0"},
				"east": {"uv": [0, 0, 16, 6], "texture": "#0"},
				"south": {"uv": [0, 0, 16, 6], "texture": "#0"},
				"west": {"uv": [0, 0, 16, 6], "texture": "#0"},
				"up": {"uv": [0, 0, 16, 6], "texture": "#0"},
				"down": {"uv": [0, 0, 16, 6], "texture": "#0"}
			}
		},
		{
			"from": [12.32, 11.152, 2.656],
			"to": [12.792, 11.896, 4.44],
			"rotation": {"angle": 0, "axis": "y", "origin": [21.216, 18.704, 10.192]},
			"faces": {
				"north": {"uv": [0, 0, 16, 6], "texture": "#0"},
				"east": {"uv": [0, 0, 16, 6], "texture": "#0"},
				"south": {"uv": [0, 0, 16, 6], "texture": "#0"},
				"west": {"uv": [0, 0, 16, 6], "texture": "#0"},
				"up": {"uv": [0, 0, 16, 6], "texture": "#0"},
				"down": {"uv": [0, 0, 16, 6], "texture": "#0"}
			}
		},
		{
			"from": [3.264, 11.152, 2.656],
			"to": [3.704, 11.704, 4.44],
			"rotation": {"angle": 0, "axis": "y", "origin": [12.16, 18.704, 10.192]},
			"faces": {
				"north": {"uv": [0, 0, 16, 6], "texture": "#0"},
				"east": {"uv": [0, 0, 16, 6], "texture": "#0"},
				"south": {"uv": [0, 0, 16, 6], "texture": "#0"},
				"west": {"uv": [0, 0, 16, 6], "texture": "#0"},
				"up": {"uv": [0, 0, 16, 6], "texture": "#0"},
				"down": {"uv": [0, 0, 16, 6], "texture": "#0"}
			}
		},
		{
			"from": [7.104, 9.504, 2.192],
			"to": [9, 10.504, 4.296],
			"rotation": {"angle": 0, "axis": "y", "origin": [16, 17.504, 10.192]},
			"faces": {
				"north": {"uv": [0, 0, 16, 6], "texture": "#0"},
				"east": {"uv": [0, 0, 16, 6], "texture": "#0"},
				"south": {"uv": [0, 0, 16, 6], "texture": "#0"},
				"west": {"uv": [0, 0, 16, 6], "texture": "#0"},
				"up": {"uv": [0, 0, 16, 6], "texture": "#0"},
				"down": {"uv": [0, 0, 16, 6], "texture": "#0"}
			}
		},
		{
			"from": [7.736, 7.952, 3.544],
			"to": [8.296, 8.512, 5.176],
			"rotation": {"angle": 0, "axis": "y", "origin": [15.096, 15.152, 18.696]},
			"faces": {
				"north": {"uv": [0, 0, 16, 16], "texture": "#5"},
				"east": {"uv": [0, 0, 16, 16], "texture": "#4"},
				"south": {"uv": [0, 0, 16, 16], "texture": "#5"},
				"west": {"uv": [0, 0, 16, 16], "texture": "#4"},
				"up": {"uv": [0, 0, 16, 16], "texture": "#4"},
				"down": {"uv": [0, 0, 16, 16], "texture": "#4"}
			}
		},
		{
			"from": [6.52, 6.672, 4.696],
			"to": [9.48, 9.632, 8.216],
			"rotation": {"angle": 0, "axis": "y", "origin": [15, 15.152, 18.696]},
			"faces": {
				"north": {"uv": [0, 0, 8, 8], "texture": "#3"},
				"east": {"uv": [1, 0, 7, 7], "rotation": 90, "texture": "#2"},
				"south": {"uv": [1, 0, 7, 7], "texture": "#2"},
				"west": {"uv": [1, 0, 7, 7], "rotation": 270, "texture": "#2"},
				"up": {"uv": [1, 0, 7, 7], "texture": "#2"},
				"down": {"uv": [1, 0, 7, 7], "rotation": 180, "texture": "#2"}
			}
		},
		{
			"from": [6, 6.152, 8.2],
			"to": [10, 10.152, 9.2],
			"rotation": {"angle": 0, "axis": "y", "origin": [15, 15.152, 19.2]},
			"faces": {
				"north": {"uv": [0, 0, 8, 8], "texture": "#3"},
				"east": {"uv": [0, 7, 8, 9], "rotation": 270, "texture": "#2"},
				"south": {"uv": [0, 0, 8, 8], "texture": "#1"},
				"west": {"uv": [0, 7, 8, 9], "rotation": 90, "texture": "#2"},
				"up": {"uv": [0, 7, 8, 9], "rotation": 180, "texture": "#2"},
				"down": {"uv": [0, 7, 8, 9], "texture": "#2"}
			}
		},
		{
			"from": [1, 9, 4.52],
			"to": [2.48, 10.48, 6],
			"rotation": {"angle": -45, "axis": "y", "origin": [1.5, 9.5, 5.5]},
			"faces": {
				"north": {"uv": [0, 0, 16, 16], "texture": "#8"},
				"east": {"uv": [0, 0, 16, 16], "texture": "#8"},
				"south": {"uv": [0, 0, 16, 16], "texture": "#8"},
				"west": {"uv": [0, 0, 16, 16], "texture": "#8"},
				"up": {"uv": [0, 0, 16, 16], "texture": "#8"},
				"down": {"uv": [0, 0, 16, 16], "texture": "#8"}
			}
		},
		{
			"from": [12.536, 9, 8.312],
			"to": [14.016, 10.48, 9.792],
			"rotation": {"angle": -22.5, "axis": "y", "origin": [13.036, 9.5, 9.292]},
			"faces": {
				"north": {"uv": [0, 0, 16, 16], "texture": "#8"},
				"east": {"uv": [0, 0, 16, 16], "texture": "#8"},
				"south": {"uv": [0, 0, 16, 16], "texture": "#8"},
				"west": {"uv": [0, 0, 16, 16], "texture": "#8"},
				"up": {"uv": [0, 0, 16, 16], "texture": "#8"},
				"down": {"uv": [0, 0, 16, 16], "texture": "#8"}
			}
		},
		{
			"from": [4.36, 9, 12.68],
			"to": [5.84, 10.48, 14.16],
			"rotation": {"angle": 22.5, "axis": "y", "origin": [4.86, 9.5, 13.66]},
			"faces": {
				"north": {"uv": [0, 0, 16, 16], "texture": "#7"},
				"east": {"uv": [0, 0, 16, 16], "texture": "#7"},
				"south": {"uv": [0, 0, 16, 16], "texture": "#7"},
				"west": {"uv": [0, 0, 16, 16], "texture": "#7"},
				"up": {"uv": [0, 0, 16, 16], "texture": "#7"},
				"down": {"uv": [0, 0, 16, 16], "texture": "#7"}
			}
		},
		{
			"from": [2.12, 9.16, 11.08],
			"to": [3.28, 10.32, 12.24],
			"rotation": {"angle": -22.5, "axis": "y", "origin": [2.62, 9.66, 11.58]},
			"faces": {
				"north": {"uv": [0, 0, 16, 16], "texture": "#9"},
				"east": {"uv": [0, 0, 16, 16], "texture": "#9"},
				"south": {"uv": [0, 0, 16, 16], "texture": "#9"},
				"west": {"uv": [0, 0, 16, 16], "texture": "#9"},
				"up": {"uv": [0, 0, 16, 16], "texture": "#9"},
				"down": {"uv": [0, 0, 16, 16], "texture": "#9"}
			}
		},
		{
			"from": [1.8, 9.16, 8.2],
			"to": [2.96, 10.32, 9.36],
			"rotation": {"angle": 22.5, "axis": "y", "origin": [2.3, 9.66, 8.7]},
			"faces": {
				"north": {"uv": [0, 0, 16, 16], "texture": "#7"},
				"east": {"uv": [0, 0, 16, 16], "texture": "#7"},
				"south": {"uv": [0, 0, 16, 16], "texture": "#7"},
				"west": {"uv": [0, 0, 16, 16], "texture": "#7"},
				"up": {"uv": [0, 0, 16, 16], "texture": "#7"},
				"down": {"uv": [0, 0, 16, 16], "texture": "#7"}
			}
		},
		{
			"from": [10.92, 9.16, 12.36],
			"to": [12.08, 10.32, 13.52],
			"rotation": {"angle": 45, "axis": "y", "origin": [11.42, 9.66, 12.86]},
			"faces": {
				"north": {"uv": [0, 0, 16, 16], "texture": "#7"},
				"east": {"uv": [0, 0, 16, 16], "texture": "#7"},
				"south": {"uv": [0, 0, 16, 16], "texture": "#7"},
				"west": {"uv": [0, 0, 16, 16], "texture": "#7"},
				"up": {"uv": [0, 0, 16, 16], "texture": "#7"},
				"down": {"uv": [0, 0, 16, 16], "texture": "#7"}
			}
		},
		{
			"from": [8.04, 9.16, 13.64],
			"to": [9.2, 10.32, 14.8],
			"rotation": {"angle": -45, "axis": "y", "origin": [8.54, 9.66, 14.14]},
			"faces": {
				"north": {"uv": [0, 0, 16, 16], "texture": "#8"},
				"east": {"uv": [0, 0, 16, 16], "texture": "#8"},
				"south": {"uv": [0, 0, 16, 16], "texture": "#8"},
				"west": {"uv": [0, 0, 16, 16], "texture": "#8"},
				"up": {"uv": [0, 0, 16, 16], "texture": "#8"},
				"down": {"uv": [0, 0, 16, 16], "texture": "#8"}
			}
		},
		{
			"from": [12.52, 9.16, 5],
			"to": [13.68, 10.32, 6.16],
			"rotation": {"angle": -45, "axis": "y", "origin": [13.02, 9.66, 5.5]},
			"faces": {
				"north": {"uv": [0, 0, 16, 16], "texture": "#9"},
				"east": {"uv": [0, 0, 16, 16], "texture": "#9"},
				"south": {"uv": [0, 0, 16, 16], "texture": "#9"},
				"west": {"uv": [0, 0, 16, 16], "texture": "#9"},
				"up": {"uv": [0, 0, 16, 16], "texture": "#9"},
				"down": {"uv": [0, 0, 16, 16], "texture": "#9"}
			}
		}
	],
	"display": {
		"thirdperson_righthand": {
			"rotation": [0, 178.5, 0],
			"scale": [0.5, 0.5, 0.5]
		},
		"thirdperson_lefthand": {
			"rotation": [0, 178.5, 0],
			"scale": [0.5, 0.5, 0.5]
		},
		"firstperson_righthand": {
			"rotation": [106.5, -28.75, 60.75],
			"translation": [8.25, 0, -9.25]
		},
		"firstperson_lefthand": {
			"rotation": [106.5, -28.75, 60.75],
			"translation": [8.25, 0, -9.25]
		},
		"ground": {
			"rotation": [90, 0, 0],
			"translation": [0, 3.25, 0],
			"scale": [0.75, 0.75, 0.75]
		},
		"gui": {
			"rotation": [-105.75, 158.25, 150.25],
			"translation": [0, 0, -0.75],
			"scale": [0.75, 0.75, 0.75]
		},
		"head": {
			"rotation": [-90, -180, 0],
			"translation": [0, -14.25, 15.75],
			"scale": [2, 2, 2]
		},
		"fixed": {
			"rotation": [-90, -180, 0],
			"translation": [0, 0, -0.75],
			"scale": [1.15, 1.15, 1.15]
		}
	},
	"groups": [
		{
			"name": "donut",
			"origin": [8, 8, 8],
			"children": [
				{
					"name": "hexadecagon",
					"origin": [8, 8, 8],
					"children": [0, 1, 2, 3, 4, 5, 6, 7, 8, 9, 10, 11, 12, 13, 14, 15]
				},
				{
					"name": "hexadecagon",
					"origin": [8, 8, 8],
					"children": [16, 17, 18, 19, 20, 21, 22, 23, 24, 25, 26, 27, 28, 29, 30, 31]
				},
				{
					"name": "hexadecagon",
					"origin": [8, 8, 8],
					"children": [32, 33, 34, 35, 36, 37, 38, 39, 40, 41, 42, 43, 44, 45, 46, 47]
				}
			]
		},
		{
			"name": "ribon",
			"origin": [16, 17.504, 10.192],
			"children": [48, 49, 50, 51, 52, 53, 54, 55, 56, 57, 58]
		},
		{
			"name": "bell",
			"origin": [15, 29, 19],
			"children": [59, 60, 61]
		},
		{
			"name": "kazari",
			"origin": [1.5, 9.5, 5.5],
			"children": [62, 63, 64, 65, 66, 67, 68, 69]
		}
	]
}