{
	"__name": "チョコレート",
	"credit": "Made with Blockbench",
	"textures": {
		"1": "block/red_glazed_terracotta",
		"2": "block/diorite",
		"3": "block/dark_oak_trapdoor",
		"particle": "item/cocoa_beans"
	},
	"elements": [
		{
			"from": [0.25, 0.23828, 0.125],
			"to": [5.625, 0.48828, 15.75],
			"rotation": {"angle": 0, "axis": "y", "origin": [2.93685, 0.58112, 5.50716]},
			"faces": {
				"north": {"uv": [0, 7, 16, 8], "texture": "#3"},
				"east": {"uv": [0, 7, 16, 8], "texture": "#3"},
				"south": {"uv": [0, 7, 16, 8], "texture": "#3"},
				"west": {"uv": [0, 7, 16, 8], "texture": "#3"},
				"up": {"uv": [0, 7, 16, 8], "texture": "#3"},
				"down": {"uv": [0, 7, 16, 8], "texture": "#3"}
			}
		},
		{
			"from": [0.25, 0.48828, 0.25],
			"to": [1.875, 0.73828, 2.25],
			"rotation": {"angle": 0, "axis": "y", "origin": [2.93685, 0.58112, 5.50716]},
			"faces": {
				"north": {"uv": [1, 6, 7, 7], "texture": "#3"},
				"east": {"uv": [1, 6, 7, 7], "texture": "#3"},
				"south": {"uv": [1, 6, 7, 7], "texture": "#3"},
				"west": {"uv": [1, 6, 7, 7], "texture": "#3"},
				"up": {"uv": [1, 1, 7, 7], "rotation": 180, "texture": "#3"},
				"down": {"uv": [1, 1, 7, 7], "rotation": 180, "texture": "#3"}
			}
		},
		{
			"from": [2.125, 0.48828, 0.25],
			"to": [3.75, 0.73828, 2.25],
			"rotation": {"angle": 0, "axis": "y", "origin": [2.93685, 0.58112, 5.50716]},
			"faces": {
				"north": {"uv": [1, 6, 7, 7], "texture": "#3"},
				"east": {"uv": [1, 6, 7, 7], "texture": "#3"},
				"south": {"uv": [1, 6, 7, 7], "texture": "#3"},
				"west": {"uv": [1, 6, 7, 7], "texture": "#3"},
				"up": {"uv": [1, 1, 7, 7], "rotation": 180, "texture": "#3"},
				"down": {"uv": [1, 1, 7, 7], "rotation": 180, "texture": "#3"}
			}
		},
		{
			"from": [4, 0.48828, 0.25],
			"to": [5.625, 0.73828, 2.25],
			"rotation": {"angle": 0, "axis": "y", "origin": [2.93685, 0.58112, 5.50716]},
			"faces": {
				"north": {"uv": [1, 6, 7, 7], "texture": "#3"},
				"east": {"uv": [1, 6, 7, 7], "texture": "#3"},
				"south": {"uv": [1, 6, 7, 7], "texture": "#3"},
				"west": {"uv": [1, 6, 7, 7], "texture": "#3"},
				"up": {"uv": [1, 1, 7, 7], "rotation": 180, "texture": "#3"},
				"down": {"uv": [1, 1, 7, 7], "rotation": 180, "texture": "#3"}
			}
		},
		{
			"from": [0.25, 0.48828, 2.5],
			"to": [1.875, 0.73828, 4.5],
			"rotation": {"angle": 0, "axis": "y", "origin": [2.93685, 0.58112, 5.50716]},
			"faces": {
				"north": {"uv": [1, 6, 7, 7], "texture": "#3"},
				"east": {"uv": [1, 6, 7, 7], "texture": "#3"},
				"south": {"uv": [1, 6, 7, 7], "texture": "#3"},
				"west": {"uv": [1, 6, 7, 7], "texture": "#3"},
				"up": {"uv": [1, 1, 7, 7], "rotation": 180, "texture": "#3"},
				"down": {"uv": [1, 1, 7, 7], "rotation": 180, "texture": "#3"}
			}
		},
		{
			"from": [2.125, 0.48828, 2.5],
			"to": [3.75, 0.73828, 4.5],
			"rotation": {"angle": 0, "axis": "y", "origin": [2.93685, 0.58112, 5.50716]},
			"faces": {
				"north": {"uv": [1, 6, 7, 7], "texture": "#3"},
				"east": {"uv": [1, 6, 7, 7], "texture": "#3"},
				"south": {"uv": [1, 6, 7, 7], "texture": "#3"},
				"west": {"uv": [1, 6, 7, 7], "texture": "#3"},
				"up": {"uv": [1, 1, 7, 7], "rotation": 180, "texture": "#3"},
				"down": {"uv": [1, 1, 7, 7], "rotation": 180, "texture": "#3"}
			}
		},
		{
			"from": [4, 0.48828, 2.5],
			"to": [5.625, 0.73828, 4.5],
			"rotation": {"angle": 0, "axis": "y", "origin": [2.93685, 0.58112, 5.50716]},
			"faces": {
				"north": {"uv": [1, 6, 7, 7], "texture": "#3"},
				"east": {"uv": [1, 6, 7, 7], "texture": "#3"},
				"south": {"uv": [1, 6, 7, 7], "texture": "#3"},
				"west": {"uv": [1, 6, 7, 7], "texture": "#3"},
				"up": {"uv": [1, 1, 7, 7], "rotation": 180, "texture": "#3"},
				"down": {"uv": [1, 1, 7, 7], "rotation": 180, "texture": "#3"}
			}
		},
		{
			"from": [4, 0.48828, 4.75],
			"to": [5.625, 0.73828, 6.75],
			"rotation": {"angle": 0, "axis": "y", "origin": [2.93685, 0.58112, 5.50716]},
			"faces": {
				"north": {"uv": [1, 6, 7, 7], "texture": "#3"},
				"east": {"uv": [1, 6, 7, 7], "texture": "#3"},
				"south": {"uv": [1, 6, 7, 7], "texture": "#3"},
				"west": {"uv": [1, 6, 7, 7], "texture": "#3"},
				"up": {"uv": [1, 1, 7, 7], "rotation": 180, "texture": "#3"},
				"down": {"uv": [1, 1, 7, 7], "rotation": 180, "texture": "#3"}
			}
		},
		{
			"from": [2.125, 0.48828, 4.75],
			"to": [3.75, 0.73828, 6.75],
			"rotation": {"angle": 0, "axis": "y", "origin": [2.93685, 0.58112, 5.50716]},
			"faces": {
				"north": {"uv": [1, 6, 7, 7], "texture": "#3"},
				"east": {"uv": [1, 6, 7, 7], "texture": "#3"},
				"south": {"uv": [1, 6, 7, 7], "texture": "#3"},
				"west": {"uv": [1, 6, 7, 7], "texture": "#3"},
				"up": {"uv": [1, 1, 7, 7], "rotation": 180, "texture": "#3"},
				"down": {"uv": [1, 1, 7, 7], "rotation": 180, "texture": "#3"}
			}
		},
		{
			"from": [0.25, 0.48828, 4.75],
			"to": [1.875, 0.73828, 6.75],
			"rotation": {"angle": 0, "axis": "y", "origin": [2.93685, 0.58112, 5.50716]},
			"faces": {
				"north": {"uv": [1, 6, 7, 7], "texture": "#3"},
				"east": {"uv": [1, 6, 7, 7], "texture": "#3"},
				"south": {"uv": [1, 6, 7, 7], "texture": "#3"},
				"west": {"uv": [1, 6, 7, 7], "texture": "#3"},
				"up": {"uv": [1, 1, 7, 7], "rotation": 180, "texture": "#3"},
				"down": {"uv": [1, 1, 7, 7], "rotation": 180, "texture": "#3"}
			}
		},
		{
			"from": [4, 0.48828, 7],
			"to": [5.625, 0.73828, 9],
			"rotation": {"angle": 0, "axis": "y", "origin": [2.93685, 0.58112, 5.50716]},
			"faces": {
				"north": {"uv": [1, 6, 7, 7], "texture": "#3"},
				"east": {"uv": [1, 6, 7, 7], "texture": "#3"},
				"south": {"uv": [1, 6, 7, 7], "texture": "#3"},
				"west": {"uv": [1, 6, 7, 7], "texture": "#3"},
				"up": {"uv": [1, 1, 7, 7], "rotation": 180, "texture": "#3"},
				"down": {"uv": [1, 1, 7, 7], "rotation": 180, "texture": "#3"}
			}
		},
		{
			"from": [2.125, 0.48828, 7],
			"to": [3.75, 0.73828, 9],
			"rotation": {"angle": 0, "axis": "y", "origin": [2.93685, 0.58112, 5.50716]},
			"faces": {
				"north": {"uv": [1, 6, 7, 7], "texture": "#3"},
				"east": {"uv": [1, 6, 7, 7], "texture": "#3"},
				"south": {"uv": [1, 6, 7, 7], "texture": "#3"},
				"west": {"uv": [1, 6, 7, 7], "texture": "#3"},
				"up": {"uv": [1, 1, 7, 7], "rotation": 180, "texture": "#3"},
				"down": {"uv": [1, 1, 7, 7], "rotation": 180, "texture": "#3"}
			}
		},
		{
			"from": [0.25, 0.48828, 7],
			"to": [1.875, 0.73828, 9],
			"rotation": {"angle": 0, "axis": "y", "origin": [2.93685, 0.58112, 5.50716]},
			"faces": {
				"north": {"uv": [1, 6, 7, 7], "texture": "#3"},
				"east": {"uv": [1, 6, 7, 7], "texture": "#3"},
				"south": {"uv": [1, 6, 7, 7], "texture": "#3"},
				"west": {"uv": [1, 6, 7, 7], "texture": "#3"},
				"up": {"uv": [1, 1, 7, 7], "rotation": 180, "texture": "#3"},
				"down": {"uv": [1, 1, 7, 7], "rotation": 180, "texture": "#3"}
			}
		},
		{
			"from": [0.125, 0.125, 8],
			"to": [5.75, 0.875, 16],
			"rotation": {"angle": 0, "axis": "y", "origin": [2.93685, 0.58112, 5.50716]},
			"faces": {
				"north": {"uv": [0, 0, 5.625, 0.75], "texture": "#1"},
				"east": {"uv": [1, 11, 9, 13], "texture": "#1"},
				"south": {"uv": [0, 0, 5.625, 0.75], "texture": "#1"},
				"west": {"uv": [0, 4, 8, 7], "texture": "#1"},
				"up": {"uv": [0, 3, 10, 16], "texture": "#1"},
				"down": {"uv": [0, 3, 10, 16], "rotation": 90, "texture": "#1"}
			}
		},
		{
			"from": [0.18359, 0.17969, 6.33984],
			"to": [5.67188, 0.80859, 8],
			"rotation": {"angle": 0, "axis": "y", "origin": [2.93685, 0.58112, 5.50716]},
			"faces": {
				"north": {"uv": [0, 0, 5.48828, 0.62891], "texture": "#2"},
				"east": {"uv": [0, 0, 3, 8], "rotation": 90, "texture": "#2"},
				"south": {"uv": [0, 0, 5.48828, 0.62891], "texture": "#2"},
				"west": {"uv": [0, 0, 3, 8], "rotation": 90, "texture": "#2"},
				"up": {"uv": [0, 0, 15, 5], "texture": "#2"},
				"down": {"uv": [0, 0, 15, 5], "texture": "#2"}
			}
		}
	],
	"display": {
		"thirdperson_righthand": {
			"rotation": [90, 0, 0],
			"translation": [2.5, 3.25, 3.75],
			"scale": [0.5, 0.5, 0.5]
		},
		"thirdperson_lefthand": {
			"rotation": [90, 0, 0],
			"translation": [-2.5, 3.25, 3.75],
			"scale": [0.5, 0.5, 0.5]
		},
		"firstperson_righthand": {
			"rotation": [93.75, -11.5, 43.5],
			"translation": [7.75, -4.5, 2.25],
			"scale": [1.5, 1.5, 1.5]
		},
		"firstperson_lefthand": {
			"rotation": [93.75, -11.5, 43.5],
			"translation": [4, -2, -14],
			"scale": [1.5, 1.5, 1.5]
		},
		"ground": {
			"translation": [5.25, 7, 0]
		},
		"gui": {
			"rotation": [67.75, -56, 0],
			"translation": [2.75, -1, 0],
			"scale": [0.86523, 0.86523, 0.86523]
		},
		"head": {
			"rotation": [0, -180, 0],
			"translation": [-5, 2.25, -12.5]
		},
		"fixed": {
			"rotation": [-152, 90, 61.5],
			"translation": [-0.25, -4.5, -7.75]
		}
	},
	"groups": [
		{
			"name": "group",
			"origin": [8, 8, 8],
			"children": [0]
		},
		{
			"name": "group",
			"origin": [8, 8, 8],
			"children": [1, 2, 3, 4, 5, 6, 7, 8, 9, 10, 11, 12]
		}, 13, 14]
}