{
	"__name": "クッキーメイトチョコ味",
	"credit": "Made with Blockbench",
	"texture_size": [64, 64],
	"textures": {
		"0": "item/calorymate_choco",
		"1": "item/calorymatebox_choco",
		"particle": "item/calorymate_choco"
	},
	"elements": [
		{
			"from": [0.25, 2.5, 8],
			"to": [0.375, 10.5, 12.25],
			"rotation": {"angle": 0, "axis": "y", "origin": [0.25, 6.375, 8.125]},
			"faces": {
				"north": {"uv": [1, 3, 1, 5], "texture": "#1"},
				"east": {"uv": [0, 3, 1, 5], "texture": "#1"},
				"south": {"uv": [2, 3, 2, 5], "texture": "#1"},
				"west": {"uv": [1, 3, 2, 5], "texture": "#1"},
				"up": {"uv": [1, 3, 1, 2], "texture": "#1"},
				"down": {"uv": [1, 2, 1, 3], "texture": "#1"}
			}
		},
		{
			"from": [0.25, 2.75, 12.125],
			"to": [3.25, 10.35, 12.25],
			"rotation": {"angle": 0, "axis": "y", "origin": [0.25, 6.375, 12.125]},
			"faces": {
				"north": {"uv": [4, 4, 4.75, 5.75], "texture": "#1"},
				"east": {"uv": [4, 4, 4, 5.75], "texture": "#1"},
				"south": {"uv": [4.75, 4, 5.5, 5.75], "texture": "#1"},
				"west": {"uv": [4.75, 4, 4.75, 5.75], "texture": "#1"},
				"up": {"uv": [4.75, 4, 4, 4], "texture": "#1"},
				"down": {"uv": [5.5, 4, 4.75, 4], "texture": "#1"}
			}
		},
		{
			"from": [0.25, 2.5, 12.25],
			"to": [16.25, 10.5, 12.375],
			"rotation": {"angle": 0, "axis": "y", "origin": [15.5, 10.5, 20.25]},
			"faces": {
				"north": {"uv": [0, 1, 4, 3], "texture": "#1"},
				"east": {"uv": [0, 1, 0, 3], "texture": "#1"},
				"south": {"uv": [4, 1, 8, 3], "texture": "#1"},
				"west": {"uv": [4, 1, 4, 3], "texture": "#1"},
				"up": {"uv": [4, 1, 0, 1], "texture": "#1"},
				"down": {"uv": [8, 1, 4, 1], "texture": "#1"}
			}
		},
		{
			"from": [0.25, 2.5, 8],
			"to": [16.25, 2.625, 12.375],
			"rotation": {"angle": 0, "axis": "y", "origin": [15.5, 2.625, 17.875]},
			"faces": {
				"north": {"uv": [1, 1, 5, 1], "texture": "#1"},
				"east": {"uv": [0, 1, 1, 1], "texture": "#1"},
				"south": {"uv": [6, 1, 10, 1], "texture": "#1"},
				"west": {"uv": [5, 1, 6, 1], "texture": "#1"},
				"up": {"uv": [5, 1, 1, 0], "texture": "#1"},
				"down": {"uv": [9, 0, 5, 1], "texture": "#1"}
			}
		},
		{
			"from": [0.25, 10.375, 8],
			"to": [16.25, 10.5, 12.375],
			"rotation": {"angle": 0, "axis": "y", "origin": [15.5, 10.5, 17.875]},
			"faces": {
				"north": {"uv": [1, 1, 5, 1], "texture": "#1"},
				"east": {"uv": [0, 1, 1, 1], "texture": "#1"},
				"south": {"uv": [6, 1, 10, 1], "texture": "#1"},
				"west": {"uv": [5, 1, 6, 1], "texture": "#1"},
				"up": {"uv": [5, 1, 1, 0], "texture": "#1"},
				"down": {"uv": [9, 0, 5, 1], "texture": "#1"}
			}
		},
		{
			"from": [0.25, 2.5, 8],
			"to": [16.25, 10.5, 8.125],
			"rotation": {"angle": 0, "axis": "y", "origin": [15.5, 10.5, 16]},
			"faces": {
				"north": {"uv": [0, 1, 4, 3], "texture": "#1"},
				"east": {"uv": [0, 1, 0, 3], "texture": "#1"},
				"south": {"uv": [4, 1, 8, 3], "texture": "#1"},
				"west": {"uv": [4, 1, 4, 3], "texture": "#1"},
				"up": {"uv": [4, 1, 0, 1], "texture": "#1"},
				"down": {"uv": [8, 1, 4, 1], "texture": "#1"}
			}
		},
		{
			"from": [16, 2.5, 8],
			"to": [20.25, 10.5, 8.125],
			"rotation": {"angle": 45, "axis": "y", "origin": [16.125, 6.25, 8.125]},
			"faces": {
				"north": {"uv": [2, 3, 3, 5], "texture": "#1"},
				"east": {"uv": [2, 3, 2, 5], "texture": "#1"},
				"south": {"uv": [3, 3, 4, 5], "texture": "#1"},
				"west": {"uv": [3, 3, 3, 5], "texture": "#1"},
				"up": {"uv": [3, 3, 2, 3], "texture": "#1"},
				"down": {"uv": [4, 3, 3, 3], "texture": "#1"}
			}
		},
		{
			"from": [0.375, 3, 9.125],
			"to": [16.375, 5.75, 10.875],
			"rotation": {"angle": 0, "axis": "y", "origin": [15.625, 10.5, 18.5]},
			"faces": {
				"north": {"uv": [0.25, 1, 4.25, 1.5], "texture": "#0"},
				"east": {"uv": [0, 1, 0.25, 1.5], "texture": "#0"},
				"south": {"uv": [4.5, 1, 8.5, 1.5], "texture": "#0"},
				"west": {"uv": [4.25, 1, 4.5, 1.5], "texture": "#0"},
				"up": {"uv": [4.25, 1, 0.25, 0.75], "texture": "#0"},
				"down": {"uv": [8.25, 0.75, 4.25, 1], "texture": "#0"}
			}
		},
		{
			"from": [5.125, 6.5, 9.125],
			"to": [21.125, 9.25, 10.875],
			"rotation": {"angle": 0, "axis": "y", "origin": [20.375, 14, 18.5]},
			"faces": {
				"north": {"uv": [0.25, 0.25, 4.25, 0.75], "texture": "#0"},
				"east": {"uv": [0, 0.25, 0.25, 0.75], "texture": "#0"},
				"south": {"uv": [4.5, 0.25, 8.5, 0.75], "texture": "#0"},
				"west": {"uv": [4.25, 0.25, 4.5, 0.75], "texture": "#0"},
				"up": {"uv": [4.25, 0.25, 0.25, 0], "texture": "#0"},
				"down": {"uv": [8.25, 0, 4.25, 0.25], "texture": "#0"}
			}
		}
	],
	"display": {
		"thirdperson_righthand": {
			"rotation": [-26, -135, 34],
			"translation": [0, 0.5, 1.5],
			"scale": [0.25, 0.25, 0.25]
		},
		"thirdperson_lefthand": {
			"rotation": [-26, 40, -48],
			"translation": [0, 0.5, 1.5],
			"scale": [0.25, 0.25, 0.25]
		},
		"firstperson_righthand": {
			"rotation": [-176, -125, -45],
			"translation": [0.5, 2.25, 1.5],
			"scale": [0.25, 0.25, 0.25]
		},
		"firstperson_lefthand": {
			"rotation": [16, -60, -45],
			"translation": [2.75, 2.25, 1.5],
			"scale": [0.25, 0.25, 0.25]
		},
		"ground": {
			"rotation": [-145, 0, -60],
			"translation": [0, 7.5, 0],
			"scale": [0.3, 0.3, 0.3]
		},
		"head": {
			"rotation": [-109, 0, -90],
			"translation": [0.75, -8.5, -11.25],
			"scale": [0.43, 0.43, 0.43]
		}
	},
	"groups": [
		{
			"name": "oneofthecover",
			"origin": [15.5, 10.5, 20.125],
			"children": [0, 1]
		},
		{
			"name": "outside",
			"origin": [15.5, 10.5, 16],
			"children": [2, 3, 4, 5]
		},
		{
			"name": "otheroneofthecover",
			"origin": [16.125, 6.25, 8.125],
			"children": [6]
		},
		{
			"name": "naiyoubutu",
			"origin": [8, 8, 8],
			"children": [7, 8]
		}
	]
}