{
	"__name": "虹色の綿あめ",
	"credit": "Made with Blockbench",
	"textures": {
		"1": "block/birch_planks",
		"2": "block/magenta_wool",
		"3": "block/light_blue_wool",
		"4": "block/yellow_wool",
		"5": "block/lime_wool",
		"6": "block/red_wool",
		"particle": "block/white_wool"
	},
	"elements": [
		{
			"name": "hexadecagon",
			"from": [6.85625, 10.20313, 2.25],
			"to": [9.14375, 14.57813, 13.75],
			"rotation": {"angle": -45, "axis": "y", "origin": [8, 12.75, 8]},
			"faces": {
				"north": {"uv": [0, 0, 1, 1], "texture": "#4"},
				"east": {"uv": [0, 0, 1, 1], "texture": "#4"},
				"south": {"uv": [0, 0, 1, 1], "texture": "#4"},
				"west": {"uv": [0, 0, 1, 1], "texture": "#4"},
				"up": {"uv": [0, 0, 1, 1], "texture": "#4"},
				"down": {"uv": [0, 0, 1, 1], "texture": "#4"}
			}
		},
		{
			"name": "hexadecagon",
			"from": [6.85625, 10.20313, 2.25],
			"to": [9.14375, 14.57813, 13.75],
			"rotation": {"angle": -22.5, "axis": "y", "origin": [8, 12.75, 8]},
			"faces": {
				"north": {"uv": [0, 0, 1, 1], "texture": "#4"},
				"east": {"uv": [0, 0, 1, 1], "texture": "#4"},
				"south": {"uv": [0, 0, 1, 1], "texture": "#4"},
				"west": {"uv": [0, 0, 1, 1], "texture": "#4"},
				"up": {"uv": [0, 0, 1, 1], "texture": "#4"},
				"down": {"uv": [0, 0, 1, 1], "texture": "#4"}
			}
		},
		{
			"name": "hexadecagon",
			"from": [6.85625, 10.20313, 2.25],
			"to": [9.14375, 14.57813, 13.75],
			"rotation": {"angle": 0, "axis": "y", "origin": [8, 12.75, 8]},
			"faces": {
				"north": {"uv": [0, 0, 1, 1], "texture": "#4"},
				"east": {"uv": [0, 0, 1, 1], "texture": "#4"},
				"south": {"uv": [0, 0, 1, 1], "texture": "#4"},
				"west": {"uv": [0, 0, 1, 1], "texture": "#4"},
				"up": {"uv": [0, 0, 1, 1], "texture": "#4"},
				"down": {"uv": [0, 0, 1, 1], "texture": "#4"}
			}
		},
		{
			"name": "hexadecagon",
			"from": [6.85625, 10.20313, 2.25],
			"to": [9.14375, 14.57813, 13.75],
			"rotation": {"angle": 22.5, "axis": "y", "origin": [8, 12.75, 8]},
			"faces": {
				"north": {"uv": [0, 0, 1, 1], "texture": "#4"},
				"east": {"uv": [0, 0, 1, 1], "texture": "#4"},
				"south": {"uv": [0, 0, 1, 1], "texture": "#4"},
				"west": {"uv": [0, 0, 1, 1], "texture": "#4"},
				"up": {"uv": [0, 0, 1, 1], "texture": "#4"},
				"down": {"uv": [0, 0, 1, 1], "texture": "#4"}
			}
		},
		{
			"name": "hexadecagon",
			"from": [6.85625, 10.20313, 2.25],
			"to": [9.14375, 14.57813, 13.75],
			"rotation": {"angle": 45, "axis": "y", "origin": [8, 12.75, 8]},
			"faces": {
				"north": {"uv": [0, 0, 1, 1], "texture": "#4"},
				"east": {"uv": [0, 0, 1, 1], "texture": "#4"},
				"south": {"uv": [0, 0, 1, 1], "texture": "#4"},
				"west": {"uv": [0, 0, 1, 1], "texture": "#4"},
				"up": {"uv": [0, 0, 1, 1], "texture": "#4"},
				"down": {"uv": [0, 0, 1, 1], "texture": "#4"}
			}
		},
		{
			"name": "hexadecagon",
			"from": [2.25, 10.20313, 6.85625],
			"to": [13.75, 14.57813, 9.14375],
			"rotation": {"angle": -22.5, "axis": "y", "origin": [8, 12.75, 8]},
			"faces": {
				"north": {"uv": [0, 0, 1, 1], "texture": "#4"},
				"east": {"uv": [0, 0, 1, 1], "texture": "#4"},
				"south": {"uv": [0, 0, 1, 1], "texture": "#4"},
				"west": {"uv": [0, 0, 1, 1], "texture": "#4"},
				"up": {"uv": [0, 0, 1, 1], "texture": "#4"},
				"down": {"uv": [0, 0, 1, 1], "texture": "#4"}
			}
		},
		{
			"name": "hexadecagon",
			"from": [2.25, 10.20313, 6.85625],
			"to": [13.75, 14.57813, 9.14375],
			"rotation": {"angle": 0, "axis": "y", "origin": [8, 12.75, 8]},
			"faces": {
				"north": {"uv": [0, 0, 1, 1], "texture": "#4"},
				"east": {"uv": [0, 0, 1, 1], "texture": "#4"},
				"south": {"uv": [0, 0, 1, 1], "texture": "#4"},
				"west": {"uv": [0, 0, 1, 1], "texture": "#4"},
				"up": {"uv": [0, 0, 1, 1], "texture": "#4"},
				"down": {"uv": [0, 0, 1, 1], "texture": "#4"}
			}
		},
		{
			"name": "hexadecagon",
			"from": [2.25, 10.20313, 6.85625],
			"to": [13.75, 14.57813, 9.14375],
			"rotation": {"angle": 22.5, "axis": "y", "origin": [8, 12.75, 8]},
			"faces": {
				"north": {"uv": [0, 0, 1, 1], "texture": "#4"},
				"east": {"uv": [0, 0, 1, 1], "texture": "#4"},
				"south": {"uv": [0, 0, 1, 1], "texture": "#4"},
				"west": {"uv": [0, 0, 1, 1], "texture": "#4"},
				"up": {"uv": [0, 0, 1, 1], "texture": "#4"},
				"down": {"uv": [0, 0, 1, 1], "texture": "#4"}
			}
		},
		{
			"name": "hexadecagon",
			"from": [6.85625, 10.20313, 2.25],
			"to": [9.14375, 14.57813, 13.75],
			"rotation": {"angle": -45, "axis": "y", "origin": [8, 12.75, 8]},
			"faces": {
				"north": {"uv": [0, 0, 1, 1], "texture": "#4"},
				"east": {"uv": [0, 0, 1, 1], "texture": "#4"},
				"south": {"uv": [0, 0, 1, 1], "texture": "#4"},
				"west": {"uv": [0, 0, 1, 1], "texture": "#4"},
				"up": {"uv": [0, 0, 1, 1], "texture": "#4"},
				"down": {"uv": [0, 0, 1, 1], "texture": "#4"}
			}
		},
		{
			"name": "hexadecagon",
			"from": [6.85625, 10.20313, 2.25],
			"to": [9.14375, 14.57813, 13.75],
			"rotation": {"angle": -22.5, "axis": "y", "origin": [8, 12.75, 8]},
			"faces": {
				"north": {"uv": [0, 0, 1, 1], "texture": "#4"},
				"east": {"uv": [0, 0, 1, 1], "texture": "#4"},
				"south": {"uv": [0, 0, 1, 1], "texture": "#4"},
				"west": {"uv": [0, 0, 1, 1], "texture": "#4"},
				"up": {"uv": [0, 0, 1, 1], "texture": "#4"},
				"down": {"uv": [0, 0, 1, 1], "texture": "#4"}
			}
		},
		{
			"name": "hexadecagon",
			"from": [6.85625, 10.20313, 2.25],
			"to": [9.14375, 14.57813, 13.75],
			"rotation": {"angle": 0, "axis": "y", "origin": [8, 12.75, 8]},
			"faces": {
				"north": {"uv": [0, 0, 1, 1], "texture": "#4"},
				"east": {"uv": [0, 0, 1, 1], "texture": "#4"},
				"south": {"uv": [0, 0, 1, 1], "texture": "#4"},
				"west": {"uv": [0, 0, 1, 1], "texture": "#4"},
				"up": {"uv": [0, 0, 1, 1], "texture": "#4"},
				"down": {"uv": [0, 0, 1, 1], "texture": "#4"}
			}
		},
		{
			"name": "hexadecagon",
			"from": [6.85625, 10.20313, 2.25],
			"to": [9.14375, 14.57813, 13.75],
			"rotation": {"angle": 22.5, "axis": "y", "origin": [8, 12.75, 8]},
			"faces": {
				"north": {"uv": [0, 0, 1, 1], "texture": "#4"},
				"east": {"uv": [0, 0, 1, 1], "texture": "#4"},
				"south": {"uv": [0, 0, 1, 1], "texture": "#4"},
				"west": {"uv": [0, 0, 1, 1], "texture": "#4"},
				"up": {"uv": [0, 0, 1, 1], "texture": "#4"},
				"down": {"uv": [0, 0, 1, 1], "texture": "#4"}
			}
		},
		{
			"name": "hexadecagon",
			"from": [6.85625, 10.20313, 2.25],
			"to": [9.14375, 14.57813, 13.75],
			"rotation": {"angle": 45, "axis": "y", "origin": [8, 12.75, 8]},
			"faces": {
				"north": {"uv": [0, 0, 1, 1], "texture": "#4"},
				"east": {"uv": [0, 0, 1, 1], "texture": "#4"},
				"south": {"uv": [0, 0, 1, 1], "texture": "#4"},
				"west": {"uv": [0, 0, 1, 1], "texture": "#4"},
				"up": {"uv": [0, 0, 1, 1], "texture": "#4"},
				"down": {"uv": [0, 0, 1, 1], "texture": "#4"}
			}
		},
		{
			"name": "hexadecagon",
			"from": [2.25, 10.20313, 6.85625],
			"to": [13.75, 14.57813, 9.14375],
			"rotation": {"angle": -22.5, "axis": "y", "origin": [8, 12.75, 8]},
			"faces": {
				"north": {"uv": [0, 0, 1, 1], "texture": "#4"},
				"east": {"uv": [0, 0, 1, 1], "texture": "#4"},
				"south": {"uv": [0, 0, 1, 1], "texture": "#4"},
				"west": {"uv": [0, 0, 1, 1], "texture": "#4"},
				"up": {"uv": [0, 0, 1, 1], "texture": "#4"},
				"down": {"uv": [0, 0, 1, 1], "texture": "#4"}
			}
		},
		{
			"name": "hexadecagon",
			"from": [2.25, 10.20313, 6.85625],
			"to": [13.75, 14.57813, 9.14375],
			"rotation": {"angle": 0, "axis": "y", "origin": [8, 12.75, 8]},
			"faces": {
				"north": {"uv": [0, 0, 1, 1], "texture": "#4"},
				"east": {"uv": [0, 0, 1, 1], "texture": "#4"},
				"south": {"uv": [0, 0, 1, 1], "texture": "#4"},
				"west": {"uv": [0, 0, 1, 1], "texture": "#4"},
				"up": {"uv": [0, 0, 1, 1], "texture": "#4"},
				"down": {"uv": [0, 0, 1, 1], "texture": "#4"}
			}
		},
		{
			"name": "hexadecagon",
			"from": [2.25, 10.20313, 6.85625],
			"to": [13.75, 14.57813, 9.14375],
			"rotation": {"angle": 22.5, "axis": "y", "origin": [8, 12.75, 8]},
			"faces": {
				"north": {"uv": [0, 0, 1, 1], "texture": "#4"},
				"east": {"uv": [0, 0, 1, 1], "texture": "#4"},
				"south": {"uv": [0, 0, 1, 1], "texture": "#4"},
				"west": {"uv": [0, 0, 1, 1], "texture": "#4"},
				"up": {"uv": [0, 0, 1, 1], "texture": "#4"},
				"down": {"uv": [0, 0, 1, 1], "texture": "#4"}
			}
		},
		{
			"name": "hexadecagon",
			"from": [6.85625, 7.85938, 2.25],
			"to": [9.14375, 12.73438, 13.75],
			"rotation": {"angle": -45, "axis": "y", "origin": [8, 12.75, 8]},
			"faces": {
				"north": {"uv": [0, 0, 1, 1], "texture": "#5"},
				"east": {"uv": [0, 0, 1, 1], "texture": "#5"},
				"south": {"uv": [0, 0, 1, 1], "texture": "#5"},
				"west": {"uv": [0, 0, 1, 1], "texture": "#5"},
				"up": {"uv": [0, 0, 1, 1], "texture": "#5"},
				"down": {"uv": [0, 0, 1, 1], "texture": "#5"}
			}
		},
		{
			"name": "hexadecagon",
			"from": [6.85625, 7.85938, 2.25],
			"to": [9.14375, 12.73438, 13.75],
			"rotation": {"angle": -22.5, "axis": "y", "origin": [8, 12.75, 8]},
			"faces": {
				"north": {"uv": [0, 0, 1, 1], "texture": "#5"},
				"east": {"uv": [0, 0, 1, 1], "texture": "#5"},
				"south": {"uv": [0, 0, 1, 1], "texture": "#5"},
				"west": {"uv": [0, 0, 1, 1], "texture": "#5"},
				"up": {"uv": [0, 0, 1, 1], "texture": "#5"},
				"down": {"uv": [0, 0, 1, 1], "texture": "#5"}
			}
		},
		{
			"name": "hexadecagon",
			"from": [6.85625, 7.85938, 2.25],
			"to": [9.14375, 12.73438, 13.75],
			"rotation": {"angle": 0, "axis": "y", "origin": [8, 12.75, 8]},
			"faces": {
				"north": {"uv": [0, 0, 1, 1], "texture": "#5"},
				"east": {"uv": [0, 0, 1, 1], "texture": "#5"},
				"south": {"uv": [0, 0, 1, 1], "texture": "#5"},
				"west": {"uv": [0, 0, 1, 1], "texture": "#5"},
				"up": {"uv": [0, 0, 1, 1], "texture": "#5"},
				"down": {"uv": [0, 0, 1, 1], "texture": "#5"}
			}
		},
		{
			"name": "hexadecagon",
			"from": [6.85625, 7.85938, 2.25],
			"to": [9.14375, 12.73438, 13.75],
			"rotation": {"angle": 22.5, "axis": "y", "origin": [8, 12.75, 8]},
			"faces": {
				"north": {"uv": [0, 0, 1, 1], "texture": "#5"},
				"east": {"uv": [0, 0, 1, 1], "texture": "#5"},
				"south": {"uv": [0, 0, 1, 1], "texture": "#5"},
				"west": {"uv": [0, 0, 1, 1], "texture": "#5"},
				"up": {"uv": [0, 0, 1, 1], "texture": "#5"},
				"down": {"uv": [0, 0, 1, 1], "texture": "#5"}
			}
		},
		{
			"name": "hexadecagon",
			"from": [6.85625, 7.85938, 2.25],
			"to": [9.14375, 12.73438, 13.75],
			"rotation": {"angle": 45, "axis": "y", "origin": [8, 12.75, 8]},
			"faces": {
				"north": {"uv": [0, 0, 1, 1], "texture": "#5"},
				"east": {"uv": [0, 0, 1, 1], "texture": "#5"},
				"south": {"uv": [0, 0, 1, 1], "texture": "#5"},
				"west": {"uv": [0, 0, 1, 1], "texture": "#5"},
				"up": {"uv": [0, 0, 1, 1], "texture": "#5"},
				"down": {"uv": [0, 0, 1, 1], "texture": "#5"}
			}
		},
		{
			"name": "hexadecagon",
			"from": [2.25, 7.85938, 6.85625],
			"to": [13.75, 12.73438, 9.14375],
			"rotation": {"angle": -22.5, "axis": "y", "origin": [8, 12.75, 8]},
			"faces": {
				"north": {"uv": [0, 0, 1, 1], "texture": "#5"},
				"east": {"uv": [0, 0, 1, 1], "texture": "#5"},
				"south": {"uv": [0, 0, 1, 1], "texture": "#5"},
				"west": {"uv": [0, 0, 1, 1], "texture": "#5"},
				"up": {"uv": [0, 0, 1, 1], "texture": "#5"},
				"down": {"uv": [0, 0, 1, 1], "texture": "#5"}
			}
		},
		{
			"name": "hexadecagon",
			"from": [2.25, 7.85938, 6.85625],
			"to": [13.75, 12.73438, 9.14375],
			"rotation": {"angle": 0, "axis": "y", "origin": [8, 12.75, 8]},
			"faces": {
				"north": {"uv": [0, 0, 1, 1], "texture": "#5"},
				"east": {"uv": [0, 0, 1, 1], "texture": "#5"},
				"south": {"uv": [0, 0, 1, 1], "texture": "#5"},
				"west": {"uv": [0, 0, 1, 1], "texture": "#5"},
				"up": {"uv": [0, 0, 1, 1], "texture": "#5"},
				"down": {"uv": [0, 0, 1, 1], "texture": "#5"}
			}
		},
		{
			"name": "hexadecagon",
			"from": [2.25, 7.85938, 6.85625],
			"to": [13.75, 12.73438, 9.14375],
			"rotation": {"angle": 22.5, "axis": "y", "origin": [8, 12.75, 8]},
			"faces": {
				"north": {"uv": [0, 0, 1, 1], "texture": "#5"},
				"east": {"uv": [0, 0, 1, 1], "texture": "#5"},
				"south": {"uv": [0, 0, 1, 1], "texture": "#5"},
				"west": {"uv": [0, 0, 1, 1], "texture": "#5"},
				"up": {"uv": [0, 0, 1, 1], "texture": "#5"},
				"down": {"uv": [0, 0, 1, 1], "texture": "#5"}
			}
		},
		{
			"name": "hexadecagon",
			"from": [7.05517, 7.51563, 3.25],
			"to": [8.94483, 16.0625, 12.75],
			"rotation": {"angle": -45, "axis": "y", "origin": [8, 8, 8]},
			"faces": {
				"north": {"uv": [2, 1, 4, 2], "texture": "#6"},
				"east": {"uv": [2, 1, 4, 2], "texture": "#6"},
				"south": {"uv": [2, 1, 4, 2], "texture": "#6"},
				"west": {"uv": [2, 1, 4, 2], "texture": "#6"},
				"up": {"uv": [2, 1, 4, 2], "texture": "#6"},
				"down": {"uv": [2, 1, 4, 2], "texture": "#6"}
			}
		},
		{
			"name": "hexadecagon",
			"from": [7.05517, 7.51563, 3.25],
			"to": [8.94483, 16.0625, 12.75],
			"rotation": {"angle": -22.5, "axis": "y", "origin": [8, 8, 8]},
			"faces": {
				"north": {"uv": [2, 1, 4, 2], "texture": "#6"},
				"east": {"uv": [2, 1, 4, 2], "texture": "#6"},
				"south": {"uv": [2, 1, 4, 2], "texture": "#6"},
				"west": {"uv": [2, 1, 4, 2], "texture": "#6"},
				"up": {"uv": [2, 1, 4, 2], "texture": "#6"},
				"down": {"uv": [2, 1, 4, 2], "texture": "#6"}
			}
		},
		{
			"name": "hexadecagon",
			"from": [7.05517, 7.51563, 3.25],
			"to": [8.94483, 16.0625, 12.75],
			"faces": {
				"north": {"uv": [2, 1, 4, 2], "texture": "#6"},
				"east": {"uv": [2, 1, 4, 2], "texture": "#6"},
				"south": {"uv": [2, 1, 4, 2], "texture": "#6"},
				"west": {"uv": [2, 1, 4, 2], "texture": "#6"},
				"up": {"uv": [2, 1, 4, 2], "texture": "#6"},
				"down": {"uv": [2, 1, 4, 2], "texture": "#6"}
			}
		},
		{
			"name": "hexadecagon",
			"from": [7.05517, 7.51563, 3.25],
			"to": [8.94483, 16.0625, 12.75],
			"rotation": {"angle": 22.5, "axis": "y", "origin": [8, 8, 8]},
			"faces": {
				"north": {"uv": [2, 1, 4, 2], "texture": "#6"},
				"east": {"uv": [2, 1, 4, 2], "texture": "#6"},
				"south": {"uv": [2, 1, 4, 2], "texture": "#6"},
				"west": {"uv": [2, 1, 4, 2], "texture": "#6"},
				"up": {"uv": [2, 1, 4, 2], "texture": "#6"},
				"down": {"uv": [2, 1, 4, 2], "texture": "#6"}
			}
		},
		{
			"name": "hexadecagon",
			"from": [7.05517, 7.51563, 3.25],
			"to": [8.94483, 16.0625, 12.75],
			"rotation": {"angle": 45, "axis": "y", "origin": [8, 8, 8]},
			"faces": {
				"north": {"uv": [2, 1, 4, 2], "texture": "#6"},
				"east": {"uv": [2, 1, 4, 2], "texture": "#6"},
				"south": {"uv": [2, 1, 4, 2], "texture": "#6"},
				"west": {"uv": [2, 1, 4, 2], "texture": "#6"},
				"up": {"uv": [2, 1, 4, 2], "texture": "#6"},
				"down": {"uv": [2, 1, 4, 2], "texture": "#6"}
			}
		},
		{
			"name": "hexadecagon",
			"from": [3.25, 7.51563, 7.05517],
			"to": [12.75, 16.0625, 8.94483],
			"rotation": {"angle": -22.5, "axis": "y", "origin": [8, 8, 8]},
			"faces": {
				"north": {"uv": [2, 1, 4, 2], "texture": "#6"},
				"east": {"uv": [2, 1, 4, 2], "texture": "#6"},
				"south": {"uv": [2, 1, 4, 2], "texture": "#6"},
				"west": {"uv": [2, 1, 4, 2], "texture": "#6"},
				"up": {"uv": [2, 1, 4, 2], "texture": "#6"},
				"down": {"uv": [2, 1, 4, 2], "texture": "#6"}
			}
		},
		{
			"name": "hexadecagon",
			"from": [3.25, 7.51563, 7.05517],
			"to": [12.75, 16.0625, 8.94483],
			"faces": {
				"north": {"uv": [2, 1, 4, 2], "texture": "#6"},
				"east": {"uv": [2, 1, 4, 2], "texture": "#6"},
				"south": {"uv": [2, 1, 4, 2], "texture": "#6"},
				"west": {"uv": [2, 1, 4, 2], "texture": "#6"},
				"up": {"uv": [2, 1, 4, 2], "texture": "#6"},
				"down": {"uv": [2, 1, 4, 2], "texture": "#6"}
			}
		},
		{
			"name": "hexadecagon",
			"from": [3.25, 7.51563, 7.05517],
			"to": [12.75, 16.0625, 8.94483],
			"rotation": {"angle": 22.5, "axis": "y", "origin": [8, 8, 8]},
			"faces": {
				"north": {"uv": [2, 1, 4, 2], "texture": "#6"},
				"east": {"uv": [2, 1, 4, 2], "texture": "#6"},
				"south": {"uv": [2, 1, 4, 2], "texture": "#6"},
				"west": {"uv": [2, 1, 4, 2], "texture": "#6"},
				"up": {"uv": [2, 1, 4, 2], "texture": "#6"},
				"down": {"uv": [2, 1, 4, 2], "texture": "#6"}
			}
		},
		{
			"name": "hexadecagon",
			"from": [6.90598, 8.07813, 2.5],
			"to": [9.09402, 15.35938, 13.5],
			"rotation": {"angle": -45, "axis": "y", "origin": [8, 9.5625, 8]},
			"faces": {
				"north": {"uv": [2, 1, 4, 2], "texture": "#6"},
				"east": {"uv": [2, 1, 4, 2], "texture": "#6"},
				"south": {"uv": [2, 1, 4, 2], "texture": "#6"},
				"west": {"uv": [2, 1, 4, 2], "texture": "#6"},
				"up": {"uv": [2, 1, 4, 2], "texture": "#6"},
				"down": {"uv": [2, 1, 4, 2], "texture": "#6"}
			}
		},
		{
			"name": "hexadecagon",
			"from": [6.90598, 8.07813, 2.5],
			"to": [9.09402, 15.35938, 13.5],
			"rotation": {"angle": -22.5, "axis": "y", "origin": [8, 9.5625, 8]},
			"faces": {
				"north": {"uv": [2, 1, 4, 2], "texture": "#6"},
				"east": {"uv": [2, 1, 4, 2], "texture": "#6"},
				"south": {"uv": [2, 1, 4, 2], "texture": "#6"},
				"west": {"uv": [2, 1, 4, 2], "texture": "#6"},
				"up": {"uv": [2, 1, 4, 2], "texture": "#6"},
				"down": {"uv": [2, 1, 4, 2], "texture": "#6"}
			}
		},
		{
			"name": "hexadecagon",
			"from": [6.90598, 8.07813, 2.5],
			"to": [9.09402, 15.35938, 13.5],
			"rotation": {"angle": 0, "axis": "y", "origin": [8, 9.5625, 8]},
			"faces": {
				"north": {"uv": [2, 1, 4, 2], "texture": "#6"},
				"east": {"uv": [2, 1, 4, 2], "texture": "#6"},
				"south": {"uv": [2, 1, 4, 2], "texture": "#6"},
				"west": {"uv": [2, 1, 4, 2], "texture": "#6"},
				"up": {"uv": [2, 1, 4, 2], "texture": "#6"},
				"down": {"uv": [2, 1, 4, 2], "texture": "#6"}
			}
		},
		{
			"name": "hexadecagon",
			"from": [6.90598, 8.07813, 2.5],
			"to": [9.09402, 15.35938, 13.5],
			"rotation": {"angle": 45, "axis": "y", "origin": [8, 9.5625, 8]},
			"faces": {
				"north": {"uv": [2, 1, 4, 2], "texture": "#6"},
				"east": {"uv": [2, 1, 4, 2], "texture": "#6"},
				"south": {"uv": [2, 1, 4, 2], "texture": "#6"},
				"west": {"uv": [2, 1, 4, 2], "texture": "#6"},
				"up": {"uv": [2, 1, 4, 2], "texture": "#6"},
				"down": {"uv": [2, 1, 4, 2], "texture": "#6"}
			}
		},
		{
			"name": "hexadecagon",
			"from": [6.90598, 8.07813, 2.5],
			"to": [9.09402, 15.35938, 13.5],
			"rotation": {"angle": 22.5, "axis": "y", "origin": [8, 9.5625, 8]},
			"faces": {
				"north": {"uv": [2, 1, 4, 2], "texture": "#6"},
				"east": {"uv": [2, 1, 4, 2], "texture": "#6"},
				"south": {"uv": [2, 1, 4, 2], "texture": "#6"},
				"west": {"uv": [2, 1, 4, 2], "texture": "#6"},
				"up": {"uv": [2, 1, 4, 2], "texture": "#6"},
				"down": {"uv": [2, 1, 4, 2], "texture": "#6"}
			}
		},
		{
			"name": "hexadecagon",
			"from": [2.5, 8.07813, 6.90598],
			"to": [13.5, 15.35938, 9.09402],
			"rotation": {"angle": -22.5, "axis": "y", "origin": [8, 9.5625, 8]},
			"faces": {
				"north": {"uv": [2, 1, 4, 2], "texture": "#6"},
				"east": {"uv": [2, 1, 4, 2], "texture": "#6"},
				"south": {"uv": [2, 1, 4, 2], "texture": "#6"},
				"west": {"uv": [2, 1, 4, 2], "texture": "#6"},
				"up": {"uv": [2, 1, 4, 2], "texture": "#6"},
				"down": {"uv": [2, 1, 4, 2], "texture": "#6"}
			}
		},
		{
			"name": "hexadecagon",
			"from": [2.5, 8.07813, 6.90598],
			"to": [13.5, 15.35938, 9.09402],
			"rotation": {"angle": 0, "axis": "y", "origin": [8, 9.5625, 8]},
			"faces": {
				"north": {"uv": [2, 1, 4, 2], "texture": "#6"},
				"east": {"uv": [2, 1, 4, 2], "texture": "#6"},
				"south": {"uv": [2, 1, 4, 2], "texture": "#6"},
				"west": {"uv": [2, 1, 4, 2], "texture": "#6"},
				"up": {"uv": [2, 1, 4, 2], "texture": "#6"},
				"down": {"uv": [2, 1, 4, 2], "texture": "#6"}
			}
		},
		{
			"name": "hexadecagon",
			"from": [2.5, 8.07813, 6.90598],
			"to": [13.5, 15.35938, 9.09402],
			"rotation": {"angle": 22.5, "axis": "y", "origin": [8, 9.5625, 8]},
			"faces": {
				"north": {"uv": [2, 1, 4, 2], "texture": "#6"},
				"east": {"uv": [2, 1, 4, 2], "texture": "#6"},
				"south": {"uv": [2, 1, 4, 2], "texture": "#6"},
				"west": {"uv": [2, 1, 4, 2], "texture": "#6"},
				"up": {"uv": [2, 1, 4, 2], "texture": "#6"},
				"down": {"uv": [2, 1, 4, 2], "texture": "#6"}
			}
		},
		{
			"name": "hexadecagon",
			"from": [6.90598, 7.28125, 2.5],
			"to": [9.09402, 11.57813, 13.5],
			"rotation": {"angle": -45, "axis": "y", "origin": [8, 9.5625, 8]},
			"faces": {
				"north": {"uv": [0, 0, 1, 1], "texture": "#3"},
				"east": {"uv": [0, 0, 1, 1], "texture": "#3"},
				"south": {"uv": [0, 0, 1, 1], "texture": "#3"},
				"west": {"uv": [0, 0, 1, 1], "texture": "#3"},
				"up": {"uv": [0, 0, 1, 1], "texture": "#3"},
				"down": {"uv": [0, 0, 1, 1], "texture": "#3"}
			}
		},
		{
			"name": "hexadecagon",
			"from": [6.90598, 7.28125, 2.5],
			"to": [9.09402, 11.57813, 13.5],
			"rotation": {"angle": -22.5, "axis": "y", "origin": [8, 9.5625, 8]},
			"faces": {
				"north": {"uv": [0, 0, 1, 1], "texture": "#3"},
				"east": {"uv": [0, 0, 1, 1], "texture": "#3"},
				"south": {"uv": [0, 0, 1, 1], "texture": "#3"},
				"west": {"uv": [0, 0, 1, 1], "texture": "#3"},
				"up": {"uv": [0, 0, 1, 1], "texture": "#3"},
				"down": {"uv": [0, 0, 1, 1], "texture": "#3"}
			}
		},
		{
			"name": "hexadecagon",
			"from": [6.90598, 7.28125, 2.5],
			"to": [9.09402, 11.57813, 13.5],
			"rotation": {"angle": 0, "axis": "y", "origin": [8, 9.5625, 8]},
			"faces": {
				"north": {"uv": [0, 0, 1, 1], "texture": "#3"},
				"east": {"uv": [0, 0, 1, 1], "texture": "#3"},
				"south": {"uv": [0, 0, 1, 1], "texture": "#3"},
				"west": {"uv": [0, 0, 1, 1], "texture": "#3"},
				"up": {"uv": [0, 0, 1, 1], "texture": "#3"},
				"down": {"uv": [0, 0, 1, 1], "texture": "#3"}
			}
		},
		{
			"name": "hexadecagon",
			"from": [6.90598, 7.28125, 2.5],
			"to": [9.09402, 11.57813, 13.5],
			"rotation": {"angle": 45, "axis": "y", "origin": [8, 9.5625, 8]},
			"faces": {
				"north": {"uv": [0, 0, 1, 1], "texture": "#3"},
				"east": {"uv": [0, 0, 1, 1], "texture": "#3"},
				"south": {"uv": [0, 0, 1, 1], "texture": "#3"},
				"west": {"uv": [0, 0, 1, 1], "texture": "#3"},
				"up": {"uv": [0, 0, 1, 1], "texture": "#3"},
				"down": {"uv": [0, 0, 1, 1], "texture": "#3"}
			}
		},
		{
			"name": "hexadecagon",
			"from": [6.90598, 7.28125, 2.5],
			"to": [9.09402, 11.57813, 13.5],
			"rotation": {"angle": 22.5, "axis": "y", "origin": [8, 9.5625, 8]},
			"faces": {
				"north": {"uv": [0, 0, 1, 1], "texture": "#3"},
				"east": {"uv": [0, 0, 1, 1], "texture": "#3"},
				"south": {"uv": [0, 0, 1, 1], "texture": "#3"},
				"west": {"uv": [0, 0, 1, 1], "texture": "#3"},
				"up": {"uv": [0, 0, 1, 1], "texture": "#3"},
				"down": {"uv": [0, 0, 1, 1], "texture": "#3"}
			}
		},
		{
			"name": "hexadecagon",
			"from": [2.5, 7.28125, 6.90598],
			"to": [13.5, 11.57813, 9.09402],
			"rotation": {"angle": -22.5, "axis": "y", "origin": [8, 9.5625, 8]},
			"faces": {
				"north": {"uv": [0, 0, 1, 1], "texture": "#3"},
				"east": {"uv": [0, 0, 1, 1], "texture": "#3"},
				"south": {"uv": [0, 0, 1, 1], "texture": "#3"},
				"west": {"uv": [0, 0, 1, 1], "texture": "#3"},
				"up": {"uv": [0, 0, 1, 1], "texture": "#3"},
				"down": {"uv": [0, 0, 1, 1], "texture": "#3"}
			}
		},
		{
			"name": "hexadecagon",
			"from": [2.5, 7.28125, 6.90598],
			"to": [13.5, 11.57813, 9.09402],
			"rotation": {"angle": 0, "axis": "y", "origin": [8, 9.5625, 8]},
			"faces": {
				"north": {"uv": [0, 0, 1, 1], "texture": "#3"},
				"east": {"uv": [0, 0, 1, 1], "texture": "#3"},
				"south": {"uv": [0, 0, 1, 1], "texture": "#3"},
				"west": {"uv": [0, 0, 1, 1], "texture": "#3"},
				"up": {"uv": [0, 0, 1, 1], "texture": "#3"},
				"down": {"uv": [0, 0, 1, 1], "texture": "#3"}
			}
		},
		{
			"name": "hexadecagon",
			"from": [2.5, 7.28125, 6.90598],
			"to": [13.5, 11.57813, 9.09402],
			"rotation": {"angle": 22.5, "axis": "y", "origin": [8, 9.5625, 8]},
			"faces": {
				"north": {"uv": [0, 0, 1, 1], "texture": "#3"},
				"east": {"uv": [0, 0, 1, 1], "texture": "#3"},
				"south": {"uv": [0, 0, 1, 1], "texture": "#3"},
				"west": {"uv": [0, 0, 1, 1], "texture": "#3"},
				"up": {"uv": [0, 0, 1, 1], "texture": "#3"},
				"down": {"uv": [0, 0, 1, 1], "texture": "#3"}
			}
		},
		{
			"name": "hexadecagon",
			"from": [6.80653, 8.95313, 2],
			"to": [9.19347, 11, 14],
			"rotation": {"angle": -45, "axis": "y", "origin": [8, 9.45313, 8]},
			"faces": {
				"north": {"uv": [0, 0, 1, 1], "texture": "#5"},
				"east": {"uv": [0, 0, 1, 1], "texture": "#5"},
				"south": {"uv": [0, 0, 1, 1], "texture": "#5"},
				"west": {"uv": [0, 0, 1, 1], "texture": "#5"},
				"up": {"uv": [0, 0, 1, 1], "texture": "#5"},
				"down": {"uv": [0, 0, 1, 1], "texture": "#5"}
			}
		},
		{
			"name": "hexadecagon",
			"from": [6.80653, 8.95313, 2],
			"to": [9.19347, 11, 14],
			"rotation": {"angle": -22.5, "axis": "y", "origin": [8, 9.45313, 8]},
			"faces": {
				"north": {"uv": [0, 0, 1, 1], "texture": "#5"},
				"east": {"uv": [0, 0, 1, 1], "texture": "#5"},
				"south": {"uv": [0, 0, 1, 1], "texture": "#5"},
				"west": {"uv": [0, 0, 1, 1], "texture": "#5"},
				"up": {"uv": [0, 0, 1, 1], "texture": "#5"},
				"down": {"uv": [0, 0, 1, 1], "texture": "#5"}
			}
		},
		{
			"name": "hexadecagon",
			"from": [6.80653, 8.95313, 2],
			"to": [9.19347, 11, 14],
			"rotation": {"angle": 0, "axis": "y", "origin": [8, 9.45313, 8]},
			"faces": {
				"north": {"uv": [0, 0, 1, 1], "texture": "#5"},
				"east": {"uv": [0, 0, 1, 1], "texture": "#5"},
				"south": {"uv": [0, 0, 1, 1], "texture": "#5"},
				"west": {"uv": [0, 0, 1, 1], "texture": "#5"},
				"up": {"uv": [0, 0, 1, 1], "texture": "#5"},
				"down": {"uv": [0, 0, 1, 1], "texture": "#5"}
			}
		},
		{
			"name": "hexadecagon",
			"from": [6.80653, 8.95313, 2],
			"to": [9.19347, 11, 14],
			"rotation": {"angle": 22.5, "axis": "y", "origin": [8, 9.45313, 8]},
			"faces": {
				"north": {"uv": [0, 0, 1, 1], "texture": "#5"},
				"east": {"uv": [0, 0, 1, 1], "texture": "#5"},
				"south": {"uv": [0, 0, 1, 1], "texture": "#5"},
				"west": {"uv": [0, 0, 1, 1], "texture": "#5"},
				"up": {"uv": [0, 0, 1, 1], "texture": "#5"},
				"down": {"uv": [0, 0, 1, 1], "texture": "#5"}
			}
		},
		{
			"name": "hexadecagon",
			"from": [6.80653, 8.95313, 2],
			"to": [9.19347, 11, 14],
			"rotation": {"angle": 45, "axis": "y", "origin": [8, 9.45313, 8]},
			"faces": {
				"north": {"uv": [0, 0, 1, 1], "texture": "#5"},
				"east": {"uv": [0, 0, 1, 1], "texture": "#5"},
				"south": {"uv": [0, 0, 1, 1], "texture": "#5"},
				"west": {"uv": [0, 0, 1, 1], "texture": "#5"},
				"up": {"uv": [0, 0, 1, 1], "texture": "#5"},
				"down": {"uv": [0, 0, 1, 1], "texture": "#5"}
			}
		},
		{
			"name": "hexadecagon",
			"from": [2, 8.95313, 6.80653],
			"to": [14, 11, 9.19347],
			"rotation": {"angle": -22.5, "axis": "y", "origin": [8, 9.45313, 8]},
			"faces": {
				"north": {"uv": [0, 0, 1, 1], "texture": "#5"},
				"east": {"uv": [0, 0, 1, 1], "texture": "#5"},
				"south": {"uv": [0, 0, 1, 1], "texture": "#5"},
				"west": {"uv": [0, 0, 1, 1], "texture": "#5"},
				"up": {"uv": [0, 0, 1, 1], "texture": "#5"},
				"down": {"uv": [0, 0, 1, 1], "texture": "#5"}
			}
		},
		{
			"name": "hexadecagon",
			"from": [2, 8.95313, 6.80653],
			"to": [14, 11, 9.19347],
			"rotation": {"angle": 0, "axis": "y", "origin": [8, 9.45313, 8]},
			"faces": {
				"north": {"uv": [0, 0, 1, 1], "texture": "#5"},
				"east": {"uv": [0, 0, 1, 1], "texture": "#5"},
				"south": {"uv": [0, 0, 1, 1], "texture": "#5"},
				"west": {"uv": [0, 0, 1, 1], "texture": "#5"},
				"up": {"uv": [0, 0, 1, 1], "texture": "#5"},
				"down": {"uv": [0, 0, 1, 1], "texture": "#5"}
			}
		},
		{
			"name": "hexadecagon",
			"from": [2, 8.95313, 6.80653],
			"to": [14, 11, 9.19347],
			"rotation": {"angle": 22.5, "axis": "y", "origin": [8, 9.45313, 8]},
			"faces": {
				"north": {"uv": [0, 0, 1, 1], "texture": "#5"},
				"east": {"uv": [0, 0, 1, 1], "texture": "#5"},
				"south": {"uv": [0, 0, 1, 1], "texture": "#5"},
				"west": {"uv": [0, 0, 1, 1], "texture": "#5"},
				"up": {"uv": [0, 0, 1, 1], "texture": "#5"},
				"down": {"uv": [0, 0, 1, 1], "texture": "#5"}
			}
		},
		{
			"name": "hexadecagon",
			"from": [6.80653, 11, 2],
			"to": [9.19347, 13.5, 14],
			"rotation": {"angle": -45, "axis": "y", "origin": [8, 9.45313, 8]},
			"faces": {
				"north": {"uv": [0, 0, 1, 1], "texture": "#4"},
				"east": {"uv": [0, 0, 1, 1], "texture": "#4"},
				"south": {"uv": [0, 0, 1, 1], "texture": "#4"},
				"west": {"uv": [0, 0, 1, 1], "texture": "#4"},
				"up": {"uv": [0, 0, 1, 1], "texture": "#4"},
				"down": {"uv": [0, 0, 1, 1], "texture": "#4"}
			}
		},
		{
			"name": "hexadecagon",
			"from": [6.80653, 11, 2],
			"to": [9.19347, 13.5, 14],
			"rotation": {"angle": -22.5, "axis": "y", "origin": [8, 9.45313, 8]},
			"faces": {
				"north": {"uv": [0, 0, 1, 1], "texture": "#4"},
				"east": {"uv": [0, 0, 1, 1], "texture": "#4"},
				"south": {"uv": [0, 0, 1, 1], "texture": "#4"},
				"west": {"uv": [0, 0, 1, 1], "texture": "#4"},
				"up": {"uv": [0, 0, 1, 1], "texture": "#4"},
				"down": {"uv": [0, 0, 1, 1], "texture": "#4"}
			}
		},
		{
			"name": "hexadecagon",
			"from": [6.80653, 11, 2],
			"to": [9.19347, 13.5, 14],
			"rotation": {"angle": 0, "axis": "y", "origin": [8, 9.45313, 8]},
			"faces": {
				"north": {"uv": [0, 0, 1, 1], "texture": "#4"},
				"east": {"uv": [0, 0, 1, 1], "texture": "#4"},
				"south": {"uv": [0, 0, 1, 1], "texture": "#4"},
				"west": {"uv": [0, 0, 1, 1], "texture": "#4"},
				"up": {"uv": [0, 0, 1, 1], "texture": "#4"},
				"down": {"uv": [0, 0, 1, 1], "texture": "#4"}
			}
		},
		{
			"name": "hexadecagon",
			"from": [6.80653, 11, 2],
			"to": [9.19347, 13.5, 14],
			"rotation": {"angle": 22.5, "axis": "y", "origin": [8, 9.45313, 8]},
			"faces": {
				"north": {"uv": [0, 0, 1, 1], "texture": "#4"},
				"east": {"uv": [0, 0, 1, 1], "texture": "#4"},
				"south": {"uv": [0, 0, 1, 1], "texture": "#4"},
				"west": {"uv": [0, 0, 1, 1], "texture": "#4"},
				"up": {"uv": [0, 0, 1, 1], "texture": "#4"},
				"down": {"uv": [0, 0, 1, 1], "texture": "#4"}
			}
		},
		{
			"name": "hexadecagon",
			"from": [6.80653, 11, 2],
			"to": [9.19347, 13.5, 14],
			"rotation": {"angle": 45, "axis": "y", "origin": [8, 9.45313, 8]},
			"faces": {
				"north": {"uv": [0, 0, 1, 1], "texture": "#4"},
				"east": {"uv": [0, 0, 1, 1], "texture": "#4"},
				"south": {"uv": [0, 0, 1, 1], "texture": "#4"},
				"west": {"uv": [0, 0, 1, 1], "texture": "#4"},
				"up": {"uv": [0, 0, 1, 1], "texture": "#4"},
				"down": {"uv": [0, 0, 1, 1], "texture": "#4"}
			}
		},
		{
			"name": "hexadecagon",
			"from": [2, 11, 6.80653],
			"to": [14, 13.5, 9.19347],
			"rotation": {"angle": -22.5, "axis": "y", "origin": [8, 9.45313, 8]},
			"faces": {
				"north": {"uv": [0, 0, 1, 1], "texture": "#4"},
				"east": {"uv": [0, 0, 1, 1], "texture": "#4"},
				"south": {"uv": [0, 0, 1, 1], "texture": "#4"},
				"west": {"uv": [0, 0, 1, 1], "texture": "#4"},
				"up": {"uv": [0, 0, 1, 1], "texture": "#4"},
				"down": {"uv": [0, 0, 1, 1], "texture": "#4"}
			}
		},
		{
			"name": "hexadecagon",
			"from": [2, 11, 6.80653],
			"to": [14, 13.5, 9.19347],
			"rotation": {"angle": 0, "axis": "y", "origin": [8, 9.45313, 8]},
			"faces": {
				"north": {"uv": [0, 0, 1, 1], "texture": "#4"},
				"east": {"uv": [0, 0, 1, 1], "texture": "#4"},
				"south": {"uv": [0, 0, 1, 1], "texture": "#4"},
				"west": {"uv": [0, 0, 1, 1], "texture": "#4"},
				"up": {"uv": [0, 0, 1, 1], "texture": "#4"},
				"down": {"uv": [0, 0, 1, 1], "texture": "#4"}
			}
		},
		{
			"name": "hexadecagon",
			"from": [2, 11, 6.80653],
			"to": [14, 13.5, 9.19347],
			"rotation": {"angle": 22.5, "axis": "y", "origin": [8, 9.45313, 8]},
			"faces": {
				"north": {"uv": [0, 0, 1, 1], "texture": "#4"},
				"east": {"uv": [0, 0, 1, 1], "texture": "#4"},
				"south": {"uv": [0, 0, 1, 1], "texture": "#4"},
				"west": {"uv": [0, 0, 1, 1], "texture": "#4"},
				"up": {"uv": [0, 0, 1, 1], "texture": "#4"},
				"down": {"uv": [0, 0, 1, 1], "texture": "#4"}
			}
		},
		{
			"name": "hexadecagon",
			"from": [7.05517, 6.67188, 3.25],
			"to": [8.94483, 13.07813, 12.75],
			"rotation": {"angle": -45, "axis": "y", "origin": [8, 8, 8]},
			"faces": {
				"north": {"uv": [0, 0, 1, 1], "texture": "#3"},
				"east": {"uv": [0, 0, 1, 1], "texture": "#3"},
				"south": {"uv": [0, 0, 1, 1], "texture": "#3"},
				"west": {"uv": [0, 0, 1, 1], "texture": "#3"},
				"up": {"uv": [0, 0, 1, 1], "texture": "#3"},
				"down": {"uv": [0, 0, 1, 1], "texture": "#3"}
			}
		},
		{
			"name": "hexadecagon",
			"from": [7.05517, 6.67188, 3.25],
			"to": [8.94483, 13.07813, 12.75],
			"rotation": {"angle": -22.5, "axis": "y", "origin": [8, 8, 8]},
			"faces": {
				"north": {"uv": [0, 0, 1, 1], "texture": "#3"},
				"east": {"uv": [0, 0, 1, 1], "texture": "#3"},
				"south": {"uv": [0, 0, 1, 1], "texture": "#3"},
				"west": {"uv": [0, 0, 1, 1], "texture": "#3"},
				"up": {"uv": [0, 0, 1, 1], "texture": "#3"},
				"down": {"uv": [0, 0, 1, 1], "texture": "#3"}
			}
		},
		{
			"name": "hexadecagon",
			"from": [7.05517, 6.67188, 3.25],
			"to": [8.94483, 13.07813, 12.75],
			"faces": {
				"north": {"uv": [0, 0, 1, 1], "texture": "#3"},
				"east": {"uv": [0, 0, 1, 1], "texture": "#3"},
				"south": {"uv": [0, 0, 1, 1], "texture": "#3"},
				"west": {"uv": [0, 0, 1, 1], "texture": "#3"},
				"up": {"uv": [0, 0, 1, 1], "texture": "#3"},
				"down": {"uv": [0, 0, 1, 1], "texture": "#3"}
			}
		},
		{
			"name": "hexadecagon",
			"from": [7.05517, 6.67188, 3.25],
			"to": [8.94483, 13.07813, 12.75],
			"rotation": {"angle": 22.5, "axis": "y", "origin": [8, 8, 8]},
			"faces": {
				"north": {"uv": [0, 0, 1, 1], "texture": "#3"},
				"east": {"uv": [0, 0, 1, 1], "texture": "#3"},
				"south": {"uv": [0, 0, 1, 1], "texture": "#3"},
				"west": {"uv": [0, 0, 1, 1], "texture": "#3"},
				"up": {"uv": [0, 0, 1, 1], "texture": "#3"},
				"down": {"uv": [0, 0, 1, 1], "texture": "#3"}
			}
		},
		{
			"name": "hexadecagon",
			"from": [7.05517, 6.67188, 3.25],
			"to": [8.94483, 13.07813, 12.75],
			"rotation": {"angle": 45, "axis": "y", "origin": [8, 8, 8]},
			"faces": {
				"north": {"uv": [0, 0, 1, 1], "texture": "#3"},
				"east": {"uv": [0, 0, 1, 1], "texture": "#3"},
				"south": {"uv": [0, 0, 1, 1], "texture": "#3"},
				"west": {"uv": [0, 0, 1, 1], "texture": "#3"},
				"up": {"uv": [0, 0, 1, 1], "texture": "#3"},
				"down": {"uv": [0, 0, 1, 1], "texture": "#3"}
			}
		},
		{
			"name": "hexadecagon",
			"from": [3.25, 6.67188, 7.05517],
			"to": [12.75, 13.07813, 8.94483],
			"rotation": {"angle": -22.5, "axis": "y", "origin": [8, 8, 8]},
			"faces": {
				"north": {"uv": [0, 0, 1, 1], "texture": "#3"},
				"east": {"uv": [0, 0, 1, 1], "texture": "#3"},
				"south": {"uv": [0, 0, 1, 1], "texture": "#3"},
				"west": {"uv": [0, 0, 1, 1], "texture": "#3"},
				"up": {"uv": [0, 0, 1, 1], "texture": "#3"},
				"down": {"uv": [0, 0, 1, 1], "texture": "#3"}
			}
		},
		{
			"name": "hexadecagon",
			"from": [3.25, 6.67188, 7.05517],
			"to": [12.75, 13.07813, 8.94483],
			"faces": {
				"north": {"uv": [0, 0, 1, 1], "texture": "#3"},
				"east": {"uv": [0, 0, 1, 1], "texture": "#3"},
				"south": {"uv": [0, 0, 1, 1], "texture": "#3"},
				"west": {"uv": [0, 0, 1, 1], "texture": "#3"},
				"up": {"uv": [0, 0, 1, 1], "texture": "#3"},
				"down": {"uv": [0, 0, 1, 1], "texture": "#3"}
			}
		},
		{
			"name": "hexadecagon",
			"from": [3.25, 6.67188, 7.05517],
			"to": [12.75, 13.07813, 8.94483],
			"rotation": {"angle": 22.5, "axis": "y", "origin": [8, 8, 8]},
			"faces": {
				"north": {"uv": [0, 0, 1, 1], "texture": "#3"},
				"east": {"uv": [0, 0, 1, 1], "texture": "#3"},
				"south": {"uv": [0, 0, 1, 1], "texture": "#3"},
				"west": {"uv": [0, 0, 1, 1], "texture": "#3"},
				"up": {"uv": [0, 0, 1, 1], "texture": "#3"},
				"down": {"uv": [0, 0, 1, 1], "texture": "#3"}
			}
		},
		{
			"name": "hexadecagon",
			"from": [7.05517, 8.71875, 3.25],
			"to": [8.94483, 14.875, 12.75],
			"rotation": {"angle": -45, "axis": "y", "origin": [8, 8, 8]},
			"color": 7,
			"faces": {
				"north": {"uv": [0, 0, 1, 1], "texture": "#missing"},
				"east": {"uv": [0, 0, 1, 1], "texture": "#missing"},
				"south": {"uv": [0, 0, 1, 1], "texture": "#missing"},
				"west": {"uv": [0, 0, 1, 1], "texture": "#missing"},
				"up": {"uv": [0, 0, 1, 1], "texture": "#missing"},
				"down": {"uv": [0, 0, 1, 1], "texture": "#missing"}
			}
		},
		{
			"name": "hexadecagon",
			"from": [7.05517, 8.71875, 3.25],
			"to": [8.94483, 14.875, 12.75],
			"rotation": {"angle": -22.5, "axis": "y", "origin": [8, 8, 8]},
			"color": 4,
			"faces": {
				"north": {"uv": [0, 0, 1, 1], "texture": "#missing"},
				"east": {"uv": [0, 0, 1, 1], "texture": "#missing"},
				"south": {"uv": [0, 0, 1, 1], "texture": "#missing"},
				"west": {"uv": [0, 0, 1, 1], "texture": "#missing"},
				"up": {"uv": [0, 0, 1, 1], "texture": "#missing"},
				"down": {"uv": [0, 0, 1, 1], "texture": "#missing"}
			}
		},
		{
			"name": "hexadecagon",
			"from": [7.05517, 8.71875, 3.25],
			"to": [8.94483, 14.875, 12.75],
			"color": 4,
			"faces": {
				"north": {"uv": [0, 0, 1, 1], "texture": "#missing"},
				"east": {"uv": [0, 0, 1, 1], "texture": "#missing"},
				"south": {"uv": [0, 0, 1, 1], "texture": "#missing"},
				"west": {"uv": [0, 0, 1, 1], "texture": "#missing"},
				"up": {"uv": [0, 0, 1, 1], "texture": "#missing"},
				"down": {"uv": [0, 0, 1, 1], "texture": "#missing"}
			}
		},
		{
			"name": "hexadecagon",
			"from": [7.05517, 8.71875, 3.25],
			"to": [8.94483, 14.875, 12.75],
			"rotation": {"angle": 22.5, "axis": "y", "origin": [8, 8, 8]},
			"color": 3,
			"faces": {
				"north": {"uv": [0, 0, 1, 1], "texture": "#missing"},
				"east": {"uv": [0, 0, 1, 1], "texture": "#missing"},
				"south": {"uv": [0, 0, 1, 1], "texture": "#missing"},
				"west": {"uv": [0, 0, 1, 1], "texture": "#missing"},
				"up": {"uv": [0, 0, 1, 1], "texture": "#missing"},
				"down": {"uv": [0, 0, 1, 1], "texture": "#missing"}
			}
		},
		{
			"name": "hexadecagon",
			"from": [7.05517, 8.71875, 3.25],
			"to": [8.94483, 14.875, 12.75],
			"rotation": {"angle": 45, "axis": "y", "origin": [8, 8, 8]},
			"color": 1,
			"faces": {
				"north": {"uv": [0, 0, 1, 1], "texture": "#missing"},
				"east": {"uv": [0, 0, 1, 1], "texture": "#missing"},
				"south": {"uv": [0, 0, 1, 1], "texture": "#missing"},
				"west": {"uv": [0, 0, 1, 1], "texture": "#missing"},
				"up": {"uv": [0, 0, 1, 1], "texture": "#missing"},
				"down": {"uv": [0, 0, 1, 1], "texture": "#missing"}
			}
		},
		{
			"name": "hexadecagon",
			"from": [3.25, 8.71875, 7.05517],
			"to": [12.75, 14.875, 8.94483],
			"rotation": {"angle": -22.5, "axis": "y", "origin": [8, 8, 8]},
			"color": 5,
			"faces": {
				"north": {"uv": [0, 0, 1, 1], "texture": "#missing"},
				"east": {"uv": [0, 0, 1, 1], "texture": "#missing"},
				"south": {"uv": [0, 0, 1, 1], "texture": "#missing"},
				"west": {"uv": [0, 0, 1, 1], "texture": "#missing"},
				"up": {"uv": [0, 0, 1, 1], "texture": "#missing"},
				"down": {"uv": [0, 0, 1, 1], "texture": "#missing"}
			}
		},
		{
			"name": "hexadecagon",
			"from": [3.25, 8.71875, 7.05517],
			"to": [12.75, 14.875, 8.94483],
			"color": 0,
			"faces": {
				"north": {"uv": [0, 0, 1, 1], "texture": "#missing"},
				"east": {"uv": [0, 0, 1, 1], "texture": "#missing"},
				"south": {"uv": [0, 0, 1, 1], "texture": "#missing"},
				"west": {"uv": [0, 0, 1, 1], "texture": "#missing"},
				"up": {"uv": [0, 0, 1, 1], "texture": "#missing"},
				"down": {"uv": [0, 0, 1, 1], "texture": "#missing"}
			}
		},
		{
			"name": "hexadecagon",
			"from": [3.25, 8.71875, 7.05517],
			"to": [12.75, 14.875, 8.94483],
			"rotation": {"angle": 22.5, "axis": "y", "origin": [8, 8, 8]},
			"color": 3,
			"faces": {
				"north": {"uv": [0, 0, 1, 1], "texture": "#missing"},
				"east": {"uv": [0, 0, 1, 1], "texture": "#missing"},
				"south": {"uv": [0, 0, 1, 1], "texture": "#missing"},
				"west": {"uv": [0, 0, 1, 1], "texture": "#missing"},
				"up": {"uv": [0, 0, 1, 1], "texture": "#missing"},
				"down": {"uv": [0, 0, 1, 1], "texture": "#missing"}
			}
		},
		{
			"name": "hexadecagon",
			"from": [7.95027, 0, 7.75],
			"to": [8.04973, 18.17188, 8.25],
			"rotation": {"angle": -45, "axis": "y", "origin": [8, 8, 8]},
			"faces": {
				"north": {"uv": [0, 0, 1, 1], "texture": "#1"},
				"east": {"uv": [0, 0, 1, 1], "texture": "#1"},
				"south": {"uv": [0, 0, 1, 1], "texture": "#1"},
				"west": {"uv": [0, 0, 1, 1], "texture": "#1"},
				"up": {"uv": [0, 0, 1, 1], "texture": "#1"},
				"down": {"uv": [0, 0, 1, 1], "texture": "#1"}
			}
		},
		{
			"name": "hexadecagon",
			"from": [7.95027, 0, 7.75],
			"to": [8.04973, 18.17188, 8.25],
			"rotation": {"angle": -22.5, "axis": "y", "origin": [8, 8, 8]},
			"faces": {
				"north": {"uv": [0, 0, 1, 1], "texture": "#1"},
				"east": {"uv": [0, 0, 1, 1], "texture": "#1"},
				"south": {"uv": [0, 0, 1, 1], "texture": "#1"},
				"west": {"uv": [0, 0, 1, 1], "texture": "#1"},
				"up": {"uv": [0, 0, 1, 1], "texture": "#1"},
				"down": {"uv": [0, 0, 1, 1], "texture": "#1"}
			}
		},
		{
			"name": "hexadecagon",
			"from": [7.95027, 0, 7.75],
			"to": [8.04973, 18.17188, 8.25],
			"faces": {
				"north": {"uv": [0, 0, 1, 1], "texture": "#1"},
				"east": {"uv": [0, 0, 1, 1], "texture": "#1"},
				"south": {"uv": [0, 0, 1, 1], "texture": "#1"},
				"west": {"uv": [0, 0, 1, 1], "texture": "#1"},
				"up": {"uv": [0, 0, 1, 1], "texture": "#1"},
				"down": {"uv": [0, 0, 1, 1], "texture": "#1"}
			}
		},
		{
			"name": "hexadecagon",
			"from": [7.95027, 0, 7.75],
			"to": [8.04973, 18.17188, 8.25],
			"rotation": {"angle": 22.5, "axis": "y", "origin": [8, 8, 8]},
			"faces": {
				"north": {"uv": [0, 0, 1, 1], "texture": "#1"},
				"east": {"uv": [0, 0, 1, 1], "texture": "#1"},
				"south": {"uv": [0, 0, 1, 1], "texture": "#1"},
				"west": {"uv": [0, 0, 1, 1], "texture": "#1"},
				"up": {"uv": [0, 0, 1, 1], "texture": "#1"},
				"down": {"uv": [0, 0, 1, 1], "texture": "#1"}
			}
		},
		{
			"name": "hexadecagon",
			"from": [7.95027, 0, 7.75],
			"to": [8.04973, 18.17188, 8.25],
			"rotation": {"angle": 45, "axis": "y", "origin": [8, 8, 8]},
			"faces": {
				"north": {"uv": [0, 0, 1, 1], "texture": "#1"},
				"east": {"uv": [0, 0, 1, 1], "texture": "#1"},
				"south": {"uv": [0, 0, 1, 1], "texture": "#1"},
				"west": {"uv": [0, 0, 1, 1], "texture": "#1"},
				"up": {"uv": [0, 0, 1, 1], "texture": "#1"},
				"down": {"uv": [0, 0, 1, 1], "texture": "#1"}
			}
		},
		{
			"name": "hexadecagon",
			"from": [7.75, 0, 7.95027],
			"to": [8.25, 18.17188, 8.04973],
			"rotation": {"angle": -22.5, "axis": "y", "origin": [8, 8, 8]},
			"faces": {
				"north": {"uv": [0, 0, 1, 1], "texture": "#1"},
				"east": {"uv": [0, 0, 1, 1], "texture": "#1"},
				"south": {"uv": [0, 0, 1, 1], "texture": "#1"},
				"west": {"uv": [0, 0, 1, 1], "texture": "#1"},
				"up": {"uv": [0, 0, 1, 1], "texture": "#1"},
				"down": {"uv": [0, 0, 1, 1], "texture": "#1"}
			}
		},
		{
			"name": "hexadecagon",
			"from": [7.75, 0, 7.95027],
			"to": [8.25, 18.17188, 8.04973],
			"faces": {
				"north": {"uv": [0, 0, 1, 1], "texture": "#1"},
				"east": {"uv": [0, 0, 1, 1], "texture": "#1"},
				"south": {"uv": [0, 0, 1, 1], "texture": "#1"},
				"west": {"uv": [0, 0, 1, 1], "texture": "#1"},
				"up": {"uv": [0, 0, 1, 1], "texture": "#1"},
				"down": {"uv": [0, 0, 1, 1], "texture": "#1"}
			}
		},
		{
			"name": "hexadecagon",
			"from": [7.75, 0, 7.95027],
			"to": [8.25, 18.17188, 8.04973],
			"rotation": {"angle": 22.5, "axis": "y", "origin": [8, 8, 8]},
			"faces": {
				"north": {"uv": [0, 0, 1, 1], "texture": "#1"},
				"east": {"uv": [0, 0, 1, 1], "texture": "#1"},
				"south": {"uv": [0, 0, 1, 1], "texture": "#1"},
				"west": {"uv": [0, 0, 1, 1], "texture": "#1"},
				"up": {"uv": [0, 0, 1, 1], "texture": "#1"},
				"down": {"uv": [0, 0, 1, 1], "texture": "#1"}
			}
		},
		{
			"name": "hexadecagon",
			"from": [7.30381, 6.28125, 4.5],
			"to": [8.69619, 16.45313, 11.5],
			"rotation": {"angle": -45, "axis": "y", "origin": [8, 8, 8]},
			"faces": {
				"north": {"uv": [2, 1, 4, 2], "texture": "#2"},
				"east": {"uv": [2, 1, 4, 2], "texture": "#2"},
				"south": {"uv": [2, 1, 4, 2], "texture": "#2"},
				"west": {"uv": [2, 1, 4, 2], "texture": "#2"},
				"up": {"uv": [2, 1, 4, 2], "texture": "#2"},
				"down": {"uv": [2, 1, 4, 2], "texture": "#2"}
			}
		},
		{
			"name": "hexadecagon",
			"from": [7.30381, 6.28125, 4.5],
			"to": [8.69619, 16.45313, 11.5],
			"rotation": {"angle": -22.5, "axis": "y", "origin": [8, 8, 8]},
			"faces": {
				"north": {"uv": [2, 1, 4, 2], "texture": "#2"},
				"east": {"uv": [2, 1, 4, 2], "texture": "#2"},
				"south": {"uv": [2, 1, 4, 2], "texture": "#2"},
				"west": {"uv": [2, 1, 4, 2], "texture": "#2"},
				"up": {"uv": [2, 1, 4, 2], "texture": "#2"},
				"down": {"uv": [2, 1, 4, 2], "texture": "#2"}
			}
		},
		{
			"name": "hexadecagon",
			"from": [7.30381, 6.28125, 4.5],
			"to": [8.69619, 16.45313, 11.5],
			"faces": {
				"north": {"uv": [2, 1, 4, 2], "texture": "#2"},
				"east": {"uv": [2, 1, 4, 2], "texture": "#2"},
				"south": {"uv": [2, 1, 4, 2], "texture": "#2"},
				"west": {"uv": [2, 1, 4, 2], "texture": "#2"},
				"up": {"uv": [2, 1, 4, 2], "texture": "#2"},
				"down": {"uv": [2, 1, 4, 2], "texture": "#2"}
			}
		},
		{
			"name": "hexadecagon",
			"from": [7.30381, 6.28125, 4.5],
			"to": [8.69619, 16.45313, 11.5],
			"rotation": {"angle": 22.5, "axis": "y", "origin": [8, 8, 8]},
			"faces": {
				"north": {"uv": [2, 1, 4, 2], "texture": "#2"},
				"east": {"uv": [2, 1, 4, 2], "texture": "#2"},
				"south": {"uv": [2, 1, 4, 2], "texture": "#2"},
				"west": {"uv": [2, 1, 4, 2], "texture": "#2"},
				"up": {"uv": [2, 1, 4, 2], "texture": "#2"},
				"down": {"uv": [2, 1, 4, 2], "texture": "#2"}
			}
		},
		{
			"name": "hexadecagon",
			"from": [7.30381, 6.28125, 4.5],
			"to": [8.69619, 16.45313, 11.5],
			"rotation": {"angle": 45, "axis": "y", "origin": [8, 8, 8]},
			"faces": {
				"north": {"uv": [2, 1, 4, 2], "texture": "#2"},
				"east": {"uv": [2, 1, 4, 2], "texture": "#2"},
				"south": {"uv": [2, 1, 4, 2], "texture": "#2"},
				"west": {"uv": [2, 1, 4, 2], "texture": "#2"},
				"up": {"uv": [2, 1, 4, 2], "texture": "#2"},
				"down": {"uv": [2, 1, 4, 2], "texture": "#2"}
			}
		},
		{
			"name": "hexadecagon",
			"from": [4.5, 6.28125, 7.30381],
			"to": [11.5, 16.45313, 8.69619],
			"rotation": {"angle": -22.5, "axis": "y", "origin": [8, 8, 8]},
			"faces": {
				"north": {"uv": [2, 1, 4, 2], "texture": "#2"},
				"east": {"uv": [2, 1, 4, 2], "texture": "#2"},
				"south": {"uv": [2, 1, 4, 2], "texture": "#2"},
				"west": {"uv": [2, 1, 4, 2], "texture": "#2"},
				"up": {"uv": [2, 1, 4, 2], "texture": "#2"},
				"down": {"uv": [2, 1, 4, 2], "texture": "#2"}
			}
		},
		{
			"name": "hexadecagon",
			"from": [4.5, 6.28125, 7.30381],
			"to": [11.5, 16.45313, 8.69619],
			"faces": {
				"north": {"uv": [2, 1, 4, 2], "texture": "#2"},
				"east": {"uv": [2, 1, 4, 2], "texture": "#2"},
				"south": {"uv": [2, 1, 4, 2], "texture": "#2"},
				"west": {"uv": [2, 1, 4, 2], "texture": "#2"},
				"up": {"uv": [2, 1, 4, 2], "texture": "#2"},
				"down": {"uv": [2, 1, 4, 2], "texture": "#2"}
			}
		},
		{
			"name": "hexadecagon",
			"from": [4.5, 6.28125, 7.30381],
			"to": [11.5, 16.45313, 8.69619],
			"rotation": {"angle": 22.5, "axis": "y", "origin": [8, 8, 8]},
			"faces": {
				"north": {"uv": [2, 1, 4, 2], "texture": "#2"},
				"east": {"uv": [2, 1, 4, 2], "texture": "#2"},
				"south": {"uv": [2, 1, 4, 2], "texture": "#2"},
				"west": {"uv": [2, 1, 4, 2], "texture": "#2"},
				"up": {"uv": [2, 1, 4, 2], "texture": "#2"},
				"down": {"uv": [2, 1, 4, 2], "texture": "#2"}
			}
		},
		{
			"name": "hexadecagon",
			"from": [7.60218, 6.01563, 6],
			"to": [8.39782, 16.78125, 10],
			"rotation": {"angle": -45, "axis": "y", "origin": [8, 8, 8]},
			"faces": {
				"north": {"uv": [2, 1, 4, 2], "texture": "#2"},
				"east": {"uv": [2, 1, 4, 2], "texture": "#2"},
				"south": {"uv": [2, 1, 4, 2], "texture": "#2"},
				"west": {"uv": [2, 1, 4, 2], "texture": "#2"},
				"up": {"uv": [2, 1, 4, 2], "texture": "#2"},
				"down": {"uv": [2, 1, 4, 2], "texture": "#2"}
			}
		},
		{
			"name": "hexadecagon",
			"from": [7.60218, 6.01563, 6],
			"to": [8.39782, 16.78125, 10],
			"rotation": {"angle": -22.5, "axis": "y", "origin": [8, 8, 8]},
			"faces": {
				"north": {"uv": [2, 1, 4, 2], "texture": "#2"},
				"east": {"uv": [2, 1, 4, 2], "texture": "#2"},
				"south": {"uv": [2, 1, 4, 2], "texture": "#2"},
				"west": {"uv": [2, 1, 4, 2], "texture": "#2"},
				"up": {"uv": [2, 1, 4, 2], "texture": "#2"},
				"down": {"uv": [2, 1, 4, 2], "texture": "#2"}
			}
		},
		{
			"name": "hexadecagon",
			"from": [7.60218, 6.01563, 6],
			"to": [8.39782, 16.78125, 10],
			"faces": {
				"north": {"uv": [2, 1, 4, 2], "texture": "#2"},
				"east": {"uv": [2, 1, 4, 2], "texture": "#2"},
				"south": {"uv": [2, 1, 4, 2], "texture": "#2"},
				"west": {"uv": [2, 1, 4, 2], "texture": "#2"},
				"up": {"uv": [2, 1, 4, 2], "texture": "#2"},
				"down": {"uv": [2, 1, 4, 2], "texture": "#2"}
			}
		},
		{
			"name": "hexadecagon",
			"from": [7.60218, 6.01563, 6],
			"to": [8.39782, 16.78125, 10],
			"rotation": {"angle": 22.5, "axis": "y", "origin": [8, 8, 8]},
			"faces": {
				"north": {"uv": [2, 1, 4, 2], "texture": "#2"},
				"east": {"uv": [2, 1, 4, 2], "texture": "#2"},
				"south": {"uv": [2, 1, 4, 2], "texture": "#2"},
				"west": {"uv": [2, 1, 4, 2], "texture": "#2"},
				"up": {"uv": [2, 1, 4, 2], "texture": "#2"},
				"down": {"uv": [2, 1, 4, 2], "texture": "#2"}
			}
		},
		{
			"name": "hexadecagon",
			"from": [7.60218, 6.01563, 6],
			"to": [8.39782, 16.78125, 10],
			"rotation": {"angle": 45, "axis": "y", "origin": [8, 8, 8]},
			"faces": {
				"north": {"uv": [2, 1, 4, 2], "texture": "#2"},
				"east": {"uv": [2, 1, 4, 2], "texture": "#2"},
				"south": {"uv": [2, 1, 4, 2], "texture": "#2"},
				"west": {"uv": [2, 1, 4, 2], "texture": "#2"},
				"up": {"uv": [2, 1, 4, 2], "texture": "#2"},
				"down": {"uv": [2, 1, 4, 2], "texture": "#2"}
			}
		},
		{
			"name": "hexadecagon",
			"from": [6, 6.01563, 7.60218],
			"to": [10, 16.78125, 8.39782],
			"rotation": {"angle": -22.5, "axis": "y", "origin": [8, 8, 8]},
			"faces": {
				"north": {"uv": [2, 1, 4, 2], "texture": "#2"},
				"east": {"uv": [2, 1, 4, 2], "texture": "#2"},
				"south": {"uv": [2, 1, 4, 2], "texture": "#2"},
				"west": {"uv": [2, 1, 4, 2], "texture": "#2"},
				"up": {"uv": [2, 1, 4, 2], "texture": "#2"},
				"down": {"uv": [2, 1, 4, 2], "texture": "#2"}
			}
		},
		{
			"name": "hexadecagon",
			"from": [6, 6.01563, 7.60218],
			"to": [10, 16.78125, 8.39782],
			"faces": {
				"north": {"uv": [2, 1, 4, 2], "texture": "#2"},
				"east": {"uv": [2, 1, 4, 2], "texture": "#2"},
				"south": {"uv": [2, 1, 4, 2], "texture": "#2"},
				"west": {"uv": [2, 1, 4, 2], "texture": "#2"},
				"up": {"uv": [2, 1, 4, 2], "texture": "#2"},
				"down": {"uv": [2, 1, 4, 2], "texture": "#2"}
			}
		},
		{
			"name": "hexadecagon",
			"from": [6, 6.01563, 7.60218],
			"to": [10, 16.78125, 8.39782],
			"rotation": {"angle": 22.5, "axis": "y", "origin": [8, 8, 8]},
			"faces": {
				"north": {"uv": [2, 1, 4, 2], "texture": "#2"},
				"east": {"uv": [2, 1, 4, 2], "texture": "#2"},
				"south": {"uv": [2, 1, 4, 2], "texture": "#2"},
				"west": {"uv": [2, 1, 4, 2], "texture": "#2"},
				"up": {"uv": [2, 1, 4, 2], "texture": "#2"},
				"down": {"uv": [2, 1, 4, 2], "texture": "#2"}
			}
		}
	],
	"groups": [
		{
			"name": "1",
			"origin": [8, 8, 8],
			"children": []
		},
		{
			"name": "2",
			"origin": [8, 8, 8],
			"children": [
				{
					"name": "hexadecagon",
					"origin": [8, 8, 8],
					"children": [0, 1, 2, 3, 4, 5, 6, 7,
						{
							"name": "hexadecagon",
							"origin": [8, 8, 8],
							"children": [8, 9, 10, 11, 12, 13, 14, 15]
						}
					]
				},
				{
					"name": "hexadecagon",
					"origin": [8, 8, 8],
					"children": [16, 17, 18, 19, 20, 21, 22, 23]
				}
			]
		},
		{
			"name": "3",
			"origin": [8, 8, 8],
			"children": [
				{
					"name": "hexadecagon",
					"origin": [8, 8, 8],
					"children": [24, 25, 26, 27, 28, 29, 30, 31]
				},
				{
					"name": "hexadecagon",
					"origin": [8, 8, 8],
					"children": [32, 33, 34, 35, 36, 37, 38, 39]
				},
				{
					"name": "hexadecagon",
					"origin": [8, 8, 8],
					"children": [40, 41, 42, 43, 44, 45, 46, 47]
				}
			]
		},
		{
			"name": "4",
			"origin": [8, 8, 8],
			"children": [
				{
					"name": "hexadecagon",
					"origin": [8, 8, 8],
					"children": [48, 49, 50, 51, 52, 53, 54, 55]
				},
				{
					"name": "hexadecagon",
					"origin": [8, 8, 8],
					"children": [56, 57, 58, 59, 60, 61, 62, 63]
				}
			]
		},
		{
			"name": "5",
			"origin": [8, 8, 8],
			"children": [
				{
					"name": "hexadecagon",
					"origin": [8, 8, 8],
					"children": [64, 65, 66, 67, 68, 69, 70, 71]
				},
				{
					"name": "hexadecagon",
					"origin": [8, 8, 8],
					"children": [72, 73, 74, 75, 76, 77, 78, 79]
				}
			]
		},
		{
			"name": "6",
			"origin": [8, 8, 8],
			"children": []
		},
		{
			"name": "stick",
			"origin": [8, 8, 8],
			"children": [
				{
					"name": "hexadecagon",
					"origin": [8, 8, 8],
					"children": [80, 81, 82, 83, 84, 85, 86, 87]
				}
			]
		},
		{
			"name": "hexadecagon",
			"origin": [8, 8, 8],
			"children": [88, 89, 90, 91, 92, 93, 94, 95]
		},
		{
			"name": "hexadecagon",
			"origin": [8, 8, 8],
			"children": [96, 97, 98, 99, 100, 101, 102, 103]
		}
	]
}