{
	"credit": "Made with Blockbench",
	"textures": {
		"0": "foods/pizza",
		"particle": "foods/pizza"
	},
	"elements": [
		{
			"name": "pizza_0",
			"from": [6.5641, 0, 0],
			"to": [9.23077, 0.58013, 15.79487],
			"faces": {
				"north": {"uv": [9.23077, 0, 6.5641, 0.20513], "texture": "#0"},
				"east": {"uv": [9.02564, 0, 9.23077, 15.79487], "rotation": 90, "texture": "#0"},
				"south": {"uv": [6.5641, 15.58974, 9.23077, 15.79487], "texture": "#0"},
				"west": {"uv": [6.5641, 0, 6.76923, 15.79487], "rotation": 270, "texture": "#0"},
				"up": {"uv": [6.5641, 0, 9.23077, 15.79487], "texture": "#0"},
				"down": {"uv": [6.5641, 15.79487, 9.23077, 0], "texture": "#0"}
			}
		},
		{
			"name": "pizza_1",
			"from": [5.33333, 0, 0.20513],
			"to": [6.5641, 0.58013, 15.58974],
			"faces": {
				"north": {"uv": [6.5641, 0.20513, 5.33333, 0.41026], "texture": "#0"},
				"east": {"uv": [6.35897, 0.20513, 6.5641, 15.58974], "rotation": 90, "texture": "#0"},
				"south": {"uv": [5.33333, 15.38462, 6.5641, 15.58974], "texture": "#0"},
				"west": {"uv": [5.33333, 0.20513, 5.53846, 15.58974], "rotation": 270, "texture": "#0"},
				"up": {"uv": [5.33333, 0.20513, 6.5641, 15.58974], "texture": "#0"},
				"down": {"uv": [5.33333, 15.58974, 6.5641, 0.20513], "texture": "#0"}
			}
		},
		{
			"name": "pizza_2",
			"from": [9.23077, 0, 0.20513],
			"to": [10.25641, 0.58013, 15.79487],
			"faces": {
				"north": {"uv": [10.25641, 0.20513, 9.23077, 0.41026], "texture": "#0"},
				"east": {"uv": [10.05128, 0.20513, 10.25641, 15.79487], "rotation": 90, "texture": "#0"},
				"south": {"uv": [9.23077, 15.58974, 10.25641, 15.79487], "texture": "#0"},
				"west": {"uv": [9.23077, 0.20513, 9.4359, 15.79487], "rotation": 270, "texture": "#0"},
				"up": {"uv": [9.23077, 0.20513, 10.25641, 15.79487], "texture": "#0"},
				"down": {"uv": [9.23077, 15.79487, 10.25641, 0.20513], "texture": "#0"}
			}
		},
		{
			"name": "pizza_3",
			"from": [11.48718, 0, 0.20513],
			"to": [11.69231, 0.58013, 15.58974],
			"faces": {
				"north": {"uv": [11.69231, 0.20513, 11.48718, 0.41026], "texture": "#0"},
				"east": {"uv": [11.48718, 0.20513, 11.69231, 15.58974], "rotation": 90, "texture": "#0"},
				"south": {"uv": [11.48718, 15.38462, 11.69231, 15.58974], "texture": "#0"},
				"west": {"uv": [11.48718, 0.20513, 11.69231, 15.58974], "rotation": 270, "texture": "#0"},
				"up": {"uv": [11.48718, 0.20513, 11.69231, 15.58974], "texture": "#0"},
				"down": {"uv": [11.48718, 15.58974, 11.69231, 0.20513], "texture": "#0"}
			}
		},
		{
			"name": "pizza_4",
			"from": [4.92308, 0, 0.41026],
			"to": [5.33333, 0.58013, 15.58974],
			"faces": {
				"north": {"uv": [5.33333, 0.41026, 4.92308, 0.61538], "texture": "#0"},
				"east": {"uv": [5.12821, 0.41026, 5.33333, 15.58974], "rotation": 90, "texture": "#0"},
				"south": {"uv": [4.92308, 15.38462, 5.33333, 15.58974], "texture": "#0"},
				"west": {"uv": [4.92308, 0.41026, 5.12821, 15.58974], "rotation": 270, "texture": "#0"},
				"up": {"uv": [4.92308, 0.41026, 5.33333, 15.58974], "texture": "#0"},
				"down": {"uv": [4.92308, 15.58974, 5.33333, 0.41026], "texture": "#0"}
			}
		},
		{
			"name": "pizza_5",
			"from": [10.25641, 0, 0.41026],
			"to": [10.87179, 0.58013, 15.58974],
			"faces": {
				"north": {"uv": [10.87179, 0.41026, 10.25641, 0.61538], "texture": "#0"},
				"east": {"uv": [10.66667, 0.41026, 10.87179, 15.58974], "rotation": 90, "texture": "#0"},
				"south": {"uv": [10.25641, 15.38462, 10.87179, 15.58974], "texture": "#0"},
				"west": {"uv": [10.25641, 0.41026, 10.46154, 15.58974], "rotation": 270, "texture": "#0"},
				"up": {"uv": [10.25641, 0.41026, 10.87179, 15.58974], "texture": "#0"},
				"down": {"uv": [10.25641, 15.58974, 10.87179, 0.41026], "texture": "#0"}
			}
		},
		{
			"name": "pizza_6",
			"from": [11.28205, 0, 0.41026],
			"to": [11.48718, 0.58013, 15.58974],
			"faces": {
				"north": {"uv": [11.48718, 0.41026, 11.28205, 0.61538], "texture": "#0"},
				"east": {"uv": [11.28205, 0.41026, 11.48718, 15.58974], "rotation": 90, "texture": "#0"},
				"south": {"uv": [11.28205, 15.38462, 11.48718, 15.58974], "texture": "#0"},
				"west": {"uv": [11.28205, 0.41026, 11.48718, 15.58974], "rotation": 270, "texture": "#0"},
				"up": {"uv": [11.28205, 0.41026, 11.48718, 15.58974], "texture": "#0"},
				"down": {"uv": [11.28205, 15.58974, 11.48718, 0.41026], "texture": "#0"}
			}
		},
		{
			"name": "pizza_7",
			"from": [11.69231, 0, 0.41026],
			"to": [11.89744, 0.58013, 15.17949],
			"faces": {
				"north": {"uv": [11.89744, 0.41026, 11.69231, 0.61538], "texture": "#0"},
				"east": {"uv": [11.69231, 0.41026, 11.89744, 15.17949], "rotation": 90, "texture": "#0"},
				"south": {"uv": [11.69231, 14.97436, 11.89744, 15.17949], "texture": "#0"},
				"west": {"uv": [11.69231, 0.41026, 11.89744, 15.17949], "rotation": 270, "texture": "#0"},
				"up": {"uv": [11.69231, 0.41026, 11.89744, 15.17949], "texture": "#0"},
				"down": {"uv": [11.69231, 15.17949, 11.89744, 0.41026], "texture": "#0"}
			}
		},
		{
			"name": "pizza_8",
			"from": [4.51282, 0, 0.61538],
			"to": [4.92308, 0.58013, 15.17949],
			"faces": {
				"north": {"uv": [4.92308, 0.61538, 4.51282, 0.82051], "texture": "#0"},
				"east": {"uv": [4.71795, 0.61538, 4.92308, 15.17949], "rotation": 90, "texture": "#0"},
				"south": {"uv": [4.51282, 14.97436, 4.92308, 15.17949], "texture": "#0"},
				"west": {"uv": [4.51282, 0.61538, 4.71795, 15.17949], "rotation": 270, "texture": "#0"},
				"up": {"uv": [4.51282, 0.61538, 4.92308, 15.17949], "texture": "#0"},
				"down": {"uv": [4.51282, 15.17949, 4.92308, 0.61538], "texture": "#0"}
			}
		},
		{
			"name": "pizza_9",
			"from": [10.87179, 0, 0.61538],
			"to": [11.28205, 0.58013, 15.58974],
			"faces": {
				"north": {"uv": [11.28205, 0.61538, 10.87179, 0.82051], "texture": "#0"},
				"east": {"uv": [11.07692, 0.61538, 11.28205, 15.58974], "rotation": 90, "texture": "#0"},
				"south": {"uv": [10.87179, 15.38462, 11.28205, 15.58974], "texture": "#0"},
				"west": {"uv": [10.87179, 0.61538, 11.07692, 15.58974], "rotation": 270, "texture": "#0"},
				"up": {"uv": [10.87179, 0.61538, 11.28205, 15.58974], "texture": "#0"},
				"down": {"uv": [10.87179, 15.58974, 11.28205, 0.61538], "texture": "#0"}
			}
		},
		{
			"name": "pizza_10",
			"from": [4.10256, 0, 0.82051],
			"to": [4.51282, 0.58013, 14.97436],
			"faces": {
				"north": {"uv": [4.51282, 0.82051, 4.10256, 1.02564], "texture": "#0"},
				"east": {"uv": [4.30769, 0.82051, 4.51282, 14.97436], "rotation": 90, "texture": "#0"},
				"south": {"uv": [4.10256, 14.76923, 4.51282, 14.97436], "texture": "#0"},
				"west": {"uv": [4.10256, 0.82051, 4.30769, 14.97436], "rotation": 270, "texture": "#0"},
				"up": {"uv": [4.10256, 0.82051, 4.51282, 14.97436], "texture": "#0"},
				"down": {"uv": [4.10256, 14.97436, 4.51282, 0.82051], "texture": "#0"}
			}
		},
		{
			"name": "pizza_11",
			"from": [3.69231, 0, 1.02564],
			"to": [4.10256, 0.58013, 14.76923],
			"faces": {
				"north": {"uv": [4.10256, 1.02564, 3.69231, 1.23077], "texture": "#0"},
				"east": {"uv": [3.89744, 1.02564, 4.10256, 14.76923], "rotation": 90, "texture": "#0"},
				"south": {"uv": [3.69231, 14.5641, 4.10256, 14.76923], "texture": "#0"},
				"west": {"uv": [3.69231, 1.02564, 3.89744, 14.76923], "rotation": 270, "texture": "#0"},
				"up": {"uv": [3.69231, 1.02564, 4.10256, 14.76923], "texture": "#0"},
				"down": {"uv": [3.69231, 14.76923, 4.10256, 1.02564], "texture": "#0"}
			}
		},
		{
			"name": "pizza_12",
			"from": [11.89744, 0, 1.02564],
			"to": [12.30769, 0.58013, 15.17949],
			"faces": {
				"north": {"uv": [12.30769, 1.02564, 11.89744, 1.23077], "texture": "#0"},
				"east": {"uv": [12.10256, 1.02564, 12.30769, 15.17949], "rotation": 90, "texture": "#0"},
				"south": {"uv": [11.89744, 14.97436, 12.30769, 15.17949], "texture": "#0"},
				"west": {"uv": [11.89744, 1.02564, 12.10256, 15.17949], "rotation": 270, "texture": "#0"},
				"up": {"uv": [11.89744, 1.02564, 12.30769, 15.17949], "texture": "#0"},
				"down": {"uv": [11.89744, 15.17949, 12.30769, 1.02564], "texture": "#0"}
			}
		},
		{
			"name": "pizza_13",
			"from": [3.48718, 0, 1.23077],
			"to": [3.69231, 0.58013, 14.76923],
			"faces": {
				"north": {"uv": [3.69231, 1.23077, 3.48718, 1.4359], "texture": "#0"},
				"east": {"uv": [3.48718, 1.23077, 3.69231, 14.76923], "rotation": 90, "texture": "#0"},
				"south": {"uv": [3.48718, 14.5641, 3.69231, 14.76923], "texture": "#0"},
				"west": {"uv": [3.48718, 1.23077, 3.69231, 14.76923], "rotation": 270, "texture": "#0"},
				"up": {"uv": [3.48718, 1.23077, 3.69231, 14.76923], "texture": "#0"},
				"down": {"uv": [3.48718, 14.76923, 3.69231, 1.23077], "texture": "#0"}
			}
		},
		{
			"name": "pizza_14",
			"from": [12.30769, 0, 1.23077],
			"to": [12.51282, 0.58013, 15.17949],
			"faces": {
				"north": {"uv": [12.51282, 1.23077, 12.30769, 1.4359], "texture": "#0"},
				"east": {"uv": [12.30769, 1.23077, 12.51282, 15.17949], "rotation": 90, "texture": "#0"},
				"south": {"uv": [12.30769, 14.97436, 12.51282, 15.17949], "texture": "#0"},
				"west": {"uv": [12.30769, 1.23077, 12.51282, 15.17949], "rotation": 270, "texture": "#0"},
				"up": {"uv": [12.30769, 1.23077, 12.51282, 15.17949], "texture": "#0"},
				"down": {"uv": [12.30769, 15.17949, 12.51282, 1.23077], "texture": "#0"}
			}
		},
		{
			"name": "pizza_15",
			"from": [3.07692, 0, 1.4359],
			"to": [3.48718, 0.58013, 14.76923],
			"faces": {
				"north": {"uv": [3.48718, 1.4359, 3.07692, 1.64103], "texture": "#0"},
				"east": {"uv": [3.28205, 1.4359, 3.48718, 14.76923], "rotation": 90, "texture": "#0"},
				"south": {"uv": [3.07692, 14.5641, 3.48718, 14.76923], "texture": "#0"},
				"west": {"uv": [3.07692, 1.4359, 3.28205, 14.76923], "rotation": 270, "texture": "#0"},
				"up": {"uv": [3.07692, 1.4359, 3.48718, 14.76923], "texture": "#0"},
				"down": {"uv": [3.07692, 14.76923, 3.48718, 1.4359], "texture": "#0"}
			}
		},
		{
			"name": "pizza_16",
			"from": [12.51282, 0, 1.4359],
			"to": [12.92308, 0.58013, 14.76923],
			"faces": {
				"north": {"uv": [12.92308, 1.4359, 12.51282, 1.64103], "texture": "#0"},
				"east": {"uv": [12.71795, 1.4359, 12.92308, 14.76923], "rotation": 90, "texture": "#0"},
				"south": {"uv": [12.51282, 14.5641, 12.92308, 14.76923], "texture": "#0"},
				"west": {"uv": [12.51282, 1.4359, 12.71795, 14.76923], "rotation": 270, "texture": "#0"},
				"up": {"uv": [12.51282, 1.4359, 12.92308, 14.76923], "texture": "#0"},
				"down": {"uv": [12.51282, 14.76923, 12.92308, 1.4359], "texture": "#0"}
			}
		},
		{
			"name": "pizza_17",
			"from": [12.92308, 0, 1.64103],
			"to": [13.12821, 0.58013, 14.76923],
			"faces": {
				"north": {"uv": [13.12821, 1.64103, 12.92308, 1.84615], "texture": "#0"},
				"east": {"uv": [12.92308, 1.64103, 13.12821, 14.76923], "rotation": 90, "texture": "#0"},
				"south": {"uv": [12.92308, 14.5641, 13.12821, 14.76923], "texture": "#0"},
				"west": {"uv": [12.92308, 1.64103, 13.12821, 14.76923], "rotation": 270, "texture": "#0"},
				"up": {"uv": [12.92308, 1.64103, 13.12821, 14.76923], "texture": "#0"},
				"down": {"uv": [12.92308, 14.76923, 13.12821, 1.64103], "texture": "#0"}
			}
		},
		{
			"name": "pizza_18",
			"from": [2.46154, 0, 1.84615],
			"to": [3.07692, 0.58013, 14.35897],
			"faces": {
				"north": {"uv": [3.07692, 1.84615, 2.46154, 2.05128], "texture": "#0"},
				"east": {"uv": [2.87179, 1.84615, 3.07692, 14.35897], "rotation": 90, "texture": "#0"},
				"south": {"uv": [2.46154, 14.15385, 3.07692, 14.35897], "texture": "#0"},
				"west": {"uv": [2.46154, 1.84615, 2.66667, 14.35897], "rotation": 270, "texture": "#0"},
				"up": {"uv": [2.46154, 1.84615, 3.07692, 14.35897], "texture": "#0"},
				"down": {"uv": [2.46154, 14.35897, 3.07692, 1.84615], "texture": "#0"}
			}
		},
		{
			"name": "pizza_19",
			"from": [13.12821, 0, 1.84615],
			"to": [13.33333, 0.58013, 14.35897],
			"faces": {
				"north": {"uv": [13.33333, 1.84615, 13.12821, 2.05128], "texture": "#0"},
				"east": {"uv": [13.12821, 1.84615, 13.33333, 14.35897], "rotation": 90, "texture": "#0"},
				"south": {"uv": [13.12821, 14.15385, 13.33333, 14.35897], "texture": "#0"},
				"west": {"uv": [13.12821, 1.84615, 13.33333, 14.35897], "rotation": 270, "texture": "#0"},
				"up": {"uv": [13.12821, 1.84615, 13.33333, 14.35897], "texture": "#0"},
				"down": {"uv": [13.12821, 14.35897, 13.33333, 1.84615], "texture": "#0"}
			}
		},
		{
			"name": "pizza_20",
			"from": [2.25641, 0, 2.05128],
			"to": [2.46154, 0.58013, 14.35897],
			"faces": {
				"north": {"uv": [2.46154, 2.05128, 2.25641, 2.25641], "texture": "#0"},
				"east": {"uv": [2.25641, 2.05128, 2.46154, 14.35897], "rotation": 90, "texture": "#0"},
				"south": {"uv": [2.25641, 14.15385, 2.46154, 14.35897], "texture": "#0"},
				"west": {"uv": [2.25641, 2.05128, 2.46154, 14.35897], "rotation": 270, "texture": "#0"},
				"up": {"uv": [2.25641, 2.05128, 2.46154, 14.35897], "texture": "#0"},
				"down": {"uv": [2.25641, 14.35897, 2.46154, 2.05128], "texture": "#0"}
			}
		},
		{
			"name": "pizza_21",
			"from": [13.33333, 0, 2.05128],
			"to": [13.53846, 0.58013, 14.35897],
			"faces": {
				"north": {"uv": [13.53846, 2.05128, 13.33333, 2.25641], "texture": "#0"},
				"east": {"uv": [13.33333, 2.05128, 13.53846, 14.35897], "rotation": 90, "texture": "#0"},
				"south": {"uv": [13.33333, 14.15385, 13.53846, 14.35897], "texture": "#0"},
				"west": {"uv": [13.33333, 2.05128, 13.53846, 14.35897], "rotation": 270, "texture": "#0"},
				"up": {"uv": [13.33333, 2.05128, 13.53846, 14.35897], "texture": "#0"},
				"down": {"uv": [13.33333, 14.35897, 13.53846, 2.05128], "texture": "#0"}
			}
		},
		{
			"name": "pizza_22",
			"from": [13.53846, 0, 2.25641],
			"to": [13.74359, 0.58013, 14.15385],
			"faces": {
				"north": {"uv": [13.74359, 2.25641, 13.53846, 2.46154], "texture": "#0"},
				"east": {"uv": [13.53846, 2.25641, 13.74359, 14.15385], "rotation": 90, "texture": "#0"},
				"south": {"uv": [13.53846, 13.94872, 13.74359, 14.15385], "texture": "#0"},
				"west": {"uv": [13.53846, 2.25641, 13.74359, 14.15385], "rotation": 270, "texture": "#0"},
				"up": {"uv": [13.53846, 2.25641, 13.74359, 14.15385], "texture": "#0"},
				"down": {"uv": [13.53846, 14.15385, 13.74359, 2.25641], "texture": "#0"}
			}
		},
		{
			"name": "pizza_23",
			"from": [2.05128, 0, 2.46154],
			"to": [2.25641, 0.58013, 14.15385],
			"faces": {
				"north": {"uv": [2.25641, 2.46154, 2.05128, 2.66667], "texture": "#0"},
				"east": {"uv": [2.05128, 2.46154, 2.25641, 14.15385], "rotation": 90, "texture": "#0"},
				"south": {"uv": [2.05128, 13.94872, 2.25641, 14.15385], "texture": "#0"},
				"west": {"uv": [2.05128, 2.46154, 2.25641, 14.15385], "rotation": 270, "texture": "#0"},
				"up": {"uv": [2.05128, 2.46154, 2.25641, 14.15385], "texture": "#0"},
				"down": {"uv": [2.05128, 14.15385, 2.25641, 2.46154], "texture": "#0"}
			}
		},
		{
			"name": "pizza_24",
			"from": [13.74359, 0, 2.46154],
			"to": [13.94872, 0.58013, 13.94872],
			"faces": {
				"north": {"uv": [13.94872, 2.46154, 13.74359, 2.66667], "texture": "#0"},
				"east": {"uv": [13.74359, 2.46154, 13.94872, 13.94872], "rotation": 90, "texture": "#0"},
				"south": {"uv": [13.74359, 13.74359, 13.94872, 13.94872], "texture": "#0"},
				"west": {"uv": [13.74359, 2.46154, 13.94872, 13.94872], "rotation": 270, "texture": "#0"},
				"up": {"uv": [13.74359, 2.46154, 13.94872, 13.94872], "texture": "#0"},
				"down": {"uv": [13.74359, 13.94872, 13.94872, 2.46154], "texture": "#0"}
			}
		},
		{
			"name": "pizza_25",
			"from": [1.84615, 0, 2.66667],
			"to": [2.05128, 0.58013, 14.15385],
			"faces": {
				"north": {"uv": [2.05128, 2.66667, 1.84615, 2.87179], "texture": "#0"},
				"east": {"uv": [1.84615, 2.66667, 2.05128, 14.15385], "rotation": 90, "texture": "#0"},
				"south": {"uv": [1.84615, 13.94872, 2.05128, 14.15385], "texture": "#0"},
				"west": {"uv": [1.84615, 2.66667, 2.05128, 14.15385], "rotation": 270, "texture": "#0"},
				"up": {"uv": [1.84615, 2.66667, 2.05128, 14.15385], "texture": "#0"},
				"down": {"uv": [1.84615, 14.15385, 2.05128, 2.66667], "texture": "#0"}
			}
		},
		{
			"name": "pizza_26",
			"from": [13.94872, 0, 2.66667],
			"to": [14.15385, 0.58013, 13.94872],
			"faces": {
				"north": {"uv": [14.15385, 2.66667, 13.94872, 2.87179], "texture": "#0"},
				"east": {"uv": [13.94872, 2.66667, 14.15385, 13.94872], "rotation": 90, "texture": "#0"},
				"south": {"uv": [13.94872, 13.74359, 14.15385, 13.94872], "texture": "#0"},
				"west": {"uv": [13.94872, 2.66667, 14.15385, 13.94872], "rotation": 270, "texture": "#0"},
				"up": {"uv": [13.94872, 2.66667, 14.15385, 13.94872], "texture": "#0"},
				"down": {"uv": [13.94872, 13.94872, 14.15385, 2.66667], "texture": "#0"}
			}
		},
		{
			"name": "pizza_27",
			"from": [14.15385, 0, 2.87179],
			"to": [14.35897, 0.58013, 13.74359],
			"faces": {
				"north": {"uv": [14.35897, 2.87179, 14.15385, 3.07692], "texture": "#0"},
				"east": {"uv": [14.15385, 2.87179, 14.35897, 13.74359], "rotation": 90, "texture": "#0"},
				"south": {"uv": [14.15385, 13.53846, 14.35897, 13.74359], "texture": "#0"},
				"west": {"uv": [14.15385, 2.87179, 14.35897, 13.74359], "rotation": 270, "texture": "#0"},
				"up": {"uv": [14.15385, 2.87179, 14.35897, 13.74359], "texture": "#0"},
				"down": {"uv": [14.15385, 13.74359, 14.35897, 2.87179], "texture": "#0"}
			}
		},
		{
			"name": "pizza_28",
			"from": [1.64103, 0, 3.07692],
			"to": [1.84615, 0.58013, 13.94872],
			"faces": {
				"north": {"uv": [1.84615, 3.07692, 1.64103, 3.28205], "texture": "#0"},
				"east": {"uv": [1.64103, 3.07692, 1.84615, 13.94872], "rotation": 90, "texture": "#0"},
				"south": {"uv": [1.64103, 13.74359, 1.84615, 13.94872], "texture": "#0"},
				"west": {"uv": [1.64103, 3.07692, 1.84615, 13.94872], "rotation": 270, "texture": "#0"},
				"up": {"uv": [1.64103, 3.07692, 1.84615, 13.94872], "texture": "#0"},
				"down": {"uv": [1.64103, 13.94872, 1.84615, 3.07692], "texture": "#0"}
			}
		},
		{
			"name": "pizza_29",
			"from": [14.35897, 0, 3.07692],
			"to": [14.5641, 0.58013, 12.71795],
			"faces": {
				"north": {"uv": [14.5641, 3.07692, 14.35897, 3.28205], "texture": "#0"},
				"east": {"uv": [14.35897, 3.07692, 14.5641, 12.71795], "rotation": 90, "texture": "#0"},
				"south": {"uv": [14.35897, 12.51282, 14.5641, 12.71795], "texture": "#0"},
				"west": {"uv": [14.35897, 3.07692, 14.5641, 12.71795], "rotation": 270, "texture": "#0"},
				"up": {"uv": [14.35897, 3.07692, 14.5641, 12.71795], "texture": "#0"},
				"down": {"uv": [14.35897, 12.71795, 14.5641, 3.07692], "texture": "#0"}
			}
		},
		{
			"name": "pizza_30",
			"from": [1.4359, 0, 3.28205],
			"to": [1.64103, 0.58013, 13.53846],
			"faces": {
				"north": {"uv": [1.64103, 3.28205, 1.4359, 3.48718], "texture": "#0"},
				"east": {"uv": [1.4359, 3.28205, 1.64103, 13.53846], "rotation": 90, "texture": "#0"},
				"south": {"uv": [1.4359, 13.33333, 1.64103, 13.53846], "texture": "#0"},
				"west": {"uv": [1.4359, 3.28205, 1.64103, 13.53846], "rotation": 270, "texture": "#0"},
				"up": {"uv": [1.4359, 3.28205, 1.64103, 13.53846], "texture": "#0"},
				"down": {"uv": [1.4359, 13.53846, 1.64103, 3.28205], "texture": "#0"}
			}
		},
		{
			"name": "pizza_31",
			"from": [14.5641, 0, 3.28205],
			"to": [14.76923, 0.58013, 12.71795],
			"faces": {
				"north": {"uv": [14.76923, 3.28205, 14.5641, 3.48718], "texture": "#0"},
				"east": {"uv": [14.5641, 3.28205, 14.76923, 12.71795], "rotation": 90, "texture": "#0"},
				"south": {"uv": [14.5641, 12.51282, 14.76923, 12.71795], "texture": "#0"},
				"west": {"uv": [14.5641, 3.28205, 14.76923, 12.71795], "rotation": 270, "texture": "#0"},
				"up": {"uv": [14.5641, 3.28205, 14.76923, 12.71795], "texture": "#0"},
				"down": {"uv": [14.5641, 12.71795, 14.76923, 3.28205], "texture": "#0"}
			}
		},
		{
			"name": "pizza_32",
			"from": [1.23077, 0, 3.48718],
			"to": [1.4359, 0.58013, 13.33333],
			"faces": {
				"north": {"uv": [1.4359, 3.48718, 1.23077, 3.69231], "texture": "#0"},
				"east": {"uv": [1.23077, 3.48718, 1.4359, 13.33333], "rotation": 90, "texture": "#0"},
				"south": {"uv": [1.23077, 13.12821, 1.4359, 13.33333], "texture": "#0"},
				"west": {"uv": [1.23077, 3.48718, 1.4359, 13.33333], "rotation": 270, "texture": "#0"},
				"up": {"uv": [1.23077, 3.48718, 1.4359, 13.33333], "texture": "#0"},
				"down": {"uv": [1.23077, 13.33333, 1.4359, 3.48718], "texture": "#0"}
			}
		},
		{
			"name": "pizza_33",
			"from": [14.76923, 0, 3.69231],
			"to": [14.97436, 0.58013, 12.10256],
			"faces": {
				"north": {"uv": [14.97436, 3.69231, 14.76923, 3.89744], "texture": "#0"},
				"east": {"uv": [14.76923, 3.69231, 14.97436, 12.10256], "rotation": 90, "texture": "#0"},
				"south": {"uv": [14.76923, 11.89744, 14.97436, 12.10256], "texture": "#0"},
				"west": {"uv": [14.76923, 3.69231, 14.97436, 12.10256], "rotation": 270, "texture": "#0"},
				"up": {"uv": [14.76923, 3.69231, 14.97436, 12.10256], "texture": "#0"},
				"down": {"uv": [14.76923, 12.10256, 14.97436, 3.69231], "texture": "#0"}
			}
		},
		{
			"name": "pizza_34",
			"from": [1.02564, 0, 3.89744],
			"to": [1.23077, 0.58013, 13.12821],
			"faces": {
				"north": {"uv": [1.23077, 3.89744, 1.02564, 4.10256], "texture": "#0"},
				"east": {"uv": [1.02564, 3.89744, 1.23077, 13.12821], "rotation": 90, "texture": "#0"},
				"south": {"uv": [1.02564, 12.92308, 1.23077, 13.12821], "texture": "#0"},
				"west": {"uv": [1.02564, 3.89744, 1.23077, 13.12821], "rotation": 270, "texture": "#0"},
				"up": {"uv": [1.02564, 3.89744, 1.23077, 13.12821], "texture": "#0"},
				"down": {"uv": [1.02564, 13.12821, 1.23077, 3.89744], "texture": "#0"}
			}
		},
		{
			"name": "pizza_35",
			"from": [14.97436, 0, 3.89744],
			"to": [15.17949, 0.58013, 11.69231],
			"faces": {
				"north": {"uv": [15.17949, 3.89744, 14.97436, 4.10256], "texture": "#0"},
				"east": {"uv": [14.97436, 3.89744, 15.17949, 11.69231], "rotation": 90, "texture": "#0"},
				"south": {"uv": [14.97436, 11.48718, 15.17949, 11.69231], "texture": "#0"},
				"west": {"uv": [14.97436, 3.89744, 15.17949, 11.69231], "rotation": 270, "texture": "#0"},
				"up": {"uv": [14.97436, 3.89744, 15.17949, 11.69231], "texture": "#0"},
				"down": {"uv": [14.97436, 11.69231, 15.17949, 3.89744], "texture": "#0"}
			}
		},
		{
			"name": "pizza_36",
			"from": [0.82051, 0, 4.30769],
			"to": [1.02564, 0.58013, 13.12821],
			"faces": {
				"north": {"uv": [1.02564, 4.30769, 0.82051, 4.51282], "texture": "#0"},
				"east": {"uv": [0.82051, 4.30769, 1.02564, 13.12821], "rotation": 90, "texture": "#0"},
				"south": {"uv": [0.82051, 12.92308, 1.02564, 13.12821], "texture": "#0"},
				"west": {"uv": [0.82051, 4.30769, 1.02564, 13.12821], "rotation": 270, "texture": "#0"},
				"up": {"uv": [0.82051, 4.30769, 1.02564, 13.12821], "texture": "#0"},
				"down": {"uv": [0.82051, 13.12821, 1.02564, 4.30769], "texture": "#0"}
			}
		},
		{
			"name": "pizza_37",
			"from": [15.17949, 0, 4.30769],
			"to": [15.38462, 0.58013, 4.51282],
			"faces": {
				"north": {"uv": [15.38462, 4.30769, 15.17949, 4.51282], "texture": "#0"},
				"east": {"uv": [15.17949, 4.30769, 15.38462, 4.51282], "rotation": 90, "texture": "#0"},
				"south": {"uv": [15.17949, 4.30769, 15.38462, 4.51282], "texture": "#0"},
				"west": {"uv": [15.17949, 4.30769, 15.38462, 4.51282], "rotation": 270, "texture": "#0"},
				"up": {"uv": [15.17949, 4.30769, 15.38462, 4.51282], "texture": "#0"},
				"down": {"uv": [15.17949, 4.51282, 15.38462, 4.30769], "texture": "#0"}
			}
		},
		{
			"name": "pizza_38",
			"from": [15.38462, 0, 4.51282],
			"to": [15.58974, 0.58013, 4.71795],
			"faces": {
				"north": {"uv": [15.58974, 4.51282, 15.38462, 4.71795], "texture": "#0"},
				"east": {"uv": [15.38462, 4.51282, 15.58974, 4.71795], "rotation": 90, "texture": "#0"},
				"south": {"uv": [15.38462, 4.51282, 15.58974, 4.71795], "texture": "#0"},
				"west": {"uv": [15.38462, 4.51282, 15.58974, 4.71795], "rotation": 270, "texture": "#0"},
				"up": {"uv": [15.38462, 4.51282, 15.58974, 4.71795], "texture": "#0"},
				"down": {"uv": [15.38462, 4.71795, 15.58974, 4.51282], "texture": "#0"}
			}
		},
		{
			"name": "pizza_39",
			"from": [0.61538, 0, 4.71795],
			"to": [0.82051, 0.58013, 12.71795],
			"faces": {
				"north": {"uv": [0.82051, 4.71795, 0.61538, 4.92308], "texture": "#0"},
				"east": {"uv": [0.61538, 4.71795, 0.82051, 12.71795], "rotation": 90, "texture": "#0"},
				"south": {"uv": [0.61538, 12.51282, 0.82051, 12.71795], "texture": "#0"},
				"west": {"uv": [0.61538, 4.71795, 0.82051, 12.71795], "rotation": 270, "texture": "#0"},
				"up": {"uv": [0.61538, 4.71795, 0.82051, 12.71795], "texture": "#0"},
				"down": {"uv": [0.61538, 12.71795, 0.82051, 4.71795], "texture": "#0"}
			}
		},
		{
			"name": "pizza_40",
			"from": [15.17949, 0, 4.71795],
			"to": [15.38462, 0.58013, 11.28205],
			"faces": {
				"north": {"uv": [15.38462, 4.71795, 15.17949, 4.92308], "texture": "#0"},
				"east": {"uv": [15.17949, 4.71795, 15.38462, 11.28205], "rotation": 90, "texture": "#0"},
				"south": {"uv": [15.17949, 11.07692, 15.38462, 11.28205], "texture": "#0"},
				"west": {"uv": [15.17949, 4.71795, 15.38462, 11.28205], "rotation": 270, "texture": "#0"},
				"up": {"uv": [15.17949, 4.71795, 15.38462, 11.28205], "texture": "#0"},
				"down": {"uv": [15.17949, 11.28205, 15.38462, 4.71795], "texture": "#0"}
			}
		},
		{
			"name": "pizza_41",
			"from": [0.41026, 0, 5.12821],
			"to": [0.61538, 0.58013, 12.30769],
			"faces": {
				"north": {"uv": [0.61538, 5.12821, 0.41026, 5.33333], "texture": "#0"},
				"east": {"uv": [0.41026, 5.12821, 0.61538, 12.30769], "rotation": 90, "texture": "#0"},
				"south": {"uv": [0.41026, 12.10256, 0.61538, 12.30769], "texture": "#0"},
				"west": {"uv": [0.41026, 5.12821, 0.61538, 12.30769], "rotation": 270, "texture": "#0"},
				"up": {"uv": [0.41026, 5.12821, 0.61538, 12.30769], "texture": "#0"},
				"down": {"uv": [0.41026, 12.30769, 0.61538, 5.12821], "texture": "#0"}
			}
		},
		{
			"name": "pizza_42",
			"from": [15.38462, 0, 5.12821],
			"to": [15.58974, 0.58013, 10.87179],
			"faces": {
				"north": {"uv": [15.58974, 5.12821, 15.38462, 5.33333], "texture": "#0"},
				"east": {"uv": [15.38462, 5.12821, 15.58974, 10.87179], "rotation": 90, "texture": "#0"},
				"south": {"uv": [15.38462, 10.66667, 15.58974, 10.87179], "texture": "#0"},
				"west": {"uv": [15.38462, 5.12821, 15.58974, 10.87179], "rotation": 270, "texture": "#0"},
				"up": {"uv": [15.38462, 5.12821, 15.58974, 10.87179], "texture": "#0"},
				"down": {"uv": [15.38462, 10.87179, 15.58974, 5.12821], "texture": "#0"}
			}
		},
		{
			"name": "pizza_43",
			"from": [0, 0, 5.74359],
			"to": [0.41026, 0.58013, 10.46154],
			"faces": {
				"north": {"uv": [0.41026, 5.74359, 0, 5.94872], "texture": "#0"},
				"east": {"uv": [0.20513, 5.74359, 0.41026, 10.46154], "rotation": 90, "texture": "#0"},
				"south": {"uv": [0, 10.25641, 0.41026, 10.46154], "texture": "#0"},
				"west": {"uv": [0, 5.74359, 0.20513, 10.46154], "rotation": 270, "texture": "#0"},
				"up": {"uv": [0, 5.74359, 0.41026, 10.46154], "texture": "#0"},
				"down": {"uv": [0, 10.46154, 0.41026, 5.74359], "texture": "#0"}
			}
		},
		{
			"name": "pizza_44",
			"from": [15.58974, 0, 5.74359],
			"to": [15.79487, 0.58013, 10.25641],
			"faces": {
				"north": {"uv": [15.79487, 5.74359, 15.58974, 5.94872], "texture": "#0"},
				"east": {"uv": [15.58974, 5.74359, 15.79487, 10.25641], "rotation": 90, "texture": "#0"},
				"south": {"uv": [15.58974, 10.05128, 15.79487, 10.25641], "texture": "#0"},
				"west": {"uv": [15.58974, 5.74359, 15.79487, 10.25641], "rotation": 270, "texture": "#0"},
				"up": {"uv": [15.58974, 5.74359, 15.79487, 10.25641], "texture": "#0"},
				"down": {"uv": [15.58974, 10.25641, 15.79487, 5.74359], "texture": "#0"}
			}
		},
		{
			"name": "pizza_45",
			"from": [15.79487, 0, 6.76923],
			"to": [16, 0.58013, 9.23077],
			"faces": {
				"north": {"uv": [16, 6.76923, 15.79487, 6.97436], "texture": "#0"},
				"east": {"uv": [15.79487, 6.76923, 16, 9.23077], "rotation": 90, "texture": "#0"},
				"south": {"uv": [15.79487, 9.02564, 16, 9.23077], "texture": "#0"},
				"west": {"uv": [15.79487, 6.76923, 16, 9.23077], "rotation": 270, "texture": "#0"},
				"up": {"uv": [15.79487, 6.76923, 16, 9.23077], "texture": "#0"},
				"down": {"uv": [15.79487, 9.23077, 16, 6.76923], "texture": "#0"}
			}
		},
		{
			"name": "pizza_46",
			"from": [0.20513, 0, 10.46154],
			"to": [0.41026, 0.58013, 11.89744],
			"faces": {
				"north": {"uv": [0.41026, 10.46154, 0.20513, 10.66667], "texture": "#0"},
				"east": {"uv": [0.20513, 10.46154, 0.41026, 11.89744], "rotation": 90, "texture": "#0"},
				"south": {"uv": [0.20513, 11.69231, 0.41026, 11.89744], "texture": "#0"},
				"west": {"uv": [0.20513, 10.46154, 0.41026, 11.89744], "rotation": 270, "texture": "#0"},
				"up": {"uv": [0.20513, 10.46154, 0.41026, 11.89744], "texture": "#0"},
				"down": {"uv": [0.20513, 11.89744, 0.41026, 10.46154], "texture": "#0"}
			}
		},
		{
			"name": "pizza_47",
			"from": [2.87179, 0, 14.35897],
			"to": [3.07692, 0.58013, 14.76923],
			"faces": {
				"north": {"uv": [3.07692, 14.35897, 2.87179, 14.5641], "texture": "#0"},
				"east": {"uv": [2.87179, 14.35897, 3.07692, 14.76923], "rotation": 90, "texture": "#0"},
				"south": {"uv": [2.87179, 14.5641, 3.07692, 14.76923], "texture": "#0"},
				"west": {"uv": [2.87179, 14.35897, 3.07692, 14.76923], "rotation": 270, "texture": "#0"},
				"up": {"uv": [2.87179, 14.35897, 3.07692, 14.76923], "texture": "#0"},
				"down": {"uv": [2.87179, 14.76923, 3.07692, 14.35897], "texture": "#0"}
			}
		},
		{
			"name": "pizza_48",
			"from": [3.89744, 0, 14.76923],
			"to": [4.10256, 0.58013, 14.97436],
			"faces": {
				"north": {"uv": [4.10256, 14.76923, 3.89744, 14.97436], "texture": "#0"},
				"east": {"uv": [3.89744, 14.76923, 4.10256, 14.97436], "rotation": 90, "texture": "#0"},
				"south": {"uv": [3.89744, 14.76923, 4.10256, 14.97436], "texture": "#0"},
				"west": {"uv": [3.89744, 14.76923, 4.10256, 14.97436], "rotation": 270, "texture": "#0"},
				"up": {"uv": [3.89744, 14.76923, 4.10256, 14.97436], "texture": "#0"},
				"down": {"uv": [3.89744, 14.97436, 4.10256, 14.76923], "texture": "#0"}
			}
		},
		{
			"name": "pizza_49",
			"from": [4.30769, 0, 14.97436],
			"to": [4.51282, 0.58013, 15.17949],
			"faces": {
				"north": {"uv": [4.51282, 14.97436, 4.30769, 15.17949], "texture": "#0"},
				"east": {"uv": [4.30769, 14.97436, 4.51282, 15.17949], "rotation": 90, "texture": "#0"},
				"south": {"uv": [4.30769, 14.97436, 4.51282, 15.17949], "texture": "#0"},
				"west": {"uv": [4.30769, 14.97436, 4.51282, 15.17949], "rotation": 270, "texture": "#0"},
				"up": {"uv": [4.30769, 14.97436, 4.51282, 15.17949], "texture": "#0"},
				"down": {"uv": [4.30769, 15.17949, 4.51282, 14.97436], "texture": "#0"}
			}
		},
		{
			"name": "pizza_50",
			"from": [4.71795, 0, 15.17949],
			"to": [4.92308, 0.58013, 15.38462],
			"faces": {
				"north": {"uv": [4.92308, 15.17949, 4.71795, 15.38462], "texture": "#0"},
				"east": {"uv": [4.71795, 15.17949, 4.92308, 15.38462], "rotation": 90, "texture": "#0"},
				"south": {"uv": [4.71795, 15.17949, 4.92308, 15.38462], "texture": "#0"},
				"west": {"uv": [4.71795, 15.17949, 4.92308, 15.38462], "rotation": 270, "texture": "#0"},
				"up": {"uv": [4.71795, 15.17949, 4.92308, 15.38462], "texture": "#0"},
				"down": {"uv": [4.71795, 15.38462, 4.92308, 15.17949], "texture": "#0"}
			}
		},
		{
			"name": "pizza_51",
			"from": [5.74359, 0, 15.58974],
			"to": [6.5641, 0.58013, 15.79487],
			"faces": {
				"north": {"uv": [6.5641, 15.58974, 5.74359, 15.79487], "texture": "#0"},
				"east": {"uv": [6.35897, 15.58974, 6.5641, 15.79487], "rotation": 90, "texture": "#0"},
				"south": {"uv": [5.74359, 15.58974, 6.5641, 15.79487], "texture": "#0"},
				"west": {"uv": [5.74359, 15.58974, 5.94872, 15.79487], "rotation": 270, "texture": "#0"},
				"up": {"uv": [5.74359, 15.58974, 6.5641, 15.79487], "texture": "#0"},
				"down": {"uv": [5.74359, 15.79487, 6.5641, 15.58974], "texture": "#0"}
			}
		},
		{
			"name": "pizza_52",
			"from": [6.76923, 0, 15.79487],
			"to": [9.64103, 0.58013, 16],
			"faces": {
				"north": {"uv": [9.64103, 15.79487, 6.76923, 16], "texture": "#0"},
				"east": {"uv": [9.4359, 15.79487, 9.64103, 16], "rotation": 90, "texture": "#0"},
				"south": {"uv": [6.76923, 15.79487, 9.64103, 16], "texture": "#0"},
				"west": {"uv": [6.76923, 15.79487, 6.97436, 16], "rotation": 270, "texture": "#0"},
				"up": {"uv": [6.76923, 15.79487, 9.64103, 16], "texture": "#0"},
				"down": {"uv": [6.76923, 16, 9.64103, 15.79487], "texture": "#0"}
			}
		}
	],
	"gui_light": "front",
	"display": {
		"thirdperson_righthand": {
			"rotation": [90, 0, 0],
			"translation": [0, 3.25, 5],
			"scale": [0.56, 0.56, 0.56]
		},
		"thirdperson_lefthand": {
			"rotation": [90, 0, 0],
			"translation": [0, 3.25, 5],
			"scale": [0.56, 0.56, 0.56]
		},
		"firstperson_righthand": {
			"rotation": [73, 0, 0],
			"translation": [0, 3.25, 5],
			"scale": [0.56, 0.56, 0.56]
		},
		"firstperson_lefthand": {
			"rotation": [73, 0, 0],
			"translation": [0, 3.25, 5],
			"scale": [0.56, 0.56, 0.56]
		},
		"ground": {
			"translation": [0, 9, 0]
		},
		"gui": {
			"rotation": [-90, -180, 0],
			"translation": [-0.25, 0, -9.5],
			"scale": [0.91, 0.91, 0.91]
		},
		"head": {
			"translation": [0, 2.5, -12.5]
		},
		"fixed": {
			"rotation": [-90, -180, 0],
			"translation": [0, 0, -9.5],
			"scale": [1.19, 1.19, 1.19]
		}
	},
	"groups": [
		{
			"name": "pizza",
			"origin": [8, 8, 8],
			"children": [0, 1, 2, 3, 4, 5, 6, 7, 8, 9, 10, 11, 12, 13, 14, 15, 16, 17, 18, 19, 20, 21, 22, 23, 24, 25, 26, 27, 28, 29, 30, 31, 32, 33, 34, 35, 36, 37, 38, 39, 40, 41, 42, 43, 44, 45, 46, 47, 48, 49, 50, 51, 52]
		}
	]
}