{
	"credit": "Made with Blockbench",
	"textures": {
		"2": "foods/tuna",
		"particle": "foods/tuna"
	},
	"elements": [
		{
			"from": [5.5, 1, 7.5],
			"to": [10.5, 1.5, 9],
			"rotation": {"angle": 0, "axis": "y", "origin": [15, 9, 16]},
			"faces": {
				"north": {"uv": [0, 0, 3, 15.5], "texture": "#2"},
				"east": {"uv": [0, 0, 3, 15.5], "texture": "#2"},
				"south": {"uv": [0, 0, 3, 15.5], "texture": "#2"},
				"west": {"uv": [0, 0, 3, 15.5], "texture": "#2"},
				"up": {"uv": [0, 0, 3, 15.5], "texture": "#2"},
				"down": {"uv": [0, 0, 3, 15.5], "texture": "#2"}
			}
		}
	],
	"display": {
		"thirdperson_righthand": {
			"rotation": [90, 0, 0],
			"translation": [-1.75, 0.75, 7.75]
		},
		"thirdperson_lefthand": {
			"rotation": [90, 0, 0],
			"translation": [-1.75, 0.75, 7.75]
		},
		"firstperson_righthand": {
			"rotation": [90, -45, 0],
			"translation": [2, 2.5, 7.75]
		},
		"firstperson_lefthand": {
			"rotation": [90, -45, 0],
			"translation": [3.5, 2.5, 7.75]
		},
		"ground": {
			"translation": [0, 12.5, 0],
			"scale": [1.59, 1.59, 1.59]
		},
		"gui": {
			"rotation": [45, 30, 0],
			"translation": [0, 14.25, 14.5],
			"scale": [2.92, 2.92, 2.92]
		},
		"head": {
			"rotation": [0, 90, 0],
			"translation": [-1, 33.5, -3.75],
			"scale": [4, 4, 4]
		},
		"fixed": {
			"rotation": [90, 0, 0],
			"translation": [0, 1, 14.5],
			"scale": [2.61, 2.61, 2.61]
		}
	}
}