{
	"credit": "Made with Blockbench",
	"textures": {
		"0": "block/purple_stained_glass",
		"1": "entity/lead_knot",
		"particle": "block/purple_stained_glass"
	},
	"elements": [
		{
			"from": [6.6975, 0.44, 6.7025],
			"to": [9.2975, 1.12, 9.3025],
			"rotation": {"angle": 0, "axis": "y", "origin": [0.0175, 16, -0.0175]},
			"faces": {
				"north": {"uv": [0, 5, 16, 12], "texture": "#0"},
				"east": {"uv": [0, 5, 16, 12], "texture": "#0"},
				"south": {"uv": [0, 5, 16, 12], "texture": "#0"},
				"west": {"uv": [0, 5, 16, 12], "texture": "#0"},
				"up": {"uv": [0, 0, 16, 16], "texture": "#0"},
				"down": {"uv": [0, 1.96, 2.6, 4.56], "texture": "#0"}
			}
		},
		{
			"from": [7.4975, 4.44, 7.5025],
			"to": [8.4975, 4.64, 8.5025],
			"rotation": {"angle": 0, "axis": "y", "origin": [0.0175, 16, -0.0175]},
			"faces": {
				"north": {"uv": [0, 5, 16, 12], "texture": "#0"},
				"east": {"uv": [0, 5, 16, 12], "texture": "#0"},
				"south": {"uv": [0, 5, 16, 12], "texture": "#0"},
				"west": {"uv": [0, 5, 16, 12], "texture": "#0"},
				"up": {"uv": [0, 0, 16, 16], "texture": "#0"},
				"down": {"uv": [0, 0, 16, 16], "texture": "#0"}
			}
		},
		{
			"from": [7.6575, 3.8, 7.6625],
			"to": [8.3375, 4.48, 8.3425],
			"rotation": {"angle": 0, "axis": "y", "origin": [0.0175, 16, -0.0175]},
			"faces": {
				"north": {"uv": [6, 3, 9, 7], "texture": "#1"},
				"east": {"uv": [3, 3, 6, 7], "texture": "#1"},
				"south": {"uv": [0, 3, 3, 7], "texture": "#1"},
				"west": {"uv": [9, 3, 12, 7], "texture": "#1"},
				"up": {"uv": [3, 0, 6, 3], "texture": "#1"},
				"down": {"uv": [6, 0, 9, 3], "texture": "#1"}
			}
		},
		{
			"from": [7.0175, 3.48, 7.0225],
			"to": [8.9775, 3.84, 8.9825],
			"rotation": {"angle": 0, "axis": "y", "origin": [0.0175, 16, -0.0175]},
			"faces": {
				"north": {"uv": [0, 5, 16, 12], "texture": "#0"},
				"east": {"uv": [0, 5, 16, 12], "texture": "#0"},
				"south": {"uv": [0, 5, 16, 12], "texture": "#0"},
				"west": {"uv": [0, 5, 16, 12], "texture": "#0"},
				"up": {"uv": [0, 0, 16, 16], "texture": "#0"},
				"down": {"uv": [0, 0, 16, 16], "texture": "#0"}
			}
		},
		{
			"from": [6.6975, 2.68, 6.7025],
			"to": [9.2975, 3.52, 9.3025],
			"rotation": {"angle": 0, "axis": "y", "origin": [0.0175, 16, -0.0175]},
			"faces": {
				"north": {"uv": [0, 5, 16, 12], "texture": "#0"},
				"east": {"uv": [0, 5, 16, 12], "texture": "#0"},
				"south": {"uv": [0, 5, 16, 12], "texture": "#0"},
				"west": {"uv": [0, 5, 16, 12], "texture": "#0"},
				"up": {"uv": [0, 0, 16, 16], "texture": "#0"},
				"down": {"uv": [0, 0, 16, 16], "texture": "#0"}
			}
		},
		{
			"from": [6.5375, 1.08, 6.5425],
			"to": [9.4575, 2.72, 9.4625],
			"rotation": {"angle": 0, "axis": "y", "origin": [0.0175, 16, -0.0175]},
			"faces": {
				"north": {"uv": [0, 1, 16, 9], "texture": "#0"},
				"east": {"uv": [0, 5, 16, 12], "texture": "#0"},
				"south": {"uv": [0, 7, 16, 14], "texture": "#0"},
				"west": {"uv": [0, 5, 16, 12], "texture": "#0"},
				"up": {"uv": [0, 0, 16, 16], "texture": "#0"},
				"down": {"uv": [0, 0, 16, 16], "texture": "#0"}
			}
		},
		{
			"from": [7.0175, 0.12, 7.0225],
			"to": [8.9775, 0.48, 8.9825],
			"rotation": {"angle": 0, "axis": "y", "origin": [0.0175, 16, -0.0175]},
			"faces": {
				"north": {"uv": [0, 5, 16, 12], "texture": "#0"},
				"east": {"uv": [0, 5, 16, 12], "texture": "#0"},
				"south": {"uv": [0, 5, 16, 12], "texture": "#0"},
				"west": {"uv": [0, 5, 16, 12], "texture": "#0"},
				"up": {"uv": [0, 0, 16, 16], "texture": "#0"},
				"down": {"uv": [0, 0, 16, 16], "texture": "#0"}
			}
		},
		{
			"from": [7.6775, 9.6, 7.9],
			"to": [8.3575, 9.8, 8.1],
			"rotation": {"angle": 0, "axis": "y", "origin": [8.0175, 10.1, 8]},
			"faces": {
				"north": {"uv": [1.5, 4, 2, 4.5], "texture": "#1"},
				"east": {"uv": [2.5, 3, 3, 3.5], "texture": "#1"},
				"south": {"uv": [1.5, 4, 2, 4.5], "texture": "#1"},
				"west": {"uv": [2.5, 3, 3, 3.5], "texture": "#1"},
				"up": {"uv": [2.5, 3, 3, 3.5], "texture": "#1"},
				"down": {"uv": [2.5, 3, 3, 3.5], "texture": "#1"}
			}
		},
		{
			"from": [7.6775, 10.4, 7.9],
			"to": [8.3575, 10.6, 8.1],
			"rotation": {"angle": 0, "axis": "y", "origin": [8.0175, 10.1, 8]},
			"faces": {
				"north": {"uv": [1.5, 4, 2, 4.5], "texture": "#1"},
				"east": {"uv": [2.5, 3, 3, 3.5], "texture": "#1"},
				"south": {"uv": [1.5, 4, 2, 4.5], "texture": "#1"},
				"west": {"uv": [2.5, 3, 3, 3.5], "texture": "#1"},
				"up": {"uv": [2.5, 3, 3, 3.5], "texture": "#1"},
				"down": {"uv": [2.5, 3, 3, 3.5], "texture": "#1"}
			}
		},
		{
			"from": [7.5175, 9.6, 7.9],
			"to": [7.7175, 10.6, 8.1],
			"rotation": {"angle": 0, "axis": "y", "origin": [8.0175, 10.1, 8]},
			"faces": {
				"north": {"uv": [1.5, 4, 2, 4.5], "texture": "#1"},
				"east": {"uv": [2.5, 3, 3, 3.5], "texture": "#1"},
				"south": {"uv": [1.5, 4, 2, 4.5], "texture": "#1"},
				"west": {"uv": [2.5, 3, 3, 3.5], "texture": "#1"},
				"up": {"uv": [2.5, 3, 3, 3.5], "texture": "#1"},
				"down": {"uv": [2.5, 3, 3, 3.5], "texture": "#1"}
			}
		},
		{
			"from": [8.3175, 9.6, 7.9],
			"to": [8.5175, 10.6, 8.1],
			"rotation": {"angle": 0, "axis": "y", "origin": [8.0175, 10.1, 8]},
			"faces": {
				"north": {"uv": [1.5, 4, 2, 4.5], "texture": "#1"},
				"east": {"uv": [2.5, 3, 3, 3.5], "texture": "#1"},
				"south": {"uv": [1.5, 4, 2, 4.5], "texture": "#1"},
				"west": {"uv": [2.5, 3, 3, 3.5], "texture": "#1"},
				"up": {"uv": [2.5, 3, 3, 3.5], "texture": "#1"},
				"down": {"uv": [2.5, 3, 3, 3.5], "texture": "#1"}
			}
		},
		{
			"from": [7.9175, 4.64, 7.8825],
			"to": [8.1175, 9.64, 8.0825],
			"rotation": {"angle": 0, "axis": "y", "origin": [0.0175, 0, -0.0175]},
			"faces": {
				"north": {"uv": [0, 3, 0.5, 7], "texture": "#1"},
				"east": {"uv": [1.5, 3, 2, 7], "texture": "#1"},
				"south": {"uv": [1, 3, 1.5, 7], "texture": "#1"},
				"west": {"uv": [0.5, 3, 1, 7], "texture": "#1"},
				"up": {"uv": [0, 0, 0.2, 0.2], "texture": "#1"},
				"down": {"uv": [0, 0, 0.2, 0.2], "texture": "#1"}
			}
		}
	],
	"display": {
		"thirdperson_righthand": {
			"rotation": [65, 0, 0]
		},
		"thirdperson_lefthand": {
			"rotation": [65, 0, 0]
		},
		"firstperson_righthand": {
			"rotation": [-156, -2, -179],
			"translation": [1.5, 6.25, 1.25],
			"scale": [1.38, 1.38, 1.38]
		},
		"firstperson_lefthand": {
			"rotation": [-156, -2, -179],
			"translation": [1.5, 6.25, 1.25],
			"scale": [1.38, 1.38, 1.38]
		},
		"ground": {
			"translation": [0, 9.75, 0],
			"scale": [1.38867, 1.38867, 1.38867]
		},
		"gui": {
			"rotation": [-32.15, -35.97, -46.94],
			"translation": [3.25, 3.75, 0],
			"scale": [1.51953, 1.51953, 1.51953]
		},
		"head": {
			"rotation": [-156, -2, -179],
			"translation": [0, -6.75, -7.5],
			"scale": [1.38, 1.38, 1.38]
		},
		"fixed": {
			"rotation": [0, 0, 45],
			"translation": [-3.5, 3.25, 0],
			"scale": [1.5, 1.5, 1.5]
		}
	},
	"groups": [
		{
			"name": "group",
			"origin": [0, 16, 0],
			"color": 0,
			"nbt": "{}",
			"armAnimationEnabled": false,
			"children": [0, 1, 2, 3, 4, 5, 6]
		},
		{
			"name": "group",
			"origin": [0.0175, 0, -0.0175],
			"color": 0,
			"nbt": "{}",
			"armAnimationEnabled": false,
			"children": [7, 8, 9, 10]
		},
		{
			"name": "group",
			"origin": [0.0175, 0, -0.0175],
			"color": 0,
			"nbt": "{}",
			"armAnimationEnabled": false,
			"children": [11]
		}
	]
}