{
	"credit": "Made with Blockbench",
	"elements": [
		{
			"name": "head_0",
			"from": [7, 6, 0.5],
			"to": [9, 8, 2.5],
			"rotation": {"angle": 0, "axis": "y", "origin": [15, 14, 8.5]},
			"faces": {
				"north": {"uv": [2, 2, 4, 4], "texture": "#0"},
				"east": {"uv": [0, 2, 2, 4], "texture": "#0"},
				"south": {"uv": [6, 2, 8, 4], "texture": "#0"},
				"west": {"uv": [4, 2, 6, 4], "texture": "#0"},
				"up": {"uv": [2, 0, 4, 2], "texture": "#0"},
				"down": {"uv": [4, 0, 6, 2], "texture": "#0"}
			}
		},
		{
			"name": "head_1",
			"from": [6.9, 5.9, 0.4],
			"to": [9.1, 8.1, 2.6],
			"rotation": {"angle": 0, "axis": "y", "origin": [15, 14, 8.5]},
			"faces": {
				"north": {"uv": [10, 2, 11.949, 3.949], "texture": "#0"},
				"east": {"uv": [8, 2, 9.949, 3.949], "texture": "#0"},
				"south": {"uv": [14, 2, 15.949, 3.949], "texture": "#0"},
				"west": {"uv": [12, 2, 13.949, 3.949], "texture": "#0"},
				"up": {"uv": [10, 0, 11.949, 1.949], "rotation": 180, "texture": "#0"},
				"down": {"uv": [12, 0, 13.949, 1.949], "texture": "#0"}
			}
		},
		{
			"name": "chest_0",
			"from": [7, 3, 1],
			"to": [9, 6, 2],
			"rotation": {"angle": 0, "axis": "y", "origin": [15, 11, 8]},
			"faces": {
				"north": {"uv": [5, 5, 7, 8], "texture": "#0"},
				"east": {"uv": [4, 5, 5, 8], "texture": "#0"},
				"south": {"uv": [8, 5, 10, 8], "texture": "#0"},
				"west": {"uv": [7, 5, 8, 8], "texture": "#0"},
				"up": {"uv": [5, 4, 7, 5], "texture": "#0"},
				"down": {"uv": [7, 4, 9, 5], "texture": "#0"}
			}
		},
		{
			"name": "chest_1",
			"from": [6.75, 2.9, 0.75],
			"to": [9.25, 6.1, 2.25],
			"rotation": {"angle": 0, "axis": "y", "origin": [15, 11, 8]},
			"faces": {
				"north": {"uv": [5, 9, 7, 12], "texture": "#0"},
				"east": {"uv": [4, 9, 5, 12], "texture": "#0"},
				"south": {"uv": [8, 9, 10, 12], "texture": "#0"},
				"west": {"uv": [7, 9, 8, 12], "texture": "#0"},
				"up": {"uv": [5, 8, 7, 9], "texture": "#0"},
				"down": {"uv": [7, 8, 9, 9], "texture": "#0"}
			}
		},
		{
			"name": "left_arm_0",
			"from": [6, 3, 1],
			"to": [7, 6, 2],
			"rotation": {"angle": 0, "axis": "y", "origin": [14, 11, 8]},
			"faces": {
				"north": {"uv": [9, 13, 10, 16], "texture": "#0"},
				"east": {"uv": [8, 13, 9, 16], "texture": "#0"},
				"south": {"uv": [11, 13, 12, 16], "texture": "#0"},
				"west": {"uv": [10, 13, 11, 16], "texture": "#0"},
				"up": {"uv": [9, 12, 10, 13], "texture": "#0"},
				"down": {"uv": [10, 12, 11, 13], "texture": "#0"}
			}
		},
		{
			"name": "left_arm_1",
			"from": [5.9, 2.9, 0.9],
			"to": [7.1, 6.1, 2.1],
			"rotation": {"angle": 0, "axis": "y", "origin": [14, 11, 8]},
			"faces": {
				"north": {"uv": [13, 13, 14, 15.95], "texture": "#0"},
				"east": {"uv": [12, 13, 13, 15.95], "texture": "#0"},
				"south": {"uv": [15, 13, 16, 15.95], "texture": "#0"},
				"west": {"uv": [14, 13, 15, 15.95], "texture": "#0"},
				"up": {"uv": [13, 12, 14, 13], "texture": "#0"},
				"down": {"uv": [14, 12, 15, 13], "texture": "#0"}
			}
		},
		{
			"name": "right_arm_0",
			"from": [9, 3, 1],
			"to": [10, 6, 2],
			"rotation": {"angle": 0, "axis": "y", "origin": [17, 11, 8]},
			"faces": {
				"north": {"uv": [11, 5, 12, 8], "texture": "#0"},
				"east": {"uv": [10, 5, 11, 8], "texture": "#0"},
				"south": {"uv": [13, 5, 14, 8], "texture": "#0"},
				"west": {"uv": [12, 5, 13, 8], "texture": "#0"},
				"up": {"uv": [11, 4, 12, 5], "texture": "#0"},
				"down": {"uv": [12, 4, 13, 5], "texture": "#0"}
			}
		},
		{
			"name": "right_arm_1",
			"from": [8.9, 2.9, 0.9],
			"to": [10.1, 6.1, 2.1],
			"rotation": {"angle": 0, "axis": "y", "origin": [17, 11, 8]},
			"faces": {
				"north": {"uv": [11, 9, 12, 12], "texture": "#0"},
				"east": {"uv": [10, 9, 11, 12], "texture": "#0"},
				"south": {"uv": [12, 9, 13, 12], "texture": "#0"},
				"west": {"uv": [12, 9, 13, 12], "texture": "#0"},
				"up": {"uv": [11, 8, 12, 9], "texture": "#0"},
				"down": {"uv": [12, 8, 13, 9], "texture": "#0"}
			}
		},
		{
			"name": "left_leg_0",
			"from": [7, 0, 1],
			"to": [8, 3, 2],
			"rotation": {"angle": 0, "axis": "y", "origin": [15, 8, 8]},
			"faces": {
				"north": {"uv": [5, 13, 6, 16], "texture": "#0"},
				"east": {"uv": [4, 13, 5, 16], "texture": "#0"},
				"south": {"uv": [7, 13, 8, 16], "texture": "#0"},
				"west": {"uv": [6, 13, 7, 16], "texture": "#0"},
				"up": {"uv": [5, 12, 6, 13], "texture": "#0"},
				"down": {"uv": [6, 12, 7, 13], "texture": "#0"}
			}
		},
		{
			"name": "left_leg_1",
			"from": [6.9, -0.1, 0.9],
			"to": [8.1, 3.1, 2.1],
			"rotation": {"angle": 0, "axis": "y", "origin": [16, 8, 8]},
			"faces": {
				"north": {"uv": [1, 13, 2, 16], "texture": "#0"},
				"east": {"uv": [0, 13, 1, 16], "texture": "#0"},
				"south": {"uv": [3, 13, 4, 16], "texture": "#0"},
				"west": {"uv": [2, 13, 3, 16], "texture": "#0"},
				"up": {"uv": [1, 12, 2, 13], "texture": "#0"},
				"down": {"uv": [2, 12, 3, 13], "texture": "#0"}
			}
		},
		{
			"name": "right_leg_1",
			"from": [7.9, -0.1, 0.9],
			"to": [9.1, 3.1, 2.1],
			"rotation": {"angle": 0, "axis": "y", "origin": [15, 8, 8]},
			"faces": {
				"north": {"uv": [1, 9, 2, 12], "texture": "#0"},
				"east": {"uv": [0, 9, 1, 12], "texture": "#0"},
				"south": {"uv": [3, 9, 4, 12], "texture": "#0"},
				"west": {"uv": [2, 9, 3, 12], "texture": "#0"},
				"up": {"uv": [1, 8, 2, 9], "texture": "#0"},
				"down": {"uv": [2, 8, 3, 9], "texture": "#0"}
			}
		},
		{
			"name": "right_leg_0",
			"from": [8, 0, 1],
			"to": [9, 3, 2],
			"rotation": {"angle": 0, "axis": "y", "origin": [16, 8, 8]},
			"faces": {
				"north": {"uv": [1, 5, 2, 8], "texture": "#0"},
				"east": {"uv": [0, 5, 1, 8], "texture": "#0"},
				"south": {"uv": [3, 5, 4, 8], "texture": "#0"},
				"west": {"uv": [2, 5, 3, 8], "texture": "#0"},
				"up": {"uv": [1, 4, 2, 5], "texture": "#0"},
				"down": {"uv": [2, 4, 3, 5], "texture": "#0"}
			}
		}
	],
	"display": {
		"thirdperson_righthand": {
			"translation": [0, 2.25, 6]
		},
		"thirdperson_lefthand": {
			"rotation": [68.25, 0, 0],
			"translation": [0, -5.25, 21.5]
		},
		"firstperson_righthand": {
			"rotation": [-20.5, 151, -34.75],
			"translation": [2.25, 2.5, -7.25]
		},
		"firstperson_lefthand": {
			"rotation": [-20.5, 151, -34.75],
			"translation": [2.25, 2.5, -7.25]
		},
		"ground": {
			"rotation": [90, 0, 0],
			"translation": [0, -9, 0]
		},
		"gui": {
			"rotation": [0, 136.5, 0],
			"translation": [7.75, 7, 0],
			"scale": [1.8, 1.8, 1.8]
		},
		"head": {
			"translation": [0, 0.5, 25.75],
			"scale": [4, 4, 4]
		},
		"fixed": {
			"translation": [0.25, 8, 11.75],
			"scale": [2, 2, 2]
		}
	},
	"groups": [
		{
			"name": "player",
			"origin": [16, 8, 8],
			"children": [
				{
					"name": "head",
					"origin": [8, 8, 8],
					"children": [0, 1]
				},
				{
					"name": "chest",
					"origin": [15, 14, 8.5],
					"children": [2, 3]
				},
				{
					"name": "arm",
					"origin": [8, 8, 8],
					"children": [4, 5, 6, 7]
				},
				{
					"name": "leg",
					"origin": [15, 14, 8.5],
					"children": [8, 9, 10, 11]
				}
			]
		}
	]
}