{
	"credit": "Made with Blockbench",
	"textures": {
		"2": "block/red_concrete_powder",
		"3": "block/blue_concrete_powder",
		"4": "block/yellow_concrete_powder",
		"5": "block/lime_concrete_powder",
		"particle": "block/red_concrete_powder"
	},
	"elements": [
		{
			"from": [8, 1.25, 8.1],
			"to": [8.05, 2.5, 8.15],
			"rotation": {"angle": 0, "axis": "y", "origin": [0, 0, 7.5]},
			"faces": {
				"north": {"uv": [0, 0, 0.05, 1.25], "texture": "#4"},
				"east": {"uv": [0, 0, 0.05, 1.25], "texture": "#4"},
				"south": {"uv": [0, 0, 0.05, 1.25], "texture": "#4"},
				"west": {"uv": [0, 0, 0.05, 1.25], "texture": "#4"},
				"up": {"uv": [0, 0, 0.05, 0.05], "texture": "#4"},
				"down": {"uv": [0, 0, 0.05, 0.05], "texture": "#4"}
			}
		},
		{
			"from": [7.975, 0, 8.075],
			"to": [8.075, 1.45, 8.175],
			"rotation": {"angle": 0, "axis": "y", "origin": [0, 0, 7.5]},
			"faces": {
				"north": {"uv": [0, 0, 2.1, 16], "texture": "#2"},
				"east": {"uv": [0, 0, 2.1, 16], "texture": "#2"},
				"south": {"uv": [0, 0, 2.1, 16], "texture": "#2"},
				"west": {"uv": [0, 0, 2.1, 16], "texture": "#2"},
				"up": {"uv": [0, 0, 0.1, 0.1], "texture": "#2"},
				"down": {"uv": [0, 0, 0.1, 0.1], "texture": "#2"}
			}
		},
		{
			"from": [8, 2.5, 8.1],
			"to": [8.05, 3, 8.15],
			"rotation": {"angle": 0, "axis": "y", "origin": [0, 0.5, 7.5]},
			"faces": {
				"north": {"uv": [0, 0, 0.05, 0.5], "texture": "#5"},
				"east": {"uv": [0, 0, 0.05, 0.5], "texture": "#5"},
				"south": {"uv": [0, 0, 0.05, 0.5], "texture": "#5"},
				"west": {"uv": [0, 0, 0.05, 0.5], "texture": "#5"},
				"up": {"uv": [0, 0, 0.05, 0.05], "texture": "#5"},
				"down": {"uv": [0, 0, 0.05, 0.05], "texture": "#5"}
			}
		},
		{
			"from": [8, 3, 8.1],
			"to": [8.05, 5, 8.15],
			"rotation": {"angle": 0, "axis": "y", "origin": [0, -0.75, 7.5]},
			"faces": {
				"north": {"uv": [0, 0, 0.05, 2], "texture": "#3"},
				"east": {"uv": [0, 0, 0.05, 2], "texture": "#3"},
				"south": {"uv": [0, 0, 0.05, 2], "texture": "#3"},
				"west": {"uv": [0, 0, 0.05, 2], "texture": "#3"},
				"up": {"uv": [0, 0, 0.05, 0.05], "texture": "#3"},
				"down": {"uv": [0, 0, 0.05, 0.05], "texture": "#3"}
			}
		},
		{
			"from": [8, 5, 8.1],
			"to": [8.05, 7.25, 8.15],
			"rotation": {"angle": 0, "axis": "y", "origin": [0, -1.25, 7.5]},
			"faces": {
				"north": {"uv": [0, 0, 1.05, 16], "texture": "#2"},
				"east": {"uv": [0, 0, 0.05, 2.25], "texture": "#2"},
				"south": {"uv": [0, 0, 0.05, 2.25], "texture": "#2"},
				"west": {"uv": [0, 0, 0.05, 2.25], "texture": "#2"},
				"up": {"uv": [0, 0, 0.05, 0.05], "texture": "#2"},
				"down": {"uv": [0, 0, 0.05, 0.05], "texture": "#2"}
			}
		},
		{
			"from": [5.93609, 7.79894, 8.1],
			"to": [6.11109, 9.29894, 8.175],
			"rotation": {"angle": 22.5, "axis": "z", "origin": [8.56109, 12.54894, 8.125]},
			"faces": {
				"north": {"uv": [4, 0, 7, 16], "texture": "#2"},
				"east": {"uv": [10, 0, 11, 16], "texture": "#2"},
				"south": {"uv": [4, 0, 7, 16], "texture": "#2"},
				"west": {"uv": [10, 0, 11, 16], "texture": "#2"},
				"up": {"uv": [0, 0, 0.175, 0.075], "texture": "#2"},
				"down": {"uv": [0, 0, 0.175, 0.075], "texture": "#2"}
			}
		}
	],
	"display": {
		"thirdperson_righthand": {
			"rotation": [70, 0, 0],
			"translation": [0, 1.25, 3],
			"scale": [1.37695, 1.37695, 1.37695]
		},
		"thirdperson_lefthand": {
			"rotation": [70, 0, 0],
			"translation": [0, 1.25, 3],
			"scale": [1.37695, 1.37695, 1.37695]
		},
		"firstperson_righthand": {
			"rotation": [-180, 86.75, -180],
			"translation": [1.5, 9.5, 0.75],
			"scale": [1.12305, 1.12305, 1.12305]
		},
		"firstperson_lefthand": {
			"rotation": [-180, -102, -180],
			"translation": [1.5, 9.5, 0.75],
			"scale": [1.12305, 1.12305, 1.12305]
		},
		"ground": {
			"rotation": [90, 0, 0],
			"translation": [0, 0, 4.5],
			"scale": [1.83398, 1.83398, 1.83398]
		},
		"gui": {
			"rotation": [-180, 43.75, -135],
			"translation": [4.5, 6, -0.5],
			"scale": [2.31641, 2.31641, 2.31641]
		},
		"head": {
			"rotation": [90, 0, 0],
			"translation": [0, -4, -7.25],
			"scale": [2.2207, 2.2207, 2.2207]
		},
		"fixed": {
			"rotation": [0, 0, 45],
			"translation": [-5.5, 6, -0.5],
			"scale": [2.31641, 2.31641, 2.31641]
		}
	},
	"groups": [
		{
			"name": "group",
			"origin": [8.56109, 12.54894, 0.625],
			"color": 0,
			"children": [0, 1, 2, 3, 4, 5]
		}
	]
}