{
	"credit": "Made with Blockbench",
	"textures": {
		"0": "block/light_blue_stained_glass",
		"1": "block/white_stained_glass",
		"particle": "block/light_blue_stained_glass"
	},
	"elements": [
		{
			"from": [2.9999, 7.9999, 4.9999],
			"to": [4.0001, 10.0001, 11.0001],
			"faces": {
				"north": {"uv": [0, 16, 0, 16], "texture": "#0"},
				"east": {"uv": [0, 16, 0, 16], "texture": "#0"},
				"south": {"uv": [0, 16, 0, 16], "texture": "#0"},
				"west": {"uv": [0, 16, 0, 16], "texture": "#0"},
				"up": {"uv": [0, 16, 0, 16], "texture": "#0"},
				"down": {"uv": [0, 16, 0, 16], "texture": "#0"}
			}
		},
		{
			"from": [3.7499, 10.2499, 4.9999],
			"to": [4.7501, 11.2501, 11.0001],
			"faces": {
				"north": {"uv": [0, 16, 0, 16], "texture": "#0"},
				"east": {"uv": [0, 16, 0, 16], "texture": "#0"},
				"south": {"uv": [0, 16, 0, 16], "texture": "#0"},
				"west": {"uv": [0, 16, 0, 16], "texture": "#0"},
				"up": {"uv": [0, 16, 0, 16], "texture": "#0"},
				"down": {"uv": [0, 16, 0, 16], "texture": "#0"}
			}
		},
		{
			"from": [11.2499, 10.2499, 4.9999],
			"to": [12.2501, 11.2501, 11.0001],
			"faces": {
				"north": {"uv": [0, 16, 0, 16], "texture": "#0"},
				"east": {"uv": [0, 16, 0, 16], "texture": "#0"},
				"south": {"uv": [0, 16, 0, 16], "texture": "#0"},
				"west": {"uv": [0, 16, 0, 16], "texture": "#0"},
				"up": {"uv": [0, 16, 0, 16], "texture": "#0"},
				"down": {"uv": [0, 16, 0, 16], "texture": "#0"}
			}
		},
		{
			"from": [10.4999, 10.7499, 4.9999],
			"to": [11.5001, 11.7501, 11.0001],
			"faces": {
				"north": {"uv": [0, 16, 0, 16], "texture": "#0"},
				"east": {"uv": [0, 16, 0, 16], "texture": "#0"},
				"south": {"uv": [0, 16, 0, 16], "texture": "#0"},
				"west": {"uv": [0, 16, 0, 16], "texture": "#0"},
				"up": {"uv": [0, 16, 0, 16], "texture": "#0"},
				"down": {"uv": [0, 16, 0, 16], "texture": "#0"}
			}
		},
		{
			"from": [11.7499, 9.4999, 4.9999],
			"to": [12.7501, 10.5001, 11.0001],
			"faces": {
				"north": {"uv": [0, 16, 0, 16], "texture": "#0"},
				"east": {"uv": [0, 16, 0, 16], "texture": "#0"},
				"south": {"uv": [0, 16, 0, 16], "texture": "#0"},
				"west": {"uv": [0, 16, 0, 16], "texture": "#0"},
				"up": {"uv": [0, 16, 0, 16], "texture": "#0"},
				"down": {"uv": [0, 16, 0, 16], "texture": "#0"}
			}
		},
		{
			"from": [11.4999, 9.9999, 4.9999],
			"to": [12.5001, 11.0001, 11.0001],
			"faces": {
				"north": {"uv": [0, 16, 0, 16], "texture": "#0"},
				"east": {"uv": [0, 16, 0, 16], "texture": "#0"},
				"south": {"uv": [0, 16, 0, 16], "texture": "#0"},
				"west": {"uv": [0, 16, 0, 16], "texture": "#0"},
				"up": {"uv": [0, 16, 0, 16], "texture": "#0"},
				"down": {"uv": [0, 16, 0, 16], "texture": "#0"}
			}
		},
		{
			"from": [3.4999, 9.9999, 4.9999],
			"to": [4.5001, 11.0001, 11.0001],
			"faces": {
				"north": {"uv": [0, 16, 0, 16], "texture": "#0"},
				"east": {"uv": [0, 16, 0, 16], "texture": "#0"},
				"south": {"uv": [0, 16, 0, 16], "texture": "#0"},
				"west": {"uv": [0, 16, 0, 16], "texture": "#0"},
				"up": {"uv": [0, 16, 0, 16], "texture": "#0"},
				"down": {"uv": [0, 16, 0, 16], "texture": "#0"}
			}
		},
		{
			"from": [10.9999, 10.4999, 4.9999],
			"to": [12.0001, 11.5001, 11.0001],
			"faces": {
				"north": {"uv": [0, 16, 0, 16], "texture": "#0"},
				"east": {"uv": [0, 16, 0, 16], "texture": "#0"},
				"south": {"uv": [0, 16, 0, 16], "texture": "#0"},
				"west": {"uv": [0, 16, 0, 16], "texture": "#0"},
				"up": {"uv": [0, 16, 0, 16], "texture": "#0"},
				"down": {"uv": [0, 16, 0, 16], "texture": "#0"}
			}
		},
		{
			"from": [3.9999, 10.4999, 4.9999],
			"to": [5.0001, 11.5001, 11.0001],
			"faces": {
				"north": {"uv": [0, 16, 0, 16], "texture": "#0"},
				"east": {"uv": [0, 16, 0, 16], "texture": "#0"},
				"south": {"uv": [0, 16, 0, 16], "texture": "#0"},
				"west": {"uv": [0, 16, 0, 16], "texture": "#0"},
				"up": {"uv": [0, 16, 0, 16], "texture": "#0"},
				"down": {"uv": [0, 16, 0, 16], "texture": "#0"}
			}
		},
		{
			"from": [3.2499, 9.4999, 4.9999],
			"to": [4.2501, 10.5001, 11.0001],
			"faces": {
				"north": {"uv": [0, 16, 0, 16], "texture": "#0"},
				"east": {"uv": [0, 16, 0, 16], "texture": "#0"},
				"south": {"uv": [0, 16, 0, 16], "texture": "#0"},
				"west": {"uv": [0, 16, 0, 16], "texture": "#0"},
				"up": {"uv": [0, 16, 0, 16], "texture": "#0"},
				"down": {"uv": [0, 16, 0, 16], "texture": "#0"}
			}
		},
		{
			"from": [4.4999, 10.7499, 4.9999],
			"to": [5.5001, 11.7501, 11.0001],
			"faces": {
				"north": {"uv": [0, 16, 0, 16], "texture": "#0"},
				"east": {"uv": [0, 16, 0, 16], "texture": "#0"},
				"south": {"uv": [0, 16, 0, 16], "texture": "#0"},
				"west": {"uv": [0, 16, 0, 16], "texture": "#0"},
				"up": {"uv": [0, 16, 0, 16], "texture": "#0"},
				"down": {"uv": [0, 16, 0, 16], "texture": "#0"}
			}
		},
		{
			"from": [11.9999, 7.9999, 4.9999],
			"to": [13.0001, 10.0001, 11.0001],
			"faces": {
				"north": {"uv": [0, 16, 0, 16], "texture": "#0"},
				"east": {"uv": [0, 16, 0, 16], "texture": "#0"},
				"south": {"uv": [0, 16, 0, 16], "texture": "#0"},
				"west": {"uv": [0, 16, 0, 16], "texture": "#0"},
				"up": {"uv": [0, 16, 0, 16], "texture": "#0"},
				"down": {"uv": [0, 16, 0, 16], "texture": "#0"}
			}
		},
		{
			"from": [11.2499, 7.9999, 11.2499],
			"to": [12.2501, 10.0001, 12.2501],
			"faces": {
				"north": {"uv": [0, 16, 0, 16], "texture": "#0"},
				"east": {"uv": [0, 16, 0, 16], "texture": "#0"},
				"south": {"uv": [0, 16, 0, 16], "texture": "#0"},
				"west": {"uv": [0, 16, 0, 16], "texture": "#0"},
				"up": {"uv": [0, 16, 0, 16], "texture": "#0"},
				"down": {"uv": [0, 16, 0, 16], "texture": "#0"}
			}
		},
		{
			"from": [11.2499, 7.9999, 3.7499],
			"to": [12.2501, 10.0001, 4.7501],
			"faces": {
				"north": {"uv": [0, 16, 0, 16], "texture": "#0"},
				"east": {"uv": [0, 16, 0, 16], "texture": "#0"},
				"south": {"uv": [0, 16, 0, 16], "texture": "#0"},
				"west": {"uv": [0, 16, 0, 16], "texture": "#0"},
				"up": {"uv": [0, 16, 0, 16], "texture": "#0"},
				"down": {"uv": [0, 16, 0, 16], "texture": "#0"}
			}
		},
		{
			"from": [10.9999, 9.9999, 3.9999],
			"to": [12.0001, 11.0001, 5.0001],
			"faces": {
				"north": {"uv": [0, 16, 0, 16], "texture": "#0"},
				"east": {"uv": [0, 16, 0, 16], "texture": "#0"},
				"south": {"uv": [0, 16, 0, 16], "texture": "#0"},
				"west": {"uv": [0, 16, 0, 16], "texture": "#0"},
				"up": {"uv": [0, 16, 0, 16], "texture": "#0"},
				"down": {"uv": [0, 16, 0, 16], "texture": "#0"}
			}
		},
		{
			"from": [3.9999, 9.9999, 3.9999],
			"to": [5.0001, 11.0001, 5.0001],
			"faces": {
				"north": {"uv": [0, 16, 0, 16], "texture": "#0"},
				"east": {"uv": [0, 16, 0, 16], "texture": "#0"},
				"south": {"uv": [0, 16, 0, 16], "texture": "#0"},
				"west": {"uv": [0, 16, 0, 16], "texture": "#0"},
				"up": {"uv": [0, 16, 0, 16], "texture": "#0"},
				"down": {"uv": [0, 16, 0, 16], "texture": "#0"}
			}
		},
		{
			"from": [4.2499, 10.4999, 4.2499],
			"to": [5.2501, 11.5001, 5.2501],
			"faces": {
				"north": {"uv": [0, 16, 0, 16], "texture": "#0"},
				"east": {"uv": [0, 16, 0, 16], "texture": "#0"},
				"south": {"uv": [0, 16, 0, 16], "texture": "#0"},
				"west": {"uv": [0, 16, 0, 16], "texture": "#0"},
				"up": {"uv": [0, 16, 0, 16], "texture": "#0"},
				"down": {"uv": [0, 16, 0, 16], "texture": "#0"}
			}
		},
		{
			"from": [4.2499, 10.4999, 10.7499],
			"to": [5.2501, 11.5001, 11.7501],
			"faces": {
				"north": {"uv": [0, 16, 0, 16], "texture": "#0"},
				"east": {"uv": [0, 16, 0, 16], "texture": "#0"},
				"south": {"uv": [0, 16, 0, 16], "texture": "#0"},
				"west": {"uv": [0, 16, 0, 16], "texture": "#0"},
				"up": {"uv": [0, 16, 0, 16], "texture": "#0"},
				"down": {"uv": [0, 16, 0, 16], "texture": "#0"}
			}
		},
		{
			"from": [10.7499, 10.4999, 10.7499],
			"to": [11.7501, 11.5001, 11.7501],
			"faces": {
				"north": {"uv": [0, 16, 0, 16], "texture": "#0"},
				"east": {"uv": [0, 16, 0, 16], "texture": "#0"},
				"south": {"uv": [0, 16, 0, 16], "texture": "#0"},
				"west": {"uv": [0, 16, 0, 16], "texture": "#0"},
				"up": {"uv": [0, 16, 0, 16], "texture": "#0"},
				"down": {"uv": [0, 16, 0, 16], "texture": "#0"}
			}
		},
		{
			"from": [10.7499, 10.4999, 4.2499],
			"to": [11.7501, 11.5001, 5.2501],
			"faces": {
				"north": {"uv": [0, 16, 0, 16], "texture": "#0"},
				"east": {"uv": [0, 16, 0, 16], "texture": "#0"},
				"south": {"uv": [0, 16, 0, 16], "texture": "#0"},
				"west": {"uv": [0, 16, 0, 16], "texture": "#0"},
				"up": {"uv": [0, 16, 0, 16], "texture": "#0"},
				"down": {"uv": [0, 16, 0, 16], "texture": "#0"}
			}
		},
		{
			"from": [3.9999, 9.9999, 10.9999],
			"to": [5.0001, 11.0001, 12.0001],
			"faces": {
				"north": {"uv": [0, 16, 0, 16], "texture": "#0"},
				"east": {"uv": [0, 16, 0, 16], "texture": "#0"},
				"south": {"uv": [0, 16, 0, 16], "texture": "#0"},
				"west": {"uv": [0, 16, 0, 16], "texture": "#0"},
				"up": {"uv": [0, 16, 0, 16], "texture": "#0"},
				"down": {"uv": [0, 16, 0, 16], "texture": "#0"}
			}
		},
		{
			"from": [10.9999, 9.9999, 10.9999],
			"to": [12.0001, 11.0001, 12.0001],
			"faces": {
				"north": {"uv": [0, 16, 0, 16], "texture": "#0"},
				"east": {"uv": [0, 16, 0, 16], "texture": "#0"},
				"south": {"uv": [0, 16, 0, 16], "texture": "#0"},
				"west": {"uv": [0, 16, 0, 16], "texture": "#0"},
				"up": {"uv": [0, 16, 0, 16], "texture": "#0"},
				"down": {"uv": [0, 16, 0, 16], "texture": "#0"}
			}
		},
		{
			"from": [10.4999, 9.9999, 11.2499],
			"to": [11.5001, 11.0001, 12.2501],
			"faces": {
				"north": {"uv": [0, 16, 0, 16], "texture": "#0"},
				"east": {"uv": [0, 16, 0, 16], "texture": "#0"},
				"south": {"uv": [0, 16, 0, 16], "texture": "#0"},
				"west": {"uv": [0, 16, 0, 16], "texture": "#0"},
				"up": {"uv": [0, 16, 0, 16], "texture": "#0"},
				"down": {"uv": [0, 16, 0, 16], "texture": "#0"}
			}
		},
		{
			"from": [10.4999, 9.9999, 3.7499],
			"to": [11.5001, 11.0001, 4.7501],
			"faces": {
				"north": {"uv": [0, 16, 0, 16], "texture": "#0"},
				"east": {"uv": [0, 16, 0, 16], "texture": "#0"},
				"south": {"uv": [0, 16, 0, 16], "texture": "#0"},
				"west": {"uv": [0, 16, 0, 16], "texture": "#0"},
				"up": {"uv": [0, 16, 0, 16], "texture": "#0"},
				"down": {"uv": [0, 16, 0, 16], "texture": "#0"}
			}
		},
		{
			"from": [4.4999, 9.9999, 3.7499],
			"to": [5.5001, 11.0001, 4.7501],
			"faces": {
				"north": {"uv": [0, 16, 0, 16], "texture": "#0"},
				"east": {"uv": [0, 16, 0, 16], "texture": "#0"},
				"south": {"uv": [0, 16, 0, 16], "texture": "#0"},
				"west": {"uv": [0, 16, 0, 16], "texture": "#0"},
				"up": {"uv": [0, 16, 0, 16], "texture": "#0"},
				"down": {"uv": [0, 16, 0, 16], "texture": "#0"}
			}
		},
		{
			"from": [4.4999, 9.9999, 11.2499],
			"to": [5.5001, 11.0001, 12.2501],
			"faces": {
				"north": {"uv": [0, 16, 0, 16], "texture": "#0"},
				"east": {"uv": [0, 16, 0, 16], "texture": "#0"},
				"south": {"uv": [0, 16, 0, 16], "texture": "#0"},
				"west": {"uv": [0, 16, 0, 16], "texture": "#0"},
				"up": {"uv": [0, 16, 0, 16], "texture": "#0"},
				"down": {"uv": [0, 16, 0, 16], "texture": "#0"}
			}
		},
		{
			"from": [11.2499, 9.9999, 10.4999],
			"to": [12.2501, 11.0001, 11.5001],
			"faces": {
				"north": {"uv": [0, 16, 0, 16], "texture": "#0"},
				"east": {"uv": [0, 16, 0, 16], "texture": "#0"},
				"south": {"uv": [0, 16, 0, 16], "texture": "#0"},
				"west": {"uv": [0, 16, 0, 16], "texture": "#0"},
				"up": {"uv": [0, 16, 0, 16], "texture": "#0"},
				"down": {"uv": [0, 16, 0, 16], "texture": "#0"}
			}
		},
		{
			"from": [11.2499, 9.9999, 4.4999],
			"to": [12.2501, 11.0001, 5.5001],
			"faces": {
				"north": {"uv": [0, 16, 0, 16], "texture": "#0"},
				"east": {"uv": [0, 16, 0, 16], "texture": "#0"},
				"south": {"uv": [0, 16, 0, 16], "texture": "#0"},
				"west": {"uv": [0, 16, 0, 16], "texture": "#0"},
				"up": {"uv": [0, 16, 0, 16], "texture": "#0"},
				"down": {"uv": [0, 16, 0, 16], "texture": "#0"}
			}
		},
		{
			"from": [3.7499, 9.9999, 4.4999],
			"to": [4.7501, 11.0001, 5.5001],
			"faces": {
				"north": {"uv": [0, 16, 0, 16], "texture": "#0"},
				"east": {"uv": [0, 16, 0, 16], "texture": "#0"},
				"south": {"uv": [0, 16, 0, 16], "texture": "#0"},
				"west": {"uv": [0, 16, 0, 16], "texture": "#0"},
				"up": {"uv": [0, 16, 0, 16], "texture": "#0"},
				"down": {"uv": [0, 16, 0, 16], "texture": "#0"}
			}
		},
		{
			"from": [3.7499, 9.9999, 10.4999],
			"to": [4.7501, 11.0001, 11.5001],
			"faces": {
				"north": {"uv": [0, 16, 0, 16], "texture": "#0"},
				"east": {"uv": [0, 16, 0, 16], "texture": "#0"},
				"south": {"uv": [0, 16, 0, 16], "texture": "#0"},
				"west": {"uv": [0, 16, 0, 16], "texture": "#0"},
				"up": {"uv": [0, 16, 0, 16], "texture": "#0"},
				"down": {"uv": [0, 16, 0, 16], "texture": "#0"}
			}
		},
		{
			"from": [3.7499, 7.9999, 11.2499],
			"to": [4.7501, 10.0001, 12.2501],
			"faces": {
				"north": {"uv": [0, 16, 0, 16], "texture": "#0"},
				"east": {"uv": [0, 16, 0, 16], "texture": "#0"},
				"south": {"uv": [0, 16, 0, 16], "texture": "#0"},
				"west": {"uv": [0, 16, 0, 16], "texture": "#0"},
				"up": {"uv": [0, 16, 0, 16], "texture": "#0"},
				"down": {"uv": [0, 16, 0, 16], "texture": "#0"}
			}
		},
		{
			"from": [3.9999, 7.9999, 11.4999],
			"to": [5.0001, 10.0001, 12.5001],
			"faces": {
				"north": {"uv": [0, 16, 0, 16], "texture": "#0"},
				"east": {"uv": [0, 16, 0, 16], "texture": "#0"},
				"south": {"uv": [0, 16, 0, 16], "texture": "#0"},
				"west": {"uv": [0, 16, 0, 16], "texture": "#0"},
				"up": {"uv": [0, 16, 0, 16], "texture": "#0"},
				"down": {"uv": [0, 16, 0, 16], "texture": "#0"}
			}
		},
		{
			"from": [10.9999, 7.9999, 11.4999],
			"to": [12.0001, 10.0001, 12.5001],
			"faces": {
				"north": {"uv": [0, 16, 0, 16], "texture": "#0"},
				"east": {"uv": [0, 16, 0, 16], "texture": "#0"},
				"south": {"uv": [0, 16, 0, 16], "texture": "#0"},
				"west": {"uv": [0, 16, 0, 16], "texture": "#0"},
				"up": {"uv": [0, 16, 0, 16], "texture": "#0"},
				"down": {"uv": [0, 16, 0, 16], "texture": "#0"}
			}
		},
		{
			"from": [10.9999, 7.9999, 3.4999],
			"to": [12.0001, 10.0001, 4.5001],
			"faces": {
				"north": {"uv": [0, 16, 0, 16], "texture": "#0"},
				"east": {"uv": [0, 16, 0, 16], "texture": "#0"},
				"south": {"uv": [0, 16, 0, 16], "texture": "#0"},
				"west": {"uv": [0, 16, 0, 16], "texture": "#0"},
				"up": {"uv": [0, 16, 0, 16], "texture": "#0"},
				"down": {"uv": [0, 16, 0, 16], "texture": "#0"}
			}
		},
		{
			"from": [3.9999, 7.9999, 3.4999],
			"to": [5.0001, 10.0001, 4.5001],
			"faces": {
				"north": {"uv": [0, 16, 0, 16], "texture": "#0"},
				"east": {"uv": [0, 16, 0, 16], "texture": "#0"},
				"south": {"uv": [0, 16, 0, 16], "texture": "#0"},
				"west": {"uv": [0, 16, 0, 16], "texture": "#0"},
				"up": {"uv": [0, 16, 0, 16], "texture": "#0"},
				"down": {"uv": [0, 16, 0, 16], "texture": "#0"}
			}
		},
		{
			"from": [3.4999, 7.9999, 10.9999],
			"to": [4.5001, 10.0001, 12.0001],
			"faces": {
				"north": {"uv": [0, 16, 0, 16], "texture": "#0"},
				"east": {"uv": [0, 16, 0, 16], "texture": "#0"},
				"south": {"uv": [0, 16, 0, 16], "texture": "#0"},
				"west": {"uv": [0, 16, 0, 16], "texture": "#0"},
				"up": {"uv": [0, 16, 0, 16], "texture": "#0"},
				"down": {"uv": [0, 16, 0, 16], "texture": "#0"}
			}
		},
		{
			"from": [11.4999, 7.9999, 10.9999],
			"to": [12.5001, 10.0001, 12.0001],
			"faces": {
				"north": {"uv": [0, 16, 0, 16], "texture": "#0"},
				"east": {"uv": [0, 16, 0, 16], "texture": "#0"},
				"south": {"uv": [0, 16, 0, 16], "texture": "#0"},
				"west": {"uv": [0, 16, 0, 16], "texture": "#0"},
				"up": {"uv": [0, 16, 0, 16], "texture": "#0"},
				"down": {"uv": [0, 16, 0, 16], "texture": "#0"}
			}
		},
		{
			"from": [11.4999, 7.9999, 3.9999],
			"to": [12.5001, 10.0001, 5.0001],
			"faces": {
				"north": {"uv": [0, 16, 0, 16], "texture": "#0"},
				"east": {"uv": [0, 16, 0, 16], "texture": "#0"},
				"south": {"uv": [0, 16, 0, 16], "texture": "#0"},
				"west": {"uv": [0, 16, 0, 16], "texture": "#0"},
				"up": {"uv": [0, 16, 0, 16], "texture": "#0"},
				"down": {"uv": [0, 16, 0, 16], "texture": "#0"}
			}
		},
		{
			"from": [3.4999, 7.9999, 3.9999],
			"to": [4.5001, 10.0001, 5.0001],
			"faces": {
				"north": {"uv": [0, 16, 0, 16], "texture": "#0"},
				"east": {"uv": [0, 16, 0, 16], "texture": "#0"},
				"south": {"uv": [0, 16, 0, 16], "texture": "#0"},
				"west": {"uv": [0, 16, 0, 16], "texture": "#0"},
				"up": {"uv": [0, 16, 0, 16], "texture": "#0"},
				"down": {"uv": [0, 16, 0, 16], "texture": "#0"}
			}
		},
		{
			"from": [4.4999, 7.9999, 11.7499],
			"to": [5.5001, 10.0001, 12.7501],
			"faces": {
				"north": {"uv": [0, 16, 0, 16], "texture": "#0"},
				"east": {"uv": [0, 16, 0, 16], "texture": "#0"},
				"south": {"uv": [0, 16, 0, 16], "texture": "#0"},
				"west": {"uv": [0, 16, 0, 16], "texture": "#0"},
				"up": {"uv": [0, 16, 0, 16], "texture": "#0"},
				"down": {"uv": [0, 16, 0, 16], "texture": "#0"}
			}
		},
		{
			"from": [10.4999, 7.9999, 11.7499],
			"to": [11.5001, 10.0001, 12.7501],
			"faces": {
				"north": {"uv": [0, 16, 0, 16], "texture": "#0"},
				"east": {"uv": [0, 16, 0, 16], "texture": "#0"},
				"south": {"uv": [0, 16, 0, 16], "texture": "#0"},
				"west": {"uv": [0, 16, 0, 16], "texture": "#0"},
				"up": {"uv": [0, 16, 0, 16], "texture": "#0"},
				"down": {"uv": [0, 16, 0, 16], "texture": "#0"}
			}
		},
		{
			"from": [10.4999, 7.9999, 3.2499],
			"to": [11.5001, 10.0001, 4.2501],
			"faces": {
				"north": {"uv": [0, 16, 0, 16], "texture": "#0"},
				"east": {"uv": [0, 16, 0, 16], "texture": "#0"},
				"south": {"uv": [0, 16, 0, 16], "texture": "#0"},
				"west": {"uv": [0, 16, 0, 16], "texture": "#0"},
				"up": {"uv": [0, 16, 0, 16], "texture": "#0"},
				"down": {"uv": [0, 16, 0, 16], "texture": "#0"}
			}
		},
		{
			"from": [4.4999, 7.9999, 3.2499],
			"to": [5.5001, 10.0001, 4.2501],
			"faces": {
				"north": {"uv": [0, 16, 0, 16], "texture": "#0"},
				"east": {"uv": [0, 16, 0, 16], "texture": "#0"},
				"south": {"uv": [0, 16, 0, 16], "texture": "#0"},
				"west": {"uv": [0, 16, 0, 16], "texture": "#0"},
				"up": {"uv": [0, 16, 0, 16], "texture": "#0"},
				"down": {"uv": [0, 16, 0, 16], "texture": "#0"}
			}
		},
		{
			"from": [3.2499, 7.9999, 10.4999],
			"to": [4.2501, 10.0001, 11.5001],
			"faces": {
				"north": {"uv": [0, 16, 0, 16], "texture": "#0"},
				"east": {"uv": [0, 16, 0, 16], "texture": "#0"},
				"south": {"uv": [0, 16, 0, 16], "texture": "#0"},
				"west": {"uv": [0, 16, 0, 16], "texture": "#0"},
				"up": {"uv": [0, 16, 0, 16], "texture": "#0"},
				"down": {"uv": [0, 16, 0, 16], "texture": "#0"}
			}
		},
		{
			"from": [11.7499, 7.9999, 10.4999],
			"to": [12.7501, 10.0001, 11.5001],
			"faces": {
				"north": {"uv": [0, 16, 0, 16], "texture": "#0"},
				"east": {"uv": [0, 16, 0, 16], "texture": "#0"},
				"south": {"uv": [0, 16, 0, 16], "texture": "#0"},
				"west": {"uv": [0, 16, 0, 16], "texture": "#0"},
				"up": {"uv": [0, 16, 0, 16], "texture": "#0"},
				"down": {"uv": [0, 16, 0, 16], "texture": "#0"}
			}
		},
		{
			"from": [11.7499, 7.9999, 4.4999],
			"to": [12.7501, 10.0001, 5.5001],
			"faces": {
				"north": {"uv": [0, 16, 0, 16], "texture": "#0"},
				"east": {"uv": [0, 16, 0, 16], "texture": "#0"},
				"south": {"uv": [0, 16, 0, 16], "texture": "#0"},
				"west": {"uv": [0, 16, 0, 16], "texture": "#0"},
				"up": {"uv": [0, 16, 0, 16], "texture": "#0"},
				"down": {"uv": [0, 16, 0, 16], "texture": "#0"}
			}
		},
		{
			"from": [3.2499, 7.9999, 4.4999],
			"to": [4.2501, 10.0001, 5.5001],
			"faces": {
				"north": {"uv": [0, 16, 0, 16], "texture": "#0"},
				"east": {"uv": [0, 16, 0, 16], "texture": "#0"},
				"south": {"uv": [0, 16, 0, 16], "texture": "#0"},
				"west": {"uv": [0, 16, 0, 16], "texture": "#0"},
				"up": {"uv": [0, 16, 0, 16], "texture": "#0"},
				"down": {"uv": [0, 16, 0, 16], "texture": "#0"}
			}
		},
		{
			"from": [3.7499, 7.9999, 3.7499],
			"to": [4.7501, 10.0001, 4.7501],
			"faces": {
				"north": {"uv": [0, 16, 0, 16], "texture": "#0"},
				"east": {"uv": [0, 16, 0, 16], "texture": "#0"},
				"south": {"uv": [0, 16, 0, 16], "texture": "#0"},
				"west": {"uv": [0, 16, 0, 16], "texture": "#0"},
				"up": {"uv": [0, 16, 0, 16], "texture": "#0"},
				"down": {"uv": [0, 16, 0, 16], "texture": "#0"}
			}
		},
		{
			"from": [4.9999, 7.9999, 2.9999],
			"to": [11.0001, 10.0001, 4.0001],
			"faces": {
				"north": {"uv": [0, 16, 0, 16], "texture": "#0"},
				"east": {"uv": [0, 16, 0, 16], "texture": "#0"},
				"south": {"uv": [0, 16, 0, 16], "texture": "#0"},
				"west": {"uv": [0, 16, 0, 16], "texture": "#0"},
				"up": {"uv": [0, 16, 0, 16], "texture": "#0"},
				"down": {"uv": [0, 16, 0, 16], "texture": "#0"}
			}
		},
		{
			"from": [4.9999, 7.9999, 11.9999],
			"to": [11.0001, 10.0001, 13.0001],
			"faces": {
				"north": {"uv": [0, 16, 0, 16], "texture": "#0"},
				"east": {"uv": [0, 16, 0, 16], "texture": "#0"},
				"south": {"uv": [0, 16, 0, 16], "texture": "#0"},
				"west": {"uv": [0, 16, 0, 16], "texture": "#0"},
				"up": {"uv": [0, 16, 0, 16], "texture": "#0"},
				"down": {"uv": [0, 16, 0, 16], "texture": "#0"}
			}
		},
		{
			"from": [4.9999, 10.2499, 11.2499],
			"to": [11.0001, 11.2501, 12.2501],
			"faces": {
				"north": {"uv": [0, 16, 0, 16], "texture": "#0"},
				"east": {"uv": [0, 16, 0, 16], "texture": "#0"},
				"south": {"uv": [0, 16, 0, 16], "texture": "#0"},
				"west": {"uv": [0, 16, 0, 16], "texture": "#0"},
				"up": {"uv": [0, 16, 0, 16], "texture": "#0"},
				"down": {"uv": [0, 16, 0, 16], "texture": "#0"}
			}
		},
		{
			"from": [4.9999, 10.2499, 3.7499],
			"to": [11.0001, 11.2501, 4.7501],
			"faces": {
				"north": {"uv": [0, 16, 0, 16], "texture": "#0"},
				"east": {"uv": [0, 16, 0, 16], "texture": "#0"},
				"south": {"uv": [0, 16, 0, 16], "texture": "#0"},
				"west": {"uv": [0, 16, 0, 16], "texture": "#0"},
				"up": {"uv": [0, 16, 0, 16], "texture": "#0"},
				"down": {"uv": [0, 16, 0, 16], "texture": "#0"}
			}
		},
		{
			"from": [4.9999, 9.4999, 3.2499],
			"to": [11.0001, 10.5001, 4.2501],
			"faces": {
				"north": {"uv": [0, 16, 0, 16], "texture": "#0"},
				"east": {"uv": [0, 16, 0, 16], "texture": "#0"},
				"south": {"uv": [0, 16, 0, 16], "texture": "#0"},
				"west": {"uv": [0, 16, 0, 16], "texture": "#0"},
				"up": {"uv": [0, 16, 0, 16], "texture": "#0"},
				"down": {"uv": [0, 16, 0, 16], "texture": "#0"}
			}
		},
		{
			"from": [4.9999, 9.4999, 11.7499],
			"to": [11.0001, 10.5001, 12.7501],
			"faces": {
				"north": {"uv": [0, 16, 0, 16], "texture": "#0"},
				"east": {"uv": [0, 16, 0, 16], "texture": "#0"},
				"south": {"uv": [0, 16, 0, 16], "texture": "#0"},
				"west": {"uv": [0, 16, 0, 16], "texture": "#0"},
				"up": {"uv": [0, 16, 0, 16], "texture": "#0"},
				"down": {"uv": [0, 16, 0, 16], "texture": "#0"}
			}
		},
		{
			"from": [4.9999, 9.9999, 11.4999],
			"to": [11.0001, 11.0001, 12.5001],
			"faces": {
				"north": {"uv": [0, 16, 0, 16], "texture": "#0"},
				"east": {"uv": [0, 16, 0, 16], "texture": "#0"},
				"south": {"uv": [0, 16, 0, 16], "texture": "#0"},
				"west": {"uv": [0, 16, 0, 16], "texture": "#0"},
				"up": {"uv": [0, 16, 0, 16], "texture": "#0"},
				"down": {"uv": [0, 16, 0, 16], "texture": "#0"}
			}
		},
		{
			"from": [4.9999, 10.4999, 10.9999],
			"to": [11.0001, 11.5001, 12.0001],
			"faces": {
				"north": {"uv": [0, 16, 0, 16], "texture": "#0"},
				"east": {"uv": [0, 16, 0, 16], "texture": "#0"},
				"south": {"uv": [0, 16, 0, 16], "texture": "#0"},
				"west": {"uv": [0, 16, 0, 16], "texture": "#0"},
				"up": {"uv": [0, 16, 0, 16], "texture": "#0"},
				"down": {"uv": [0, 16, 0, 16], "texture": "#0"}
			}
		},
		{
			"from": [4.9999, 10.4999, 3.9999],
			"to": [11.0001, 11.5001, 5.0001],
			"faces": {
				"north": {"uv": [0, 16, 0, 16], "texture": "#0"},
				"east": {"uv": [0, 16, 0, 16], "texture": "#0"},
				"south": {"uv": [0, 16, 0, 16], "texture": "#0"},
				"west": {"uv": [0, 16, 0, 16], "texture": "#0"},
				"up": {"uv": [0, 16, 0, 16], "texture": "#0"},
				"down": {"uv": [0, 16, 0, 16], "texture": "#0"}
			}
		},
		{
			"from": [4.9999, 9.9999, 3.4999],
			"to": [11.0001, 11.0001, 4.5001],
			"faces": {
				"north": {"uv": [0, 16, 0, 16], "texture": "#0"},
				"east": {"uv": [0, 16, 0, 16], "texture": "#0"},
				"south": {"uv": [0, 16, 0, 16], "texture": "#0"},
				"west": {"uv": [0, 16, 0, 16], "texture": "#0"},
				"up": {"uv": [0, 16, 0, 16], "texture": "#0"},
				"down": {"uv": [0, 16, 0, 16], "texture": "#0"}
			}
		},
		{
			"from": [4.9999, 10.7499, 4.4999],
			"to": [11.0001, 11.7501, 5.5001],
			"faces": {
				"north": {"uv": [0, 16, 0, 16], "texture": "#0"},
				"east": {"uv": [0, 16, 0, 16], "texture": "#0"},
				"south": {"uv": [0, 16, 0, 16], "texture": "#0"},
				"west": {"uv": [0, 16, 0, 16], "texture": "#0"},
				"up": {"uv": [0, 16, 0, 16], "texture": "#0"},
				"down": {"uv": [0, 16, 0, 16], "texture": "#0"}
			}
		},
		{
			"from": [4.9999, 10.7499, 10.4999],
			"to": [11.0001, 11.7501, 11.5001],
			"faces": {
				"north": {"uv": [0, 16, 0, 16], "texture": "#0"},
				"east": {"uv": [0, 16, 0, 16], "texture": "#0"},
				"south": {"uv": [0, 16, 0, 16], "texture": "#0"},
				"west": {"uv": [0, 16, 0, 16], "texture": "#0"},
				"up": {"uv": [0, 16, 0, 16], "texture": "#0"},
				"down": {"uv": [0, 16, 0, 16], "texture": "#0"}
			}
		},
		{
			"from": [4.9999, 10.9999, 4.9999],
			"to": [11.0001, 12.0001, 11.0001],
			"faces": {
				"north": {"uv": [0, 16, 0, 16], "texture": "#0"},
				"east": {"uv": [0, 16, 0, 16], "texture": "#0"},
				"south": {"uv": [0, 16, 0, 16], "texture": "#0"},
				"west": {"uv": [0, 16, 0, 16], "texture": "#0"},
				"up": {"uv": [0, 16, 0, 16], "texture": "#0"},
				"down": {"uv": [0, 16, 0, 16], "texture": "#0"}
			}
		},
		{
			"from": [3.4999, 7.7499, 10.4999],
			"to": [4.5001, 8.7501, 11.5001],
			"faces": {
				"north": {"uv": [0, 16, 0, 16], "texture": "#0"},
				"east": {"uv": [0, 16, 0, 16], "texture": "#0"},
				"south": {"uv": [0, 16, 0, 16], "texture": "#0"},
				"west": {"uv": [0, 16, 0, 16], "texture": "#0"},
				"up": {"uv": [0, 16, 0, 16], "texture": "#0"},
				"down": {"uv": [0, 16, 0, 16], "texture": "#0"}
			}
		},
		{
			"from": [3.9999, 7.7499, 10.9999],
			"to": [5.0001, 8.7501, 12.0001],
			"faces": {
				"north": {"uv": [0, 16, 0, 16], "texture": "#0"},
				"east": {"uv": [0, 16, 0, 16], "texture": "#0"},
				"south": {"uv": [0, 16, 0, 16], "texture": "#0"},
				"west": {"uv": [0, 16, 0, 16], "texture": "#0"},
				"up": {"uv": [0, 16, 0, 16], "texture": "#0"},
				"down": {"uv": [0, 16, 0, 16], "texture": "#0"}
			}
		},
		{
			"from": [4.4999, 7.7499, 11.4999],
			"to": [5.5001, 8.7501, 12.5001],
			"faces": {
				"north": {"uv": [0, 16, 0, 16], "texture": "#0"},
				"east": {"uv": [0, 16, 0, 16], "texture": "#0"},
				"south": {"uv": [0, 16, 0, 16], "texture": "#0"},
				"west": {"uv": [0, 16, 0, 16], "texture": "#0"},
				"up": {"uv": [0, 16, 0, 16], "texture": "#0"},
				"down": {"uv": [0, 16, 0, 16], "texture": "#0"}
			}
		},
		{
			"from": [4.9999, 7.7499, 11.7499],
			"to": [11.0001, 8.7501, 12.7501],
			"faces": {
				"north": {"uv": [0, 16, 0, 16], "texture": "#0"},
				"east": {"uv": [0, 16, 0, 16], "texture": "#0"},
				"south": {"uv": [0, 16, 0, 16], "texture": "#0"},
				"west": {"uv": [0, 16, 0, 16], "texture": "#0"},
				"up": {"uv": [0, 16, 0, 16], "texture": "#0"},
				"down": {"uv": [0, 16, 0, 16], "texture": "#0"}
			}
		},
		{
			"from": [10.4999, 7.7499, 11.4999],
			"to": [11.5001, 8.7501, 12.5001],
			"faces": {
				"north": {"uv": [0, 16, 0, 16], "texture": "#0"},
				"east": {"uv": [0, 16, 0, 16], "texture": "#0"},
				"south": {"uv": [0, 16, 0, 16], "texture": "#0"},
				"west": {"uv": [0, 16, 0, 16], "texture": "#0"},
				"up": {"uv": [0, 16, 0, 16], "texture": "#0"},
				"down": {"uv": [0, 16, 0, 16], "texture": "#0"}
			}
		},
		{
			"from": [10.9999, 7.7499, 10.9999],
			"to": [12.0001, 8.7501, 12.0001],
			"faces": {
				"north": {"uv": [0, 16, 0, 16], "texture": "#0"},
				"east": {"uv": [0, 16, 0, 16], "texture": "#0"},
				"south": {"uv": [0, 16, 0, 16], "texture": "#0"},
				"west": {"uv": [0, 16, 0, 16], "texture": "#0"},
				"up": {"uv": [0, 16, 0, 16], "texture": "#0"},
				"down": {"uv": [0, 16, 0, 16], "texture": "#0"}
			}
		},
		{
			"from": [11.4999, 7.7499, 10.4999],
			"to": [12.5001, 8.7501, 11.5001],
			"faces": {
				"north": {"uv": [0, 16, 0, 16], "texture": "#0"},
				"east": {"uv": [0, 16, 0, 16], "texture": "#0"},
				"south": {"uv": [0, 16, 0, 16], "texture": "#0"},
				"west": {"uv": [0, 16, 0, 16], "texture": "#0"},
				"up": {"uv": [0, 16, 0, 16], "texture": "#0"},
				"down": {"uv": [0, 16, 0, 16], "texture": "#0"}
			}
		},
		{
			"from": [11.7499, 7.7499, 4.9999],
			"to": [12.7501, 8.7501, 11.0001],
			"faces": {
				"north": {"uv": [0, 16, 0, 16], "texture": "#0"},
				"east": {"uv": [0, 16, 0, 16], "texture": "#0"},
				"south": {"uv": [0, 16, 0, 16], "texture": "#0"},
				"west": {"uv": [0, 16, 0, 16], "texture": "#0"},
				"up": {"uv": [0, 16, 0, 16], "texture": "#0"},
				"down": {"uv": [0, 16, 0, 16], "texture": "#0"}
			}
		},
		{
			"from": [10.4999, 7.7499, 3.4999],
			"to": [11.5001, 8.7501, 4.5001],
			"faces": {
				"north": {"uv": [0, 16, 0, 16], "texture": "#0"},
				"east": {"uv": [0, 16, 0, 16], "texture": "#0"},
				"south": {"uv": [0, 16, 0, 16], "texture": "#0"},
				"west": {"uv": [0, 16, 0, 16], "texture": "#0"},
				"up": {"uv": [0, 16, 0, 16], "texture": "#0"},
				"down": {"uv": [0, 16, 0, 16], "texture": "#0"}
			}
		},
		{
			"from": [11.4999, 7.7499, 4.4999],
			"to": [12.5001, 8.7501, 5.5001],
			"faces": {
				"north": {"uv": [0, 16, 0, 16], "texture": "#0"},
				"east": {"uv": [0, 16, 0, 16], "texture": "#0"},
				"south": {"uv": [0, 16, 0, 16], "texture": "#0"},
				"west": {"uv": [0, 16, 0, 16], "texture": "#0"},
				"up": {"uv": [0, 16, 0, 16], "texture": "#0"},
				"down": {"uv": [0, 16, 0, 16], "texture": "#0"}
			}
		},
		{
			"from": [10.9999, 7.7499, 3.9999],
			"to": [12.0001, 8.7501, 5.0001],
			"faces": {
				"north": {"uv": [0, 16, 0, 16], "texture": "#0"},
				"east": {"uv": [0, 16, 0, 16], "texture": "#0"},
				"south": {"uv": [0, 16, 0, 16], "texture": "#0"},
				"west": {"uv": [0, 16, 0, 16], "texture": "#0"},
				"up": {"uv": [0, 16, 0, 16], "texture": "#0"},
				"down": {"uv": [0, 16, 0, 16], "texture": "#0"}
			}
		},
		{
			"from": [4.9999, 7.7499, 3.2499],
			"to": [11.0001, 8.7501, 4.2501],
			"faces": {
				"north": {"uv": [0, 16, 0, 16], "texture": "#0"},
				"east": {"uv": [0, 16, 0, 16], "texture": "#0"},
				"south": {"uv": [0, 16, 0, 16], "texture": "#0"},
				"west": {"uv": [0, 16, 0, 16], "texture": "#0"},
				"up": {"uv": [0, 16, 0, 16], "texture": "#0"},
				"down": {"uv": [0, 16, 0, 16], "texture": "#0"}
			}
		},
		{
			"from": [4.4999, 7.7499, 3.4999],
			"to": [5.5001, 8.7501, 4.5001],
			"faces": {
				"north": {"uv": [0, 16, 0, 16], "texture": "#0"},
				"east": {"uv": [0, 16, 0, 16], "texture": "#0"},
				"south": {"uv": [0, 16, 0, 16], "texture": "#0"},
				"west": {"uv": [0, 16, 0, 16], "texture": "#0"},
				"up": {"uv": [0, 16, 0, 16], "texture": "#0"},
				"down": {"uv": [0, 16, 0, 16], "texture": "#0"}
			}
		},
		{
			"from": [3.9999, 7.7499, 3.9999],
			"to": [5.0001, 8.7501, 5.0001],
			"faces": {
				"north": {"uv": [0, 16, 0, 16], "texture": "#0"},
				"east": {"uv": [0, 16, 0, 16], "texture": "#0"},
				"south": {"uv": [0, 16, 0, 16], "texture": "#0"},
				"west": {"uv": [0, 16, 0, 16], "texture": "#0"},
				"up": {"uv": [0, 16, 0, 16], "texture": "#0"},
				"down": {"uv": [0, 16, 0, 16], "texture": "#0"}
			}
		},
		{
			"from": [3.2499, 7.7499, 4.9999],
			"to": [4.2501, 8.7501, 11.0001],
			"faces": {
				"north": {"uv": [0, 16, 0, 16], "texture": "#0"},
				"east": {"uv": [0, 16, 0, 16], "texture": "#0"},
				"south": {"uv": [0, 16, 0, 16], "texture": "#0"},
				"west": {"uv": [0, 16, 0, 16], "texture": "#0"},
				"up": {"uv": [0, 16, 0, 16], "texture": "#0"},
				"down": {"uv": [0, 16, 0, 16], "texture": "#0"}
			}
		},
		{
			"from": [3.4999, 7.7499, 4.4999],
			"to": [4.5001, 8.7501, 5.5001],
			"faces": {
				"north": {"uv": [0, 16, 0, 16], "texture": "#0"},
				"east": {"uv": [0, 16, 0, 16], "texture": "#0"},
				"south": {"uv": [0, 16, 0, 16], "texture": "#0"},
				"west": {"uv": [0, 16, 0, 16], "texture": "#0"},
				"up": {"uv": [0, 16, 0, 16], "texture": "#0"},
				"down": {"uv": [0, 16, 0, 16], "texture": "#0"}
			}
		},
		{
			"from": [10.2499, 11.9999, 9.2499],
			"to": [10.7501, 12.1001, 10.2501],
			"faces": {
				"north": {"uv": [0, 0, 0, 0.1], "texture": "#1"},
				"east": {"uv": [0, 0, 0, 0.1], "texture": "#1"},
				"south": {"uv": [0, 0, 0, 0.1], "texture": "#1"},
				"west": {"uv": [0, 0, 0, 0.1], "texture": "#1"},
				"up": {"uv": [0, 0, 0, 0.1], "texture": "#1"},
				"down": {"uv": [0, 0, 0, 0.1], "texture": "#1"}
			}
		},
		{
			"from": [8.7499, 11.9999, 10.2499],
			"to": [10.2501, 12.1001, 10.7501],
			"faces": {
				"north": {"uv": [0, 0, 0, 0.1], "texture": "#1"},
				"east": {"uv": [0, 0, 0, 0.1], "texture": "#1"},
				"south": {"uv": [0, 0, 0, 0.1], "texture": "#1"},
				"west": {"uv": [0, 0, 0, 0.1], "texture": "#1"},
				"up": {"uv": [0, 0, 0, 0.1], "texture": "#1"},
				"down": {"uv": [0, 0, 0, 0.1], "texture": "#1"}
			}
		},
		{
			"from": [8.2499, 11.9999, 9.2499],
			"to": [8.7501, 12.1001, 10.2501],
			"faces": {
				"north": {"uv": [0, 0, 0, 0.1], "texture": "#1"},
				"east": {"uv": [0, 0, 0, 0.1], "texture": "#1"},
				"south": {"uv": [0, 0, 0, 0.1], "texture": "#1"},
				"west": {"uv": [0, 0, 0, 0.1], "texture": "#1"},
				"up": {"uv": [0, 0, 0, 0.1], "texture": "#1"},
				"down": {"uv": [0, 0, 0, 0.1], "texture": "#1"}
			}
		},
		{
			"from": [7.7499, 11.9999, 8.2499],
			"to": [8.2501, 12.1001, 9.2501],
			"faces": {
				"north": {"uv": [0, 0, 0, 0.1], "texture": "#1"},
				"east": {"uv": [0, 0, 0, 0.1], "texture": "#1"},
				"south": {"uv": [0, 0, 0, 0.1], "texture": "#1"},
				"west": {"uv": [0, 0, 0, 0.1], "texture": "#1"},
				"up": {"uv": [0, 0, 0, 0.1], "texture": "#1"},
				"down": {"uv": [0, 0, 0, 0.1], "texture": "#1"}
			}
		},
		{
			"from": [7.2499, 11.9999, 9.2499],
			"to": [7.7501, 12.1001, 10.2501],
			"faces": {
				"north": {"uv": [0, 0, 0, 0.1], "texture": "#1"},
				"east": {"uv": [0, 0, 0, 0.1], "texture": "#1"},
				"south": {"uv": [0, 0, 0, 0.1], "texture": "#1"},
				"west": {"uv": [0, 0, 0, 0.1], "texture": "#1"},
				"up": {"uv": [0, 0, 0, 0.1], "texture": "#1"},
				"down": {"uv": [0, 0, 0, 0.1], "texture": "#1"}
			}
		},
		{
			"from": [6.4999, 11.9999, 9.9999],
			"to": [7.2501, 12.1001, 10.5001],
			"faces": {
				"north": {"uv": [0, 0, 0, 0.1], "texture": "#1"},
				"east": {"uv": [0, 0, 0, 0.1], "texture": "#1"},
				"south": {"uv": [0, 0, 0, 0.1], "texture": "#1"},
				"west": {"uv": [0, 0, 0, 0.1], "texture": "#1"},
				"up": {"uv": [0, 0, 0, 0.1], "texture": "#1"},
				"down": {"uv": [0, 0, 0, 0.1], "texture": "#1"}
			}
		},
		{
			"from": [5.7499, 11.9999, 10.2499],
			"to": [6.5001, 12.1001, 10.7501],
			"faces": {
				"north": {"uv": [0, 0, 0, 0.1], "texture": "#1"},
				"east": {"uv": [0, 0, 0, 0.1], "texture": "#1"},
				"south": {"uv": [0, 0, 0, 0.1], "texture": "#1"},
				"west": {"uv": [0, 0, 0, 0.1], "texture": "#1"},
				"up": {"uv": [0, 0, 0, 0.1], "texture": "#1"},
				"down": {"uv": [0, 0, 0, 0.1], "texture": "#1"}
			}
		},
		{
			"from": [5.2499, 11.9999, 9.2499],
			"to": [5.7501, 12.1001, 10.2501],
			"faces": {
				"north": {"uv": [0, 0, 0, 0.1], "texture": "#1"},
				"east": {"uv": [0, 0, 0, 0.1], "texture": "#1"},
				"south": {"uv": [0, 0, 0, 0.1], "texture": "#1"},
				"west": {"uv": [0, 0, 0, 0.1], "texture": "#1"},
				"up": {"uv": [0, 0, 0, 0.1], "texture": "#1"},
				"down": {"uv": [0, 0, 0, 0.1], "texture": "#1"}
			}
		},
		{
			"from": [7.2499, 11.9999, 8.2499],
			"to": [7.7501, 12.1001, 8.7501],
			"faces": {
				"north": {"uv": [0, 0, 0, 0.1], "texture": "#1"},
				"east": {"uv": [0, 0, 0, 0.1], "texture": "#1"},
				"south": {"uv": [0, 0, 0, 0.1], "texture": "#1"},
				"west": {"uv": [0, 0, 0, 0.1], "texture": "#1"},
				"up": {"uv": [0, 0, 0, 0.1], "texture": "#1"},
				"down": {"uv": [0, 0, 0, 0.1], "texture": "#1"}
			}
		},
		{
			"from": [6.4999, 11.9999, 8.4999],
			"to": [7.2501, 12.1001, 9.0001],
			"faces": {
				"north": {"uv": [0, 0, 0, 0.1], "texture": "#1"},
				"east": {"uv": [0, 0, 0, 0.1], "texture": "#1"},
				"south": {"uv": [0, 0, 0, 0.1], "texture": "#1"},
				"west": {"uv": [0, 0, 0, 0.1], "texture": "#1"},
				"up": {"uv": [0, 0, 0, 0.1], "texture": "#1"},
				"down": {"uv": [0, 0, 0, 0.1], "texture": "#1"}
			}
		},
		{
			"from": [9.7499, 11.9999, 8.7499],
			"to": [10.2501, 12.1001, 9.5001],
			"faces": {
				"north": {"uv": [0, 0, 0, 0.1], "texture": "#1"},
				"east": {"uv": [0, 0, 0, 0.1], "texture": "#1"},
				"south": {"uv": [0, 0, 0, 0.1], "texture": "#1"},
				"west": {"uv": [0, 0, 0, 0.1], "texture": "#1"},
				"up": {"uv": [0, 0, 0, 0.1], "texture": "#1"},
				"down": {"uv": [0, 0, 0, 0.1], "texture": "#1"}
			}
		},
		{
			"from": [10.2499, 11.9999, 5.9999],
			"to": [10.7501, 12.1001, 6.7501],
			"faces": {
				"north": {"uv": [0, 0, 0, 0.1], "texture": "#1"},
				"east": {"uv": [0, 0, 0, 0.1], "texture": "#1"},
				"south": {"uv": [0, 0, 0, 0.1], "texture": "#1"},
				"west": {"uv": [0, 0, 0, 0.1], "texture": "#1"},
				"up": {"uv": [0, 0, 0, 0.1], "texture": "#1"},
				"down": {"uv": [0, 0, 0, 0.1], "texture": "#1"}
			}
		},
		{
			"from": [9.2499, 11.9999, 7.9999],
			"to": [9.7501, 12.1001, 8.7501],
			"faces": {
				"north": {"uv": [0, 0, 0, 0.1], "texture": "#1"},
				"east": {"uv": [0, 0, 0, 0.1], "texture": "#1"},
				"south": {"uv": [0, 0, 0, 0.1], "texture": "#1"},
				"west": {"uv": [0, 0, 0, 0.1], "texture": "#1"},
				"up": {"uv": [0, 0, 0, 0.1], "texture": "#1"},
				"down": {"uv": [0, 0, 0, 0.1], "texture": "#1"}
			}
		},
		{
			"from": [8.2499, 11.9999, 7.7499],
			"to": [9.2501, 12.1001, 8.2501],
			"faces": {
				"north": {"uv": [0, 0, 0, 0.1], "texture": "#1"},
				"east": {"uv": [0, 0, 0, 0.1], "texture": "#1"},
				"south": {"uv": [0, 0, 0, 0.1], "texture": "#1"},
				"west": {"uv": [0, 0, 0, 0.1], "texture": "#1"},
				"up": {"uv": [0, 0, 0, 0.1], "texture": "#1"},
				"down": {"uv": [0, 0, 0, 0.1], "texture": "#1"}
			}
		},
		{
			"from": [6.2499, 11.9999, 7.7499],
			"to": [7.2501, 12.1001, 8.2501],
			"faces": {
				"north": {"uv": [0, 0, 0, 0.1], "texture": "#1"},
				"east": {"uv": [0, 0, 0, 0.1], "texture": "#1"},
				"south": {"uv": [0, 0, 0, 0.1], "texture": "#1"},
				"west": {"uv": [0, 0, 0, 0.1], "texture": "#1"},
				"up": {"uv": [0, 0, 0, 0.1], "texture": "#1"},
				"down": {"uv": [0, 0, 0, 0.1], "texture": "#1"}
			}
		},
		{
			"from": [5.4999, 11.9999, 6.9999],
			"to": [6.2501, 12.1001, 7.5001],
			"faces": {
				"north": {"uv": [0, 0, 0, 0.1], "texture": "#1"},
				"east": {"uv": [0, 0, 0, 0.1], "texture": "#1"},
				"south": {"uv": [0, 0, 0, 0.1], "texture": "#1"},
				"west": {"uv": [0, 0, 0, 0.1], "texture": "#1"},
				"up": {"uv": [0, 0, 0, 0.1], "texture": "#1"},
				"down": {"uv": [0, 0, 0, 0.1], "texture": "#1"}
			}
		},
		{
			"from": [5.4999, 11.9999, 5.4999],
			"to": [6.2501, 12.1001, 6.0001],
			"faces": {
				"north": {"uv": [0, 0, 0, 0.1], "texture": "#1"},
				"east": {"uv": [0, 0, 0, 0.1], "texture": "#1"},
				"south": {"uv": [0, 0, 0, 0.1], "texture": "#1"},
				"west": {"uv": [0, 0, 0, 0.1], "texture": "#1"},
				"up": {"uv": [0, 0, 0, 0.1], "texture": "#1"},
				"down": {"uv": [0, 0, 0, 0.1], "texture": "#1"}
			}
		},
		{
			"from": [8.9999, 11.9999, 5.7499],
			"to": [9.7501, 12.1001, 6.2501],
			"faces": {
				"north": {"uv": [0, 0, 0, 0.1], "texture": "#1"},
				"east": {"uv": [0, 0, 0, 0.1], "texture": "#1"},
				"south": {"uv": [0, 0, 0, 0.1], "texture": "#1"},
				"west": {"uv": [0, 0, 0, 0.1], "texture": "#1"},
				"up": {"uv": [0, 0, 0, 0.1], "texture": "#1"},
				"down": {"uv": [0, 0, 0, 0.1], "texture": "#1"}
			}
		},
		{
			"from": [7.9999, 11.9999, 7.2499],
			"to": [8.5001, 12.1001, 7.7501],
			"faces": {
				"north": {"uv": [0, 0, 0, 0.1], "texture": "#1"},
				"east": {"uv": [0, 0, 0, 0.1], "texture": "#1"},
				"south": {"uv": [0, 0, 0, 0.1], "texture": "#1"},
				"west": {"uv": [0, 0, 0, 0.1], "texture": "#1"},
				"up": {"uv": [0, 0, 0, 0.1], "texture": "#1"},
				"down": {"uv": [0, 0, 0, 0.1], "texture": "#1"}
			}
		},
		{
			"from": [9.7499, 11.9999, 5.4999],
			"to": [10.2501, 12.1001, 6.0001],
			"faces": {
				"north": {"uv": [0, 0, 0, 0.1], "texture": "#1"},
				"east": {"uv": [0, 0, 0, 0.1], "texture": "#1"},
				"south": {"uv": [0, 0, 0, 0.1], "texture": "#1"},
				"west": {"uv": [0, 0, 0, 0.1], "texture": "#1"},
				"up": {"uv": [0, 0, 0, 0.1], "texture": "#1"},
				"down": {"uv": [0, 0, 0, 0.1], "texture": "#1"}
			}
		},
		{
			"from": [9.9999, 11.9999, 6.7499],
			"to": [10.5001, 12.1001, 7.2501],
			"faces": {
				"north": {"uv": [0, 0, 0, 0.1], "texture": "#1"},
				"east": {"uv": [0, 0, 0, 0.1], "texture": "#1"},
				"south": {"uv": [0, 0, 0, 0.1], "texture": "#1"},
				"west": {"uv": [0, 0, 0, 0.1], "texture": "#1"},
				"up": {"uv": [0, 0, 0, 0.1], "texture": "#1"},
				"down": {"uv": [0, 0, 0, 0.1], "texture": "#1"}
			}
		},
		{
			"from": [9.2499, 11.9999, 7.2499],
			"to": [10.0001, 12.1001, 7.7501],
			"faces": {
				"north": {"uv": [0, 0, 0, 0.1], "texture": "#1"},
				"east": {"uv": [0, 0, 0, 0.1], "texture": "#1"},
				"south": {"uv": [0, 0, 0, 0.1], "texture": "#1"},
				"west": {"uv": [0, 0, 0, 0.1], "texture": "#1"},
				"up": {"uv": [0, 0, 0, 0.1], "texture": "#1"},
				"down": {"uv": [0, 0, 0, 0.1], "texture": "#1"}
			}
		},
		{
			"from": [5.9999, 11.9999, 7.2499],
			"to": [6.5001, 12.1001, 7.7501],
			"faces": {
				"north": {"uv": [0, 0, 0, 0.1], "texture": "#1"},
				"east": {"uv": [0, 0, 0, 0.1], "texture": "#1"},
				"south": {"uv": [0, 0, 0, 0.1], "texture": "#1"},
				"west": {"uv": [0, 0, 0, 0.1], "texture": "#1"},
				"up": {"uv": [0, 0, 0, 0.1], "texture": "#1"},
				"down": {"uv": [0, 0, 0, 0.1], "texture": "#1"}
			}
		},
		{
			"from": [8.4999, 11.9999, 6.2499],
			"to": [9.0001, 12.1001, 7.2501],
			"faces": {
				"north": {"uv": [0, 0, 0, 0.1], "texture": "#1"},
				"east": {"uv": [0, 0, 0, 0.1], "texture": "#1"},
				"south": {"uv": [0, 0, 0, 0.1], "texture": "#1"},
				"west": {"uv": [0, 0, 0, 0.1], "texture": "#1"},
				"up": {"uv": [0, 0, 0, 0.1], "texture": "#1"},
				"down": {"uv": [0, 0, 0, 0.1], "texture": "#1"}
			}
		},
		{
			"from": [5.2499, 11.9999, 5.9999],
			"to": [5.7501, 12.1001, 7.0001],
			"faces": {
				"north": {"uv": [0, 0, 0, 0.1], "texture": "#1"},
				"east": {"uv": [0, 0, 0, 0.1], "texture": "#1"},
				"south": {"uv": [0, 0, 0, 0.1], "texture": "#1"},
				"west": {"uv": [0, 0, 0, 0.1], "texture": "#1"},
				"up": {"uv": [0, 0, 0, 0.1], "texture": "#1"},
				"down": {"uv": [0, 0, 0, 0.1], "texture": "#1"}
			}
		},
		{
			"from": [7.9999, 11.9999, 5.4999],
			"to": [8.5001, 12.1001, 6.5001],
			"faces": {
				"north": {"uv": [0, 0, 0, 0.1], "texture": "#1"},
				"east": {"uv": [0, 0, 0, 0.1], "texture": "#1"},
				"south": {"uv": [0, 0, 0, 0.1], "texture": "#1"},
				"west": {"uv": [0, 0, 0, 0.1], "texture": "#1"},
				"up": {"uv": [0, 0, 0, 0.1], "texture": "#1"},
				"down": {"uv": [0, 0, 0, 0.1], "texture": "#1"}
			}
		},
		{
			"from": [6.2499, 11.9999, 5.2499],
			"to": [8.0001, 12.1001, 5.7501],
			"faces": {
				"north": {"uv": [0, 0, 0, 0.1], "texture": "#1"},
				"east": {"uv": [0, 0, 0, 0.1], "texture": "#1"},
				"south": {"uv": [0, 0, 0, 0.1], "texture": "#1"},
				"west": {"uv": [0, 0, 0, 0.1], "texture": "#1"},
				"up": {"uv": [0, 0, 0, 0.1], "texture": "#1"},
				"down": {"uv": [0, 0, 0, 0.1], "texture": "#1"}
			}
		},
		{
			"from": [5.4999, 11.9999, 8.7499],
			"to": [6.5001, 12.1001, 9.2501],
			"faces": {
				"north": {"uv": [0, 0, 0, 0.1], "texture": "#1"},
				"east": {"uv": [0, 0, 0, 0.1], "texture": "#1"},
				"south": {"uv": [0, 0, 0, 0.1], "texture": "#1"},
				"west": {"uv": [0, 0, 0, 0.1], "texture": "#1"},
				"up": {"uv": [0, 0, 0, 0.1], "texture": "#1"},
				"down": {"uv": [0, 0, 0, 0.1], "texture": "#1"}
			}
		},
		{
			"from": [10.4999, 7.9999, 3.4999],
			"to": [12.5001, 10.0001, 3.5011],
			"rotation": {"angle": -45, "axis": "y", "origin": [5, 18, 0]},
			"faces": {
				"north": {"uv": [0, 0, 1, 1], "texture": "#1"},
				"east": {"uv": [0, 0, 1, 1], "texture": "#1"},
				"south": {"uv": [0, 0, 1, 1], "texture": "#1"},
				"west": {"uv": [0, 0, 1, 1], "texture": "#1"},
				"up": {"uv": [0, 0, 1, 1], "texture": "#1"},
				"down": {"uv": [0, 0, 1, 1], "texture": "#1"}
			}
		},
		{
			"from": [11.4999, 5.9999, 3.4999],
			"to": [12.2501, 8.0001, 3.5001],
			"rotation": {"angle": -45, "axis": "y", "origin": [5, 18, 0]},
			"faces": {
				"north": {"uv": [0, 0, 0, 1], "texture": "#1"},
				"east": {"uv": [0, 0, 0, 1], "texture": "#1"},
				"south": {"uv": [0, 0, 0, 1], "texture": "#1"},
				"west": {"uv": [0, 0, 0, 1], "texture": "#1"},
				"up": {"uv": [0, 0, 0, 1], "texture": "#1"},
				"down": {"uv": [0, 0, 0, 1], "texture": "#1"}
			}
		},
		{
			"from": [11.7499, 4.9999, 3.4999],
			"to": [12.2501, 6.0001, 3.5001],
			"rotation": {"angle": -45, "axis": "y", "origin": [5, 18, 0]},
			"faces": {
				"north": {"uv": [0, 0, 0, 0], "texture": "#1"},
				"east": {"uv": [0, 0, 0, 0], "texture": "#1"},
				"south": {"uv": [0, 0, 0, 0], "texture": "#1"},
				"west": {"uv": [0, 0, 0, 0], "texture": "#1"},
				"up": {"uv": [0, 0, 0, 0], "texture": "#1"},
				"down": {"uv": [0, 0, 0, 0], "texture": "#1"}
			}
		},
		{
			"from": [12.4999, 7.9999, 3.4999],
			"to": [12.5011, 10.0001, 5.5001],
			"rotation": {"angle": -45, "axis": "y", "origin": [5, 18, 0]},
			"faces": {
				"north": {"uv": [0, 0, 0, 1], "texture": "#1"},
				"east": {"uv": [0, 0, 0, 1], "texture": "#1"},
				"south": {"uv": [0, 0, 0, 1], "texture": "#1"},
				"west": {"uv": [0, 0, 0, 1], "texture": "#1"},
				"up": {"uv": [0, 0, 0, 1], "texture": "#1"},
				"down": {"uv": [0, 0, 0, 1], "texture": "#1"}
			}
		},
		{
			"from": [12.4999, 5.9999, 3.7499],
			"to": [12.5001, 8.0001, 4.5001],
			"rotation": {"angle": -45, "axis": "y", "origin": [5, 18, 0]},
			"faces": {
				"north": {"uv": [0, 0, 0, 1], "texture": "#1"},
				"east": {"uv": [0, 0, 0, 1], "texture": "#1"},
				"south": {"uv": [0, 0, 0, 1], "texture": "#1"},
				"west": {"uv": [0, 0, 0, 1], "texture": "#1"},
				"up": {"uv": [0, 0, 0, 1], "texture": "#1"},
				"down": {"uv": [0, 0, 0, 1], "texture": "#1"}
			}
		},
		{
			"from": [12.4999, 4.9999, 3.7499],
			"to": [12.5001, 6.0001, 4.2501],
			"rotation": {"angle": -45, "axis": "y", "origin": [5, 18, 0]},
			"faces": {
				"north": {"uv": [0, 0, 0, 0], "texture": "#1"},
				"east": {"uv": [0, 0, 0, 0], "texture": "#1"},
				"south": {"uv": [0, 0, 0, 0], "texture": "#1"},
				"west": {"uv": [0, 0, 0, 0], "texture": "#1"},
				"up": {"uv": [0, 0, 0, 0], "texture": "#1"},
				"down": {"uv": [0, 0, 0, 0], "texture": "#1"}
			}
		},
		{
			"from": [12.4999, 7.9999, 1.4999],
			"to": [12.5011, 10.0001, 3.5001],
			"rotation": {"angle": -45, "axis": "y", "origin": [5, 18, 0]},
			"faces": {
				"north": {"uv": [0, 0, 0, 1], "texture": "#1"},
				"east": {"uv": [0, 0, 0, 1], "texture": "#1"},
				"south": {"uv": [0, 0, 0, 1], "texture": "#1"},
				"west": {"uv": [0, 0, 0, 1], "texture": "#1"},
				"up": {"uv": [0, 0, 0, 1], "texture": "#1"},
				"down": {"uv": [0, 0, 0, 1], "texture": "#1"}
			}
		},
		{
			"from": [12.4999, 5.9999, 2.4999],
			"to": [12.5001, 8.0001, 3.2501],
			"rotation": {"angle": -45, "axis": "y", "origin": [5, 18, 0]},
			"faces": {
				"north": {"uv": [0, 0, 0, 1], "texture": "#1"},
				"east": {"uv": [0, 0, 0, 1], "texture": "#1"},
				"south": {"uv": [0, 0, 0, 1], "texture": "#1"},
				"west": {"uv": [0, 0, 0, 1], "texture": "#1"},
				"up": {"uv": [0, 0, 0, 1], "texture": "#1"},
				"down": {"uv": [0, 0, 0, 1], "texture": "#1"}
			}
		},
		{
			"from": [12.4999, 4.9999, 2.7499],
			"to": [12.5001, 6.0001, 3.2501],
			"rotation": {"angle": -45, "axis": "y", "origin": [5, 18, 0]},
			"faces": {
				"north": {"uv": [0, 0, 0, 0], "texture": "#1"},
				"east": {"uv": [0, 0, 0, 0], "texture": "#1"},
				"south": {"uv": [0, 0, 0, 0], "texture": "#1"},
				"west": {"uv": [0, 0, 0, 0], "texture": "#1"},
				"up": {"uv": [0, 0, 0, 0], "texture": "#1"},
				"down": {"uv": [0, 0, 0, 0], "texture": "#1"}
			}
		},
		{
			"from": [12.4999, 7.9999, 3.4999],
			"to": [14.5001, 10.0001, 3.5011],
			"rotation": {"angle": -45, "axis": "y", "origin": [5, 18, 0]},
			"faces": {
				"north": {"uv": [0, 0, 1, 1], "texture": "#1"},
				"east": {"uv": [0, 0, 1, 1], "texture": "#1"},
				"south": {"uv": [0, 0, 1, 1], "texture": "#1"},
				"west": {"uv": [0, 0, 1, 1], "texture": "#1"},
				"up": {"uv": [0, 0, 1, 1], "texture": "#1"},
				"down": {"uv": [0, 0, 1, 1], "texture": "#1"}
			}
		},
		{
			"from": [13.4999, 5.9999, 3.4999],
			"to": [14.2501, 8.0001, 3.5011],
			"rotation": {"angle": -45, "axis": "y", "origin": [5, 18, 0]},
			"faces": {
				"north": {"uv": [0, 0, 0, 1], "texture": "#1"},
				"east": {"uv": [0, 0, 0, 1], "texture": "#1"},
				"south": {"uv": [0, 0, 0, 1], "texture": "#1"},
				"west": {"uv": [0, 0, 0, 1], "texture": "#1"},
				"up": {"uv": [0, 0, 0, 1], "texture": "#1"},
				"down": {"uv": [0, 0, 0, 1], "texture": "#1"}
			}
		},
		{
			"from": [13.7499, 4.9999, 3.4999],
			"to": [14.2501, 6.0001, 3.5011],
			"rotation": {"angle": -45, "axis": "y", "origin": [5, 18, 0]},
			"faces": {
				"north": {"uv": [0, 0, 0, 0], "texture": "#1"},
				"east": {"uv": [0, 0, 0, 0], "texture": "#1"},
				"south": {"uv": [0, 0, 0, 0], "texture": "#1"},
				"west": {"uv": [0, 0, 0, 0], "texture": "#1"},
				"up": {"uv": [0, 0, 0, 0], "texture": "#1"},
				"down": {"uv": [0, 0, 0, 0], "texture": "#1"}
			}
		},
		{
			"from": [6.9999, 9.4999, 6.9999],
			"to": [9.0001, 11.5001, 9.0001],
			"faces": {
				"north": {"uv": [0, 0, 1, 1], "texture": "#1"},
				"east": {"uv": [0, 0, 1, 1], "texture": "#1"},
				"south": {"uv": [0, 0, 1, 1], "texture": "#1"},
				"west": {"uv": [0, 0, 1, 1], "texture": "#1"},
				"up": {"uv": [0, 0, 1, 1], "texture": "#1"},
				"down": {"uv": [0, 0, 1, 1], "texture": "#1"}
			}
		}
	],
	"display": {
		"thirdperson_righthand": {
			"rotation": [70, 35, 0],
			"translation": [0, 0.5, -2.25],
			"scale": [0.5, 0.5, 0.5]
		},
		"thirdperson_lefthand": {
			"rotation": [70, 35, 0],
			"translation": [0, 0.5, -2.25],
			"scale": [0.5, 0.5, 0.5]
		},
		"firstperson_righthand": {
			"rotation": [23, -45, 0],
			"scale": [0.6, 0.6, 0.6]
		},
		"firstperson_lefthand": {
			"rotation": [23, -45, 0],
			"scale": [0.6, 0.6, 0.6]
		},
		"gui": {
			"rotation": [26, 30, 0]
		},
		"head": {
			"scale": [2, 2, 2]
		},
		"fixed": {
			"translation": [0, 0, -5.5]
		}
	},
	"groups": [
		{
			"name": "group",
			"origin": [8, 8, 8],
			"color": 0,
			"children": [
				0,
				1,
				2,
				3,
				4,
				5,
				6,
				7,
				8,
				9,
				10,
				11,
				12,
				13,
				14,
				15,
				16,
				17,
				18,
				19,
				20,
				21,
				22,
				23,
				24,
				25,
				26,
				27,
				28,
				29,
				30,
				31,
				32,
				33,
				34,
				35,
				36,
				37,
				38,
				39,
				40,
				41,
				42,
				43,
				44,
				45,
				46,
				47,
				48,
				49,
				50,
				51,
				52,
				53,
				54,
				55,
				56,
				57,
				58,
				59,
				60,
				61,
				62,
				63,
				64,
				65,
				66,
				67,
				68,
				69,
				70,
				71,
				72,
				73,
				74,
				75,
				76
			]
		},
		{
			"name": "group",
			"origin": [0, 0, 0],
			"color": 0,
			"children": [77, 78, 79, 80, 81, 82, 83, 84, 85, 86, 87, 88, 89, 90, 91, 92, 93, 94, 95, 96, 97, 98, 99, 100, 101, 102, 103, 104]
		},
		{
			"name": "group",
			"origin": [0, 0, 0],
			"color": 0,
			"children": [105, 106, 107, 108, 109, 110, 111, 112, 113, 114, 115, 116, 117]
		}
	]
}